Workbook

Sheet 참조은 피벗
A1: 10/19 | B1: 열 레이블
A2: 행 레이블 | B2: 참조은)그릭복숭아모찌롤 | C2: 참조은)두바이쫀득초코 | D2: 참조은)말차모찌롤케익 | E2: 참조은)생초코파이 | F2: 참조은)생초코파이쿠앤크 | G2: 참조은)우유모찌롤케익 | H2: 참조은)초코모찌롤케익 | I2: 총합계
A3: BGF로지스강릉 | B3: 28 | C3: 4 | D3: 7 | E3: 11 | F3: 9 | G3: 20 | H3: 22 | I3: 101
A4: BGF로지스검단 | B4: 223 | C4: 125 | D4: 110 | E4: 167 | F4: 81 | G4: 266 | H4: 235 | I4: 1207
A5: BGF로지스광주 | B5: 206 | C5: 51 | D5: 88 | E5: 188 | F5: 78 | G5: 210 | H5: 185 | I5: 1006
A6: BGF로지스나주 | B6: 124 | C6: 9 | D6: 31 | E6: 52 | F6: 29 | G6: 104 | H6: 103 | I6: 452
A7: BGF로지스대구 | B7: 91 | C7: 15 | D7: 28 | E7: 63 | F7: 27 | G7: 84 | H7: 77 | I7: 385
A8: BGF로지스부산 | B8: 112 | C8: 29 | D8: 95 | E8: 60 | F8: 34 | G8: 167 | H8: 102 | I8: 599
A9: BGF로지스서귀포 | B9: 23 | C9: 8 | D9: 5 | E9: 25 | F9: 9 | G9: 24 | H9: 16 | I9: 110
A10: BGF로지스서인천1 | B10: 144 | C10: 53 | D10: 44 | E10: 113 | F10: 36 | G10: 141 | H10: 111 | I10: 642
A11: BGF로지스서인천2 | B11: 152 | C11: 82 | D11: 41 | E11: 122 | F11: 45 | G11: 109 | H11: 116 | I11: 667
A12: BGF로지스아산 | B12: 79 | C12: 10 | D12: 27 | E12: 26 | F12: 14 | G12: 65 | H12: 70 | I12: 291
A13: BGF로지스안성 | B13: 90 | C13: 17 | D13: 41 | E13: 39 | F13: 27 | G13: 68 | H13: 80 | I13: 362
A14: BGF로지스양주 | B14: 56 | C14: 14 | D14: 16 | E14: 38 | F14: 16 | G14: 46 | H14: 56 | I14: 242
... A29: 총합계 | B29: 2652 | C29: 650 | D29: 977 | E29: 1707 | F29: 839 | G29: 2517 | H29: 2302 | I29: 11644

Sheet 참조은)그릭복숭아모찌롤
A2: =TODAY() -> 46314 | B2: 참조은 □
A3: 행 레이블 | B3: 입수 | C3: 참조은)그릭복숭아모찌롤 | D3: 박스 | E3: 센터명 | F3: 낱개
A4: BGF로지스강릉 | B4: 45 | C4: =IFERROR(VLOOKUP(A4,'참조은 피벗'!A:SF,2,FALSE),0) -> 28 | D4: =IFERROR(ROUNDDOWN(C4/B4,0),"") -> 0 | E4: 강릉 | F4: =IFERROR(C4-(D4*B4),"") -> 28
A5: BGF로지스검단 | B5: =$B$4 -> 45 | C5: =IFERROR(VLOOKUP(A5,'참조은 피벗'!A:SF,2,FALSE),0) -> 223 | D5: =IFERROR(ROUNDDOWN(C5/B5,0),"") -> 4 | E5: 검단 | F5: =IFERROR(C5-(D5*B5),"") -> 43
A6: BGF로지스서인천1 | B6: =$B$4 -> 45 | C6: =IFERROR(VLOOKUP(A6,'참조은 피벗'!A:SF,2,FALSE),0) -> 144 | D6: =IFERROR(ROUNDDOWN(C6/B6,0),"") -> 3 | E6: 서인천1 | F6: =IFERROR(C6-(D6*B6),"") -> 9
A7: BGF로지스서인천2 | B7: =$B$4 -> 45 | C7: =IFERROR(VLOOKUP(A7,'참조은 피벗'!A:SF,2,FALSE),0) -> 152 | D7: =IFERROR(ROUNDDOWN(C7/B7,0),"") -> 3 | E7: 서인천2 | F7: =IFERROR(C7-(D7*B7),"") -> 17
A8: BGF로지스진천 | B8: =$B$4 -> 45 | C8: =IFERROR(VLOOKUP(A8,'참조은 피벗'!A:SF,2,FALSE),0) -> 95 | D8: =IFERROR(ROUNDDOWN(C8/B8,0),"") -> 2 | E8: 진천 | F8: =IFERROR(C8-(D8*B8),"") -> 5
A9: BGF로지스안성 | B9: =$B$4 -> 45 | C9: =IFERROR(VLOOKUP(A9,'참조은 피벗'!A:SF,2,FALSE),0) -> 90 | D9: =IFERROR(ROUNDDOWN(C9/B9,0),"") -> 2 | E9: 안성 | F9: =IFERROR(C9-(D9*B9),"") -> 0
A10: BGF로지스아산 | B10: =$B$4 -> 45 | C10: =IFERROR(VLOOKUP(A10,'참조은 피벗'!A:SF,2,FALSE),0) -> 79 | D10: =IFERROR(ROUNDDOWN(C10/B10,0),"") -> 1 | E10: 아산 | F10: =IFERROR(C10-(D10*B10),"") -> 34
A11: 화인로지텍 | B11: =$B$4 -> 45 | C11: =IFERROR(VLOOKUP(A11,'참조은 피벗'!A:SF,2,FALSE),0) -> 94 | D11: =IFERROR(ROUNDDOWN(C11/B11,0),"") -> 2 | E11: 화인 | F11: =IFERROR(C11-(D11*B11),"") -> 4
A12: 아신 | B12: =$B$4 -> 45 | C12: =IFERROR(VLOOKUP(A12,'참조은 피벗'!A:SF,2,FALSE),0) -> 126 | D12: =IFERROR(ROUNDDOWN(C12/B12,0),"") -> 2 | E12: 아신 | F12: =IFERROR(C12-(D12*B12),"") -> 36
A13: 씨제이오산 | B13: =$B$4 -> 45 | C13: =IFERROR(VLOOKUP(A13,'참조은 피벗'!A:SF,2,FALSE),0) -> 128 | D13: =IFERROR(ROUNDDOWN(C13/B13,0),"") -> 2 | E13: 오산 | F13: =IFERROR(C13-(D13*B13),"") -> 38
A14: 씨제이군포 | B14: =$B$4 -> 45 | C14: =IFERROR(VLOOKUP(A14,'참조은 피벗'!A:SF,2,FALSE),0) -> 175 | D14: =IFERROR(ROUNDDOWN(C14/B14,0),"") -> 3 | E14: 군포 | F14: =IFERROR(C14-(D14*B14),"") -> 40
A15: BGF로지스광주 | B15: =$B$4 -> 45 | C15: =IFERROR(VLOOKUP(A15,'참조은 피벗'!A:SF,2,FALSE),0) -> 206 | D15: =IFERROR(ROUNDDOWN(C15/B15,0),"") -> 4 | E15: 광주 | F15: =IFERROR(C15-(D15*B15),"") -> 26
A16: BGF로지스양주 | B16: =$B$4 -> 45 | C16: =IFERROR(VLOOKUP(A16,'참조은 피벗'!A:SF,2,FALSE),0) -> 56 | D16: =IFERROR(ROUNDDOWN(C16/B16,0),"") -> 1 | E16: 양주 | F16: =IFERROR(C16-(D16*B16),"") -> 11
... A18: 동부로지스 | B18: =$B$4 -> 45 | C18: =IFERROR(VLOOKUP(A18,'참조은 피벗'!A:SF,2,FALSE),0) -> 54 | D18: =IFERROR(ROUNDDOWN(C18/B18,0),"") -> 1 | E18: 동부 | F18: =IFERROR(C18-(D18*B18),"") -> 9
A20: 수도권 합계 | B20: =$B$4 -> 45 | C20: =SUM(C4:C18) -> 1712 | D20: =IFERROR(ROUNDDOWN(C20/B20,0),"") -> 38 | F20: =IFERROR(C20-(D20*B20),"") -> 2
A22: 엑소후레쉬양산 | B22: =$B$4 -> 45 | C22: =IFERROR(VLOOKUP(A22,'참조은 피벗'!A:SF,2,FALSE),0) -> 149 | D22: =IFERROR(ROUNDDOWN(C22/B22,0),"") -> 3 | E22: 양산 | F22: =IFERROR(C22-(D22*B22),"") -> 14
A23: 극동로지스 | B23: =$B$4 -> 45 | C23: =IFERROR(VLOOKUP(A23,'참조은 피벗'!A:SF,2,FALSE),0) -> 87 | D23: =IFERROR(ROUNDDOWN(C23/B23,0),"") -> 1 | E23: 극동 | F23: =IFERROR(C23-(D23*B23),"") -> 42
A24: 김해물류 | B24: =$B$4 -> 45 | C24: =IFERROR(VLOOKUP(A24,'참조은 피벗'!A:SF,2,FALSE),0) -> 0 | D24: =IFERROR(ROUNDDOWN(C24/B24,0),"") -> 0 | E24: 김해 | F24: =IFERROR(C24-(D24*B24),"") -> 0
A25: BGF로지스부산 | B25: =$B$4 -> 45 | C25: =IFERROR(VLOOKUP(A25,'참조은 피벗'!A:SF,2,FALSE),0) -> 112 | D25: =IFERROR(ROUNDDOWN(C25/B25,0),"") -> 2 | E25: 부산 | F25: =IFERROR(C25-(D25*B25),"") -> 22
A26: BGF로지스진주 | B26: =$B$4 -> 45 | C26: =IFERROR(VLOOKUP(A26,'참조은 피벗'!A:SF,2,FALSE),0) -> 75 | D26: =IFERROR(ROUNDDOWN(C26/B26,0),"") -> 1 | E26: 진주 | F26: =IFERROR(C26-(D26*B26),"") -> 30
A28: 경남(김해)합계 | B28: =$B$4 -> 45 | C28: =SUM(C22:C26) -> 423 | D28: =IFERROR(ROUNDDOWN(C28/B28,0),"") -> 9 | F28: =IFERROR(C28-(D28*B28),"") -> 18
A30: 씨제이경산 | B30: =$B$4 -> 45 | C30: =IFERROR(VLOOKUP(A30,'참조은 피벗'!A:SF,2,FALSE),0) -> 97 | D30: =IFERROR(ROUNDDOWN(C30/B30,0),"") -> 2 | E30: 경산 | F30: =IFERROR(C30-(D30*B30),"") -> 7
A31: BGF로지스대구 | B31: =$B$4 -> 45 | C31: =IFERROR(VLOOKUP(A31,'참조은 피벗'!A:SF,2,FALSE),0) -> 91 | D31: =IFERROR(ROUNDDOWN(C31/B31,0),"") -> 2 | E31: 대구 | F31: =IFERROR(C31-(D31*B31),"") -> 1
A33: 경북(칠곡)합계 | B33: =$B$4 -> 45 | C33: =SUM(C30:C31) -> 188 | D33: =IFERROR(ROUNDDOWN(C33/B33,0),"") -> 4 | F33: =IFERROR(C33-(D33*B33),"") -> 8
A35: BGF로지스나주 | B35: =$B$4 -> 45 | C35: =IFERROR(VLOOKUP(A35,'참조은 피벗'!A:SF,2,FALSE),0) -> 124 | D35: =IFERROR(ROUNDDOWN(C35/B35,0),"") -> 2 | E35: 나주 | F35: =IFERROR(C35-(D35*B35),"") -> 34
A36: 하이로지스 | B36: =$B$4 -> 45 | C36: =IFERROR(VLOOKUP(A36,'참조은 피벗'!A:SF,2,FALSE),0) -> 90 | D36: =IFERROR(ROUNDDOWN(C36/B36,0),"") -> 2 | E36: 하이 | F36: =IFERROR(C36-(D36*B36),"") -> 0
A37: 씨제이김제 | B37: =$B$4 -> 45 | C37: =IFERROR(VLOOKUP(A37,'참조은 피벗'!A:SF,2,FALSE),0) -> 60 | D37: =IFERROR(ROUNDDOWN(C37/B37,0),"") -> 1 | E37: 김제 | F37: =IFERROR(C37-(D37*B37),"") -> 15
A39: 호남권 합계 | B39: =$B$4 -> 45 | C39: =SUM(C35:C37) -> 274 | D39: =IFERROR(ROUNDDOWN(C39/B39,0),"") -> 6 | F39: =IFERROR(C39-(D39*B39),"") -> 4
A41: BGF로지스서귀포 | B41: =$B$4 -> 45 | C41: =IFERROR(VLOOKUP(A41,'참조은 피벗'!A:SF,2,FALSE),0) -> 23 | D41: =IFERROR(ROUNDDOWN(C41/B41,0),"") -> 0 | E41: 서귀포 | F41: =IFERROR(C41-(D41*B41),"") -> 23
A42: BGF로지스제주 | B42: =$B$4 -> 45 | C42: =IFERROR(VLOOKUP(A42,'참조은 피벗'!A:SF,2,FALSE),0) -> 32 | D42: =IFERROR(ROUNDDOWN(C42/B42,0),"") -> 0 | E42: 제주 | F42: =IFERROR(C42-(D42*B42),"") -> 32
A44: 제주권 합계 | B44: =$B$4 -> 45 | C44: =SUM(C41:C42) -> 55 | D44: =IFERROR(ROUNDDOWN(C44/B44,0),"") -> 1 | F44: =IFERROR(C44-(D44*B44),"") -> 10
A46: 총합계 | B46: =$B$4 -> 45 | C46: =SUM(C4:C18,C35:C37,C30:C31,C22:C26,C41:C42) -> 2652 | D46: =IFERROR(ROUNDDOWN(C46/B46,0),"") -> 58 | F46: =IFERROR(C46-(D46*B46),"") -> 42 | G46: 소분박스 | H46: 소분낱개
A47: 총 박스/총 낱개수량 | B47: □ | D47: =SUM(D4:D18,D35:D37,D30:D31,D22:D26,D41:D42) -> 47 | F47: =SUM(F4:F18,F35:F37,F30:F31,F22:F26,F41:F42) -> 537 | G47: =IFERROR(ROUNDDOWN(F47/B35,0),"") -> 11 | H47: =IFERROR(F47-(G47*B35),"") -> 42
C48: =C20+C28+C33+C39+C44 -> 2652 | H48: □
C49: =C48=C46 -> TRUE

Sheet 참조은)두바이쫀득초코
A2: =TODAY() -> 46314 | B2: 참조은 □
A3: 행 레이블 | B3: 입수 | C3: 참조은)두바이쫀득초코 | D3: 박스 | E3: 센터명 | F3: 낱개
A4: BGF로지스강릉 | B4: 48 | C4: =IFERROR(VLOOKUP(A4,'참조은 피벗'!A:SF,3,FALSE),0) -> 4 | D4: =IFERROR(ROUNDDOWN(C4/B4,0),"") -> 0 | E4: 강릉 | F4: =IFERROR(C4-(D4*B4),"") -> 4
A5: BGF로지스검단 | B5: =$B$4 -> 48 | C5: =IFERROR(VLOOKUP(A5,'참조은 피벗'!A:SF,3,FALSE),0) -> 125 | D5: =IFERROR(ROUNDDOWN(C5/B5,0),"") -> 2 | E5: 검단 | F5: =IFERROR(C5-(D5*B5),"") -> 29
A6: BGF로지스서인천1 | B6: =$B$4 -> 48 | C6: =IFERROR(VLOOKUP(A6,'참조은 피벗'!A:SF,3,FALSE),0) -> 53 | D6: =IFERROR(ROUNDDOWN(C6/B6,0),"") -> 1 | E6: 서인천1 | F6: =IFERROR(C6-(D6*B6),"") -> 5
A7: BGF로지스서인천2 | B7: =$B$4 -> 48 | C7: =IFERROR(VLOOKUP(A7,'참조은 피벗'!A:SF,3,FALSE),0) -> 82 | D7: =IFERROR(ROUNDDOWN(C7/B7,0),"") -> 1 | E7: 서인천2 | F7: =IFERROR(C7-(D7*B7),"") -> 34
A8: BGF로지스진천 | B8: =$B$4 -> 48 | C8: =IFERROR(VLOOKUP(A8,'참조은 피벗'!A:SF,3,FALSE),0) -> 17 | D8: =IFERROR(ROUNDDOWN(C8/B8,0),"") -> 0 | E8: 진천 | F8: =IFERROR(C8-(D8*B8),"") -> 17
A9: BGF로지스안성 | B9: =$B$4 -> 48 | C9: =IFERROR(VLOOKUP(A9,'참조은 피벗'!A:SF,3,FALSE),0) -> 17 | D9: =IFERROR(ROUNDDOWN(C9/B9,0),"") -> 0 | E9: 안성 | F9: =IFERROR(C9-(D9*B9),"") -> 17
A10: BGF로지스아산 | B10: =$B$4 -> 48 | C10: =IFERROR(VLOOKUP(A10,'참조은 피벗'!A:SF,3,FALSE),0) -> 10 | D10: =IFERROR(ROUNDDOWN(C10/B10,0),"") -> 0 | E10: 아산 | F10: =IFERROR(C10-(D10*B10),"") -> 10
A11: 화인로지텍 | B11: =$B$4 -> 48 | C11: =IFERROR(VLOOKUP(A11,'참조은 피벗'!A:SF,3,FALSE),0) -> 13 | D11: =IFERROR(ROUNDDOWN(C11/B11,0),"") -> 0 | E11: 화인 | F11: =IFERROR(C11-(D11*B11),"") -> 13
A12: 아신 | B12: =$B$4 -> 48 | C12: =IFERROR(VLOOKUP(A12,'참조은 피벗'!A:SF,3,FALSE),0) -> 16 | D12: =IFERROR(ROUNDDOWN(C12/B12,0),"") -> 0 | E12: 아신 | F12: =IFERROR(C12-(D12*B12),"") -> 16
A13: 씨제이오산 | B13: =$B$4 -> 48 | C13: =IFERROR(VLOOKUP(A13,'참조은 피벗'!A:SF,3,FALSE),0) -> 40 | D13: =IFERROR(ROUNDDOWN(C13/B13,0),"") -> 0 | E13: 오산 | F13: =IFERROR(C13-(D13*B13),"") -> 40
A14: 씨제이군포 | B14: =$B$4 -> 48 | C14: =IFERROR(VLOOKUP(A14,'참조은 피벗'!A:SF,3,FALSE),0) -> 23 | D14: =IFERROR(ROUNDDOWN(C14/B14,0),"") -> 0 | E14: 군포 | F14: =IFERROR(C14-(D14*B14),"") -> 23
A15: BGF로지스광주 | B15: =$B$4 -> 48 | C15: =IFERROR(VLOOKUP(A15,'참조은 피벗'!A:SF,3,FALSE),0) -> 51 | D15: =IFERROR(ROUNDDOWN(C15/B15,0),"") -> 1 | E15: 광주 | F15: =IFERROR(C15-(D15*B15),"") -> 3
A16: BGF로지스양주 | B16: =$B$4 -> 48 | C16: =IFERROR(VLOOKUP(A16,'참조은 피벗'!A:SF,3,FALSE),0) -> 14 | D16: =IFERROR(ROUNDDOWN(C16/B16,0),"") -> 0 | E16: 양주 | F16: =IFERROR(C16-(D16*B16),"") -> 14
... A18: 동부로지스 | B18: =$B$4 -> 48 | C18: =IFERROR(VLOOKUP(A18,'참조은 피벗'!A:SF,3,FALSE),0) -> 15 | D18: =IFERROR(ROUNDDOWN(C18/B18,0),"") -> 0 | E18: 동부 | F18: =IFERROR(C18-(D18*B18),"") -> 15
A20: 수도권 합계 | B20: =$B$4 -> 48 | C20: =SUM(C4:C18) -> 485 | D20: =IFERROR(ROUNDDOWN(C20/B20,0),"") -> 10 | F20: =IFERROR(C20-(D20*B20),"") -> 5
A22: 엑소후레쉬양산 | B22: =$B$4 -> 48 | C22: =IFERROR(VLOOKUP(A22,'참조은 피벗'!A:SF,3,FALSE),0) -> 19 | D22: =IFERROR(ROUNDDOWN(C22/B22,0),"") -> 0 | E22: 양산 | F22: =IFERROR(C22-(D22*B22),"") -> 19
A23: 극동로지스 | B23: =$B$4 -> 48 | C23: =IFERROR(VLOOKUP(A23,'참조은 피벗'!A:SF,3,FALSE),0) -> 23 | D23: =IFERROR(ROUNDDOWN(C23/B23,0),"") -> 0 | E23: 극동 | F23: =IFERROR(C23-(D23*B23),"") -> 23
A24: 김해물류 | B24: =$B$4 -> 48 | C24: =IFERROR(VLOOKUP(A24,'참조은 피벗'!A:SF,3,FALSE),0) -> 0 | D24: =IFERROR(ROUNDDOWN(C24/B24,0),"") -> 0 | E24: 김해 | F24: =IFERROR(C24-(D24*B24),"") -> 0
A25: BGF로지스부산 | B25: =$B$4 -> 48 | C25: =IFERROR(VLOOKUP(A25,'참조은 피벗'!A:SF,3,FALSE),0) -> 29 | D25: =IFERROR(ROUNDDOWN(C25/B25,0),"") -> 0 | E25: 부산 | F25: =IFERROR(C25-(D25*B25),"") -> 29
A26: BGF로지스진주 | B26: =$B$4 -> 48 | C26: =IFERROR(VLOOKUP(A26,'참조은 피벗'!A:SF,3,FALSE),0) -> 17 | D26: =IFERROR(ROUNDDOWN(C26/B26,0),"") -> 0 | E26: 진주 | F26: =IFERROR(C26-(D26*B26),"") -> 17
A28: 경남(김해)합계 | B28: =$B$4 -> 48 | C28: =SUM(C22:C26) -> 88 | D28: =IFERROR(ROUNDDOWN(C28/B28,0),"") -> 1 | F28: =IFERROR(C28-(D28*B28),"") -> 40
A30: 씨제이경산 | B30: =$B$4 -> 48 | C30: =IFERROR(VLOOKUP(A30,'참조은 피벗'!A:SF,3,FALSE),0) -> 19 | D30: =IFERROR(ROUNDDOWN(C30/B30,0),"") -> 0 | E30: 경산 | F30: =IFERROR(C30-(D30*B30),"") -> 19
A31: BGF로지스대구 | B31: =$B$4 -> 48 | C31: =IFERROR(VLOOKUP(A31,'참조은 피벗'!A:SF,3,FALSE),0) -> 15 | D31: =IFERROR(ROUNDDOWN(C31/B31,0),"") -> 0 | E31: 대구 | F31: =IFERROR(C31-(D31*B31),"") -> 15
A33: 경북(칠곡)합계 | B33: =$B$4 -> 48 | C33: =SUM(C30:C31) -> 34 | D33: =IFERROR(ROUNDDOWN(C33/B33,0),"") -> 0 | F33: =IFERROR(C33-(D33*B33),"") -> 34
A35: BGF로지스나주 | B35: =$B$4 -> 48 | C35: =IFERROR(VLOOKUP(A35,'참조은 피벗'!A:SF,3,FALSE),0) -> 9 | D35: =IFERROR(ROUNDDOWN(C35/B35,0),"") -> 0 | E35: 나주 | F35: =IFERROR(C35-(D35*B35),"") -> 9
A36: 하이로지스 | B36: =$B$4 -> 48 | C36: =IFERROR(VLOOKUP(A36,'참조은 피벗'!A:SF,3,FALSE),0) -> 12 | D36: =IFERROR(ROUNDDOWN(C36/B36,0),"") -> 0 | E36: 하이 | F36: =IFERROR(C36-(D36*B36),"") -> 12
A37: 씨제이김제 | B37: =$B$4 -> 48 | C37: =IFERROR(VLOOKUP(A37,'참조은 피벗'!A:SF,3,FALSE),0) -> 7 | D37: =IFERROR(ROUNDDOWN(C37/B37,0),"") -> 0 | E37: 김제 | F37: =IFERROR(C37-(D37*B37),"") -> 7
A39: 호남권 합계 | B39: =$B$4 -> 48 | C39: =SUM(C35:C37) -> 28 | D39: =IFERROR(ROUNDDOWN(C39/B39,0),"") -> 0 | F39: =IFERROR(C39-(D39*B39),"") -> 28
A41: BGF로지스서귀포 | B41: =$B$4 -> 48 | C41: =IFERROR(VLOOKUP(A41,'참조은 피벗'!A:SF,3,FALSE),0) -> 8 | D41: =IFERROR(ROUNDDOWN(C41/B41,0),"") -> 0 | E41: 서귀포 | F41: =IFERROR(C41-(D41*B41),"") -> 8
A42: BGF로지스제주 | B42: =$B$4 -> 48 | C42: =IFERROR(VLOOKUP(A42,'참조은 피벗'!A:SF,3,FALSE),0) -> 7 | D42: =IFERROR(ROUNDDOWN(C42/B42,0),"") -> 0 | E42: 제주 | F42: =IFERROR(C42-(D42*B42),"") -> 7
A44: 제주권 합계 | B44: =$B$4 -> 48 | C44: =SUM(C41:C42) -> 15 | D44: =IFERROR(ROUNDDOWN(C44/B44,0),"") -> 0 | F44: =IFERROR(C44-(D44*B44),"") -> 15
A46: 총합계 | B46: =$B$4 -> 48 | C46: =SUM(C4:C18,C35:C37,C30:C31,C22:C26,C41:C42) -> 650 | D46: =IFERROR(ROUNDDOWN(C46/B46,0),"") -> 13 | F46: =IFERROR(C46-(D46*B46),"") -> 26 | G46: 소분박스 | H46: 소분낱개
A47: 총 박스/총 낱개수량 | B47: □ | D47: =SUM(D4:D18,D35:D37,D30:D31,D22:D26,D41:D42) -> 5 | F47: =SUM(F4:F18,F35:F37,F30:F31,F22:F26,F41:F42) -> 410 | G47: =IFERROR(ROUNDDOWN(F47/B35,0),"") -> 8 | H47: =IFERROR(F47-(G47*B35),"") -> 26
C48: =C20+C28+C33+C39+C44 -> 650 | H48: □
C49: =C48=C46 -> TRUE

Sheet 참조은)말차모찌롤케익
A2: =TODAY() -> 46314 | B2: 참조은 □
A3: 행 레이블 | B3: 입수 | C3: 참조은)말차모찌롤케익 | D3: 박스 | E3: 센터명 | F3: 낱개
A4: BGF로지스강릉 | B4: 45 | C4: =IFERROR(VLOOKUP(A4,'참조은 피벗'!A:SF,4,FALSE),0) -> 7 | D4: =IFERROR(ROUNDDOWN(C4/B4,0),"") -> 0 | E4: 강릉 | F4: =IFERROR(C4-(D4*B4),"") -> 7
A5: BGF로지스검단 | B5: =$B$4 -> 45 | C5: =IFERROR(VLOOKUP(A5,'참조은 피벗'!A:SF,4,FALSE),0) -> 110 | D5: =IFERROR(ROUNDDOWN(C5/B5,0),"") -> 2 | E5: 검단 | F5: =IFERROR(C5-(D5*B5),"") -> 20
A6: BGF로지스서인천1 | B6: =$B$4 -> 45 | C6: =IFERROR(VLOOKUP(A6,'참조은 피벗'!A:SF,4,FALSE),0) -> 44 | D6: =IFERROR(ROUNDDOWN(C6/B6,0),"") -> 0 | E6: 서인천1 | F6: =IFERROR(C6-(D6*B6),"") -> 44
A7: BGF로지스서인천2 | B7: =$B$4 -> 45 | C7: =IFERROR(VLOOKUP(A7,'참조은 피벗'!A:SF,4,FALSE),0) -> 41 | D7: =IFERROR(ROUNDDOWN(C7/B7,0),"") -> 0 | E7: 서인천2 | F7: =IFERROR(C7-(D7*B7),"") -> 41
A8: BGF로지스진천 | B8: =$B$4 -> 45 | C8: =IFERROR(VLOOKUP(A8,'참조은 피벗'!A:SF,4,FALSE),0) -> 23 | D8: =IFERROR(ROUNDDOWN(C8/B8,0),"") -> 0 | E8: 진천 | F8: =IFERROR(C8-(D8*B8),"") -> 23
A9: BGF로지스안성 | B9: =$B$4 -> 45 | C9: =IFERROR(VLOOKUP(A9,'참조은 피벗'!A:SF,4,FALSE),0) -> 41 | D9: =IFERROR(ROUNDDOWN(C9/B9,0),"") -> 0 | E9: 안성 | F9: =IFERROR(C9-(D9*B9),"") -> 41
A10: BGF로지스아산 | B10: =$B$4 -> 45 | C10: =IFERROR(VLOOKUP(A10,'참조은 피벗'!A:SF,4,FALSE),0) -> 27 | D10: =IFERROR(ROUNDDOWN(C10/B10,0),"") -> 0 | E10: 아산 | F10: =IFERROR(C10-(D10*B10),"") -> 27
A11: 화인로지텍 | B11: =$B$4 -> 45 | C11: =IFERROR(VLOOKUP(A11,'참조은 피벗'!A:SF,4,FALSE),0) -> 43 | D11: =IFERROR(ROUNDDOWN(C11/B11,0),"") -> 0 | E11: 화인 | F11: =IFERROR(C11-(D11*B11),"") -> 43
A12: 아신 | B12: =$B$4 -> 45 | C12: =IFERROR(VLOOKUP(A12,'참조은 피벗'!A:SF,4,FALSE),0) -> 42 | D12: =IFERROR(ROUNDDOWN(C12/B12,0),"") -> 0 | E12: 아신 | F12: =IFERROR(C12-(D12*B12),"") -> 42
A13: 씨제이오산 | B13: =$B$4 -> 45 | C13: =IFERROR(VLOOKUP(A13,'참조은 피벗'!A:SF,4,FALSE),0) -> 35 | D13: =IFERROR(ROUNDDOWN(C13/B13,0),"") -> 0 | E13: 오산 | F13: =IFERROR(C13-(D13*B13),"") -> 35
A14: 씨제이군포 | B14: =$B$4 -> 45 | C14: =IFERROR(VLOOKUP(A14,'참조은 피벗'!A:SF,4,FALSE),0) -> 62 | D14: =IFERROR(ROUNDDOWN(C14/B14,0),"") -> 1 | E14: 군포 | F14: =IFERROR(C14-(D14*B14),"") -> 17
A15: BGF로지스광주 | B15: =$B$4 -> 45 | C15: =IFERROR(VLOOKUP(A15,'참조은 피벗'!A:SF,4,FALSE),0) -> 88 | D15: =IFERROR(ROUNDDOWN(C15/B15,0),"") -> 1 | E15: 광주 | F15: =IFERROR(C15-(D15*B15),"") -> 43
A16: BGF로지스양주 | B16: =$B$4 -> 45 | C16: =IFERROR(VLOOKUP(A16,'참조은 피벗'!A:SF,4,FALSE),0) -> 16 | D16: =IFERROR(ROUNDDOWN(C16/B16,0),"") -> 0 | E16: 양주 | F16: =IFERROR(C16-(D16*B16),"") -> 16
... A18: 동부로지스 | B18: =$B$4 -> 45 | C18: =IFERROR(VLOOKUP(A18,'참조은 피벗'!A:SF,4,FALSE),0) -> 22 | D18: =IFERROR(ROUNDDOWN(C18/B18,0),"") -> 0 | E18: 동부 | F18: =IFERROR(C18-(D18*B18),"") -> 22
A20: 수도권 합계 | B20: =$B$4 -> 45 | C20: =SUM(C4:C18) -> 621 | D20: =IFERROR(ROUNDDOWN(C20/B20,0),"") -> 13 | F20: =IFERROR(C20-(D20*B20),"") -> 36
A22: 엑소후레쉬양산 | B22: =$B$4 -> 45 | C22: =IFERROR(VLOOKUP(A22,'참조은 피벗'!A:SF,4,FALSE),0) -> 44 | D22: =IFERROR(ROUNDDOWN(C22/B22,0),"") -> 0 | E22: 양산 | F22: =IFERROR(C22-(D22*B22),"") -> 44
A23: 극동로지스 | B23: =$B$4 -> 45 | C23: =IFERROR(VLOOKUP(A23,'참조은 피벗'!A:SF,4,FALSE),0) -> 36 | D23: =IFERROR(ROUNDDOWN(C23/B23,0),"") -> 0 | E23: 극동 | F23: =IFERROR(C23-(D23*B23),"") -> 36
A24: 김해물류 | B24: =$B$4 -> 45 | C24: =IFERROR(VLOOKUP(A24,'참조은 피벗'!A:SF,4,FALSE),0) -> 0 | D24: =IFERROR(ROUNDDOWN(C24/B24,0),"") -> 0 | E24: 김해 | F24: =IFERROR(C24-(D24*B24),"") -> 0
A25: BGF로지스부산 | B25: =$B$4 -> 45 | C25: =IFERROR(VLOOKUP(A25,'참조은 피벗'!A:SF,4,FALSE),0) -> 95 | D25: =IFERROR(ROUNDDOWN(C25/B25,0),"") -> 2 | E25: 부산 | F25: =IFERROR(C25-(D25*B25),"") -> 5
A26: BGF로지스진주 | B26: =$B$4 -> 45 | C26: =IFERROR(VLOOKUP(A26,'참조은 피벗'!A:SF,4,FALSE),0) -> 19 | D26: =IFERROR(ROUNDDOWN(C26/B26,0),"") -> 0 | E26: 진주 | F26: =IFERROR(C26-(D26*B26),"") -> 19
A28: 경남(김해)합계 | B28: =$B$4 -> 45 | C28: =SUM(C22:C26) -> 194 | D28: =IFERROR(ROUNDDOWN(C28/B28,0),"") -> 4 | F28: =IFERROR(C28-(D28*B28),"") -> 14
A30: 씨제이경산 | B30: =$B$4 -> 45 | C30: =IFERROR(VLOOKUP(A30,'참조은 피벗'!A:SF,4,FALSE),0) -> 38 | D30: =IFERROR(ROUNDDOWN(C30/B30,0),"") -> 0 | E30: 경산 | F30: =IFERROR(C30-(D30*B30),"") -> 38
A31: BGF로지스대구 | B31: =$B$4 -> 45 | C31: =IFERROR(VLOOKUP(A31,'참조은 피벗'!A:SF,4,FALSE),0) -> 28 | D31: =IFERROR(ROUNDDOWN(C31/B31,0),"") -> 0 | E31: 대구 | F31: =IFERROR(C31-(D31*B31),"") -> 28
A33: 경북(칠곡)합계 | B33: =$B$4 -> 45 | C33: =SUM(C30:C31) -> 66 | D33: =IFERROR(ROUNDDOWN(C33/B33,0),"") -> 1 | F33: =IFERROR(C33-(D33*B33),"") -> 21
A35: BGF로지스나주 | B35: =$B$4 -> 45 | C35: =IFERROR(VLOOKUP(A35,'참조은 피벗'!A:SF,4,FALSE),0) -> 31 | D35: =IFERROR(ROUNDDOWN(C35/B35,0),"") -> 0 | E35: 나주 | F35: =IFERROR(C35-(D35*B35),"") -> 31
A36: 하이로지스 | B36: =$B$4 -> 45 | C36: =IFERROR(VLOOKUP(A36,'참조은 피벗'!A:SF,4,FALSE),0) -> 28 | D36: =IFERROR(ROUNDDOWN(C36/B36,0),"") -> 0 | E36: 하이 | F36: =IFERROR(C36-(D36*B36),"") -> 28
A37: 씨제이김제 | B37: =$B$4 -> 45 | C37: =IFERROR(VLOOKUP(A37,'참조은 피벗'!A:SF,4,FALSE),0) -> 26 | D37: =IFERROR(ROUNDDOWN(C37/B37,0),"") -> 0 | E37: 김제 | F37: =IFERROR(C37-(D37*B37),"") -> 26
A39: 호남권 합계 | B39: =$B$4 -> 45 | C39: =SUM(C35:C37) -> 85 | D39: =IFERROR(ROUNDDOWN(C39/B39,0),"") -> 1 | F39: =IFERROR(C39-(D39*B39),"") -> 40
A41: BGF로지스서귀포 | B41: =$B$4 -> 45 | C41: =IFERROR(VLOOKUP(A41,'참조은 피벗'!A:SF,4,FALSE),0) -> 5 | D41: =IFERROR(ROUNDDOWN(C41/B41,0),"") -> 0 | E41: 서귀포 | F41: =IFERROR(C41-(D41*B41),"") -> 5
A42: BGF로지스제주 | B42: =$B$4 -> 45 | C42: =IFERROR(VLOOKUP(A42,'참조은 피벗'!A:SF,4,FALSE),0) -> 6 | D42: =IFERROR(ROUNDDOWN(C42/B42,0),"") -> 0 | E42: 제주 | F42: =IFERROR(C42-(D42*B42),"") -> 6
A44: 제주권 합계 | B44: =$B$4 -> 45 | C44: =SUM(C41:C42) -> 11 | D44: =IFERROR(ROUNDDOWN(C44/B44,0),"") -> 0 | F44: =IFERROR(C44-(D44*B44),"") -> 11
A46: 총합계 | B46: =$B$4 -> 45 | C46: =SUM(C4:C18,C35:C37,C30:C31,C22:C26,C41:C42) -> 977 | D46: =IFERROR(ROUNDDOWN(C46/B46,0),"") -> 21 | F46: =IFERROR(C46-(D46*B46),"") -> 32 | G46: 소분박스 | H46: 소분낱개
A47: 총 박스/총 낱개수량 | B47: □ | D47: =SUM(D4:D18,D35:D37,D30:D31,D22:D26,D41:D42) -> 6 | F47: =SUM(F4:F18,F35:F37,F30:F31,F22:F26,F41:F42) -> 707 | G47: =IFERROR(ROUNDDOWN(F47/B35,0),"") -> 15 | H47: =IFERROR(F47-(G47*B35),"") -> 32
C48: =C20+C28+C33+C39+C44 -> 977 | H48: □
C49: =C48=C46 -> TRUE

Sheet 참조은)생초코파이
A2: =TODAY() -> 46314 | B2: 참조은 □
A3: 행 레이블 | B3: 입수 | C3: 참조은)생초코파이 | D3: 박스 | E3: 센터명 | F3: 낱개
A4: BGF로지스강릉 | B4: 30 | C4: =IFERROR(VLOOKUP(A4,'참조은 피벗'!A:SF,5,FALSE),0) -> 11 | D4: =IFERROR(ROUNDDOWN(C4/B4,0),"") -> 0 | E4: 강릉 | F4: =IFERROR(C4-(D4*B4),"") -> 11
A5: BGF로지스검단 | B5: =$B$4 -> 30 | C5: =IFERROR(VLOOKUP(A5,'참조은 피벗'!A:SF,5,FALSE),0) -> 167 | D5: =IFERROR(ROUNDDOWN(C5/B5,0),"") -> 5 | E5: 검단 | F5: =IFERROR(C5-(D5*B5),"") -> 17
A6: BGF로지스서인천1 | B6: =$B$4 -> 30 | C6: =IFERROR(VLOOKUP(A6,'참조은 피벗'!A:SF,5,FALSE),0) -> 113 | D6: =IFERROR(ROUNDDOWN(C6/B6,0),"") -> 3 | E6: 서인천1 | F6: =IFERROR(C6-(D6*B6),"") -> 23
A7: BGF로지스서인천2 | B7: =$B$4 -> 30 | C7: =IFERROR(VLOOKUP(A7,'참조은 피벗'!A:SF,5,FALSE),0) -> 122 | D7: =IFERROR(ROUNDDOWN(C7/B7,0),"") -> 4 | E7: 서인천2 | F7: =IFERROR(C7-(D7*B7),"") -> 2
A8: BGF로지스진천 | B8: =$B$4 -> 30 | C8: =IFERROR(VLOOKUP(A8,'참조은 피벗'!A:SF,5,FALSE),0) -> 42 | D8: =IFERROR(ROUNDDOWN(C8/B8,0),"") -> 1 | E8: 진천 | F8: =IFERROR(C8-(D8*B8),"") -> 12
A9: BGF로지스안성 | B9: =$B$4 -> 30 | C9: =IFERROR(VLOOKUP(A9,'참조은 피벗'!A:SF,5,FALSE),0) -> 39 | D9: =IFERROR(ROUNDDOWN(C9/B9,0),"") -> 1 | E9: 안성 | F9: =IFERROR(C9-(D9*B9),"") -> 9
A10: BGF로지스아산 | B10: =$B$4 -> 30 | C10: =IFERROR(VLOOKUP(A10,'참조은 피벗'!A:SF,5,FALSE),0) -> 26 | D10: =IFERROR(ROUNDDOWN(C10/B10,0),"") -> 0 | E10: 아산 | F10: =IFERROR(C10-(D10*B10),"") -> 26
A11: 화인로지텍 | B11: =$B$4 -> 30 | C11: =IFERROR(VLOOKUP(A11,'참조은 피벗'!A:SF,5,FALSE),0) -> 76 | D11: =IFERROR(ROUNDDOWN(C11/B11,0),"") -> 2 | E11: 화인 | F11: =IFERROR(C11-(D11*B11),"") -> 16
A12: 아신 | B12: =$B$4 -> 30 | C12: =IFERROR(VLOOKUP(A12,'참조은 피벗'!A:SF,5,FALSE),0) -> 86 | D12: =IFERROR(ROUNDDOWN(C12/B12,0),"") -> 2 | E12: 아신 | F12: =IFERROR(C12-(D12*B12),"") -> 26
A13: 씨제이오산 | B13: =$B$4 -> 30 | C13: =IFERROR(VLOOKUP(A13,'참조은 피벗'!A:SF,5,FALSE),0) -> 92 | D13: =IFERROR(ROUNDDOWN(C13/B13,0),"") -> 3 | E13: 오산 | F13: =IFERROR(C13-(D13*B13),"") -> 2
A14: 씨제이군포 | B14: =$B$4 -> 30 | C14: =IFERROR(VLOOKUP(A14,'참조은 피벗'!A:SF,5,FALSE),0) -> 96 | D14: =IFERROR(ROUNDDOWN(C14/B14,0),"") -> 3 | E14: 군포 | F14: =IFERROR(C14-(D14*B14),"") -> 6
A15: BGF로지스광주 | B15: =$B$4 -> 30 | C15: =IFERROR(VLOOKUP(A15,'참조은 피벗'!A:SF,5,FALSE),0) -> 188 | D15: =IFERROR(ROUNDDOWN(C15/B15,0),"") -> 6 | E15: 광주 | F15: =IFERROR(C15-(D15*B15),"") -> 8
A16: BGF로지스양주 | B16: =$B$4 -> 30 | C16: =IFERROR(VLOOKUP(A16,'참조은 피벗'!A:SF,5,FALSE),0) -> 38 | D16: =IFERROR(ROUNDDOWN(C16/B16,0),"") -> 1 | E16: 양주 | F16: =IFERROR(C16-(D16*B16),"") -> 8
... A18: 동부로지스 | B18: =$B$4 -> 30 | C18: =IFERROR(VLOOKUP(A18,'참조은 피벗'!A:SF,5,FALSE),0) -> 33 | D18: =IFERROR(ROUNDDOWN(C18/B18,0),"") -> 1 | E18: 동부 | F18: =IFERROR(C18-(D18*B18),"") -> 3
A20: 수도권 합계 | B20: =$B$4 -> 30 | C20: =SUM(C4:C18) -> 1156 | D20: =IFERROR(ROUNDDOWN(C20/B20,0),"") -> 38 | F20: =IFERROR(C20-(D20*B20),"") -> 16
A22: 엑소후레쉬양산 | B22: =$B$4 -> 30 | C22: =IFERROR(VLOOKUP(A22,'참조은 피벗'!A:SF,5,FALSE),0) -> 87 | D22: =IFERROR(ROUNDDOWN(C22/B22,0),"") -> 2 | E22: 양산 | F22: =IFERROR(C22-(D22*B22),"") -> 27
A23: 극동로지스 | B23: =$B$4 -> 30 | C23: =IFERROR(VLOOKUP(A23,'참조은 피벗'!A:SF,5,FALSE),0) -> 49 | D23: =IFERROR(ROUNDDOWN(C23/B23,0),"") -> 1 | E23: 극동 | F23: =IFERROR(C23-(D23*B23),"") -> 19
A24: 김해물류 | B24: =$B$4 -> 30 | C24: =IFERROR(VLOOKUP(A24,'참조은 피벗'!A:SF,5,FALSE),0) -> 0 | D24: =IFERROR(ROUNDDOWN(C24/B24,0),"") -> 0 | E24: 김해 | F24: =IFERROR(C24-(D24*B24),"") -> 0
A25: BGF로지스부산 | B25: =$B$4 -> 30 | C25: =IFERROR(VLOOKUP(A25,'참조은 피벗'!A:SF,5,FALSE),0) -> 60 | D25: =IFERROR(ROUNDDOWN(C25/B25,0),"") -> 2 | E25: 부산 | F25: =IFERROR(C25-(D25*B25),"") -> 0
A26: BGF로지스진주 | B26: =$B$4 -> 30 | C26: =IFERROR(VLOOKUP(A26,'참조은 피벗'!A:SF,5,FALSE),0) -> 35 | D26: =IFERROR(ROUNDDOWN(C26/B26,0),"") -> 1 | E26: 진주 | F26: =IFERROR(C26-(D26*B26),"") -> 5
A28: 경남(김해)합계 | B28: =$B$4 -> 30 | C28: =SUM(C22:C26) -> 231 | D28: =IFERROR(ROUNDDOWN(C28/B28,0),"") -> 7 | F28: =IFERROR(C28-(D28*B28),"") -> 21
A30: 씨제이경산 | B30: =$B$4 -> 30 | C30: =IFERROR(VLOOKUP(A30,'참조은 피벗'!A:SF,5,FALSE),0) -> 67 | D30: =IFERROR(ROUNDDOWN(C30/B30,0),"") -> 2 | E30: 경산 | F30: =IFERROR(C30-(D30*B30),"") -> 7
A31: BGF로지스대구 | B31: =$B$4 -> 30 | C31: =IFERROR(VLOOKUP(A31,'참조은 피벗'!A:SF,5,FALSE),0) -> 63 | D31: =IFERROR(ROUNDDOWN(C31/B31,0),"") -> 2 | E31: 대구 | F31: =IFERROR(C31-(D31*B31),"") -> 3
A33: 경북(칠곡)합계 | B33: =$B$4 -> 30 | C33: =SUM(C30:C31) -> 130 | D33: =IFERROR(ROUNDDOWN(C33/B33,0),"") -> 4 | F33: =IFERROR(C33-(D33*B33),"") -> 10
A35: BGF로지스나주 | B35: =$B$4 -> 30 | C35: =IFERROR(VLOOKUP(A35,'참조은 피벗'!A:SF,5,FALSE),0) -> 52 | D35: =IFERROR(ROUNDDOWN(C35/B35,0),"") -> 1 | E35: 나주 | F35: =IFERROR(C35-(D35*B35),"") -> 22
A36: 하이로지스 | B36: =$B$4 -> 30 | C36: =IFERROR(VLOOKUP(A36,'참조은 피벗'!A:SF,5,FALSE),0) -> 46 | D36: =IFERROR(ROUNDDOWN(C36/B36,0),"") -> 1 | E36: 하이 | F36: =IFERROR(C36-(D36*B36),"") -> 16
A37: 씨제이김제 | B37: =$B$4 -> 30 | C37: =IFERROR(VLOOKUP(A37,'참조은 피벗'!A:SF,5,FALSE),0) -> 35 | D37: =IFERROR(ROUNDDOWN(C37/B37,0),"") -> 1 | E37: 김제 | F37: =IFERROR(C37-(D37*B37),"") -> 5
A39: 호남권 합계 | B39: =$B$4 -> 30 | C39: =SUM(C35:C37) -> 133 | D39: =IFERROR(ROUNDDOWN(C39/B39,0),"") -> 4 | F39: =IFERROR(C39-(D39*B39),"") -> 13
A41: BGF로지스서귀포 | B41: =$B$4 -> 30 | C41: =IFERROR(VLOOKUP(A41,'참조은 피벗'!A:SF,5,FALSE),0) -> 25 | D41: =IFERROR(ROUNDDOWN(C41/B41,0),"") -> 0 | E41: 서귀포 | F41: =IFERROR(C41-(D41*B41),"") -> 25
A42: BGF로지스제주 | B42: =$B$4 -> 30 | C42: =IFERROR(VLOOKUP(A42,'참조은 피벗'!A:SF,5,FALSE),0) -> 32 | D42: =IFERROR(ROUNDDOWN(C42/B42,0),"") -> 1 | E42: 제주 | F42: =IFERROR(C42-(D42*B42),"") -> 2
A44: 제주권 합계 | B44: =$B$4 -> 30 | C44: =SUM(C41:C42) -> 57 | D44: =IFERROR(ROUNDDOWN(C44/B44,0),"") -> 1 | F44: =IFERROR(C44-(D44*B44),"") -> 27
A46: 총합계 | B46: =$B$4 -> 30 | C46: =SUM(C4:C18,C35:C37,C30:C31,C22:C26,C41:C42) -> 1707 | D46: =IFERROR(ROUNDDOWN(C46/B46,0),"") -> 56 | F46: =IFERROR(C46-(D46*B46),"") -> 27 | G46: 소분박스 | H46: 소분낱개
A47: 총 박스/총 낱개수량 | B47: □ | D47: =SUM(D4:D18,D35:D37,D30:D31,D22:D26,D41:D42) -> 46 | F47: =SUM(F4:F18,F35:F37,F30:F31,F22:F26,F41:F42) -> 327 | G47: =IFERROR(ROUNDDOWN(F47/B35,0),"") -> 10 | H47: =IFERROR(F47-(G47*B35),"") -> 27
C48: =C20+C28+C33+C39+C44 -> 1707 | H48: □
C49: =C48=C46 -> TRUE

Sheet 참조은)생초코파이쿠앤크
A2: =TODAY() -> 46314 | B2: 참조은 □
A3: 행 레이블 | B3: 입수 | C3: 참조은)생초코파이 쿠앤크 | D3: 박스 | E3: 센터명 | F3: 낱개
A4: BGF로지스강릉 | B4: 30 | C4: =IFERROR(VLOOKUP(A4,'참조은 피벗'!A:SF,6,FALSE),0) -> 9 | D4: =IFERROR(ROUNDDOWN(C4/B4,0),"") -> 0 | E4: 강릉 | F4: =IFERROR(C4-(D4*B4),"") -> 9
A5: BGF로지스검단 | B5: =$B$4 -> 30 | C5: =IFERROR(VLOOKUP(A5,'참조은 피벗'!A:SF,6,FALSE),0) -> 81 | D5: =IFERROR(ROUNDDOWN(C5/B5,0),"") -> 2 | E5: 검단 | F5: =IFERROR(C5-(D5*B5),"") -> 21
A6: BGF로지스서인천1 | B6: =$B$4 -> 30 | C6: =IFERROR(VLOOKUP(A6,'참조은 피벗'!A:SF,6,FALSE),0) -> 36 | D6: =IFERROR(ROUNDDOWN(C6/B6,0),"") -> 1 | E6: 서인천1 | F6: =IFERROR(C6-(D6*B6),"") -> 6
A7: BGF로지스서인천2 | B7: =$B$4 -> 30 | C7: =IFERROR(VLOOKUP(A7,'참조은 피벗'!A:SF,6,FALSE),0) -> 45 | D7: =IFERROR(ROUNDDOWN(C7/B7,0),"") -> 1 | E7: 서인천2 | F7: =IFERROR(C7-(D7*B7),"") -> 15
A8: BGF로지스진천 | B8: =$B$4 -> 30 | C8: =IFERROR(VLOOKUP(A8,'참조은 피벗'!A:SF,6,FALSE),0) -> 32 | D8: =IFERROR(ROUNDDOWN(C8/B8,0),"") -> 1 | E8: 진천 | F8: =IFERROR(C8-(D8*B8),"") -> 2
A9: BGF로지스안성 | B9: =$B$4 -> 30 | C9: =IFERROR(VLOOKUP(A9,'참조은 피벗'!A:SF,6,FALSE),0) -> 27 | D9: =IFERROR(ROUNDDOWN(C9/B9,0),"") -> 0 | E9: 안성 | F9: =IFERROR(C9-(D9*B9),"") -> 27
A10: BGF로지스아산 | B10: =$B$4 -> 30 | C10: =IFERROR(VLOOKUP(A10,'참조은 피벗'!A:SF,6,FALSE),0) -> 14 | D10: =IFERROR(ROUNDDOWN(C10/B10,0),"") -> 0 | E10: 아산 | F10: =IFERROR(C10-(D10*B10),"") -> 14
A11: 화인로지텍 | B11: =$B$4 -> 30 | C11: =IFERROR(VLOOKUP(A11,'참조은 피벗'!A:SF,6,FALSE),0) -> 32 | D11: =IFERROR(ROUNDDOWN(C11/B11,0),"") -> 1 | E11: 화인 | F11: =IFERROR(C11-(D11*B11),"") -> 2
A12: 아신 | B12: =$B$4 -> 30 | C12: =IFERROR(VLOOKUP(A12,'참조은 피벗'!A:SF,6,FALSE),0) -> 47 | D12: =IFERROR(ROUNDDOWN(C12/B12,0),"") -> 1 | E12: 아신 | F12: =IFERROR(C12-(D12*B12),"") -> 17
A13: 씨제이오산 | B13: =$B$4 -> 30 | C13: =IFERROR(VLOOKUP(A13,'참조은 피벗'!A:SF,6,FALSE),0) -> 54 | D13: =IFERROR(ROUNDDOWN(C13/B13,0),"") -> 1 | E13: 오산 | F13: =IFERROR(C13-(D13*B13),"") -> 24
A14: 씨제이군포 | B14: =$B$4 -> 30 | C14: =IFERROR(VLOOKUP(A14,'참조은 피벗'!A:SF,6,FALSE),0) -> 53 | D14: =IFERROR(ROUNDDOWN(C14/B14,0),"") -> 1 | E14: 군포 | F14: =IFERROR(C14-(D14*B14),"") -> 23
A15: BGF로지스광주 | B15: =$B$4 -> 30 | C15: =IFERROR(VLOOKUP(A15,'참조은 피벗'!A:SF,6,FALSE),0) -> 78 | D15: =IFERROR(ROUNDDOWN(C15/B15,0),"") -> 2 | E15: 광주 | F15: =IFERROR(C15-(D15*B15),"") -> 18
A16: BGF로지스양주 | B16: =$B$4 -> 30 | C16: =IFERROR(VLOOKUP(A16,'참조은 피벗'!A:SF,6,FALSE),0) -> 16 | D16: =IFERROR(ROUNDDOWN(C16/B16,0),"") -> 0 | E16: 양주 | F16: =IFERROR(C16-(D16*B16),"") -> 16
... A18: 동부로지스 | B18: =$B$4 -> 30 | C18: =IFERROR(VLOOKUP(A18,'참조은 피벗'!A:SF,6,FALSE),0) -> 20 | D18: =IFERROR(ROUNDDOWN(C18/B18,0),"") -> 0 | E18: 동부 | F18: =IFERROR(C18-(D18*B18),"") -> 20
A20: 수도권 합계 | B20: =$B$4 -> 30 | C20: =SUM(C4:C18) -> 554 | D20: =IFERROR(ROUNDDOWN(C20/B20,0),"") -> 18 | F20: =IFERROR(C20-(D20*B20),"") -> 14
A22: 엑소후레쉬양산 | B22: =$B$4 -> 30 | C22: =IFERROR(VLOOKUP(A22,'참조은 피벗'!A:SF,6,FALSE),0) -> 47 | D22: =IFERROR(ROUNDDOWN(C22/B22,0),"") -> 1 | E22: 양산 | F22: =IFERROR(C22-(D22*B22),"") -> 17
A23: 극동로지스 | B23: =$B$4 -> 30 | C23: =IFERROR(VLOOKUP(A23,'참조은 피벗'!A:SF,6,FALSE),0) -> 29 | D23: =IFERROR(ROUNDDOWN(C23/B23,0),"") -> 0 | E23: 극동 | F23: =IFERROR(C23-(D23*B23),"") -> 29
A24: 김해물류 | B24: =$B$4 -> 30 | C24: =IFERROR(VLOOKUP(A24,'참조은 피벗'!A:SF,6,FALSE),0) -> 0 | D24: =IFERROR(ROUNDDOWN(C24/B24,0),"") -> 0 | E24: 김해 | F24: =IFERROR(C24-(D24*B24),"") -> 0
A25: BGF로지스부산 | B25: =$B$4 -> 30 | C25: =IFERROR(VLOOKUP(A25,'참조은 피벗'!A:SF,6,FALSE),0) -> 34 | D25: =IFERROR(ROUNDDOWN(C25/B25,0),"") -> 1 | E25: 부산 | F25: =IFERROR(C25-(D25*B25),"") -> 4
A26: BGF로지스진주 | B26: =$B$4 -> 30 | C26: =IFERROR(VLOOKUP(A26,'참조은 피벗'!A:SF,6,FALSE),0) -> 15 | D26: =IFERROR(ROUNDDOWN(C26/B26,0),"") -> 0 | E26: 진주 | F26: =IFERROR(C26-(D26*B26),"") -> 15
A28: 경남(김해)합계 | B28: =$B$4 -> 30 | C28: =SUM(C22:C26) -> 125 | D28: =IFERROR(ROUNDDOWN(C28/B28,0),"") -> 4 | F28: =IFERROR(C28-(D28*B28),"") -> 5
A30: 씨제이경산 | B30: =$B$4 -> 30 | C30: =IFERROR(VLOOKUP(A30,'참조은 피벗'!A:SF,6,FALSE),0) -> 44 | D30: =IFERROR(ROUNDDOWN(C30/B30,0),"") -> 1 | E30: 경산 | F30: =IFERROR(C30-(D30*B30),"") -> 14
A31: BGF로지스대구 | B31: =$B$4 -> 30 | C31: =IFERROR(VLOOKUP(A31,'참조은 피벗'!A:SF,6,FALSE),0) -> 27 | D31: =IFERROR(ROUNDDOWN(C31/B31,0),"") -> 0 | E31: 대구 | F31: =IFERROR(C31-(D31*B31),"") -> 27
A33: 경북(칠곡)합계 | B33: =$B$4 -> 30 | C33: =SUM(C30:C31) -> 71 | D33: =IFERROR(ROUNDDOWN(C33/B33,0),"") -> 2 | F33: =IFERROR(C33-(D33*B33),"") -> 11
A35: BGF로지스나주 | B35: =$B$4 -> 30 | C35: =IFERROR(VLOOKUP(A35,'참조은 피벗'!A:SF,6,FALSE),0) -> 29 | D35: =IFERROR(ROUNDDOWN(C35/B35,0),"") -> 0 | E35: 나주 | F35: =IFERROR(C35-(D35*B35),"") -> 29
A36: 하이로지스 | B36: =$B$4 -> 30 | C36: =IFERROR(VLOOKUP(A36,'참조은 피벗'!A:SF,6,FALSE),0) -> 28 | D36: =IFERROR(ROUNDDOWN(C36/B36,0),"") -> 0 | E36: 하이 | F36: =IFERROR(C36-(D36*B36),"") -> 28
A37: 씨제이김제 | B37: =$B$4 -> 30 | C37: =IFERROR(VLOOKUP(A37,'참조은 피벗'!A:SF,6,FALSE),0) -> 15 | D37: =IFERROR(ROUNDDOWN(C37/B37,0),"") -> 0 | E37: 김제 | F37: =IFERROR(C37-(D37*B37),"") -> 15
A39: 호남권 합계 | B39: =$B$4 -> 30 | C39: =SUM(C35:C37) -> 72 | D39: =IFERROR(ROUNDDOWN(C39/B39,0),"") -> 2 | F39: =IFERROR(C39-(D39*B39),"") -> 12
A41: BGF로지스서귀포 | B41: =$B$4 -> 30 | C41: =IFERROR(VLOOKUP(A41,'참조은 피벗'!A:SF,6,FALSE),0) -> 9 | D41: =IFERROR(ROUNDDOWN(C41/B41,0),"") -> 0 | E41: 서귀포 | F41: =IFERROR(C41-(D41*B41),"") -> 9
A42: BGF로지스제주 | B42: =$B$4 -> 30 | C42: =IFERROR(VLOOKUP(A42,'참조은 피벗'!A:SF,6,FALSE),0) -> 8 | D42: =IFERROR(ROUNDDOWN(C42/B42,0),"") -> 0 | E42: 제주 | F42: =IFERROR(C42-(D42*B42),"") -> 8
A44: 제주권 합계 | B44: =$B$4 -> 30 | C44: =SUM(C41:C42) -> 17 | D44: =IFERROR(ROUNDDOWN(C44/B44,0),"") -> 0 | F44: =IFERROR(C44-(D44*B44),"") -> 17
A46: 총합계 | B46: =$B$4 -> 30 | C46: =SUM(C4:C18,C35:C37,C30:C31,C22:C26,C41:C42) -> 839 | D46: =IFERROR(ROUNDDOWN(C46/B46,0),"") -> 27 | F46: =IFERROR(C46-(D46*B46),"") -> 29 | G46: 소분박스 | H46: 소분낱개
A47: 총 박스/총 낱개수량 | B47: □ | D47: =SUM(D4:D18,D35:D37,D30:D31,D22:D26,D41:D42) -> 14 | F47: =SUM(F4:F18,F35:F37,F30:F31,F22:F26,F41:F42) -> 419 | G47: =IFERROR(ROUNDDOWN(F47/B35,0),"") -> 13 | H47: =IFERROR(F47-(G47*B35),"") -> 29
C48: =C20+C28+C33+C39+C44 -> 839 | H48: □
C49: =C48=C46 -> TRUE

Sheet 참조은)우유모찌롤케익
A2: =TODAY() -> 46314 | B2: 참조은 □
A3: 행 레이블 | B3: 입수 | C3: 참조은)우유모찌롤케익 | D3: 박스 | E3: 센터명 | F3: 낱개
A4: BGF로지스강릉 | B4: 45 | C4: =IFERROR(VLOOKUP(A4,'참조은 피벗'!A:SF,7,FALSE),0) -> 20 | D4: =IFERROR(ROUNDDOWN(C4/B4,0),"") -> 0 | E4: 강릉 | F4: =IFERROR(C4-(D4*B4),"") -> 20
A5: BGF로지스검단 | B5: =$B$4 -> 45 | C5: =IFERROR(VLOOKUP(A5,'참조은 피벗'!A:SF,7,FALSE),0) -> 266 | D5: =IFERROR(ROUNDDOWN(C5/B5,0),"") -> 5 | E5: 검단 | F5: =IFERROR(C5-(D5*B5),"") -> 41
A6: BGF로지스서인천1 | B6: =$B$4 -> 45 | C6: =IFERROR(VLOOKUP(A6,'참조은 피벗'!A:SF,7,FALSE),0) -> 141 | D6: =IFERROR(ROUNDDOWN(C6/B6,0),"") -> 3 | E6: 서인천1 | F6: =IFERROR(C6-(D6*B6),"") -> 6
A7: BGF로지스서인천2 | B7: =$B$4 -> 45 | C7: =IFERROR(VLOOKUP(A7,'참조은 피벗'!A:SF,7,FALSE),0) -> 109 | D7: =IFERROR(ROUNDDOWN(C7/B7,0),"") -> 2 | E7: 서인천2 | F7: =IFERROR(C7-(D7*B7),"") -> 19
A8: BGF로지스진천 | B8: =$B$4 -> 45 | C8: =IFERROR(VLOOKUP(A8,'참조은 피벗'!A:SF,7,FALSE),0) -> 87 | D8: =IFERROR(ROUNDDOWN(C8/B8,0),"") -> 1 | E8: 진천 | F8: =IFERROR(C8-(D8*B8),"") -> 42
A9: BGF로지스안성 | B9: =$B$4 -> 45 | C9: =IFERROR(VLOOKUP(A9,'참조은 피벗'!A:SF,7,FALSE),0) -> 68 | D9: =IFERROR(ROUNDDOWN(C9/B9,0),"") -> 1 | E9: 안성 | F9: =IFERROR(C9-(D9*B9),"") -> 23
A10: BGF로지스아산 | B10: =$B$4 -> 45 | C10: =IFERROR(VLOOKUP(A10,'참조은 피벗'!A:SF,7,FALSE),0) -> 65 | D10: =IFERROR(ROUNDDOWN(C10/B10,0),"") -> 1 | E10: 아산 | F10: =IFERROR(C10-(D10*B10),"") -> 20
A11: 화인로지텍 | B11: =$B$4 -> 45 | C11: =IFERROR(VLOOKUP(A11,'참조은 피벗'!A:SF,7,FALSE),0) -> 93 | D11: =IFERROR(ROUNDDOWN(C11/B11,0),"") -> 2 | E11: 화인 | F11: =IFERROR(C11-(D11*B11),"") -> 3
A12: 아신 | B12: =$B$4 -> 45 | C12: =IFERROR(VLOOKUP(A12,'참조은 피벗'!A:SF,7,FALSE),0) -> 145 | D12: =IFERROR(ROUNDDOWN(C12/B12,0),"") -> 3 | E12: 아신 | F12: =IFERROR(C12-(D12*B12),"") -> 10
A13: 씨제이오산 | B13: =$B$4 -> 45 | C13: =IFERROR(VLOOKUP(A13,'참조은 피벗'!A:SF,7,FALSE),0) -> 119 | D13: =IFERROR(ROUNDDOWN(C13/B13,0),"") -> 2 | E13: 오산 | F13: =IFERROR(C13-(D13*B13),"") -> 29
A14: 씨제이군포 | B14: =$B$4 -> 45 | C14: =IFERROR(VLOOKUP(A14,'참조은 피벗'!A:SF,7,FALSE),0) -> 172 | D14: =IFERROR(ROUNDDOWN(C14/B14,0),"") -> 3 | E14: 군포 | F14: =IFERROR(C14-(D14*B14),"") -> 37
A15: BGF로지스광주 | B15: =$B$4 -> 45 | C15: =IFERROR(VLOOKUP(A15,'참조은 피벗'!A:SF,7,FALSE),0) -> 210 | D15: =IFERROR(ROUNDDOWN(C15/B15,0),"") -> 4 | E15: 광주 | F15: =IFERROR(C15-(D15*B15),"") -> 30
A16: BGF로지스양주 | B16: =$B$4 -> 45 | C16: =IFERROR(VLOOKUP(A16,'참조은 피벗'!A:SF,7,FALSE),0) -> 46 | D16: =IFERROR(ROUNDDOWN(C16/B16,0),"") -> 1 | E16: 양주 | F16: =IFERROR(C16-(D16*B16),"") -> 1
... A18: 동부로지스 | B18: =$B$4 -> 45 | C18: =IFERROR(VLOOKUP(A18,'참조은 피벗'!A:SF,7,FALSE),0) -> 53 | D18: =IFERROR(ROUNDDOWN(C18/B18,0),"") -> 1 | E18: 동부 | F18: =IFERROR(C18-(D18*B18),"") -> 8
A20: 수도권 합계 | B20: =$B$4 -> 45 | C20: =SUM(C4:C18) -> 1638 | D20: =IFERROR(ROUNDDOWN(C20/B20,0),"") -> 36 | F20: =IFERROR(C20-(D20*B20),"") -> 18
A22: 엑소후레쉬양산 | B22: =$B$4 -> 45 | C22: =IFERROR(VLOOKUP(A22,'참조은 피벗'!A:SF,7,FALSE),0) -> 116 | D22: =IFERROR(ROUNDDOWN(C22/B22,0),"") -> 2 | E22: 양산 | F22: =IFERROR(C22-(D22*B22),"") -> 26
A23: 극동로지스 | B23: =$B$4 -> 45 | C23: =IFERROR(VLOOKUP(A23,'참조은 피벗'!A:SF,7,FALSE),0) -> 76 | D23: =IFERROR(ROUNDDOWN(C23/B23,0),"") -> 1 | E23: 극동 | F23: =IFERROR(C23-(D23*B23),"") -> 31
A24: 김해물류 | B24: =$B$4 -> 45 | C24: =IFERROR(VLOOKUP(A24,'참조은 피벗'!A:SF,7,FALSE),0) -> 0 | D24: =IFERROR(ROUNDDOWN(C24/B24,0),"") -> 0 | E24: 김해 | F24: =IFERROR(C24-(D24*B24),"") -> 0
A25: BGF로지스부산 | B25: =$B$4 -> 45 | C25: =IFERROR(VLOOKUP(A25,'참조은 피벗'!A:SF,7,FALSE),0) -> 167 | D25: =IFERROR(ROUNDDOWN(C25/B25,0),"") -> 3 | E25: 부산 | F25: =IFERROR(C25-(D25*B25),"") -> 32
A26: BGF로지스진주 | B26: =$B$4 -> 45 | C26: =IFERROR(VLOOKUP(A26,'참조은 피벗'!A:SF,7,FALSE),0) -> 61 | D26: =IFERROR(ROUNDDOWN(C26/B26,0),"") -> 1 | E26: 진주 | F26: =IFERROR(C26-(D26*B26),"") -> 16
A28: 경남(김해)합계 | B28: =$B$4 -> 45 | C28: =SUM(C22:C26) -> 420 | D28: =IFERROR(ROUNDDOWN(C28/B28,0),"") -> 9 | F28: =IFERROR(C28-(D28*B28),"") -> 15
A30: 씨제이경산 | B30: =$B$4 -> 45 | C30: =IFERROR(VLOOKUP(A30,'참조은 피벗'!A:SF,7,FALSE),0) -> 88 | D30: =IFERROR(ROUNDDOWN(C30/B30,0),"") -> 1 | E30: 경산 | F30: =IFERROR(C30-(D30*B30),"") -> 43
A31: BGF로지스대구 | B31: =$B$4 -> 45 | C31: =IFERROR(VLOOKUP(A31,'참조은 피벗'!A:SF,7,FALSE),0) -> 84 | D31: =IFERROR(ROUNDDOWN(C31/B31,0),"") -> 1 | E31: 대구 | F31: =IFERROR(C31-(D31*B31),"") -> 39
A33: 경북(칠곡)합계 | B33: =$B$4 -> 45 | C33: =SUM(C30:C31) -> 172 | D33: =IFERROR(ROUNDDOWN(C33/B33,0),"") -> 3 | F33: =IFERROR(C33-(D33*B33),"") -> 37
A35: BGF로지스나주 | B35: =$B$4 -> 45 | C35: =IFERROR(VLOOKUP(A35,'참조은 피벗'!A:SF,7,FALSE),0) -> 104 | D35: =IFERROR(ROUNDDOWN(C35/B35,0),"") -> 2 | E35: 나주 | F35: =IFERROR(C35-(D35*B35),"") -> 14
A36: 하이로지스 | B36: =$B$4 -> 45 | C36: =IFERROR(VLOOKUP(A36,'참조은 피벗'!A:SF,7,FALSE),0) -> 69 | D36: =IFERROR(ROUNDDOWN(C36/B36,0),"") -> 1 | E36: 하이 | F36: =IFERROR(C36-(D36*B36),"") -> 24
A37: 씨제이김제 | B37: =$B$4 -> 45 | C37: =IFERROR(VLOOKUP(A37,'참조은 피벗'!A:SF,7,FALSE),0) -> 59 | D37: =IFERROR(ROUNDDOWN(C37/B37,0),"") -> 1 | E37: 김제 | F37: =IFERROR(C37-(D37*B37),"") -> 14
A39: 호남권 합계 | B39: =$B$4 -> 45 | C39: =SUM(C35:C37) -> 232 | D39: =IFERROR(ROUNDDOWN(C39/B39,0),"") -> 5 | F39: =IFERROR(C39-(D39*B39),"") -> 7
A41: BGF로지스서귀포 | B41: =$B$4 -> 45 | C41: =IFERROR(VLOOKUP(A41,'참조은 피벗'!A:SF,7,FALSE),0) -> 24 | D41: =IFERROR(ROUNDDOWN(C41/B41,0),"") -> 0 | E41: 서귀포 | F41: =IFERROR(C41-(D41*B41),"") -> 24
A42: BGF로지스제주 | B42: =$B$4 -> 45 | C42: =IFERROR(VLOOKUP(A42,'참조은 피벗'!A:SF,7,FALSE),0) -> 31 | D42: =IFERROR(ROUNDDOWN(C42/B42,0),"") -> 0 | E42: 제주 | F42: =IFERROR(C42-(D42*B42),"") -> 31
A44: 제주권 합계 | B44: =$B$4 -> 45 | C44: =SUM(C41:C42) -> 55 | D44: =IFERROR(ROUNDDOWN(C44/B44,0),"") -> 1 | F44: =IFERROR(C44-(D44*B44),"") -> 10
A46: 총합계 | B46: =$B$4 -> 45 | C46: =SUM(C4:C18,C35:C37,C30:C31,C22:C26,C41:C42) -> 2517 | D46: =IFERROR(ROUNDDOWN(C46/B46,0),"") -> 55 | F46: =IFERROR(C46-(D46*B46),"") -> 42 | G46: 소분박스 | H46: 소분낱개
A47: 총 박스/총 낱개수량 | B47: □ | D47: =SUM(D4:D18,D35:D37,D30:D31,D22:D26,D41:D42) -> 42 | F47: =SUM(F4:F18,F35:F37,F30:F31,F22:F26,F41:F42) -> 627 | G47: =IFERROR(ROUNDDOWN(F47/B35,0),"") -> 13 | H47: =IFERROR(F47-(G47*B35),"") -> 42
C48: =C20+C28+C33+C39+C44 -> 2517 | H48: □
C49: =C48=C46 -> TRUE

Sheet 참조은)초코모찌롤케익
A2: =TODAY() -> 46314 | B2: 참조은 □
A3: 행 레이블 | B3: 입수 | C3: 참조은)초코모찌롤케익 | D3: 박스 | E3: 센터명 | F3: 낱개
A4: BGF로지스강릉 | B4: 45 | C4: =IFERROR(VLOOKUP(A4,'참조은 피벗'!A:SF,8,FALSE),0) -> 22 | D4: =IFERROR(ROUNDDOWN(C4/B4,0),"") -> 0 | E4: 강릉 | F4: =IFERROR(C4-(D4*B4),"") -> 22
A5: BGF로지스검단 | B5: =$B$4 -> 45 | C5: =IFERROR(VLOOKUP(A5,'참조은 피벗'!A:SF,8,FALSE),0) -> 235 | D5: =IFERROR(ROUNDDOWN(C5/B5,0),"") -> 5 | E5: 검단 | F5: =IFERROR(C5-(D5*B5),"") -> 10
A6: BGF로지스서인천1 | B6: =$B$4 -> 45 | C6: =IFERROR(VLOOKUP(A6,'참조은 피벗'!A:SF,8,FALSE),0) -> 111 | D6: =IFERROR(ROUNDDOWN(C6/B6,0),"") -> 2 | E6: 서인천1 | F6: =IFERROR(C6-(D6*B6),"") -> 21
A7: BGF로지스서인천2 | B7: =$B$4 -> 45 | C7: =IFERROR(VLOOKUP(A7,'참조은 피벗'!A:SF,8,FALSE),0) -> 116 | D7: =IFERROR(ROUNDDOWN(C7/B7,0),"") -> 2 | E7: 서인천2 | F7: =IFERROR(C7-(D7*B7),"") -> 26
A8: BGF로지스진천 | B8: =$B$4 -> 45 | C8: =IFERROR(VLOOKUP(A8,'참조은 피벗'!A:SF,8,FALSE),0) -> 89 | D8: =IFERROR(ROUNDDOWN(C8/B8,0),"") -> 1 | E8: 진천 | F8: =IFERROR(C8-(D8*B8),"") -> 44
A9: BGF로지스안성 | B9: =$B$4 -> 45 | C9: =IFERROR(VLOOKUP(A9,'참조은 피벗'!A:SF,8,FALSE),0) -> 80 | D9: =IFERROR(ROUNDDOWN(C9/B9,0),"") -> 1 | E9: 안성 | F9: =IFERROR(C9-(D9*B9),"") -> 35
A10: BGF로지스아산 | B10: =$B$4 -> 45 | C10: =IFERROR(VLOOKUP(A10,'참조은 피벗'!A:SF,8,FALSE),0) -> 70 | D10: =IFERROR(ROUNDDOWN(C10/B10,0),"") -> 1 | E10: 아산 | F10: =IFERROR(C10-(D10*B10),"") -> 25
A11: 화인로지텍 | B11: =$B$4 -> 45 | C11: =IFERROR(VLOOKUP(A11,'참조은 피벗'!A:SF,8,FALSE),0) -> 95 | D11: =IFERROR(ROUNDDOWN(C11/B11,0),"") -> 2 | E11: 화인 | F11: =IFERROR(C11-(D11*B11),"") -> 5
A12: 아신 | B12: =$B$4 -> 45 | C12: =IFERROR(VLOOKUP(A12,'참조은 피벗'!A:SF,8,FALSE),0) -> 116 | D12: =IFERROR(ROUNDDOWN(C12/B12,0),"") -> 2 | E12: 아신 | F12: =IFERROR(C12-(D12*B12),"") -> 26
A13: 씨제이오산 | B13: =$B$4 -> 45 | C13: =IFERROR(VLOOKUP(A13,'참조은 피벗'!A:SF,8,FALSE),0) -> 104 | D13: =IFERROR(ROUNDDOWN(C13/B13,0),"") -> 2 | E13: 오산 | F13: =IFERROR(C13-(D13*B13),"") -> 14
A14: 씨제이군포 | B14: =$B$4 -> 45 | C14: =IFERROR(VLOOKUP(A14,'참조은 피벗'!A:SF,8,FALSE),0) -> 129 | D14: =IFERROR(ROUNDDOWN(C14/B14,0),"") -> 2 | E14: 군포 | F14: =IFERROR(C14-(D14*B14),"") -> 39
A15: BGF로지스광주 | B15: =$B$4 -> 45 | C15: =IFERROR(VLOOKUP(A15,'참조은 피벗'!A:SF,8,FALSE),0) -> 185 | D15: =IFERROR(ROUNDDOWN(C15/B15,0),"") -> 4 | E15: 광주 | F15: =IFERROR(C15-(D15*B15),"") -> 5
A16: BGF로지스양주 | B16: =$B$4 -> 45 | C16: =IFERROR(VLOOKUP(A16,'참조은 피벗'!A:SF,8,FALSE),0) -> 56 | D16: =IFERROR(ROUNDDOWN(C16/B16,0),"") -> 1 | E16: 양주 | F16: =IFERROR(C16-(D16*B16),"") -> 11
... A18: 동부로지스 | B18: =$B$4 -> 45 | C18: =IFERROR(VLOOKUP(A18,'참조은 피벗'!A:SF,8,FALSE),0) -> 54 | D18: =IFERROR(ROUNDDOWN(C18/B18,0),"") -> 1 | E18: 동부 | F18: =IFERROR(C18-(D18*B18),"") -> 9
A20: 수도권 합계 | B20: =$B$4 -> 45 | C20: =SUM(C4:C18) -> 1518 | D20: =IFERROR(ROUNDDOWN(C20/B20,0),"") -> 33 | F20: =IFERROR(C20-(D20*B20),"") -> 33
A22: 엑소후레쉬양산 | B22: =$B$4 -> 45 | C22: =IFERROR(VLOOKUP(A22,'참조은 피벗'!A:SF,8,FALSE),0) -> 120 | D22: =IFERROR(ROUNDDOWN(C22/B22,0),"") -> 2 | E22: 양산 | F22: =IFERROR(C22-(D22*B22),"") -> 30
A23: 극동로지스 | B23: =$B$4 -> 45 | C23: =IFERROR(VLOOKUP(A23,'참조은 피벗'!A:SF,8,FALSE),0) -> 66 | D23: =IFERROR(ROUNDDOWN(C23/B23,0),"") -> 1 | E23: 극동 | F23: =IFERROR(C23-(D23*B23),"") -> 21
A24: 김해물류 | B24: =$B$4 -> 45 | C24: =IFERROR(VLOOKUP(A24,'참조은 피벗'!A:SF,8,FALSE),0) -> 0 | D24: =IFERROR(ROUNDDOWN(C24/B24,0),"") -> 0 | E24: 김해 | F24: =IFERROR(C24-(D24*B24),"") -> 0
A25: BGF로지스부산 | B25: =$B$4 -> 45 | C25: =IFERROR(VLOOKUP(A25,'참조은 피벗'!A:SF,8,FALSE),0) -> 102 | D25: =IFERROR(ROUNDDOWN(C25/B25,0),"") -> 2 | E25: 부산 | F25: =IFERROR(C25-(D25*B25),"") -> 12
A26: BGF로지스진주 | B26: =$B$4 -> 45 | C26: =IFERROR(VLOOKUP(A26,'참조은 피벗'!A:SF,8,FALSE),0) -> 45 | D26: =IFERROR(ROUNDDOWN(C26/B26,0),"") -> 1 | E26: 진주 | F26: =IFERROR(C26-(D26*B26),"") -> 0
A28: 경남(김해)합계 | B28: =$B$4 -> 45 | C28: =SUM(C22:C26) -> 333 | D28: =IFERROR(ROUNDDOWN(C28/B28,0),"") -> 7 | F28: =IFERROR(C28-(D28*B28),"") -> 18
A30: 씨제이경산 | B30: =$B$4 -> 45 | C30: =IFERROR(VLOOKUP(A30,'참조은 피벗'!A:SF,8,FALSE),0) -> 93 | D30: =IFERROR(ROUNDDOWN(C30/B30,0),"") -> 2 | E30: 경산 | F30: =IFERROR(C30-(D30*B30),"") -> 3
A31: BGF로지스대구 | B31: =$B$4 -> 45 | C31: =IFERROR(VLOOKUP(A31,'참조은 피벗'!A:SF,8,FALSE),0) -> 77 | D31: =IFERROR(ROUNDDOWN(C31/B31,0),"") -> 1 | E31: 대구 | F31: =IFERROR(C31-(D31*B31),"") -> 32
A33: 경북(칠곡)합계 | B33: =$B$4 -> 45 | C33: =SUM(C30:C31) -> 170 | D33: =IFERROR(ROUNDDOWN(C33/B33,0),"") -> 3 | F33: =IFERROR(C33-(D33*B33),"") -> 35
A35: BGF로지스나주 | B35: =$B$4 -> 45 | C35: =IFERROR(VLOOKUP(A35,'참조은 피벗'!A:SF,8,FALSE),0) -> 103 | D35: =IFERROR(ROUNDDOWN(C35/B35,0),"") -> 2 | E35: 나주 | F35: =IFERROR(C35-(D35*B35),"") -> 13
A36: 하이로지스 | B36: =$B$4 -> 45 | C36: =IFERROR(VLOOKUP(A36,'참조은 피벗'!A:SF,8,FALSE),0) -> 70 | D36: =IFERROR(ROUNDDOWN(C36/B36,0),"") -> 1 | E36: 하이 | F36: =IFERROR(C36-(D36*B36),"") -> 25
A37: 씨제이김제 | B37: =$B$4 -> 45 | C37: =IFERROR(VLOOKUP(A37,'참조은 피벗'!A:SF,8,FALSE),0) -> 61 | D37: =IFERROR(ROUNDDOWN(C37/B37,0),"") -> 1 | E37: 김제 | F37: =IFERROR(C37-(D37*B37),"") -> 16
A39: 호남권 합계 | B39: =$B$4 -> 45 | C39: =SUM(C35:C37) -> 234 | D39: =IFERROR(ROUNDDOWN(C39/B39,0),"") -> 5 | F39: =IFERROR(C39-(D39*B39),"") -> 9
A41: BGF로지스서귀포 | B41: =$B$4 -> 45 | C41: =IFERROR(VLOOKUP(A41,'참조은 피벗'!A:SF,8,FALSE),0) -> 16 | D41: =IFERROR(ROUNDDOWN(C41/B41,0),"") -> 0 | E41: 서귀포 | F41: =IFERROR(C41-(D41*B41),"") -> 16
A42: BGF로지스제주 | B42: =$B$4 -> 45 | C42: =IFERROR(VLOOKUP(A42,'참조은 피벗'!A:SF,8,FALSE),0) -> 31 | D42: =IFERROR(ROUNDDOWN(C42/B42,0),"") -> 0 | E42: 제주 | F42: =IFERROR(C42-(D42*B42),"") -> 31
A44: 제주권 합계 | B44: =$B$4 -> 45 | C44: =SUM(C41:C42) -> 47 | D44: =IFERROR(ROUNDDOWN(C44/B44,0),"") -> 1 | F44: =IFERROR(C44-(D44*B44),"") -> 2
A46: 총합계 | B46: =$B$4 -> 45 | C46: =SUM(C4:C18,C35:C37,C30:C31,C22:C26,C41:C42) -> 2302 | D46: =IFERROR(ROUNDDOWN(C46/B46,0),"") -> 51 | F46: =IFERROR(C46-(D46*B46),"") -> 7 | G46: 소분박스 | H46: 소분낱개
A47: 총 박스/총 낱개수량 | B47: □ | D47: =SUM(D4:D18,D35:D37,D30:D31,D22:D26,D41:D42) -> 40 | F47: =SUM(F4:F18,F35:F37,F30:F31,F22:F26,F41:F42) -> 502 | G47: =IFERROR(ROUNDDOWN(F47/B35,0),"") -> 11 | H47: =IFERROR(F47-(G47*B35),"") -> 7
C48: =C20+C28+C33+C39+C44 -> 2302 | H48: □
C49: =C48=C46 -> TRUE

Sheet 참조은 피벗(냉장 베이글)
A1: 10/19 | B1: 열 레이블
A2: 행 레이블 | B2: KH)뉴욕베이글블루베리 | C2: KH)뉴욕베이글쿠앤크 | D2: KH)뉴욕베이글플레인 | E2: kH)뉴욕베이글피넛버터 | F2: 총합계
A3: BGF로지스강릉 | B3: 10 | C3: 4 | D3: 2 | E3: 2 | F3: 18
A4: BGF로지스검단 | B4: 27 | C4: 13 | D4: 20 | E4: 5 | F4: 65
A5: BGF로지스광주 | B5: 18 | C5: 10 | D5: 17 | E5: 5 | F5: 50
A6: BGF로지스나주 | B6: 7 | C6: 4 | D6: 11 | E6: 8 | F6: 30
A7: BGF로지스대구 | B7: 6 | C7: 8 | D7: 14 | E7: 10 | F7: 38
A8: BGF로지스부산 | B8: 21 | D8: 11 | E8: 12 | F8: 44
A9: BGF로지스서귀포 | B9: 6 | C9: 1 | D9: 6 | E9: 2 | F9: 15
A10: BGF로지스서인천1 | B10: 8 | C10: 5 | D10: 4 | E10: 3 | F10: 20
A11: BGF로지스서인천2 | B11: 9 | C11: 7 | D11: 8 | E11: 1 | F11: 25
A12: BGF로지스아산 | B12: 13 | C12: 7 | D12: 10 | E12: 5 | F12: 35
A13: BGF로지스안성 | B13: 12 | C13: 14 | D13: 14 | E13: 6 | F13: 46
A14: BGF로지스양주 | B14: 1 | C14: 3 | D14: 8 | E14: 5 | F14: 17
A15: BGF로지스제주 | B15: 5 | C15: 4 | D15: 5 | E15: 2 | F15: 16
A16: BGF로지스진주 | B16: 5 | C16: 5 | D16: 8 | E16: 7 | F16: 25
A17: BGF로지스진천 | B17: 13 | C17: 8 | D17: 10 | E17: 8 | F17: 39
A18: BGF로지스화성 | B18: 8 | C18: 6 | D18: 13 | E18: 12 | F18: 39
A19: 극동로지스 | B19: 7 | C19: 7 | D19: 17 | E19: 13 | F19: 44
A20: 동부로지스 | B20: 11 | C20: 9 | D20: 10 | E20: 5 | F20: 35
... A29: 총합계 | B29: 288 | C29: 158 | D29: 280 | E29: 176 | F29: 902

Sheet KH)뉴욕베이글블루베리
A2: =TODAY() -> 46314 | B2: 참조은 □
A3: 행 레이블 | B3: 입수 | C3: KH)뉴욕베이글블루베리 | D3: 박스 | E3: 센터명 | F3: 낱개
A4: BGF로지스강릉 | B4: 48 | C4: =IFERROR(VLOOKUP(A4,'참조은 피벗(냉장 베이글)'!A:SD,2,FALSE),0) -> 10 | D4: =IFERROR(ROUNDDOWN(C4/B4,0),"") -> 0 | E4: 강릉 | F4: =IFERROR(C4-(D4*B4),"") -> 10
A5: BGF로지스검단 | B5: =$B$4 -> 48 | C5: =IFERROR(VLOOKUP(A5,'참조은 피벗(냉장 베이글)'!A:SD,2,FALSE),0) -> 27 | D5: =IFERROR(ROUNDDOWN(C5/B5,0),"") -> 0 | E5: 검단 | F5: =IFERROR(C5-(D5*B5),"") -> 27
A6: BGF로지스서인천1 | B6: =$B$4 -> 48 | C6: =IFERROR(VLOOKUP(A6,'참조은 피벗(냉장 베이글)'!A:SD,2,FALSE),0) -> 8 | D6: =IFERROR(ROUNDDOWN(C6/B6,0),"") -> 0 | E6: 서인천1 | F6: =IFERROR(C6-(D6*B6),"") -> 8
A7: BGF로지스서인천2 | B7: =$B$4 -> 48 | C7: =IFERROR(VLOOKUP(A7,'참조은 피벗(냉장 베이글)'!A:SD,2,FALSE),0) -> 9 | D7: =IFERROR(ROUNDDOWN(C7/B7,0),"") -> 0 | E7: 서인천2 | F7: =IFERROR(C7-(D7*B7),"") -> 9
A8: BGF로지스진천 | B8: =$B$4 -> 48 | C8: =IFERROR(VLOOKUP(A8,'참조은 피벗(냉장 베이글)'!A:SD,2,FALSE),0) -> 13 | D8: =IFERROR(ROUNDDOWN(C8/B8,0),"") -> 0 | E8: 진천 | F8: =IFERROR(C8-(D8*B8),"") -> 13
A9: BGF로지스안성 | B9: =$B$4 -> 48 | C9: =IFERROR(VLOOKUP(A9,'참조은 피벗(냉장 베이글)'!A:SD,2,FALSE),0) -> 12 | D9: =IFERROR(ROUNDDOWN(C9/B9,0),"") -> 0 | E9: 안성 | F9: =IFERROR(C9-(D9*B9),"") -> 12
A10: BGF로지스아산 | B10: =$B$4 -> 48 | C10: =IFERROR(VLOOKUP(A10,'참조은 피벗(냉장 베이글)'!A:SD,2,FALSE),0) -> 13 | D10: =IFERROR(ROUNDDOWN(C10/B10,0),"") -> 0 | E10: 아산 | F10: =IFERROR(C10-(D10*B10),"") -> 13
A11: 화인로지텍 | B11: =$B$4 -> 48 | C11: =IFERROR(VLOOKUP(A11,'참조은 피벗(냉장 베이글)'!A:SD,2,FALSE),0) -> 13 | D11: =IFERROR(ROUNDDOWN(C11/B11,0),"") -> 0 | E11: 화인 | F11: =IFERROR(C11-(D11*B11),"") -> 13
A12: 아신 | B12: =$B$4 -> 48 | C12: =IFERROR(VLOOKUP(A12,'참조은 피벗(냉장 베이글)'!A:SD,2,FALSE),0) -> 10 | D12: =IFERROR(ROUNDDOWN(C12/B12,0),"") -> 0 | E12: 아신 | F12: =IFERROR(C12-(D12*B12),"") -> 10
A13: 씨제이오산 | B13: =$B$4 -> 48 | C13: =IFERROR(VLOOKUP(A13,'참조은 피벗(냉장 베이글)'!A:SD,2,FALSE),0) -> 8 | D13: =IFERROR(ROUNDDOWN(C13/B13,0),"") -> 0 | E13: 오산 | F13: =IFERROR(C13-(D13*B13),"") -> 8
A14: 씨제이군포 | B14: =$B$4 -> 48 | C14: =IFERROR(VLOOKUP(A14,'참조은 피벗(냉장 베이글)'!A:SD,2,FALSE),0) -> 25 | D14: =IFERROR(ROUNDDOWN(C14/B14,0),"") -> 0 | E14: 군포 | F14: =IFERROR(C14-(D14*B14),"") -> 25
A15: BGF로지스광주 | B15: =$B$4 -> 48 | C15: =IFERROR(VLOOKUP(A15,'참조은 피벗(냉장 베이글)'!A:SD,2,FALSE),0) -> 18 | D15: =IFERROR(ROUNDDOWN(C15/B15,0),"") -> 0 | E15: 광주 | F15: =IFERROR(C15-(D15*B15),"") -> 18
A16: BGF로지스양주 | B16: =$B$4 -> 48 | C16: =IFERROR(VLOOKUP(A16,'참조은 피벗(냉장 베이글)'!A:SD,2,FALSE),0) -> 1 | D16: =IFERROR(ROUNDDOWN(C16/B16,0),"") -> 0 | E16: 양주 | F16: =IFERROR(C16-(D16*B16),"") -> 1
... A18: 동부로지스 | B18: =$B$4 -> 48 | C18: =IFERROR(VLOOKUP(A18,'참조은 피벗(냉장 베이글)'!A:SD,2,FALSE),0) -> 11 | D18: =IFERROR(ROUNDDOWN(C18/B18,0),"") -> 0 | E18: 동부 | F18: =IFERROR(C18-(D18*B18),"") -> 11
A20: 수도권 합계 | B20: =$B$4 -> 48 | C20: =SUM(C4:C18) -> 186 | D20: =IFERROR(ROUNDDOWN(C20/B20,0),"") -> 3 | F20: =IFERROR(C20-(D20*B20),"") -> 42
A22: 엑소후레쉬양산 | B22: =$B$4 -> 48 | C22: =IFERROR(VLOOKUP(A22,'참조은 피벗(냉장 베이글)'!A:SD,2,FALSE),0) -> 17 | D22: =IFERROR(ROUNDDOWN(C22/B22,0),"") -> 0 | E22: 양산 | F22: =IFERROR(C22-(D22*B22),"") -> 17
A23: 극동로지스 | B23: =$B$4 -> 48 | C23: =IFERROR(VLOOKUP(A23,'참조은 피벗(냉장 베이글)'!A:SD,2,FALSE),0) -> 7 | D23: =IFERROR(ROUNDDOWN(C23/B23,0),"") -> 0 | E23: 극동 | F23: =IFERROR(C23-(D23*B23),"") -> 7
A24: 김해물류 | B24: =$B$4 -> 48 | C24: =IFERROR(VLOOKUP(A24,'참조은 피벗(냉장 베이글)'!A:SD,2,FALSE),0) -> 0 | D24: =IFERROR(ROUNDDOWN(C24/B24,0),"") -> 0 | E24: 김해 | F24: =IFERROR(C24-(D24*B24),"") -> 0
A25: BGF로지스부산 | B25: =$B$4 -> 48 | C25: =IFERROR(VLOOKUP(A25,'참조은 피벗(냉장 베이글)'!A:SD,2,FALSE),0) -> 21 | D25: =IFERROR(ROUNDDOWN(C25/B25,0),"") -> 0 | E25: 부산 | F25: =IFERROR(C25-(D25*B25),"") -> 21
A26: BGF로지스진주 | B26: =$B$4 -> 48 | C26: =IFERROR(VLOOKUP(A26,'참조은 피벗(냉장 베이글)'!A:SD,2,FALSE),0) -> 5 | D26: =IFERROR(ROUNDDOWN(C26/B26,0),"") -> 0 | E26: 진주 | F26: =IFERROR(C26-(D26*B26),"") -> 5
A28: 경남(김해)합계 | B28: =$B$4 -> 48 | C28: =SUM(C22:C26) -> 50 | D28: =IFERROR(ROUNDDOWN(C28/B28,0),"") -> 1 | F28: =IFERROR(C28-(D28*B28),"") -> 2
A30: 씨제이경산 | B30: =$B$4 -> 48 | C30: =IFERROR(VLOOKUP(A30,'참조은 피벗(냉장 베이글)'!A:SD,2,FALSE),0) -> 11 | D30: =IFERROR(ROUNDDOWN(C30/B30,0),"") -> 0 | E30: 경산 | F30: =IFERROR(C30-(D30*B30),"") -> 11
A31: BGF로지스대구 | B31: =$B$4 -> 48 | C31: =IFERROR(VLOOKUP(A31,'참조은 피벗(냉장 베이글)'!A:SD,2,FALSE),0) -> 6 | D31: =IFERROR(ROUNDDOWN(C31/B31,0),"") -> 0 | E31: 대구 | F31: =IFERROR(C31-(D31*B31),"") -> 6
A33: 경북(칠곡)합계 | B33: =$B$4 -> 48 | C33: =SUM(C30:C31) -> 17 | D33: =IFERROR(ROUNDDOWN(C33/B33,0),"") -> 0 | F33: =IFERROR(C33-(D33*B33),"") -> 17
A35: BGF로지스나주 | B35: =$B$4 -> 48 | C35: =IFERROR(VLOOKUP(A35,'참조은 피벗(냉장 베이글)'!A:SD,2,FALSE),0) -> 7 | D35: =IFERROR(ROUNDDOWN(C35/B35,0),"") -> 0 | E35: 나주 | F35: =IFERROR(C35-(D35*B35),"") -> 7
A36: 하이로지스 | B36: =$B$4 -> 48 | C36: =IFERROR(VLOOKUP(A36,'참조은 피벗(냉장 베이글)'!A:SD,2,FALSE),0) -> 8 | D36: =IFERROR(ROUNDDOWN(C36/B36,0),"") -> 0 | E36: 하이 | F36: =IFERROR(C36-(D36*B36),"") -> 8
A37: 씨제이김제 | B37: =$B$4 -> 48 | C37: =IFERROR(VLOOKUP(A37,'참조은 피벗(냉장 베이글)'!A:SD,2,FALSE),0) -> 9 | D37: =IFERROR(ROUNDDOWN(C37/B37,0),"") -> 0 | E37: 김제 | F37: =IFERROR(C37-(D37*B37),"") -> 9
A39: 호남권 합계 | B39: =$B$4 -> 48 | C39: =SUM(C35:C37) -> 24 | D39: =IFERROR(ROUNDDOWN(C39/B39,0),"") -> 0 | F39: =IFERROR(C39-(D39*B39),"") -> 24
A41: BGF로지스서귀포 | B41: =$B$4 -> 48 | C41: =IFERROR(VLOOKUP(A41,'참조은 피벗(냉장 베이글)'!A:SD,2,FALSE),0) -> 6 | D41: =IFERROR(ROUNDDOWN(C41/B41,0),"") -> 0 | E41: 서귀포 | F41: =IFERROR(C41-(D41*B41),"") -> 6
A42: BGF로지스제주 | B42: =$B$4 -> 48 | C42: =IFERROR(VLOOKUP(A42,'참조은 피벗(냉장 베이글)'!A:SD,2,FALSE),0) -> 5 | D42: =IFERROR(ROUNDDOWN(C42/B42,0),"") -> 0 | E42: 제주 | F42: =IFERROR(C42-(D42*B42),"") -> 5
A44: 제주권 합계 | B44: =$B$4 -> 48 | C44: =SUM(C41:C42) -> 11 | D44: =IFERROR(ROUNDDOWN(C44/B44,0),"") -> 0 | F44: =IFERROR(C44-(D44*B44),"") -> 11
A46: 총합계 | B46: =$B$4 -> 48 | C46: =SUM(C4:C18,C35:C37,C30:C31,C22:C26,C41:C42) -> 288 | D46: =IFERROR(ROUNDDOWN(C46/B46,0),"") -> 6 | F46: =IFERROR(C46-(D46*B46),"") -> 0 | G46: 소분박스 | H46: 소분낱개
A47: 총 박스/총 낱개수량 | B47: □ | D47: =SUM(D4:D18,D35:D37,D30:D31,D22:D26,D41:D42) -> 0 | F47: =SUM(F4:F18,F35:F37,F30:F31,F22:F26,F41:F42) -> 288 | G47: =IFERROR(ROUNDDOWN(F47/B35,0),"") -> 6 | H47: =IFERROR(F47-(G47*B35),"") -> 0
C48: =C20+C28+C33+C39+C44 -> 288 | H48: □
C49: =C48=C46 -> TRUE

Sheet KH)뉴욕베이글쿠앤크
A2: =TODAY() -> 46314 | B2: 참조은 □
A3: 행 레이블 | B3: 입수 | C3: KH)뉴욕베이글쿠앤크 | D3: 박스 | E3: 센터명 | F3: 낱개
A4: BGF로지스강릉 | B4: 48 | C4: =IFERROR(VLOOKUP(A4,'참조은 피벗(냉장 베이글)'!A:SD,3,FALSE),0) -> 4 | D4: =IFERROR(ROUNDDOWN(C4/B4,0),"") -> 0 | E4: 강릉 | F4: =IFERROR(C4-(D4*B4),"") -> 4
A5: BGF로지스검단 | B5: =$B$4 -> 48 | C5: =IFERROR(VLOOKUP(A5,'참조은 피벗(냉장 베이글)'!A:SD,3,FALSE),0) -> 13 | D5: =IFERROR(ROUNDDOWN(C5/B5,0),"") -> 0 | E5: 검단 | F5: =IFERROR(C5-(D5*B5),"") -> 13
A6: BGF로지스서인천1 | B6: =$B$4 -> 48 | C6: =IFERROR(VLOOKUP(A6,'참조은 피벗(냉장 베이글)'!A:SD,3,FALSE),0) -> 5 | D6: =IFERROR(ROUNDDOWN(C6/B6,0),"") -> 0 | E6: 서인천1 | F6: =IFERROR(C6-(D6*B6),"") -> 5
A7: BGF로지스서인천2 | B7: =$B$4 -> 48 | C7: =IFERROR(VLOOKUP(A7,'참조은 피벗(냉장 베이글)'!A:SD,3,FALSE),0) -> 7 | D7: =IFERROR(ROUNDDOWN(C7/B7,0),"") -> 0 | E7: 서인천2 | F7: =IFERROR(C7-(D7*B7),"") -> 7
A8: BGF로지스진천 | B8: =$B$4 -> 48 | C8: =IFERROR(VLOOKUP(A8,'참조은 피벗(냉장 베이글)'!A:SD,3,FALSE),0) -> 8 | D8: =IFERROR(ROUNDDOWN(C8/B8,0),"") -> 0 | E8: 진천 | F8: =IFERROR(C8-(D8*B8),"") -> 8
A9: BGF로지스안성 | B9: =$B$4 -> 48 | C9: =IFERROR(VLOOKUP(A9,'참조은 피벗(냉장 베이글)'!A:SD,3,FALSE),0) -> 14 | D9: =IFERROR(ROUNDDOWN(C9/B9,0),"") -> 0 | E9: 안성 | F9: =IFERROR(C9-(D9*B9),"") -> 14
A10: BGF로지스아산 | B10: =$B$4 -> 48 | C10: =IFERROR(VLOOKUP(A10,'참조은 피벗(냉장 베이글)'!A:SD,3,FALSE),0) -> 7 | D10: =IFERROR(ROUNDDOWN(C10/B10,0),"") -> 0 | E10: 아산 | F10: =IFERROR(C10-(D10*B10),"") -> 7
A11: 화인로지텍 | B11: =$B$4 -> 48 | C11: =IFERROR(VLOOKUP(A11,'참조은 피벗(냉장 베이글)'!A:SD,3,FALSE),0) -> 4 | D11: =IFERROR(ROUNDDOWN(C11/B11,0),"") -> 0 | E11: 화인 | F11: =IFERROR(C11-(D11*B11),"") -> 4
A12: 아신 | B12: =$B$4 -> 48 | C12: =IFERROR(VLOOKUP(A12,'참조은 피벗(냉장 베이글)'!A:SD,3,FALSE),0) -> 1 | D12: =IFERROR(ROUNDDOWN(C12/B12,0),"") -> 0 | E12: 아신 | F12: =IFERROR(C12-(D12*B12),"") -> 1
A13: 씨제이오산 | B13: =$B$4 -> 48 | C13: =IFERROR(VLOOKUP(A13,'참조은 피벗(냉장 베이글)'!A:SD,3,FALSE),0) -> 5 | D13: =IFERROR(ROUNDDOWN(C13/B13,0),"") -> 0 | E13: 오산 | F13: =IFERROR(C13-(D13*B13),"") -> 5
A14: 씨제이군포 | B14: =$B$4 -> 48 | C14: =IFERROR(VLOOKUP(A14,'참조은 피벗(냉장 베이글)'!A:SD,3,FALSE),0) -> 12 | D14: =IFERROR(ROUNDDOWN(C14/B14,0),"") -> 0 | E14: 군포 | F14: =IFERROR(C14-(D14*B14),"") -> 12
A15: BGF로지스광주 | B15: =$B$4 -> 48 | C15: =IFERROR(VLOOKUP(A15,'참조은 피벗(냉장 베이글)'!A:SD,3,FALSE),0) -> 10 | D15: =IFERROR(ROUNDDOWN(C15/B15,0),"") -> 0 | E15: 광주 | F15: =IFERROR(C15-(D15*B15),"") -> 10
A16: BGF로지스양주 | B16: =$B$4 -> 48 | C16: =IFERROR(VLOOKUP(A16,'참조은 피벗(냉장 베이글)'!A:SD,3,FALSE),0) -> 3 | D16: =IFERROR(ROUNDDOWN(C16/B16,0),"") -> 0 | E16: 양주 | F16: =IFERROR(C16-(D16*B16),"") -> 3
... A18: 동부로지스 | B18: =$B$4 -> 48 | C18: =IFERROR(VLOOKUP(A18,'참조은 피벗(냉장 베이글)'!A:SD,3,FALSE),0) -> 9 | D18: =IFERROR(ROUNDDOWN(C18/B18,0),"") -> 0 | E18: 동부 | F18: =IFERROR(C18-(D18*B18),"") -> 9
A20: 수도권 합계 | B20: =$B$4 -> 48 | C20: =SUM(C4:C18) -> 108 | D20: =IFERROR(ROUNDDOWN(C20/B20,0),"") -> 2 | F20: =IFERROR(C20-(D20*B20),"") -> 12
A22: 엑소후레쉬양산 | B22: =$B$4 -> 48 | C22: =IFERROR(VLOOKUP(A22,'참조은 피벗(냉장 베이글)'!A:SD,3,FALSE),0) -> 6 | D22: =IFERROR(ROUNDDOWN(C22/B22,0),"") -> 0 | E22: 양산 | F22: =IFERROR(C22-(D22*B22),"") -> 6
A23: 극동로지스 | B23: =$B$4 -> 48 | C23: =IFERROR(VLOOKUP(A23,'참조은 피벗(냉장 베이글)'!A:SD,3,FALSE),0) -> 7 | D23: =IFERROR(ROUNDDOWN(C23/B23,0),"") -> 0 | E23: 극동 | F23: =IFERROR(C23-(D23*B23),"") -> 7
A24: 김해물류 | B24: =$B$4 -> 48 | C24: =IFERROR(VLOOKUP(A24,'참조은 피벗(냉장 베이글)'!A:SD,3,FALSE),0) -> 0 | D24: =IFERROR(ROUNDDOWN(C24/B24,0),"") -> 0 | E24: 김해 | F24: =IFERROR(C24-(D24*B24),"") -> 0
A25: BGF로지스부산 | B25: =$B$4 -> 48 | C25: =IFERROR(VLOOKUP(A25,'참조은 피벗(냉장 베이글)'!A:SD,3,FALSE),0) -> 0 | D25: =IFERROR(ROUNDDOWN(C25/B25,0),"") -> 0 | E25: 부산 | F25: =IFERROR(C25-(D25*B25),"") -> 0
A26: BGF로지스진주 | B26: =$B$4 -> 48 | C26: =IFERROR(VLOOKUP(A26,'참조은 피벗(냉장 베이글)'!A:SD,3,FALSE),0) -> 5 | D26: =IFERROR(ROUNDDOWN(C26/B26,0),"") -> 0 | E26: 진주 | F26: =IFERROR(C26-(D26*B26),"") -> 5
A28: 경남(김해)합계 | B28: =$B$4 -> 48 | C28: =SUM(C22:C26) -> 18 | D28: =IFERROR(ROUNDDOWN(C28/B28,0),"") -> 0 | F28: =IFERROR(C28-(D28*B28),"") -> 18
A30: 씨제이경산 | B30: =$B$4 -> 48 | C30: =IFERROR(VLOOKUP(A30,'참조은 피벗(냉장 베이글)'!A:SD,3,FALSE),0) -> 4 | D30: =IFERROR(ROUNDDOWN(C30/B30,0),"") -> 0 | E30: 경산 | F30: =IFERROR(C30-(D30*B30),"") -> 4
A31: BGF로지스대구 | B31: =$B$4 -> 48 | C31: =IFERROR(VLOOKUP(A31,'참조은 피벗(냉장 베이글)'!A:SD,3,FALSE),0) -> 8 | D31: =IFERROR(ROUNDDOWN(C31/B31,0),"") -> 0 | E31: 대구 | F31: =IFERROR(C31-(D31*B31),"") -> 8
A33: 경북(칠곡)합계 | B33: =$B$4 -> 48 | C33: =SUM(C30:C31) -> 12 | D33: =IFERROR(ROUNDDOWN(C33/B33,0),"") -> 0 | F33: =IFERROR(C33-(D33*B33),"") -> 12
A35: BGF로지스나주 | B35: =$B$4 -> 48 | C35: =IFERROR(VLOOKUP(A35,'참조은 피벗(냉장 베이글)'!A:SD,3,FALSE),0) -> 4 | D35: =IFERROR(ROUNDDOWN(C35/B35,0),"") -> 0 | E35: 나주 | F35: =IFERROR(C35-(D35*B35),"") -> 4
A36: 하이로지스 | B36: =$B$4 -> 48 | C36: =IFERROR(VLOOKUP(A36,'참조은 피벗(냉장 베이글)'!A:SD,3,FALSE),0) -> 7 | D36: =IFERROR(ROUNDDOWN(C36/B36,0),"") -> 0 | E36: 하이 | F36: =IFERROR(C36-(D36*B36),"") -> 7
A37: 씨제이김제 | B37: =$B$4 -> 48 | C37: =IFERROR(VLOOKUP(A37,'참조은 피벗(냉장 베이글)'!A:SD,3,FALSE),0) -> 4 | D37: =IFERROR(ROUNDDOWN(C37/B37,0),"") -> 0 | E37: 김제 | F37: =IFERROR(C37-(D37*B37),"") -> 4
A39: 호남권 합계 | B39: =$B$4 -> 48 | C39: =SUM(C35:C37) -> 15 | D39: =IFERROR(ROUNDDOWN(C39/B39,0),"") -> 0 | F39: =IFERROR(C39-(D39*B39),"") -> 15
A41: BGF로지스서귀포 | B41: =$B$4 -> 48 | C41: =IFERROR(VLOOKUP(A41,'참조은 피벗(냉장 베이글)'!A:SD,3,FALSE),0) -> 1 | D41: =IFERROR(ROUNDDOWN(C41/B41,0),"") -> 0 | E41: 서귀포 | F41: =IFERROR(C41-(D41*B41),"") -> 1
A42: BGF로지스제주 | B42: =$B$4 -> 48 | C42: =IFERROR(VLOOKUP(A42,'참조은 피벗(냉장 베이글)'!A:SD,3,FALSE),0) -> 4 | D42: =IFERROR(ROUNDDOWN(C42/B42,0),"") -> 0 | E42: 제주 | F42: =IFERROR(C42-(D42*B42),"") -> 4
A44: 제주권 합계 | B44: =$B$4 -> 48 | C44: =SUM(C41:C42) -> 5 | D44: =IFERROR(ROUNDDOWN(C44/B44,0),"") -> 0 | F44: =IFERROR(C44-(D44*B44),"") -> 5
A46: 총합계 | B46: =$B$4 -> 48 | C46: =SUM(C4:C18,C35:C37,C30:C31,C22:C26,C41:C42) -> 158 | D46: =IFERROR(ROUNDDOWN(C46/B46,0),"") -> 3 | F46: =IFERROR(C46-(D46*B46),"") -> 14 | G46: 소분박스 | H46: 소분낱개
A47: 총 박스/총 낱개수량 | B47: □ | D47: =SUM(D4:D18,D35:D37,D30:D31,D22:D26,D41:D42) -> 0 | F47: =SUM(F4:F18,F35:F37,F30:F31,F22:F26,F41:F42) -> 158 | G47: =IFERROR(ROUNDDOWN(F47/B35,0),"") -> 3 | H47: =IFERROR(F47-(G47*B35),"") -> 14
C48: =C20+C28+C33+C39+C44 -> 158 | H48: □
C49: =C48=C46 -> TRUE

Sheet KH)뉴욕베이글플레인
A2: =TODAY() -> 46314 | B2: 참조은 □
A3: 행 레이블 | B3: 입수 | C3: KH)뉴욕베이글플레인 | D3: 박스 | E3: 센터명 | F3: 낱개
A4: BGF로지스강릉 | B4: 48 | C4: =IFERROR(VLOOKUP(A4,'참조은 피벗(냉장 베이글)'!A:SD,4,FALSE),0) -> 2 | D4: =IFERROR(ROUNDDOWN(C4/B4,0),"") -> 0 | E4: 강릉 | F4: =IFERROR(C4-(D4*B4),"") -> 2
A5: BGF로지스검단 | B5: =$B$4 -> 48 | C5: =IFERROR(VLOOKUP(A5,'참조은 피벗(냉장 베이글)'!A:SD,4,FALSE),0) -> 20 | D5: =IFERROR(ROUNDDOWN(C5/B5,0),"") -> 0 | E5: 검단 | F5: =IFERROR(C5-(D5*B5),"") -> 20
A6: BGF로지스서인천1 | B6: =$B$4 -> 48 | C6: =IFERROR(VLOOKUP(A6,'참조은 피벗(냉장 베이글)'!A:SD,4,FALSE),0) -> 4 | D6: =IFERROR(ROUNDDOWN(C6/B6,0),"") -> 0 | E6: 서인천1 | F6: =IFERROR(C6-(D6*B6),"") -> 4
A7: BGF로지스서인천2 | B7: =$B$4 -> 48 | C7: =IFERROR(VLOOKUP(A7,'참조은 피벗(냉장 베이글)'!A:SD,4,FALSE),0) -> 8 | D7: =IFERROR(ROUNDDOWN(C7/B7,0),"") -> 0 | E7: 서인천2 | F7: =IFERROR(C7-(D7*B7),"") -> 8
A8: BGF로지스진천 | B8: =$B$4 -> 48 | C8: =IFERROR(VLOOKUP(A8,'참조은 피벗(냉장 베이글)'!A:SD,4,FALSE),0) -> 10 | D8: =IFERROR(ROUNDDOWN(C8/B8,0),"") -> 0 | E8: 진천 | F8: =IFERROR(C8-(D8*B8),"") -> 10
A9: BGF로지스안성 | B9: =$B$4 -> 48 | C9: =IFERROR(VLOOKUP(A9,'참조은 피벗(냉장 베이글)'!A:SD,4,FALSE),0) -> 14 | D9: =IFERROR(ROUNDDOWN(C9/B9,0),"") -> 0 | E9: 안성 | F9: =IFERROR(C9-(D9*B9),"") -> 14
A10: BGF로지스아산 | B10: =$B$4 -> 48 | C10: =IFERROR(VLOOKUP(A10,'참조은 피벗(냉장 베이글)'!A:SD,4,FALSE),0) -> 10 | D10: =IFERROR(ROUNDDOWN(C10/B10,0),"") -> 0 | E10: 아산 | F10: =IFERROR(C10-(D10*B10),"") -> 10
A11: 화인로지텍 | B11: =$B$4 -> 48 | C11: =IFERROR(VLOOKUP(A11,'참조은 피벗(냉장 베이글)'!A:SD,4,FALSE),0) -> 7 | D11: =IFERROR(ROUNDDOWN(C11/B11,0),"") -> 0 | E11: 화인 | F11: =IFERROR(C11-(D11*B11),"") -> 7
A12: 아신 | B12: =$B$4 -> 48 | C12: =IFERROR(VLOOKUP(A12,'참조은 피벗(냉장 베이글)'!A:SD,4,FALSE),0) -> 11 | D12: =IFERROR(ROUNDDOWN(C12/B12,0),"") -> 0 | E12: 아신 | F12: =IFERROR(C12-(D12*B12),"") -> 11
A13: 씨제이오산 | B13: =$B$4 -> 48 | C13: =IFERROR(VLOOKUP(A13,'참조은 피벗(냉장 베이글)'!A:SD,4,FALSE),0) -> 13 | D13: =IFERROR(ROUNDDOWN(C13/B13,0),"") -> 0 | E13: 오산 | F13: =IFERROR(C13-(D13*B13),"") -> 13
A14: 씨제이군포 | B14: =$B$4 -> 48 | C14: =IFERROR(VLOOKUP(A14,'참조은 피벗(냉장 베이글)'!A:SD,4,FALSE),0) -> 14 | D14: =IFERROR(ROUNDDOWN(C14/B14,0),"") -> 0 | E14: 군포 | F14: =IFERROR(C14-(D14*B14),"") -> 14
A15: BGF로지스광주 | B15: =$B$4 -> 48 | C15: =IFERROR(VLOOKUP(A15,'참조은 피벗(냉장 베이글)'!A:SD,4,FALSE),0) -> 17 | D15: =IFERROR(ROUNDDOWN(C15/B15,0),"") -> 0 | E15: 광주 | F15: =IFERROR(C15-(D15*B15),"") -> 17
A16: BGF로지스양주 | B16: =$B$4 -> 48 | C16: =IFERROR(VLOOKUP(A16,'참조은 피벗(냉장 베이글)'!A:SD,4,FALSE),0) -> 8 | D16: =IFERROR(ROUNDDOWN(C16/B16,0),"") -> 0 | E16: 양주 | F16: =IFERROR(C16-(D16*B16),"") -> 8
... A18: 동부로지스 | B18: =$B$4 -> 48 | C18: =IFERROR(VLOOKUP(A18,'참조은 피벗(냉장 베이글)'!A:SD,4,FALSE),0) -> 10 | D18: =IFERROR(ROUNDDOWN(C18/B18,0),"") -> 0 | E18: 동부 | F18: =IFERROR(C18-(D18*B18),"") -> 10
A20: 수도권 합계 | B20: =$B$4 -> 48 | C20: =SUM(C4:C18) -> 161 | D20: =IFERROR(ROUNDDOWN(C20/B20,0),"") -> 3 | F20: =IFERROR(C20-(D20*B20),"") -> 17
A22: 엑소후레쉬양산 | B22: =$B$4 -> 48 | C22: =IFERROR(VLOOKUP(A22,'참조은 피벗(냉장 베이글)'!A:SD,4,FALSE),0) -> 7 | D22: =IFERROR(ROUNDDOWN(C22/B22,0),"") -> 0 | E22: 양산 | F22: =IFERROR(C22-(D22*B22),"") -> 7
A23: 극동로지스 | B23: =$B$4 -> 48 | C23: =IFERROR(VLOOKUP(A23,'참조은 피벗(냉장 베이글)'!A:SD,4,FALSE),0) -> 17 | D23: =IFERROR(ROUNDDOWN(C23/B23,0),"") -> 0 | E23: 극동 | F23: =IFERROR(C23-(D23*B23),"") -> 17
A24: 김해물류 | B24: =$B$4 -> 48 | C24: =IFERROR(VLOOKUP(A24,'참조은 피벗(냉장 베이글)'!A:SD,4,FALSE),0) -> 0 | D24: =IFERROR(ROUNDDOWN(C24/B24,0),"") -> 0 | E24: 김해 | F24: =IFERROR(C24-(D24*B24),"") -> 0
A25: BGF로지스부산 | B25: =$B$4 -> 48 | C25: =IFERROR(VLOOKUP(A25,'참조은 피벗(냉장 베이글)'!A:SD,4,FALSE),0) -> 11 | D25: =IFERROR(ROUNDDOWN(C25/B25,0),"") -> 0 | E25: 부산 | F25: =IFERROR(C25-(D25*B25),"") -> 11
A26: BGF로지스진주 | B26: =$B$4 -> 48 | C26: =IFERROR(VLOOKUP(A26,'참조은 피벗(냉장 베이글)'!A:SD,4,FALSE),0) -> 8 | D26: =IFERROR(ROUNDDOWN(C26/B26,0),"") -> 0 | E26: 진주 | F26: =IFERROR(C26-(D26*B26),"") -> 8
A28: 경남(김해)합계 | B28: =$B$4 -> 48 | C28: =SUM(C22:C26) -> 43 | D28: =IFERROR(ROUNDDOWN(C28/B28,0),"") -> 0 | F28: =IFERROR(C28-(D28*B28),"") -> 43
A30: 씨제이경산 | B30: =$B$4 -> 48 | C30: =IFERROR(VLOOKUP(A30,'참조은 피벗(냉장 베이글)'!A:SD,4,FALSE),0) -> 8 | D30: =IFERROR(ROUNDDOWN(C30/B30,0),"") -> 0 | E30: 경산 | F30: =IFERROR(C30-(D30*B30),"") -> 8
A31: BGF로지스대구 | B31: =$B$4 -> 48 | C31: =IFERROR(VLOOKUP(A31,'참조은 피벗(냉장 베이글)'!A:SD,4,FALSE),0) -> 14 | D31: =IFERROR(ROUNDDOWN(C31/B31,0),"") -> 0 | E31: 대구 | F31: =IFERROR(C31-(D31*B31),"") -> 14
A33: 경북(칠곡)합계 | B33: =$B$4 -> 48 | C33: =SUM(C30:C31) -> 22 | D33: =IFERROR(ROUNDDOWN(C33/B33,0),"") -> 0 | F33: =IFERROR(C33-(D33*B33),"") -> 22
A35: BGF로지스나주 | B35: =$B$4 -> 48 | C35: =IFERROR(VLOOKUP(A35,'참조은 피벗(냉장 베이글)'!A:SD,4,FALSE),0) -> 11 | D35: =IFERROR(ROUNDDOWN(C35/B35,0),"") -> 0 | E35: 나주 | F35: =IFERROR(C35-(D35*B35),"") -> 11
A36: 하이로지스 | B36: =$B$4 -> 48 | C36: =IFERROR(VLOOKUP(A36,'참조은 피벗(냉장 베이글)'!A:SD,4,FALSE),0) -> 12 | D36: =IFERROR(ROUNDDOWN(C36/B36,0),"") -> 0 | E36: 하이 | F36: =IFERROR(C36-(D36*B36),"") -> 12
A37: 씨제이김제 | B37: =$B$4 -> 48 | C37: =IFERROR(VLOOKUP(A37,'참조은 피벗(냉장 베이글)'!A:SD,4,FALSE),0) -> 20 | D37: =IFERROR(ROUNDDOWN(C37/B37,0),"") -> 0 | E37: 김제 | F37: =IFERROR(C37-(D37*B37),"") -> 20
A39: 호남권 합계 | B39: =$B$4 -> 48 | C39: =SUM(C35:C37) -> 43 | D39: =IFERROR(ROUNDDOWN(C39/B39,0),"") -> 0 | F39: =IFERROR(C39-(D39*B39),"") -> 43
A41: BGF로지스서귀포 | B41: =$B$4 -> 48 | C41: =IFERROR(VLOOKUP(A41,'참조은 피벗(냉장 베이글)'!A:SD,4,FALSE),0) -> 6 | D41: =IFERROR(ROUNDDOWN(C41/B41,0),"") -> 0 | E41: 서귀포 | F41: =IFERROR(C41-(D41*B41),"") -> 6
A42: BGF로지스제주 | B42: =$B$4 -> 48 | C42: =IFERROR(VLOOKUP(A42,'참조은 피벗(냉장 베이글)'!A:SD,4,FALSE),0) -> 5 | D42: =IFERROR(ROUNDDOWN(C42/B42,0),"") -> 0 | E42: 제주 | F42: =IFERROR(C42-(D42*B42),"") -> 5
A44: 제주권 합계 | B44: =$B$4 -> 48 | C44: =SUM(C41:C42) -> 11 | D44: =IFERROR(ROUNDDOWN(C44/B44,0),"") -> 0 | F44: =IFERROR(C44-(D44*B44),"") -> 11
A46: 총합계 | B46: =$B$4 -> 48 | C46: =SUM(C4:C18,C35:C37,C30:C31,C22:C26,C41:C42) -> 280 | D46: =IFERROR(ROUNDDOWN(C46/B46,0),"") -> 5 | F46: =IFERROR(C46-(D46*B46),"") -> 40 | G46: 소분박스 | H46: 소분낱개
A47: 총 박스/총 낱개수량 | B47: □ | D47: =SUM(D4:D18,D35:D37,D30:D31,D22:D26,D41:D42) -> 0 | F47: =SUM(F4:F18,F35:F37,F30:F31,F22:F26,F41:F42) -> 280 | G47: =IFERROR(ROUNDDOWN(F47/B35,0),"") -> 5 | H47: =IFERROR(F47-(G47*B35),"") -> 40
C48: =C20+C28+C33+C39+C44 -> 280 | H48: □
C49: =C48=C46 -> TRUE

Sheet kH)뉴욕베이글피넛버터
A2: =TODAY() -> 46314 | B2: 참조은 □
A3: 행 레이블 | B3: 입수 | C3: kH)뉴욕베이글피넛버터 | D3: 박스 | E3: 센터명 | F3: 낱개
A4: BGF로지스강릉 | B4: 48 | C4: =IFERROR(VLOOKUP(A4,'참조은 피벗(냉장 베이글)'!A:SD,5,FALSE),0) -> 2 | D4: =IFERROR(ROUNDDOWN(C4/B4,0),"") -> 0 | E4: 강릉 | F4: =IFERROR(C4-(D4*B4),"") -> 2
A5: BGF로지스검단 | B5: =$B$4 -> 48 | C5: =IFERROR(VLOOKUP(A5,'참조은 피벗(냉장 베이글)'!A:SD,5,FALSE),0) -> 5 | D5: =IFERROR(ROUNDDOWN(C5/B5,0),"") -> 0 | E5: 검단 | F5: =IFERROR(C5-(D5*B5),"") -> 5
A6: BGF로지스서인천1 | B6: =$B$4 -> 48 | C6: =IFERROR(VLOOKUP(A6,'참조은 피벗(냉장 베이글)'!A:SD,5,FALSE),0) -> 3 | D6: =IFERROR(ROUNDDOWN(C6/B6,0),"") -> 0 | E6: 서인천1 | F6: =IFERROR(C6-(D6*B6),"") -> 3
A7: BGF로지스서인천2 | B7: =$B$4 -> 48 | C7: =IFERROR(VLOOKUP(A7,'참조은 피벗(냉장 베이글)'!A:SD,5,FALSE),0) -> 1 | D7: =IFERROR(ROUNDDOWN(C7/B7,0),"") -> 0 | E7: 서인천2 | F7: =IFERROR(C7-(D7*B7),"") -> 1
A8: BGF로지스진천 | B8: =$B$4 -> 48 | C8: =IFERROR(VLOOKUP(A8,'참조은 피벗(냉장 베이글)'!A:SD,5,FALSE),0) -> 8 | D8: =IFERROR(ROUNDDOWN(C8/B8,0),"") -> 0 | E8: 진천 | F8: =IFERROR(C8-(D8*B8),"") -> 8
A9: BGF로지스안성 | B9: =$B$4 -> 48 | C9: =IFERROR(VLOOKUP(A9,'참조은 피벗(냉장 베이글)'!A:SD,5,FALSE),0) -> 6 | D9: =IFERROR(ROUNDDOWN(C9/B9,0),"") -> 0 | E9: 안성 | F9: =IFERROR(C9-(D9*B9),"") -> 6
A10: BGF로지스아산 | B10: =$B$4 -> 48 | C10: =IFERROR(VLOOKUP(A10,'참조은 피벗(냉장 베이글)'!A:SD,5,FALSE),0) -> 5 | D10: =IFERROR(ROUNDDOWN(C10/B10,0),"") -> 0 | E10: 아산 | F10: =IFERROR(C10-(D10*B10),"") -> 5
A11: 화인로지텍 | B11: =$B$4 -> 48 | C11: =IFERROR(VLOOKUP(A11,'참조은 피벗(냉장 베이글)'!A:SD,5,FALSE),0) -> 1 | D11: =IFERROR(ROUNDDOWN(C11/B11,0),"") -> 0 | E11: 화인 | F11: =IFERROR(C11-(D11*B11),"") -> 1
A12: 아신 | B12: =$B$4 -> 48 | C12: =IFERROR(VLOOKUP(A12,'참조은 피벗(냉장 베이글)'!A:SD,5,FALSE),0) -> 7 | D12: =IFERROR(ROUNDDOWN(C12/B12,0),"") -> 0 | E12: 아신 | F12: =IFERROR(C12-(D12*B12),"") -> 7
A13: 씨제이오산 | B13: =$B$4 -> 48 | C13: =IFERROR(VLOOKUP(A13,'참조은 피벗(냉장 베이글)'!A:SD,5,FALSE),0) -> 11 | D13: =IFERROR(ROUNDDOWN(C13/B13,0),"") -> 0 | E13: 오산 | F13: =IFERROR(C13-(D13*B13),"") -> 11
A14: 씨제이군포 | B14: =$B$4 -> 48 | C14: =IFERROR(VLOOKUP(A14,'참조은 피벗(냉장 베이글)'!A:SD,5,FALSE),0) -> 14 | D14: =IFERROR(ROUNDDOWN(C14/B14,0),"") -> 0 | E14: 군포 | F14: =IFERROR(C14-(D14*B14),"") -> 14
A15: BGF로지스광주 | B15: =$B$4 -> 48 | C15: =IFERROR(VLOOKUP(A15,'참조은 피벗(냉장 베이글)'!A:SD,5,FALSE),0) -> 5 | D15: =IFERROR(ROUNDDOWN(C15/B15,0),"") -> 0 | E15: 광주 | F15: =IFERROR(C15-(D15*B15),"") -> 5
A16: BGF로지스양주 | B16: =$B$4 -> 48 | C16: =IFERROR(VLOOKUP(A16,'참조은 피벗(냉장 베이글)'!A:SD,5,FALSE),0) -> 5 | D16: =IFERROR(ROUNDDOWN(C16/B16,0),"") -> 0 | E16: 양주 | F16: =IFERROR(C16-(D16*B16),"") -> 5
... A18: 동부로지스 | B18: =$B$4 -> 48 | C18: =IFERROR(VLOOKUP(A18,'참조은 피벗(냉장 베이글)'!A:SD,5,FALSE),0) -> 5 | D18: =IFERROR(ROUNDDOWN(C18/B18,0),"") -> 0 | E18: 동부 | F18: =IFERROR(C18-(D18*B18),"") -> 5
A20: 수도권 합계 | B20: =$B$4 -> 48 | C20: =SUM(C4:C18) -> 90 | D20: =IFERROR(ROUNDDOWN(C20/B20,0),"") -> 1 | F20: =IFERROR(C20-(D20*B20),"") -> 42
A22: 엑소후레쉬양산 | B22: =$B$4 -> 48 | C22: =IFERROR(VLOOKUP(A22,'참조은 피벗(냉장 베이글)'!A:SD,5,FALSE),0) -> 2 | D22: =IFERROR(ROUNDDOWN(C22/B22,0),"") -> 0 | E22: 양산 | F22: =IFERROR(C22-(D22*B22),"") -> 2
A23: 극동로지스 | B23: =$B$4 -> 48 | C23: =IFERROR(VLOOKUP(A23,'참조은 피벗(냉장 베이글)'!A:SD,5,FALSE),0) -> 13 | D23: =IFERROR(ROUNDDOWN(C23/B23,0),"") -> 0 | E23: 극동 | F23: =IFERROR(C23-(D23*B23),"") -> 13
A24: 김해물류 | B24: =$B$4 -> 48 | C24: =IFERROR(VLOOKUP(A24,'참조은 피벗(냉장 베이글)'!A:SD,5,FALSE),0) -> 0 | D24: =IFERROR(ROUNDDOWN(C24/B24,0),"") -> 0 | E24: 김해 | F24: =IFERROR(C24-(D24*B24),"") -> 0
A25: BGF로지스부산 | B25: =$B$4 -> 48 | C25: =IFERROR(VLOOKUP(A25,'참조은 피벗(냉장 베이글)'!A:SD,5,FALSE),0) -> 12 | D25: =IFERROR(ROUNDDOWN(C25/B25,0),"") -> 0 | E25: 부산 | F25: =IFERROR(C25-(D25*B25),"") -> 12
A26: BGF로지스진주 | B26: =$B$4 -> 48 | C26: =IFERROR(VLOOKUP(A26,'참조은 피벗(냉장 베이글)'!A:SD,5,FALSE),0) -> 7 | D26: =IFERROR(ROUNDDOWN(C26/B26,0),"") -> 0 | E26: 진주 | F26: =IFERROR(C26-(D26*B26),"") -> 7
A28: 경남(김해)합계 | B28: =$B$4 -> 48 | C28: =SUM(C22:C26) -> 34 | D28: =IFERROR(ROUNDDOWN(C28/B28,0),"") -> 0 | F28: =IFERROR(C28-(D28*B28),"") -> 34
A30: 씨제이경산 | B30: =$B$4 -> 48 | C30: =IFERROR(VLOOKUP(A30,'참조은 피벗(냉장 베이글)'!A:SD,5,FALSE),0) -> 6 | D30: =IFERROR(ROUNDDOWN(C30/B30,0),"") -> 0 | E30: 경산 | F30: =IFERROR(C30-(D30*B30),"") -> 6
A31: BGF로지스대구 | B31: =$B$4 -> 48 | C31: =IFERROR(VLOOKUP(A31,'참조은 피벗(냉장 베이글)'!A:SD,5,FALSE),0) -> 10 | D31: =IFERROR(ROUNDDOWN(C31/B31,0),"") -> 0 | E31: 대구 | F31: =IFERROR(C31-(D31*B31),"") -> 10
A33: 경북(칠곡)합계 | B33: =$B$4 -> 48 | C33: =SUM(C30:C31) -> 16 | D33: =IFERROR(ROUNDDOWN(C33/B33,0),"") -> 0 | F33: =IFERROR(C33-(D33*B33),"") -> 16
A35: BGF로지스나주 | B35: =$B$4 -> 48 | C35: =IFERROR(VLOOKUP(A35,'참조은 피벗(냉장 베이글)'!A:SD,5,FALSE),0) -> 8 | D35: =IFERROR(ROUNDDOWN(C35/B35,0),"") -> 0 | E35: 나주 | F35: =IFERROR(C35-(D35*B35),"") -> 8
A36: 하이로지스 | B36: =$B$4 -> 48 | C36: =IFERROR(VLOOKUP(A36,'참조은 피벗(냉장 베이글)'!A:SD,5,FALSE),0) -> 8 | D36: =IFERROR(ROUNDDOWN(C36/B36,0),"") -> 0 | E36: 하이 | F36: =IFERROR(C36-(D36*B36),"") -> 8
A37: 씨제이김제 | B37: =$B$4 -> 48 | C37: =IFERROR(VLOOKUP(A37,'참조은 피벗(냉장 베이글)'!A:SD,5,FALSE),0) -> 16 | D37: =IFERROR(ROUNDDOWN(C37/B37,0),"") -> 0 | E37: 김제 | F37: =IFERROR(C37-(D37*B37),"") -> 16
A39: 호남권 합계 | B39: =$B$4 -> 48 | C39: =SUM(C35:C37) -> 32 | D39: =IFERROR(ROUNDDOWN(C39/B39,0),"") -> 0 | F39: =IFERROR(C39-(D39*B39),"") -> 32
A41: BGF로지스서귀포 | B41: =$B$4 -> 48 | C41: =IFERROR(VLOOKUP(A41,'참조은 피벗(냉장 베이글)'!A:SD,5,FALSE),0) -> 2 | D41: =IFERROR(ROUNDDOWN(C41/B41,0),"") -> 0 | E41: 서귀포 | F41: =IFERROR(C41-(D41*B41),"") -> 2
A42: BGF로지스제주 | B42: =$B$4 -> 48 | C42: =IFERROR(VLOOKUP(A42,'참조은 피벗(냉장 베이글)'!A:SD,5,FALSE),0) -> 2 | D42: =IFERROR(ROUNDDOWN(C42/B42,0),"") -> 0 | E42: 제주 | F42: =IFERROR(C42-(D42*B42),"") -> 2
A44: 제주권 합계 | B44: =$B$4 -> 48 | C44: =SUM(C41:C42) -> 4 | D44: =IFERROR(ROUNDDOWN(C44/B44,0),"") -> 0 | F44: =IFERROR(C44-(D44*B44),"") -> 4
A46: 총합계 | B46: =$B$4 -> 48 | C46: =SUM(C4:C18,C35:C37,C30:C31,C22:C26,C41:C42) -> 176 | D46: =IFERROR(ROUNDDOWN(C46/B46,0),"") -> 3 | F46: =IFERROR(C46-(D46*B46),"") -> 32 | G46: 소분박스 | H46: 소분낱개
A47: 총 박스/총 낱개수량 | B47: □ | D47: =SUM(D4:D18,D35:D37,D30:D31,D22:D26,D41:D42) -> 0 | F47: =SUM(F4:F18,F35:F37,F30:F31,F22:F26,F41:F42) -> 176 | G47: =IFERROR(ROUNDDOWN(F47/B35,0),"") -> 3 | H47: =IFERROR(F47-(G47*B35),"") -> 32
C48: =C20+C28+C33+C39+C44 -> 176 | H48: □
C49: =C48=C46 -> TRUE

Sheet 조인앤조인 피벗
A1: 10/19 | B1: 열 레이블
A2: 행 레이블 | B2: 405)베어스무화과깜빠뉴 | C2: 405)베어스지중해식깜빠뉴 | D2: 널담)다크초코호두쿠키 | E2: 널담)도넛케이크아몬드 | F2: 널담)도넛케이크초코 | G2: 널담)베이컨치즈베이글 | H2: 널담)블랙올리브베이글 | I2: 널담)화이트초코마카쿠키 | J2: 널담)황치즈쿠키 | K2: 총합계
A3: BGF로지스강릉 | D3: 16 | E3: 160 | F3: 180 | G3: 24 | H3: 19 | I3: 20 | J3: 16 | K3: 435
A4: BGF로지스검단 | B4: 1 | C4: 2 | D4: 280 | E4: 920 | F4: 1236 | G4: 207 | H4: 154 | I4: 444 | J4: 364 | K4: 3608
A5: BGF로지스광주 | B5: 33 | C5: 3 | D5: 260 | E5: 620 | F5: 816 | G5: 206 | H5: 150 | I5: 296 | J5: 288 | K5: 2672
A6: BGF로지스나주 | C6: 1 | D6: 92 | E6: 264 | F6: 360 | G6: 64 | H6: 38 | I6: 96 | J6: 44 | K6: 959
A7: BGF로지스대구 | C7: 4 | D7: 96 | E7: 312 | F7: 384 | G7: 63 | H7: 60 | I7: 88 | J7: 116 | K7: 1123
A8: BGF로지스부산 | C8: 1 | D8: 116 | E8: 376 | F8: 412 | G8: 124 | H8: 101 | I8: 144 | J8: 140 | K8: 1414
A9: BGF로지스서귀포 | B9: 2 | C9: 2 | D9: 16 | E9: 112 | F9: 100 | G9: 11 | H9: 21 | I9: 28 | J9: 20 | K9: 312
A10: BGF로지스서인천1 | B10: 4 | C10: 3 | D10: 148 | E10: 456 | F10: 568 | G10: 122 | H10: 94 | I10: 140 | J10: 192 | K10: 1727
A11: BGF로지스서인천2 | C11: 1 | D11: 144 | E11: 356 | F11: 624 | G11: 112 | H11: 107 | I11: 168 | J11: 152 | K11: 1664
A12: BGF로지스아산 | B12: 3 | C12: 1 | D12: 76 | E12: 184 | F12: 268 | G12: 48 | H12: 24 | I12: 80 | J12: 40 | K12: 724
A13: BGF로지스안성 | B13: 1 | C13: 1 | D13: 112 | E13: 208 | F13: 344 | G13: 79 | H13: 58 | I13: 124 | J13: 112 | K13: 1039
A14: BGF로지스양주 | B14: 1 | C14: 1 | D14: 44 | E14: 172 | F14: 240 | G14: 43 | H14: 31 | I14: 44 | J14: 40 | K14: 616
A15: BGF로지스제주 | B15: 1 | D15: 8 | E15: 172 | F15: 180 | G15: 18 | H15: 17 | I15: 12 | J15: 12 | K15: 420
A16: BGF로지스진주 | C16: 1 | D16: 44 | E16: 244 | F16: 316 | G16: 64 | H16: 57 | I16: 44 | J16: 56 | K16: 826
A17: BGF로지스진천 | B17: 3 | C17: 2 | D17: 96 | E17: 232 | F17: 424 | G17: 125 | H17: 70 | I17: 144 | J17: 100 | K17: 1196
A18: BGF로지스화성 | B18: 2 | C18: 2 | D18: 48 | E18: 252 | F18: 272 | G18: 135 | H18: 48 | I18: 52 | J18: 56 | K18: 867
A19: 극동로지스 | B19: 2 | C19: 1 | D19: 56 | E19: 308 | F19: 364 | G19: 79 | H19: 66 | I19: 60 | J19: 52 | K19: 988
A20: 동부로지스 | B20: 1 | D20: 104 | E20: 252 | F20: 248 | G20: 87 | H20: 60 | I20: 108 | J20: 72 | K20: 932
A21: 씨제이경산 | B21: 1 | D21: 52 | E21: 376 | F21: 420 | G21: 136 | H21: 94 | I21: 96 | J21: 104 | K21: 1279
A22: 씨제이군포 | B22: 5 | C22: 2 | D22: 288 | E22: 544 | F22: 748 | G22: 148 | H22: 124 | I22: 220 | J22: 208 | K22: 2287
A23: 씨제이김제 | B23: 1 | C23: 3 | D23: 24 | E23: 252 | F23: 304 | G23: 51 | H23: 40 | I23: 60 | J23: 60 | K23: 795
A24: 씨제이오산 | B24: 1 | D24: 112 | E24: 432 | F24: 512 | G24: 134 | H24: 86 | I24: 172 | J24: 164 | K24: 1613
A25: 아신 | B25: 1 | C25: 2 | D25: 84 | E25: 360 | F25: 568 | G25: 106 | H25: 90 | I25: 208 | J25: 148 | K25: 1567
A26: 엑소후레쉬양산 | D26: 132 | E26: 400 | F26: 544 | G26: 96 | H26: 66 | I26: 88 | J26: 148 | K26: 1474
A27: 하이로지스 | B27: 1 | D27: 48 | E27: 232 | F27: 248 | G27: 49 | H27: 37 | I27: 84 | J27: 104 | K27: 803
A28: 화인로지텍 | B28: 1 | C28: 1 | D28: 88 | E28: 236 | F28: 356 | G28: 100 | H28: 86 | I28: 116 | J28: 112 | K28: 1096
A29: 총합계 | B29: 65 | C29: 34 | D29: 2584 | E29: 8432 | F29: 11036 | G29: 2431 | H29: 1798 | I29: 3136 | J29: 2920 | K29: 32436

Sheet 405)베어스무화과깜빠뉴
A2: =TODAY() -> 46314 | B2: 조인앤조인 □
A3: 행 레이블 | B3: 입수 | C3: 405)베어스무화과깜빠뉴 | D3: 박스 | E3: 센터명 | F3: 낱개
A4: BGF로지스강릉 | B4: 20 | C4: =IFERROR(VLOOKUP(A4,'조인앤조인 피벗'!A:SH,2,FALSE),0) -> 0 | D4: =IFERROR(ROUNDDOWN(C4/B4,0),"") -> 0 | E4: 강릉 | F4: =IFERROR(C4-(D4*B4),"") -> 0
A5: BGF로지스검단 | B5: =$B$4 -> 20 | C5: =IFERROR(VLOOKUP(A5,'조인앤조인 피벗'!A:SH,2,FALSE),0) -> 1 | D5: =IFERROR(ROUNDDOWN(C5/B5,0),"") -> 0 | E5: 검단 | F5: =IFERROR(C5-(D5*B5),"") -> 1
A6: BGF로지스서인천1 | B6: =$B$4 -> 20 | C6: =IFERROR(VLOOKUP(A6,'조인앤조인 피벗'!A:SH,2,FALSE),0) -> 4 | D6: =IFERROR(ROUNDDOWN(C6/B6,0),"") -> 0 | E6: 서인천1 | F6: =IFERROR(C6-(D6*B6),"") -> 4
A7: BGF로지스서인천2 | B7: =$B$4 -> 20 | C7: =IFERROR(VLOOKUP(A7,'조인앤조인 피벗'!A:SH,2,FALSE),0) -> 0 | D7: =IFERROR(ROUNDDOWN(C7/B7,0),"") -> 0 | E7: 서인천2 | F7: =IFERROR(C7-(D7*B7),"") -> 0
A8: BGF로지스진천 | B8: =$B$4 -> 20 | C8: =IFERROR(VLOOKUP(A8,'조인앤조인 피벗'!A:SH,2,FALSE),0) -> 3 | D8: =IFERROR(ROUNDDOWN(C8/B8,0),"") -> 0 | E8: 진천 | F8: =IFERROR(C8-(D8*B8),"") -> 3
A9: BGF로지스안성 | B9: =$B$4 -> 20 | C9: =IFERROR(VLOOKUP(A9,'조인앤조인 피벗'!A:SH,2,FALSE),0) -> 1 | D9: =IFERROR(ROUNDDOWN(C9/B9,0),"") -> 0 | E9: 안성 | F9: =IFERROR(C9-(D9*B9),"") -> 1
A10: BGF로지스아산 | B10: =$B$4 -> 20 | C10: =IFERROR(VLOOKUP(A10,'조인앤조인 피벗'!A:SH,2,FALSE),0) -> 3 | D10: =IFERROR(ROUNDDOWN(C10/B10,0),"") -> 0 | E10: 아산 | F10: =IFERROR(C10-(D10*B10),"") -> 3
A11: 화인로지텍 | B11: =$B$4 -> 20 | C11: =IFERROR(VLOOKUP(A11,'조인앤조인 피벗'!A:SH,2,FALSE),0) -> 1 | D11: =IFERROR(ROUNDDOWN(C11/B11,0),"") -> 0 | E11: 화인 | F11: =IFERROR(C11-(D11*B11),"") -> 1
A12: 아신 | B12: =$B$4 -> 20 | C12: =IFERROR(VLOOKUP(A12,'조인앤조인 피벗'!A:SH,2,FALSE),0) -> 1 | D12: =IFERROR(ROUNDDOWN(C12/B12,0),"") -> 0 | E12: 아신 | F12: =IFERROR(C12-(D12*B12),"") -> 1
A13: 씨제이오산 | B13: =$B$4 -> 20 | C13: =IFERROR(VLOOKUP(A13,'조인앤조인 피벗'!A:SH,2,FALSE),0) -> 1 | D13: =IFERROR(ROUNDDOWN(C13/B13,0),"") -> 0 | E13: 오산 | F13: =IFERROR(C13-(D13*B13),"") -> 1
A14: 씨제이군포 | B14: =$B$4 -> 20 | C14: =IFERROR(VLOOKUP(A14,'조인앤조인 피벗'!A:SH,2,FALSE),0) -> 5 | D14: =IFERROR(ROUNDDOWN(C14/B14,0),"") -> 0 | E14: 군포 | F14: =IFERROR(C14-(D14*B14),"") -> 5
A15: BGF로지스광주 | B15: =$B$4 -> 20 | C15: =IFERROR(VLOOKUP(A15,'조인앤조인 피벗'!A:SH,2,FALSE),0) -> 33 | D15: =IFERROR(ROUNDDOWN(C15/B15,0),"") -> 1 | E15: 광주 | F15: =IFERROR(C15-(D15*B15),"") -> 13
A16: BGF로지스양주 | B16: =$B$4 -> 20 | C16: =IFERROR(VLOOKUP(A16,'조인앤조인 피벗'!A:SH,2,FALSE),0) -> 1 | D16: =IFERROR(ROUNDDOWN(C16/B16,0),"") -> 0 | E16: 양주 | F16: =IFERROR(C16-(D16*B16),"") -> 1
... A18: 동부로지스 | B18: =$B$4 -> 20 | C18: =IFERROR(VLOOKUP(A18,'조인앤조인 피벗'!A:SH,2,FALSE),0) -> 1 | D18: =IFERROR(ROUNDDOWN(C18/B18,0),"") -> 0 | E18: 동부 | F18: =IFERROR(C18-(D18*B18),"") -> 1
A20: 수도권 합계 | B20: =$B$4 -> 20 | C20: =SUM(C4:C18) -> 57 | D20: =IFERROR(ROUNDDOWN(C20/B20,0),"") -> 2 | F20: =IFERROR(C20-(D20*B20),"") -> 17
A22: 엑소후레쉬양산 | B22: =$B$4 -> 20 | C22: =IFERROR(VLOOKUP(A22,'조인앤조인 피벗'!A:SH,2,FALSE),0) -> 0 | D22: =IFERROR(ROUNDDOWN(C22/B22,0),"") -> 0 | E22: 양산 | F22: =IFERROR(C22-(D22*B22),"") -> 0
A23: 극동로지스 | B23: =$B$4 -> 20 | C23: =IFERROR(VLOOKUP(A23,'조인앤조인 피벗'!A:SH,2,FALSE),0) -> 2 | D23: =IFERROR(ROUNDDOWN(C23/B23,0),"") -> 0 | E23: 극동 | F23: =IFERROR(C23-(D23*B23),"") -> 2
A24: 김해물류 | B24: =$B$4 -> 20 | C24: =IFERROR(VLOOKUP(A24,'조인앤조인 피벗'!A:SH,2,FALSE),0) -> 0 | D24: =IFERROR(ROUNDDOWN(C24/B24,0),"") -> 0 | E24: 김해 | F24: =IFERROR(C24-(D24*B24),"") -> 0
A25: BGF로지스부산 | B25: =$B$4 -> 20 | C25: =IFERROR(VLOOKUP(A25,'조인앤조인 피벗'!A:SH,2,FALSE),0) -> 0 | D25: =IFERROR(ROUNDDOWN(C25/B25,0),"") -> 0 | E25: 부산 | F25: =IFERROR(C25-(D25*B25),"") -> 0
A26: BGF로지스진주 | B26: =$B$4 -> 20 | C26: =IFERROR(VLOOKUP(A26,'조인앤조인 피벗'!A:SH,2,FALSE),0) -> 0 | D26: =IFERROR(ROUNDDOWN(C26/B26,0),"") -> 0 | E26: 진주 | F26: =IFERROR(C26-(D26*B26),"") -> 0
A28: 경남(김해)합계 | B28: =$B$4 -> 20 | C28: =SUM(C22:C26) -> 2 | D28: =IFERROR(ROUNDDOWN(C28/B28,0),"") -> 0 | F28: =IFERROR(C28-(D28*B28),"") -> 2
A30: 씨제이경산 | B30: =$B$4 -> 20 | C30: =IFERROR(VLOOKUP(A30,'조인앤조인 피벗'!A:SH,2,FALSE),0) -> 1 | D30: =IFERROR(ROUNDDOWN(C30/B30,0),"") -> 0 | E30: 경산 | F30: =IFERROR(C30-(D30*B30),"") -> 1
A31: BGF로지스대구 | B31: =$B$4 -> 20 | C31: =IFERROR(VLOOKUP(A31,'조인앤조인 피벗'!A:SH,2,FALSE),0) -> 0 | D31: =IFERROR(ROUNDDOWN(C31/B31,0),"") -> 0 | E31: 대구 | F31: =IFERROR(C31-(D31*B31),"") -> 0
A33: 경북(칠곡)합계 | B33: =$B$4 -> 20 | C33: =SUM(C30:C31) -> 1 | D33: =IFERROR(ROUNDDOWN(C33/B33,0),"") -> 0 | F33: =IFERROR(C33-(D33*B33),"") -> 1
A35: BGF로지스나주 | B35: =$B$4 -> 20 | C35: =IFERROR(VLOOKUP(A35,'조인앤조인 피벗'!A:SH,2,FALSE),0) -> 0 | D35: =IFERROR(ROUNDDOWN(C35/B35,0),"") -> 0 | E35: 나주 | F35: =IFERROR(C35-(D35*B35),"") -> 0
A36: 하이로지스 | B36: =$B$4 -> 20 | C36: =IFERROR(VLOOKUP(A36,'조인앤조인 피벗'!A:SH,2,FALSE),0) -> 1 | D36: =IFERROR(ROUNDDOWN(C36/B36,0),"") -> 0 | E36: 하이 | F36: =IFERROR(C36-(D36*B36),"") -> 1
A37: 씨제이김제 | B37: =$B$4 -> 20 | C37: =IFERROR(VLOOKUP(A37,'조인앤조인 피벗'!A:SH,2,FALSE),0) -> 1 | D37: =IFERROR(ROUNDDOWN(C37/B37,0),"") -> 0 | E37: 김제 | F37: =IFERROR(C37-(D37*B37),"") -> 1
A39: 호남권 합계 | B39: =$B$4 -> 20 | C39: =SUM(C35:C37) -> 2 | D39: =IFERROR(ROUNDDOWN(C39/B39,0),"") -> 0 | F39: =IFERROR(C39-(D39*B39),"") -> 2
A41: BGF로지스서귀포 | B41: =$B$4 -> 20 | C41: =IFERROR(VLOOKUP(A41,'조인앤조인 피벗'!A:SH,2,FALSE),0) -> 2 | D41: =IFERROR(ROUNDDOWN(C41/B41,0),"") -> 0 | E41: 서귀포 | F41: =IFERROR(C41-(D41*B41),"") -> 2
A42: BGF로지스제주 | B42: =$B$4 -> 20 | C42: =IFERROR(VLOOKUP(A42,'조인앤조인 피벗'!A:SH,2,FALSE),0) -> 1 | D42: =IFERROR(ROUNDDOWN(C42/B42,0),"") -> 0 | E42: 제주 | F42: =IFERROR(C42-(D42*B42),"") -> 1
A44: 제주권 합계 | B44: =$B$4 -> 20 | C44: =SUM(C41:C42) -> 3 | D44: =IFERROR(ROUNDDOWN(C44/B44,0),"") -> 0 | F44: =IFERROR(C44-(D44*B44),"") -> 3
A46: 총합계 | B46: =$B$4 -> 20 | C46: =SUM(C4:C18,C35:C37,C30:C31,C22:C26,C41:C42) -> 65 | D46: =IFERROR(ROUNDDOWN(C46/B46,0),"") -> 3 | F46: =IFERROR(C46-(D46*B46),"") -> 5 | G46: 소분박스 | H46: 소분낱개
A47: 총 박스/총 낱개수량 | B47: □ | D47: =SUM(D4:D18,D35:D37,D30:D31,D22:D26,D41:D42) -> 1 | F47: =SUM(F4:F18,F35:F37,F30:F31,F22:F26,F41:F42) -> 45 | G47: =IFERROR(ROUNDDOWN(F47/B35,0),"") -> 2 | H47: =IFERROR(F47-(G47*B35),"") -> 5
C48: =C20+C28+C33+C39+C44 -> 65 | H48: □
C49: =C48=C46 -> TRUE

Sheet 405)베어스지중해식깜빠뉴
A2: =TODAY() -> 46314 | B2: 조인앤조인 □
A3: 행 레이블 | B3: 입수 | C3: 405)베어스지중해식깜빠뉴 | D3: 박스 | E3: 센터명 | F3: 낱개
A4: BGF로지스강릉 | B4: 20 | C4: =IFERROR(VLOOKUP(A4,'조인앤조인 피벗'!A:SH,3,FALSE),0) -> 0 | D4: =IFERROR(ROUNDDOWN(C4/B4,0),"") -> 0 | E4: 강릉 | F4: =IFERROR(C4-(D4*B4),"") -> 0
A5: BGF로지스검단 | B5: =$B$4 -> 20 | C5: =IFERROR(VLOOKUP(A5,'조인앤조인 피벗'!A:SH,3,FALSE),0) -> 2 | D5: =IFERROR(ROUNDDOWN(C5/B5,0),"") -> 0 | E5: 검단 | F5: =IFERROR(C5-(D5*B5),"") -> 2
A6: BGF로지스서인천1 | B6: =$B$4 -> 20 | C6: =IFERROR(VLOOKUP(A6,'조인앤조인 피벗'!A:SH,3,FALSE),0) -> 3 | D6: =IFERROR(ROUNDDOWN(C6/B6,0),"") -> 0 | E6: 서인천1 | F6: =IFERROR(C6-(D6*B6),"") -> 3
A7: BGF로지스서인천2 | B7: =$B$4 -> 20 | C7: =IFERROR(VLOOKUP(A7,'조인앤조인 피벗'!A:SH,3,FALSE),0) -> 1 | D7: =IFERROR(ROUNDDOWN(C7/B7,0),"") -> 0 | E7: 서인천2 | F7: =IFERROR(C7-(D7*B7),"") -> 1
A8: BGF로지스진천 | B8: =$B$4 -> 20 | C8: =IFERROR(VLOOKUP(A8,'조인앤조인 피벗'!A:SH,3,FALSE),0) -> 2 | D8: =IFERROR(ROUNDDOWN(C8/B8,0),"") -> 0 | E8: 진천 | F8: =IFERROR(C8-(D8*B8),"") -> 2
A9: BGF로지스안성 | B9: =$B$4 -> 20 | C9: =IFERROR(VLOOKUP(A9,'조인앤조인 피벗'!A:SH,3,FALSE),0) -> 1 | D9: =IFERROR(ROUNDDOWN(C9/B9,0),"") -> 0 | E9: 안성 | F9: =IFERROR(C9-(D9*B9),"") -> 1
A10: BGF로지스아산 | B10: =$B$4 -> 20 | C10: =IFERROR(VLOOKUP(A10,'조인앤조인 피벗'!A:SH,3,FALSE),0) -> 1 | D10: =IFERROR(ROUNDDOWN(C10/B10,0),"") -> 0 | E10: 아산 | F10: =IFERROR(C10-(D10*B10),"") -> 1
A11: 화인로지텍 | B11: =$B$4 -> 20 | C11: =IFERROR(VLOOKUP(A11,'조인앤조인 피벗'!A:SH,3,FALSE),0) -> 1 | D11: =IFERROR(ROUNDDOWN(C11/B11,0),"") -> 0 | E11: 화인 | F11: =IFERROR(C11-(D11*B11),"") -> 1
A12: 아신 | B12: =$B$4 -> 20 | C12: =IFERROR(VLOOKUP(A12,'조인앤조인 피벗'!A:SH,3,FALSE),0) -> 2 | D12: =IFERROR(ROUNDDOWN(C12/B12,0),"") -> 0 | E12: 아신 | F12: =IFERROR(C12-(D12*B12),"") -> 2
A13: 씨제이오산 | B13: =$B$4 -> 20 | C13: =IFERROR(VLOOKUP(A13,'조인앤조인 피벗'!A:SH,3,FALSE),0) -> 0 | D13: =IFERROR(ROUNDDOWN(C13/B13,0),"") -> 0 | E13: 오산 | F13: =IFERROR(C13-(D13*B13),"") -> 0
A14: 씨제이군포 | B14: =$B$4 -> 20 | C14: =IFERROR(VLOOKUP(A14,'조인앤조인 피벗'!A:SH,3,FALSE),0) -> 2 | D14: =IFERROR(ROUNDDOWN(C14/B14,0),"") -> 0 | E14: 군포 | F14: =IFERROR(C14-(D14*B14),"") -> 2
A15: BGF로지스광주 | B15: =$B$4 -> 20 | C15: =IFERROR(VLOOKUP(A15,'조인앤조인 피벗'!A:SH,3,FALSE),0) -> 3 | D15: =IFERROR(ROUNDDOWN(C15/B15,0),"") -> 0 | E15: 광주 | F15: =IFERROR(C15-(D15*B15),"") -> 3
A16: BGF로지스양주 | B16: =$B$4 -> 20 | C16: =IFERROR(VLOOKUP(A16,'조인앤조인 피벗'!A:SH,3,FALSE),0) -> 1 | D16: =IFERROR(ROUNDDOWN(C16/B16,0),"") -> 0 | E16: 양주 | F16: =IFERROR(C16-(D16*B16),"") -> 1
... A18: 동부로지스 | B18: =$B$4 -> 20 | C18: =IFERROR(VLOOKUP(A18,'조인앤조인 피벗'!A:SH,3,FALSE),0) -> 0 | D18: =IFERROR(ROUNDDOWN(C18/B18,0),"") -> 0 | E18: 동부 | F18: =IFERROR(C18-(D18*B18),"") -> 0
A20: 수도권 합계 | B20: =$B$4 -> 20 | C20: =SUM(C4:C18) -> 21 | D20: =IFERROR(ROUNDDOWN(C20/B20,0),"") -> 1 | F20: =IFERROR(C20-(D20*B20),"") -> 1
A22: 엑소후레쉬양산 | B22: =$B$4 -> 20 | C22: =IFERROR(VLOOKUP(A22,'조인앤조인 피벗'!A:SH,3,FALSE),0) -> 0 | D22: =IFERROR(ROUNDDOWN(C22/B22,0),"") -> 0 | E22: 양산 | F22: =IFERROR(C22-(D22*B22),"") -> 0
A23: 극동로지스 | B23: =$B$4 -> 20 | C23: =IFERROR(VLOOKUP(A23,'조인앤조인 피벗'!A:SH,3,FALSE),0) -> 1 | D23: =IFERROR(ROUNDDOWN(C23/B23,0),"") -> 0 | E23: 극동 | F23: =IFERROR(C23-(D23*B23),"") -> 1
A24: 김해물류 | B24: =$B$4 -> 20 | C24: =IFERROR(VLOOKUP(A24,'조인앤조인 피벗'!A:SH,3,FALSE),0) -> 0 | D24: =IFERROR(ROUNDDOWN(C24/B24,0),"") -> 0 | E24: 김해 | F24: =IFERROR(C24-(D24*B24),"") -> 0
A25: BGF로지스부산 | B25: =$B$4 -> 20 | C25: =IFERROR(VLOOKUP(A25,'조인앤조인 피벗'!A:SH,3,FALSE),0) -> 1 | D25: =IFERROR(ROUNDDOWN(C25/B25,0),"") -> 0 | E25: 부산 | F25: =IFERROR(C25-(D25*B25),"") -> 1
A26: BGF로지스진주 | B26: =$B$4 -> 20 | C26: =IFERROR(VLOOKUP(A26,'조인앤조인 피벗'!A:SH,3,FALSE),0) -> 1 | D26: =IFERROR(ROUNDDOWN(C26/B26,0),"") -> 0 | E26: 진주 | F26: =IFERROR(C26-(D26*B26),"") -> 1
A28: 경남(김해)합계 | B28: =$B$4 -> 20 | C28: =SUM(C22:C26) -> 3 | D28: =IFERROR(ROUNDDOWN(C28/B28,0),"") -> 0 | F28: =IFERROR(C28-(D28*B28),"") -> 3
A30: 씨제이경산 | B30: =$B$4 -> 20 | C30: =IFERROR(VLOOKUP(A30,'조인앤조인 피벗'!A:SH,3,FALSE),0) -> 0 | D30: =IFERROR(ROUNDDOWN(C30/B30,0),"") -> 0 | E30: 경산 | F30: =IFERROR(C30-(D30*B30),"") -> 0
A31: BGF로지스대구 | B31: =$B$4 -> 20 | C31: =IFERROR(VLOOKUP(A31,'조인앤조인 피벗'!A:SH,3,FALSE),0) -> 4 | D31: =IFERROR(ROUNDDOWN(C31/B31,0),"") -> 0 | E31: 대구 | F31: =IFERROR(C31-(D31*B31),"") -> 4
A33: 경북(칠곡)합계 | B33: =$B$4 -> 20 | C33: =SUM(C30:C31) -> 4 | D33: =IFERROR(ROUNDDOWN(C33/B33,0),"") -> 0 | F33: =IFERROR(C33-(D33*B33),"") -> 4
A35: BGF로지스나주 | B35: =$B$4 -> 20 | C35: =IFERROR(VLOOKUP(A35,'조인앤조인 피벗'!A:SH,3,FALSE),0) -> 1 | D35: =IFERROR(ROUNDDOWN(C35/B35,0),"") -> 0 | E35: 나주 | F35: =IFERROR(C35-(D35*B35),"") -> 1
A36: 하이로지스 | B36: =$B$4 -> 20 | C36: =IFERROR(VLOOKUP(A36,'조인앤조인 피벗'!A:SH,3,FALSE),0) -> 0 | D36: =IFERROR(ROUNDDOWN(C36/B36,0),"") -> 0 | E36: 하이 | F36: =IFERROR(C36-(D36*B36),"") -> 0
A37: 씨제이김제 | B37: =$B$4 -> 20 | C37: =IFERROR(VLOOKUP(A37,'조인앤조인 피벗'!A:SH,3,FALSE),0) -> 3 | D37: =IFERROR(ROUNDDOWN(C37/B37,0),"") -> 0 | E37: 김제 | F37: =IFERROR(C37-(D37*B37),"") -> 3
A39: 호남권 합계 | B39: =$B$4 -> 20 | C39: =SUM(C35:C37) -> 4 | D39: =IFERROR(ROUNDDOWN(C39/B39,0),"") -> 0 | F39: =IFERROR(C39-(D39*B39),"") -> 4
A41: BGF로지스서귀포 | B41: =$B$4 -> 20 | C41: =IFERROR(VLOOKUP(A41,'조인앤조인 피벗'!A:SH,3,FALSE),0) -> 2 | D41: =IFERROR(ROUNDDOWN(C41/B41,0),"") -> 0 | E41: 서귀포 | F41: =IFERROR(C41-(D41*B41),"") -> 2
A42: BGF로지스제주 | B42: =$B$4 -> 20 | C42: =IFERROR(VLOOKUP(A42,'조인앤조인 피벗'!A:SH,3,FALSE),0) -> 0 | D42: =IFERROR(ROUNDDOWN(C42/B42,0),"") -> 0 | E42: 제주 | F42: =IFERROR(C42-(D42*B42),"") -> 0
A44: 제주권 합계 | B44: =$B$4 -> 20 | C44: =SUM(C41:C42) -> 2 | D44: =IFERROR(ROUNDDOWN(C44/B44,0),"") -> 0 | F44: =IFERROR(C44-(D44*B44),"") -> 2
A46: 총합계 | B46: =$B$4 -> 20 | C46: =SUM(C4:C18,C35:C37,C30:C31,C22:C26,C41:C42) -> 34 | D46: =IFERROR(ROUNDDOWN(C46/B46,0),"") -> 1 | F46: =IFERROR(C46-(D46*B46),"") -> 14 | G46: 소분박스 | H46: 소분낱개
A47: 총 박스/총 낱개수량 | B47: □ | D47: =SUM(D4:D18,D35:D37,D30:D31,D22:D26,D41:D42) -> 0 | F47: =SUM(F4:F18,F35:F37,F30:F31,F22:F26,F41:F42) -> 34 | G47: =IFERROR(ROUNDDOWN(F47/B35,0),"") -> 1 | H47: =IFERROR(F47-(G47*B35),"") -> 14
C48: =C20+C28+C33+C39+C44 -> 34 | H48: □
C49: =C48=C46 -> TRUE

Sheet 널담)다크초코호두쿠키
A2: =TODAY() -> 46314 | B2: 조인앤조인 □
A3: 행 레이블 | B3: 입수 | C3: 널담)다크초코호두쿠키 | D3: 박스 | E3: 센터명 | F3: 낱개
A4: BGF로지스강릉 | B4: 48 | C4: =IFERROR(VLOOKUP(A4,'조인앤조인 피벗'!A:SH,4,FALSE),0) -> 16 | D4: =IFERROR(ROUNDDOWN(C4/B4,0),"") -> 0 | E4: 강릉 | F4: =IFERROR(C4-(D4*B4),"") -> 16
A5: BGF로지스검단 | B5: =$B$4 -> 48 | C5: =IFERROR(VLOOKUP(A5,'조인앤조인 피벗'!A:SH,4,FALSE),0) -> 280 | D5: =IFERROR(ROUNDDOWN(C5/B5,0),"") -> 5 | E5: 검단 | F5: =IFERROR(C5-(D5*B5),"") -> 40
A6: BGF로지스서인천1 | B6: =$B$4 -> 48 | C6: =IFERROR(VLOOKUP(A6,'조인앤조인 피벗'!A:SH,4,FALSE),0) -> 148 | D6: =IFERROR(ROUNDDOWN(C6/B6,0),"") -> 3 | E6: 서인천1 | F6: =IFERROR(C6-(D6*B6),"") -> 4
A7: BGF로지스서인천2 | B7: =$B$4 -> 48 | C7: =IFERROR(VLOOKUP(A7,'조인앤조인 피벗'!A:SH,4,FALSE),0) -> 144 | D7: =IFERROR(ROUNDDOWN(C7/B7,0),"") -> 3 | E7: 서인천2 | F7: =IFERROR(C7-(D7*B7),"") -> 0
A8: BGF로지스진천 | B8: =$B$4 -> 48 | C8: =IFERROR(VLOOKUP(A8,'조인앤조인 피벗'!A:SH,4,FALSE),0) -> 96 | D8: =IFERROR(ROUNDDOWN(C8/B8,0),"") -> 2 | E8: 진천 | F8: =IFERROR(C8-(D8*B8),"") -> 0
A9: BGF로지스안성 | B9: =$B$4 -> 48 | C9: =IFERROR(VLOOKUP(A9,'조인앤조인 피벗'!A:SH,4,FALSE),0) -> 112 | D9: =IFERROR(ROUNDDOWN(C9/B9,0),"") -> 2 | E9: 안성 | F9: =IFERROR(C9-(D9*B9),"") -> 16
A10: BGF로지스아산 | B10: =$B$4 -> 48 | C10: =IFERROR(VLOOKUP(A10,'조인앤조인 피벗'!A:SH,4,FALSE),0) -> 76 | D10: =IFERROR(ROUNDDOWN(C10/B10,0),"") -> 1 | E10: 아산 | F10: =IFERROR(C10-(D10*B10),"") -> 28
A11: 화인로지텍 | B11: =$B$4 -> 48 | C11: =IFERROR(VLOOKUP(A11,'조인앤조인 피벗'!A:SH,4,FALSE),0) -> 88 | D11: =IFERROR(ROUNDDOWN(C11/B11,0),"") -> 1 | E11: 화인 | F11: =IFERROR(C11-(D11*B11),"") -> 40
A12: 아신 | B12: =$B$4 -> 48 | C12: =IFERROR(VLOOKUP(A12,'조인앤조인 피벗'!A:SH,4,FALSE),0) -> 84 | D12: =IFERROR(ROUNDDOWN(C12/B12,0),"") -> 1 | E12: 아신 | F12: =IFERROR(C12-(D12*B12),"") -> 36
A13: 씨제이오산 | B13: =$B$4 -> 48 | C13: =IFERROR(VLOOKUP(A13,'조인앤조인 피벗'!A:SH,4,FALSE),0) -> 112 | D13: =IFERROR(ROUNDDOWN(C13/B13,0),"") -> 2 | E13: 오산 | F13: =IFERROR(C13-(D13*B13),"") -> 16
A14: 씨제이군포 | B14: =$B$4 -> 48 | C14: =IFERROR(VLOOKUP(A14,'조인앤조인 피벗'!A:SH,4,FALSE),0) -> 288 | D14: =IFERROR(ROUNDDOWN(C14/B14,0),"") -> 6 | E14: 군포 | F14: =IFERROR(C14-(D14*B14),"") -> 0
A15: BGF로지스광주 | B15: =$B$4 -> 48 | C15: =IFERROR(VLOOKUP(A15,'조인앤조인 피벗'!A:SH,4,FALSE),0) -> 260 | D15: =IFERROR(ROUNDDOWN(C15/B15,0),"") -> 5 | E15: 광주 | F15: =IFERROR(C15-(D15*B15),"") -> 20
A16: BGF로지스양주 | B16: =$B$4 -> 48 | C16: =IFERROR(VLOOKUP(A16,'조인앤조인 피벗'!A:SH,4,FALSE),0) -> 44 | D16: =IFERROR(ROUNDDOWN(C16/B16,0),"") -> 0 | E16: 양주 | F16: =IFERROR(C16-(D16*B16),"") -> 44
... A18: 동부로지스 | B18: =$B$4 -> 48 | C18: =IFERROR(VLOOKUP(A18,'조인앤조인 피벗'!A:SH,4,FALSE),0) -> 104 | D18: =IFERROR(ROUNDDOWN(C18/B18,0),"") -> 2 | E18: 동부 | F18: =IFERROR(C18-(D18*B18),"") -> 8
A20: 수도권 합계 | B20: =$B$4 -> 48 | C20: =SUM(C4:C18) -> 1900 | D20: =IFERROR(ROUNDDOWN(C20/B20,0),"") -> 39 | F20: =IFERROR(C20-(D20*B20),"") -> 28
A22: 엑소후레쉬양산 | B22: =$B$4 -> 48 | C22: =IFERROR(VLOOKUP(A22,'조인앤조인 피벗'!A:SH,4,FALSE),0) -> 132 | D22: =IFERROR(ROUNDDOWN(C22/B22,0),"") -> 2 | E22: 양산 | F22: =IFERROR(C22-(D22*B22),"") -> 36
A23: 극동로지스 | B23: =$B$4 -> 48 | C23: =IFERROR(VLOOKUP(A23,'조인앤조인 피벗'!A:SH,4,FALSE),0) -> 56 | D23: =IFERROR(ROUNDDOWN(C23/B23,0),"") -> 1 | E23: 극동 | F23: =IFERROR(C23-(D23*B23),"") -> 8
A24: 김해물류 | B24: =$B$4 -> 48 | C24: =IFERROR(VLOOKUP(A24,'조인앤조인 피벗'!A:SH,4,FALSE),0) -> 0 | D24: =IFERROR(ROUNDDOWN(C24/B24,0),"") -> 0 | E24: 김해 | F24: =IFERROR(C24-(D24*B24),"") -> 0
A25: BGF로지스부산 | B25: =$B$4 -> 48 | C25: =IFERROR(VLOOKUP(A25,'조인앤조인 피벗'!A:SH,4,FALSE),0) -> 116 | D25: =IFERROR(ROUNDDOWN(C25/B25,0),"") -> 2 | E25: 부산 | F25: =IFERROR(C25-(D25*B25),"") -> 20
A26: BGF로지스진주 | B26: =$B$4 -> 48 | C26: =IFERROR(VLOOKUP(A26,'조인앤조인 피벗'!A:SH,4,FALSE),0) -> 44 | D26: =IFERROR(ROUNDDOWN(C26/B26,0),"") -> 0 | E26: 진주 | F26: =IFERROR(C26-(D26*B26),"") -> 44
A28: 경남(김해)합계 | B28: =$B$4 -> 48 | C28: =SUM(C22:C26) -> 348 | D28: =IFERROR(ROUNDDOWN(C28/B28,0),"") -> 7 | F28: =IFERROR(C28-(D28*B28),"") -> 12
A30: 씨제이경산 | B30: =$B$4 -> 48 | C30: =IFERROR(VLOOKUP(A30,'조인앤조인 피벗'!A:SH,4,FALSE),0) -> 52 | D30: =IFERROR(ROUNDDOWN(C30/B30,0),"") -> 1 | E30: 경산 | F30: =IFERROR(C30-(D30*B30),"") -> 4
A31: BGF로지스대구 | B31: =$B$4 -> 48 | C31: =IFERROR(VLOOKUP(A31,'조인앤조인 피벗'!A:SH,4,FALSE),0) -> 96 | D31: =IFERROR(ROUNDDOWN(C31/B31,0),"") -> 2 | E31: 대구 | F31: =IFERROR(C31-(D31*B31),"") -> 0
A33: 경북(칠곡)합계 | B33: =$B$4 -> 48 | C33: =SUM(C30:C31) -> 148 | D33: =IFERROR(ROUNDDOWN(C33/B33,0),"") -> 3 | F33: =IFERROR(C33-(D33*B33),"") -> 4
A35: BGF로지스나주 | B35: =$B$4 -> 48 | C35: =IFERROR(VLOOKUP(A35,'조인앤조인 피벗'!A:SH,4,FALSE),0) -> 92 | D35: =IFERROR(ROUNDDOWN(C35/B35,0),"") -> 1 | E35: 나주 | F35: =IFERROR(C35-(D35*B35),"") -> 44
A36: 하이로지스 | B36: =$B$4 -> 48 | C36: =IFERROR(VLOOKUP(A36,'조인앤조인 피벗'!A:SH,4,FALSE),0) -> 48 | D36: =IFERROR(ROUNDDOWN(C36/B36,0),"") -> 1 | E36: 하이 | F36: =IFERROR(C36-(D36*B36),"") -> 0
A37: 씨제이김제 | B37: =$B$4 -> 48 | C37: =IFERROR(VLOOKUP(A37,'조인앤조인 피벗'!A:SH,4,FALSE),0) -> 24 | D37: =IFERROR(ROUNDDOWN(C37/B37,0),"") -> 0 | E37: 김제 | F37: =IFERROR(C37-(D37*B37),"") -> 24
A39: 호남권 합계 | B39: =$B$4 -> 48 | C39: =SUM(C35:C37) -> 164 | D39: =IFERROR(ROUNDDOWN(C39/B39,0),"") -> 3 | F39: =IFERROR(C39-(D39*B39),"") -> 20
A41: BGF로지스서귀포 | B41: =$B$4 -> 48 | C41: =IFERROR(VLOOKUP(A41,'조인앤조인 피벗'!A:SH,4,FALSE),0) -> 16 | D41: =IFERROR(ROUNDDOWN(C41/B41,0),"") -> 0 | E41: 서귀포 | F41: =IFERROR(C41-(D41*B41),"") -> 16
A42: BGF로지스제주 | B42: =$B$4 -> 48 | C42: =IFERROR(VLOOKUP(A42,'조인앤조인 피벗'!A:SH,4,FALSE),0) -> 8 | D42: =IFERROR(ROUNDDOWN(C42/B42,0),"") -> 0 | E42: 제주 | F42: =IFERROR(C42-(D42*B42),"") -> 8
A44: 제주권 합계 | B44: =$B$4 -> 48 | C44: =SUM(C41:C42) -> 24 | D44: =IFERROR(ROUNDDOWN(C44/B44,0),"") -> 0 | F44: =IFERROR(C44-(D44*B44),"") -> 24
A46: 총합계 | B46: =$B$4 -> 48 | C46: =SUM(C4:C18,C35:C37,C30:C31,C22:C26,C41:C42) -> 2584 | D46: =IFERROR(ROUNDDOWN(C46/B46,0),"") -> 53 | F46: =IFERROR(C46-(D46*B46),"") -> 40 | G46: 소분박스 | H46: 소분낱개
A47: 총 박스/총 낱개수량 | B47: □ | D47: =SUM(D4:D18,D35:D37,D30:D31,D22:D26,D41:D42) -> 44 | F47: =SUM(F4:F18,F35:F37,F30:F31,F22:F26,F41:F42) -> 472 | G47: =IFERROR(ROUNDDOWN(F47/B35,0),"") -> 9 | H47: =IFERROR(F47-(G47*B35),"") -> 40
C48: =C20+C28+C33+C39+C44 -> 2584 | H48: □
C49: =C48=C46 -> TRUE

Sheet 널담)도넛케이크아몬드
A2: =TODAY() -> 46314 | B2: 조인앤조인 □
A3: 행 레이블 | B3: 입수 | C3: 널담)도넛케이크아몬드 | D3: 박스 | E3: 센터명 | F3: 낱개
A4: BGF로지스강릉 | B4: 40 | C4: =IFERROR(VLOOKUP(A4,'조인앤조인 피벗'!A:SH,5,FALSE),0) -> 160 | D4: =IFERROR(ROUNDDOWN(C4/B4,0),"") -> 4 | E4: 강릉 | F4: =IFERROR(C4-(D4*B4),"") -> 0
A5: BGF로지스검단 | B5: =$B$4 -> 40 | C5: =IFERROR(VLOOKUP(A5,'조인앤조인 피벗'!A:SH,5,FALSE),0) -> 920 | D5: =IFERROR(ROUNDDOWN(C5/B5,0),"") -> 23 | E5: 검단 | F5: =IFERROR(C5-(D5*B5),"") -> 0
A6: BGF로지스서인천1 | B6: =$B$4 -> 40 | C6: =IFERROR(VLOOKUP(A6,'조인앤조인 피벗'!A:SH,5,FALSE),0) -> 456 | D6: =IFERROR(ROUNDDOWN(C6/B6,0),"") -> 11 | E6: 서인천1 | F6: =IFERROR(C6-(D6*B6),"") -> 16
A7: BGF로지스서인천2 | B7: =$B$4 -> 40 | C7: =IFERROR(VLOOKUP(A7,'조인앤조인 피벗'!A:SH,5,FALSE),0) -> 356 | D7: =IFERROR(ROUNDDOWN(C7/B7,0),"") -> 8 | E7: 서인천2 | F7: =IFERROR(C7-(D7*B7),"") -> 36
A8: BGF로지스진천 | B8: =$B$4 -> 40 | C8: =IFERROR(VLOOKUP(A8,'조인앤조인 피벗'!A:SH,5,FALSE),0) -> 232 | D8: =IFERROR(ROUNDDOWN(C8/B8,0),"") -> 5 | E8: 진천 | F8: =IFERROR(C8-(D8*B8),"") -> 32
A9: BGF로지스안성 | B9: =$B$4 -> 40 | C9: =IFERROR(VLOOKUP(A9,'조인앤조인 피벗'!A:SH,5,FALSE),0) -> 208 | D9: =IFERROR(ROUNDDOWN(C9/B9,0),"") -> 5 | E9: 안성 | F9: =IFERROR(C9-(D9*B9),"") -> 8
A10: BGF로지스아산 | B10: =$B$4 -> 40 | C10: =IFERROR(VLOOKUP(A10,'조인앤조인 피벗'!A:SH,5,FALSE),0) -> 184 | D10: =IFERROR(ROUNDDOWN(C10/B10,0),"") -> 4 | E10: 아산 | F10: =IFERROR(C10-(D10*B10),"") -> 24
A11: 화인로지텍 | B11: =$B$4 -> 40 | C11: =IFERROR(VLOOKUP(A11,'조인앤조인 피벗'!A:SH,5,FALSE),0) -> 236 | D11: =IFERROR(ROUNDDOWN(C11/B11,0),"") -> 5 | E11: 화인 | F11: =IFERROR(C11-(D11*B11),"") -> 36
A12: 아신 | B12: =$B$4 -> 40 | C12: =IFERROR(VLOOKUP(A12,'조인앤조인 피벗'!A:SH,5,FALSE),0) -> 360 | D12: =IFERROR(ROUNDDOWN(C12/B12,0),"") -> 9 | E12: 아신 | F12: =IFERROR(C12-(D12*B12),"") -> 0
A13: 씨제이오산 | B13: =$B$4 -> 40 | C13: =IFERROR(VLOOKUP(A13,'조인앤조인 피벗'!A:SH,5,FALSE),0) -> 432 | D13: =IFERROR(ROUNDDOWN(C13/B13,0),"") -> 10 | E13: 오산 | F13: =IFERROR(C13-(D13*B13),"") -> 32
A14: 씨제이군포 | B14: =$B$4 -> 40 | C14: =IFERROR(VLOOKUP(A14,'조인앤조인 피벗'!A:SH,5,FALSE),0) -> 544 | D14: =IFERROR(ROUNDDOWN(C14/B14,0),"") -> 13 | E14: 군포 | F14: =IFERROR(C14-(D14*B14),"") -> 24
A15: BGF로지스광주 | B15: =$B$4 -> 40 | C15: =IFERROR(VLOOKUP(A15,'조인앤조인 피벗'!A:SH,5,FALSE),0) -> 620 | D15: =IFERROR(ROUNDDOWN(C15/B15,0),"") -> 15 | E15: 광주 | F15: =IFERROR(C15-(D15*B15),"") -> 20
A16: BGF로지스양주 | B16: =$B$4 -> 40 | C16: =IFERROR(VLOOKUP(A16,'조인앤조인 피벗'!A:SH,5,FALSE),0) -> 172 | D16: =IFERROR(ROUNDDOWN(C16/B16,0),"") -> 4 | E16: 양주 | F16: =IFERROR(C16-(D16*B16),"") -> 12
... A18: 동부로지스 | B18: =$B$4 -> 40 | C18: =IFERROR(VLOOKUP(A18,'조인앤조인 피벗'!A:SH,5,FALSE),0) -> 252 | D18: =IFERROR(ROUNDDOWN(C18/B18,0),"") -> 6 | E18: 동부 | F18: =IFERROR(C18-(D18*B18),"") -> 12
A20: 수도권 합계 | B20: =$B$4 -> 40 | C20: =SUM(C4:C18) -> 5384 | D20: =IFERROR(ROUNDDOWN(C20/B20,0),"") -> 134 | F20: =IFERROR(C20-(D20*B20),"") -> 24
A22: 엑소후레쉬양산 | B22: =$B$4 -> 40 | C22: =IFERROR(VLOOKUP(A22,'조인앤조인 피벗'!A:SH,5,FALSE),0) -> 400 | D22: =IFERROR(ROUNDDOWN(C22/B22,0),"") -> 10 | E22: 양산 | F22: =IFERROR(C22-(D22*B22),"") -> 0
A23: 극동로지스 | B23: =$B$4 -> 40 | C23: =IFERROR(VLOOKUP(A23,'조인앤조인 피벗'!A:SH,5,FALSE),0) -> 308 | D23: =IFERROR(ROUNDDOWN(C23/B23,0),"") -> 7 | E23: 극동 | F23: =IFERROR(C23-(D23*B23),"") -> 28
A24: 김해물류 | B24: =$B$4 -> 40 | C24: =IFERROR(VLOOKUP(A24,'조인앤조인 피벗'!A:SH,5,FALSE),0) -> 0 | D24: =IFERROR(ROUNDDOWN(C24/B24,0),"") -> 0 | E24: 김해 | F24: =IFERROR(C24-(D24*B24),"") -> 0
A25: BGF로지스부산 | B25: =$B$4 -> 40 | C25: =IFERROR(VLOOKUP(A25,'조인앤조인 피벗'!A:SH,5,FALSE),0) -> 376 | D25: =IFERROR(ROUNDDOWN(C25/B25,0),"") -> 9 | E25: 부산 | F25: =IFERROR(C25-(D25*B25),"") -> 16
A26: BGF로지스진주 | B26: =$B$4 -> 40 | C26: =IFERROR(VLOOKUP(A26,'조인앤조인 피벗'!A:SH,5,FALSE),0) -> 244 | D26: =IFERROR(ROUNDDOWN(C26/B26,0),"") -> 6 | E26: 진주 | F26: =IFERROR(C26-(D26*B26),"") -> 4
A28: 경남(김해)합계 | B28: =$B$4 -> 40 | C28: =SUM(C22:C26) -> 1328 | D28: =IFERROR(ROUNDDOWN(C28/B28,0),"") -> 33 | F28: =IFERROR(C28-(D28*B28),"") -> 8
A30: 씨제이경산 | B30: =$B$4 -> 40 | C30: =IFERROR(VLOOKUP(A30,'조인앤조인 피벗'!A:SH,5,FALSE),0) -> 376 | D30: =IFERROR(ROUNDDOWN(C30/B30,0),"") -> 9 | E30: 경산 | F30: =IFERROR(C30-(D30*B30),"") -> 16
A31: BGF로지스대구 | B31: =$B$4 -> 40 | C31: =IFERROR(VLOOKUP(A31,'조인앤조인 피벗'!A:SH,5,FALSE),0) -> 312 | D31: =IFERROR(ROUNDDOWN(C31/B31,0),"") -> 7 | E31: 대구 | F31: =IFERROR(C31-(D31*B31),"") -> 32
A33: 경북(칠곡)합계 | B33: =$B$4 -> 40 | C33: =SUM(C30:C31) -> 688 | D33: =IFERROR(ROUNDDOWN(C33/B33,0),"") -> 17 | F33: =IFERROR(C33-(D33*B33),"") -> 8
A35: BGF로지스나주 | B35: =$B$4 -> 40 | C35: =IFERROR(VLOOKUP(A35,'조인앤조인 피벗'!A:SH,5,FALSE),0) -> 264 | D35: =IFERROR(ROUNDDOWN(C35/B35,0),"") -> 6 | E35: 나주 | F35: =IFERROR(C35-(D35*B35),"") -> 24
A36: 하이로지스 | B36: =$B$4 -> 40 | C36: =IFERROR(VLOOKUP(A36,'조인앤조인 피벗'!A:SH,5,FALSE),0) -> 232 | D36: =IFERROR(ROUNDDOWN(C36/B36,0),"") -> 5 | E36: 하이 | F36: =IFERROR(C36-(D36*B36),"") -> 32
A37: 씨제이김제 | B37: =$B$4 -> 40 | C37: =IFERROR(VLOOKUP(A37,'조인앤조인 피벗'!A:SH,5,FALSE),0) -> 252 | D37: =IFERROR(ROUNDDOWN(C37/B37,0),"") -> 6 | E37: 김제 | F37: =IFERROR(C37-(D37*B37),"") -> 12
A39: 호남권 합계 | B39: =$B$4 -> 40 | C39: =SUM(C35:C37) -> 748 | D39: =IFERROR(ROUNDDOWN(C39/B39,0),"") -> 18 | F39: =IFERROR(C39-(D39*B39),"") -> 28
A41: BGF로지스서귀포 | B41: =$B$4 -> 40 | C41: =IFERROR(VLOOKUP(A41,'조인앤조인 피벗'!A:SH,5,FALSE),0) -> 112 | D41: =IFERROR(ROUNDDOWN(C41/B41,0),"") -> 2 | E41: 서귀포 | F41: =IFERROR(C41-(D41*B41),"") -> 32
A42: BGF로지스제주 | B42: =$B$4 -> 40 | C42: =IFERROR(VLOOKUP(A42,'조인앤조인 피벗'!A:SH,5,FALSE),0) -> 172 | D42: =IFERROR(ROUNDDOWN(C42/B42,0),"") -> 4 | E42: 제주 | F42: =IFERROR(C42-(D42*B42),"") -> 12
A44: 제주권 합계 | B44: =$B$4 -> 40 | C44: =SUM(C41:C42) -> 284 | D44: =IFERROR(ROUNDDOWN(C44/B44,0),"") -> 7 | F44: =IFERROR(C44-(D44*B44),"") -> 4
A46: 총합계 | B46: =$B$4 -> 40 | C46: =SUM(C4:C18,C35:C37,C30:C31,C22:C26,C41:C42) -> 8432 | D46: =IFERROR(ROUNDDOWN(C46/B46,0),"") -> 210 | F46: =IFERROR(C46-(D46*B46),"") -> 32 | G46: 소분박스 | H46: 소분낱개
A47: 총 박스/총 낱개수량 | B47: □ | D47: =SUM(D4:D18,D35:D37,D30:D31,D22:D26,D41:D42) -> 199 | F47: =SUM(F4:F18,F35:F37,F30:F31,F22:F26,F41:F42) -> 472 | G47: =IFERROR(ROUNDDOWN(F47/B35,0),"") -> 11 | H47: =IFERROR(F47-(G47*B35),"") -> 32
C48: =C20+C28+C33+C39+C44 -> 8432 | H48: □
C49: =C48=C46 -> TRUE

Sheet 널담)도넛케이크초코
A2: =TODAY() -> 46314 | B2: 조인앤조인 □
A3: 행 레이블 | B3: 입수 | C3: 널담)도넛케이크초코 | D3: 박스 | E3: 센터명 | F3: 낱개
A4: BGF로지스강릉 | B4: 40 | C4: =IFERROR(VLOOKUP(A4,'조인앤조인 피벗'!A:SH,6,FALSE),0) -> 180 | D4: =IFERROR(ROUNDDOWN(C4/B4,0),"") -> 4 | E4: 강릉 | F4: =IFERROR(C4-(D4*B4),"") -> 20
A5: BGF로지스검단 | B5: =$B$4 -> 40 | C5: =IFERROR(VLOOKUP(A5,'조인앤조인 피벗'!A:SH,6,FALSE),0) -> 1236 | D5: =IFERROR(ROUNDDOWN(C5/B5,0),"") -> 30 | E5: 검단 | F5: =IFERROR(C5-(D5*B5),"") -> 36
A6: BGF로지스서인천1 | B6: =$B$4 -> 40 | C6: =IFERROR(VLOOKUP(A6,'조인앤조인 피벗'!A:SH,6,FALSE),0) -> 568 | D6: =IFERROR(ROUNDDOWN(C6/B6,0),"") -> 14 | E6: 서인천1 | F6: =IFERROR(C6-(D6*B6),"") -> 8
A7: BGF로지스서인천2 | B7: =$B$4 -> 40 | C7: =IFERROR(VLOOKUP(A7,'조인앤조인 피벗'!A:SH,6,FALSE),0) -> 624 | D7: =IFERROR(ROUNDDOWN(C7/B7,0),"") -> 15 | E7: 서인천2 | F7: =IFERROR(C7-(D7*B7),"") -> 24
A8: BGF로지스진천 | B8: =$B$4 -> 40 | C8: =IFERROR(VLOOKUP(A8,'조인앤조인 피벗'!A:SH,6,FALSE),0) -> 424 | D8: =IFERROR(ROUNDDOWN(C8/B8,0),"") -> 10 | E8: 진천 | F8: =IFERROR(C8-(D8*B8),"") -> 24
A9: BGF로지스안성 | B9: =$B$4 -> 40 | C9: =IFERROR(VLOOKUP(A9,'조인앤조인 피벗'!A:SH,6,FALSE),0) -> 344 | D9: =IFERROR(ROUNDDOWN(C9/B9,0),"") -> 8 | E9: 안성 | F9: =IFERROR(C9-(D9*B9),"") -> 24
A10: BGF로지스아산 | B10: =$B$4 -> 40 | C10: =IFERROR(VLOOKUP(A10,'조인앤조인 피벗'!A:SH,6,FALSE),0) -> 268 | D10: =IFERROR(ROUNDDOWN(C10/B10,0),"") -> 6 | E10: 아산 | F10: =IFERROR(C10-(D10*B10),"") -> 28
A11: 화인로지텍 | B11: =$B$4 -> 40 | C11: =IFERROR(VLOOKUP(A11,'조인앤조인 피벗'!A:SH,6,FALSE),0) -> 356 | D11: =IFERROR(ROUNDDOWN(C11/B11,0),"") -> 8 | E11: 화인 | F11: =IFERROR(C11-(D11*B11),"") -> 36
A12: 아신 | B12: =$B$4 -> 40 | C12: =IFERROR(VLOOKUP(A12,'조인앤조인 피벗'!A:SH,6,FALSE),0) -> 568 | D12: =IFERROR(ROUNDDOWN(C12/B12,0),"") -> 14 | E12: 아신 | F12: =IFERROR(C12-(D12*B12),"") -> 8
A13: 씨제이오산 | B13: =$B$4 -> 40 | C13: =IFERROR(VLOOKUP(A13,'조인앤조인 피벗'!A:SH,6,FALSE),0) -> 512 | D13: =IFERROR(ROUNDDOWN(C13/B13,0),"") -> 12 | E13: 오산 | F13: =IFERROR(C13-(D13*B13),"") -> 32
A14: 씨제이군포 | B14: =$B$4 -> 40 | C14: =IFERROR(VLOOKUP(A14,'조인앤조인 피벗'!A:SH,6,FALSE),0) -> 748 | D14: =IFERROR(ROUNDDOWN(C14/B14,0),"") -> 18 | E14: 군포 | F14: =IFERROR(C14-(D14*B14),"") -> 28
A15: BGF로지스광주 | B15: =$B$4 -> 40 | C15: =IFERROR(VLOOKUP(A15,'조인앤조인 피벗'!A:SH,6,FALSE),0) -> 816 | D15: =IFERROR(ROUNDDOWN(C15/B15,0),"") -> 20 | E15: 광주 | F15: =IFERROR(C15-(D15*B15),"") -> 16
A16: BGF로지스양주 | B16: =$B$4 -> 40 | C16: =IFERROR(VLOOKUP(A16,'조인앤조인 피벗'!A:SH,6,FALSE),0) -> 240 | D16: =IFERROR(ROUNDDOWN(C16/B16,0),"") -> 6 | E16: 양주 | F16: =IFERROR(C16-(D16*B16),"") -> 0
... A18: 동부로지스 | B18: =$B$4 -> 40 | C18: =IFERROR(VLOOKUP(A18,'조인앤조인 피벗'!A:SH,6,FALSE),0) -> 248 | D18: =IFERROR(ROUNDDOWN(C18/B18,0),"") -> 6 | E18: 동부 | F18: =IFERROR(C18-(D18*B18),"") -> 8
A20: 수도권 합계 | B20: =$B$4 -> 40 | C20: =SUM(C4:C18) -> 7404 | D20: =IFERROR(ROUNDDOWN(C20/B20,0),"") -> 185 | F20: =IFERROR(C20-(D20*B20),"") -> 4
A22: 엑소후레쉬양산 | B22: =$B$4 -> 40 | C22: =IFERROR(VLOOKUP(A22,'조인앤조인 피벗'!A:SH,6,FALSE),0) -> 544 | D22: =IFERROR(ROUNDDOWN(C22/B22,0),"") -> 13 | E22: 양산 | F22: =IFERROR(C22-(D22*B22),"") -> 24
A23: 극동로지스 | B23: =$B$4 -> 40 | C23: =IFERROR(VLOOKUP(A23,'조인앤조인 피벗'!A:SH,6,FALSE),0) -> 364 | D23: =IFERROR(ROUNDDOWN(C23/B23,0),"") -> 9 | E23: 극동 | F23: =IFERROR(C23-(D23*B23),"") -> 4
A24: 김해물류 | B24: =$B$4 -> 40 | C24: =IFERROR(VLOOKUP(A24,'조인앤조인 피벗'!A:SH,6,FALSE),0) -> 0 | D24: =IFERROR(ROUNDDOWN(C24/B24,0),"") -> 0 | E24: 김해 | F24: =IFERROR(C24-(D24*B24),"") -> 0
A25: BGF로지스부산 | B25: =$B$4 -> 40 | C25: =IFERROR(VLOOKUP(A25,'조인앤조인 피벗'!A:SH,6,FALSE),0) -> 412 | D25: =IFERROR(ROUNDDOWN(C25/B25,0),"") -> 10 | E25: 부산 | F25: =IFERROR(C25-(D25*B25),"") -> 12
A26: BGF로지스진주 | B26: =$B$4 -> 40 | C26: =IFERROR(VLOOKUP(A26,'조인앤조인 피벗'!A:SH,6,FALSE),0) -> 316 | D26: =IFERROR(ROUNDDOWN(C26/B26,0),"") -> 7 | E26: 진주 | F26: =IFERROR(C26-(D26*B26),"") -> 36
A28: 경남(김해)합계 | B28: =$B$4 -> 40 | C28: =SUM(C22:C26) -> 1636 | D28: =IFERROR(ROUNDDOWN(C28/B28,0),"") -> 40 | F28: =IFERROR(C28-(D28*B28),"") -> 36
A30: 씨제이경산 | B30: =$B$4 -> 40 | C30: =IFERROR(VLOOKUP(A30,'조인앤조인 피벗'!A:SH,6,FALSE),0) -> 420 | D30: =IFERROR(ROUNDDOWN(C30/B30,0),"") -> 10 | E30: 경산 | F30: =IFERROR(C30-(D30*B30),"") -> 20
A31: BGF로지스대구 | B31: =$B$4 -> 40 | C31: =IFERROR(VLOOKUP(A31,'조인앤조인 피벗'!A:SH,6,FALSE),0) -> 384 | D31: =IFERROR(ROUNDDOWN(C31/B31,0),"") -> 9 | E31: 대구 | F31: =IFERROR(C31-(D31*B31),"") -> 24
A33: 경북(칠곡)합계 | B33: =$B$4 -> 40 | C33: =SUM(C30:C31) -> 804 | D33: =IFERROR(ROUNDDOWN(C33/B33,0),"") -> 20 | F33: =IFERROR(C33-(D33*B33),"") -> 4
A35: BGF로지스나주 | B35: =$B$4 -> 40 | C35: =IFERROR(VLOOKUP(A35,'조인앤조인 피벗'!A:SH,6,FALSE),0) -> 360 | D35: =IFERROR(ROUNDDOWN(C35/B35,0),"") -> 9 | E35: 나주 | F35: =IFERROR(C35-(D35*B35),"") -> 0
A36: 하이로지스 | B36: =$B$4 -> 40 | C36: =IFERROR(VLOOKUP(A36,'조인앤조인 피벗'!A:SH,6,FALSE),0) -> 248 | D36: =IFERROR(ROUNDDOWN(C36/B36,0),"") -> 6 | E36: 하이 | F36: =IFERROR(C36-(D36*B36),"") -> 8
A37: 씨제이김제 | B37: =$B$4 -> 40 | C37: =IFERROR(VLOOKUP(A37,'조인앤조인 피벗'!A:SH,6,FALSE),0) -> 304 | D37: =IFERROR(ROUNDDOWN(C37/B37,0),"") -> 7 | E37: 김제 | F37: =IFERROR(C37-(D37*B37),"") -> 24
A39: 호남권 합계 | B39: =$B$4 -> 40 | C39: =SUM(C35:C37) -> 912 | D39: =IFERROR(ROUNDDOWN(C39/B39,0),"") -> 22 | F39: =IFERROR(C39-(D39*B39),"") -> 32
A41: BGF로지스서귀포 | B41: =$B$4 -> 40 | C41: =IFERROR(VLOOKUP(A41,'조인앤조인 피벗'!A:SH,6,FALSE),0) -> 100 | D41: =IFERROR(ROUNDDOWN(C41/B41,0),"") -> 2 | E41: 서귀포 | F41: =IFERROR(C41-(D41*B41),"") -> 20
A42: BGF로지스제주 | B42: =$B$4 -> 40 | C42: =IFERROR(VLOOKUP(A42,'조인앤조인 피벗'!A:SH,6,FALSE),0) -> 180 | D42: =IFERROR(ROUNDDOWN(C42/B42,0),"") -> 4 | E42: 제주 | F42: =IFERROR(C42-(D42*B42),"") -> 20
A44: 제주권 합계 | B44: =$B$4 -> 40 | C44: =SUM(C41:C42) -> 280 | D44: =IFERROR(ROUNDDOWN(C44/B44,0),"") -> 7 | F44: =IFERROR(C44-(D44*B44),"") -> 0
A46: 총합계 | B46: =$B$4 -> 40 | C46: =SUM(C4:C18,C35:C37,C30:C31,C22:C26,C41:C42) -> 11036 | D46: =IFERROR(ROUNDDOWN(C46/B46,0),"") -> 275 | F46: =IFERROR(C46-(D46*B46),"") -> 36 | G46: 소분박스 | H46: 소분낱개
A47: 총 박스/총 낱개수량 | B47: □ | D47: =SUM(D4:D18,D35:D37,D30:D31,D22:D26,D41:D42) -> 263 | F47: =SUM(F4:F18,F35:F37,F30:F31,F22:F26,F41:F42) -> 516 | G47: =IFERROR(ROUNDDOWN(F47/B35,0),"") -> 12 | H47: =IFERROR(F47-(G47*B35),"") -> 36
C48: =C20+C28+C33+C39+C44 -> 11036 | H48: □
C49: =C48=C46 -> TRUE

Sheet 널담)베이컨치즈베이글
A2: =TODAY() -> 46314 | B2: 조인앤조인 □
A3: 행 레이블 | B3: 입수 | C3: 널담)베이컨치즈베이글 | D3: 박스 | E3: 센터명 | F3: 낱개
A4: BGF로지스강릉 | B4: 30 | C4: =IFERROR(VLOOKUP(A4,'조인앤조인 피벗'!A:SH,7,FALSE),0) -> 24 | D4: =IFERROR(ROUNDDOWN(C4/B4,0),"") -> 0 | E4: 강릉 | F4: =IFERROR(C4-(D4*B4),"") -> 24
A5: BGF로지스검단 | B5: =$B$4 -> 30 | C5: =IFERROR(VLOOKUP(A5,'조인앤조인 피벗'!A:SH,7,FALSE),0) -> 207 | D5: =IFERROR(ROUNDDOWN(C5/B5,0),"") -> 6 | E5: 검단 | F5: =IFERROR(C5-(D5*B5),"") -> 27
A6: BGF로지스서인천1 | B6: =$B$4 -> 30 | C6: =IFERROR(VLOOKUP(A6,'조인앤조인 피벗'!A:SH,7,FALSE),0) -> 122 | D6: =IFERROR(ROUNDDOWN(C6/B6,0),"") -> 4 | E6: 서인천1 | F6: =IFERROR(C6-(D6*B6),"") -> 2
A7: BGF로지스서인천2 | B7: =$B$4 -> 30 | C7: =IFERROR(VLOOKUP(A7,'조인앤조인 피벗'!A:SH,7,FALSE),0) -> 112 | D7: =IFERROR(ROUNDDOWN(C7/B7,0),"") -> 3 | E7: 서인천2 | F7: =IFERROR(C7-(D7*B7),"") -> 22
A8: BGF로지스진천 | B8: =$B$4 -> 30 | C8: =IFERROR(VLOOKUP(A8,'조인앤조인 피벗'!A:SH,7,FALSE),0) -> 125 | D8: =IFERROR(ROUNDDOWN(C8/B8,0),"") -> 4 | E8: 진천 | F8: =IFERROR(C8-(D8*B8),"") -> 5
A9: BGF로지스안성 | B9: =$B$4 -> 30 | C9: =IFERROR(VLOOKUP(A9,'조인앤조인 피벗'!A:SH,7,FALSE),0) -> 79 | D9: =IFERROR(ROUNDDOWN(C9/B9,0),"") -> 2 | E9: 안성 | F9: =IFERROR(C9-(D9*B9),"") -> 19
A10: BGF로지스아산 | B10: =$B$4 -> 30 | C10: =IFERROR(VLOOKUP(A10,'조인앤조인 피벗'!A:SH,7,FALSE),0) -> 48 | D10: =IFERROR(ROUNDDOWN(C10/B10,0),"") -> 1 | E10: 아산 | F10: =IFERROR(C10-(D10*B10),"") -> 18
A11: 화인로지텍 | B11: =$B$4 -> 30 | C11: =IFERROR(VLOOKUP(A11,'조인앤조인 피벗'!A:SH,7,FALSE),0) -> 100 | D11: =IFERROR(ROUNDDOWN(C11/B11,0),"") -> 3 | E11: 화인 | F11: =IFERROR(C11-(D11*B11),"") -> 10
A12: 아신 | B12: =$B$4 -> 30 | C12: =IFERROR(VLOOKUP(A12,'조인앤조인 피벗'!A:SH,7,FALSE),0) -> 106 | D12: =IFERROR(ROUNDDOWN(C12/B12,0),"") -> 3 | E12: 아신 | F12: =IFERROR(C12-(D12*B12),"") -> 16
A13: 씨제이오산 | B13: =$B$4 -> 30 | C13: =IFERROR(VLOOKUP(A13,'조인앤조인 피벗'!A:SH,7,FALSE),0) -> 134 | D13: =IFERROR(ROUNDDOWN(C13/B13,0),"") -> 4 | E13: 오산 | F13: =IFERROR(C13-(D13*B13),"") -> 14
A14: 씨제이군포 | B14: =$B$4 -> 30 | C14: =IFERROR(VLOOKUP(A14,'조인앤조인 피벗'!A:SH,7,FALSE),0) -> 148 | D14: =IFERROR(ROUNDDOWN(C14/B14,0),"") -> 4 | E14: 군포 | F14: =IFERROR(C14-(D14*B14),"") -> 28
A15: BGF로지스광주 | B15: =$B$4 -> 30 | C15: =IFERROR(VLOOKUP(A15,'조인앤조인 피벗'!A:SH,7,FALSE),0) -> 206 | D15: =IFERROR(ROUNDDOWN(C15/B15,0),"") -> 6 | E15: 광주 | F15: =IFERROR(C15-(D15*B15),"") -> 26
A16: BGF로지스양주 | B16: =$B$4 -> 30 | C16: =IFERROR(VLOOKUP(A16,'조인앤조인 피벗'!A:SH,7,FALSE),0) -> 43 | D16: =IFERROR(ROUNDDOWN(C16/B16,0),"") -> 1 | E16: 양주 | F16: =IFERROR(C16-(D16*B16),"") -> 13
... A18: 동부로지스 | B18: =$B$4 -> 30 | C18: =IFERROR(VLOOKUP(A18,'조인앤조인 피벗'!A:SH,7,FALSE),0) -> 87 | D18: =IFERROR(ROUNDDOWN(C18/B18,0),"") -> 2 | E18: 동부 | F18: =IFERROR(C18-(D18*B18),"") -> 27
A20: 수도권 합계 | B20: =$B$4 -> 30 | C20: =SUM(C4:C18) -> 1676 | D20: =IFERROR(ROUNDDOWN(C20/B20,0),"") -> 55 | F20: =IFERROR(C20-(D20*B20),"") -> 26
A22: 엑소후레쉬양산 | B22: =$B$4 -> 30 | C22: =IFERROR(VLOOKUP(A22,'조인앤조인 피벗'!A:SH,7,FALSE),0) -> 96 | D22: =IFERROR(ROUNDDOWN(C22/B22,0),"") -> 3 | E22: 양산 | F22: =IFERROR(C22-(D22*B22),"") -> 6
A23: 극동로지스 | B23: =$B$4 -> 30 | C23: =IFERROR(VLOOKUP(A23,'조인앤조인 피벗'!A:SH,7,FALSE),0) -> 79 | D23: =IFERROR(ROUNDDOWN(C23/B23,0),"") -> 2 | E23: 극동 | F23: =IFERROR(C23-(D23*B23),"") -> 19
A24: 김해물류 | B24: =$B$4 -> 30 | C24: =IFERROR(VLOOKUP(A24,'조인앤조인 피벗'!A:SH,7,FALSE),0) -> 0 | D24: =IFERROR(ROUNDDOWN(C24/B24,0),"") -> 0 | E24: 김해 | F24: =IFERROR(C24-(D24*B24),"") -> 0
A25: BGF로지스부산 | B25: =$B$4 -> 30 | C25: =IFERROR(VLOOKUP(A25,'조인앤조인 피벗'!A:SH,7,FALSE),0) -> 124 | D25: =IFERROR(ROUNDDOWN(C25/B25,0),"") -> 4 | E25: 부산 | F25: =IFERROR(C25-(D25*B25),"") -> 4
A26: BGF로지스진주 | B26: =$B$4 -> 30 | C26: =IFERROR(VLOOKUP(A26,'조인앤조인 피벗'!A:SH,7,FALSE),0) -> 64 | D26: =IFERROR(ROUNDDOWN(C26/B26,0),"") -> 2 | E26: 진주 | F26: =IFERROR(C26-(D26*B26),"") -> 4
A28: 경남(김해)합계 | B28: =$B$4 -> 30 | C28: =SUM(C22:C26) -> 363 | D28: =IFERROR(ROUNDDOWN(C28/B28,0),"") -> 12 | F28: =IFERROR(C28-(D28*B28),"") -> 3
A30: 씨제이경산 | B30: =$B$4 -> 30 | C30: =IFERROR(VLOOKUP(A30,'조인앤조인 피벗'!A:SH,7,FALSE),0) -> 136 | D30: =IFERROR(ROUNDDOWN(C30/B30,0),"") -> 4 | E30: 경산 | F30: =IFERROR(C30-(D30*B30),"") -> 16
A31: BGF로지스대구 | B31: =$B$4 -> 30 | C31: =IFERROR(VLOOKUP(A31,'조인앤조인 피벗'!A:SH,7,FALSE),0) -> 63 | D31: =IFERROR(ROUNDDOWN(C31/B31,0),"") -> 2 | E31: 대구 | F31: =IFERROR(C31-(D31*B31),"") -> 3
A33: 경북(칠곡)합계 | B33: =$B$4 -> 30 | C33: =SUM(C30:C31) -> 199 | D33: =IFERROR(ROUNDDOWN(C33/B33,0),"") -> 6 | F33: =IFERROR(C33-(D33*B33),"") -> 19
A35: BGF로지스나주 | B35: =$B$4 -> 30 | C35: =IFERROR(VLOOKUP(A35,'조인앤조인 피벗'!A:SH,7,FALSE),0) -> 64 | D35: =IFERROR(ROUNDDOWN(C35/B35,0),"") -> 2 | E35: 나주 | F35: =IFERROR(C35-(D35*B35),"") -> 4
A36: 하이로지스 | B36: =$B$4 -> 30 | C36: =IFERROR(VLOOKUP(A36,'조인앤조인 피벗'!A:SH,7,FALSE),0) -> 49 | D36: =IFERROR(ROUNDDOWN(C36/B36,0),"") -> 1 | E36: 하이 | F36: =IFERROR(C36-(D36*B36),"") -> 19
A37: 씨제이김제 | B37: =$B$4 -> 30 | C37: =IFERROR(VLOOKUP(A37,'조인앤조인 피벗'!A:SH,7,FALSE),0) -> 51 | D37: =IFERROR(ROUNDDOWN(C37/B37,0),"") -> 1 | E37: 김제 | F37: =IFERROR(C37-(D37*B37),"") -> 21
A39: 호남권 합계 | B39: =$B$4 -> 30 | C39: =SUM(C35:C37) -> 164 | D39: =IFERROR(ROUNDDOWN(C39/B39,0),"") -> 5 | F39: =IFERROR(C39-(D39*B39),"") -> 14
A41: BGF로지스서귀포 | B41: =$B$4 -> 30 | C41: =IFERROR(VLOOKUP(A41,'조인앤조인 피벗'!A:SH,7,FALSE),0) -> 11 | D41: =IFERROR(ROUNDDOWN(C41/B41,0),"") -> 0 | E41: 서귀포 | F41: =IFERROR(C41-(D41*B41),"") -> 11
A42: BGF로지스제주 | B42: =$B$4 -> 30 | C42: =IFERROR(VLOOKUP(A42,'조인앤조인 피벗'!A:SH,7,FALSE),0) -> 18 | D42: =IFERROR(ROUNDDOWN(C42/B42,0),"") -> 0 | E42: 제주 | F42: =IFERROR(C42-(D42*B42),"") -> 18
A44: 제주권 합계 | B44: =$B$4 -> 30 | C44: =SUM(C41:C42) -> 29 | D44: =IFERROR(ROUNDDOWN(C44/B44,0),"") -> 0 | F44: =IFERROR(C44-(D44*B44),"") -> 29
A46: 총합계 | B46: =$B$4 -> 30 | C46: =SUM(C4:C18,C35:C37,C30:C31,C22:C26,C41:C42) -> 2431 | D46: =IFERROR(ROUNDDOWN(C46/B46,0),"") -> 81 | F46: =IFERROR(C46-(D46*B46),"") -> 1 | G46: 소분박스 | H46: 소분낱개
A47: 총 박스/총 낱개수량 | B47: □ | D47: =SUM(D4:D18,D35:D37,D30:D31,D22:D26,D41:D42) -> 68 | F47: =SUM(F4:F18,F35:F37,F30:F31,F22:F26,F41:F42) -> 391 | G47: =IFERROR(ROUNDDOWN(F47/B35,0),"") -> 13 | H47: =IFERROR(F47-(G47*B35),"") -> 1
C48: =C20+C28+C33+C39+C44 -> 2431 | H48: □
C49: =C48=C46 -> TRUE

Sheet 널담)블랙올리브베이글
A2: =TODAY() -> 46314 | B2: 조인앤조인 □
A3: 행 레이블 | B3: 입수 | C3: 널담)블랙올리브베이글 | D3: 박스 | E3: 센터명 | F3: 낱개
A4: BGF로지스강릉 | B4: 30 | C4: =IFERROR(VLOOKUP(A4,'조인앤조인 피벗'!A:SH,8,FALSE),0) -> 19 | D4: =IFERROR(ROUNDDOWN(C4/B4,0),"") -> 0 | E4: 강릉 | F4: =IFERROR(C4-(D4*B4),"") -> 19
A5: BGF로지스검단 | B5: =$B$4 -> 30 | C5: =IFERROR(VLOOKUP(A5,'조인앤조인 피벗'!A:SH,8,FALSE),0) -> 154 | D5: =IFERROR(ROUNDDOWN(C5/B5,0),"") -> 5 | E5: 검단 | F5: =IFERROR(C5-(D5*B5),"") -> 4
A6: BGF로지스서인천1 | B6: =$B$4 -> 30 | C6: =IFERROR(VLOOKUP(A6,'조인앤조인 피벗'!A:SH,8,FALSE),0) -> 94 | D6: =IFERROR(ROUNDDOWN(C6/B6,0),"") -> 3 | E6: 서인천1 | F6: =IFERROR(C6-(D6*B6),"") -> 4
A7: BGF로지스서인천2 | B7: =$B$4 -> 30 | C7: =IFERROR(VLOOKUP(A7,'조인앤조인 피벗'!A:SH,8,FALSE),0) -> 107 | D7: =IFERROR(ROUNDDOWN(C7/B7,0),"") -> 3 | E7: 서인천2 | F7: =IFERROR(C7-(D7*B7),"") -> 17
A8: BGF로지스진천 | B8: =$B$4 -> 30 | C8: =IFERROR(VLOOKUP(A8,'조인앤조인 피벗'!A:SH,8,FALSE),0) -> 70 | D8: =IFERROR(ROUNDDOWN(C8/B8,0),"") -> 2 | E8: 진천 | F8: =IFERROR(C8-(D8*B8),"") -> 10
A9: BGF로지스안성 | B9: =$B$4 -> 30 | C9: =IFERROR(VLOOKUP(A9,'조인앤조인 피벗'!A:SH,8,FALSE),0) -> 58 | D9: =IFERROR(ROUNDDOWN(C9/B9,0),"") -> 1 | E9: 안성 | F9: =IFERROR(C9-(D9*B9),"") -> 28
A10: BGF로지스아산 | B10: =$B$4 -> 30 | C10: =IFERROR(VLOOKUP(A10,'조인앤조인 피벗'!A:SH,8,FALSE),0) -> 24 | D10: =IFERROR(ROUNDDOWN(C10/B10,0),"") -> 0 | E10: 아산 | F10: =IFERROR(C10-(D10*B10),"") -> 24
A11: 화인로지텍 | B11: =$B$4 -> 30 | C11: =IFERROR(VLOOKUP(A11,'조인앤조인 피벗'!A:SH,8,FALSE),0) -> 86 | D11: =IFERROR(ROUNDDOWN(C11/B11,0),"") -> 2 | E11: 화인 | F11: =IFERROR(C11-(D11*B11),"") -> 26
A12: 아신 | B12: =$B$4 -> 30 | C12: =IFERROR(VLOOKUP(A12,'조인앤조인 피벗'!A:SH,8,FALSE),0) -> 90 | D12: =IFERROR(ROUNDDOWN(C12/B12,0),"") -> 3 | E12: 아신 | F12: =IFERROR(C12-(D12*B12),"") -> 0
A13: 씨제이오산 | B13: =$B$4 -> 30 | C13: =IFERROR(VLOOKUP(A13,'조인앤조인 피벗'!A:SH,8,FALSE),0) -> 86 | D13: =IFERROR(ROUNDDOWN(C13/B13,0),"") -> 2 | E13: 오산 | F13: =IFERROR(C13-(D13*B13),"") -> 26
A14: 씨제이군포 | B14: =$B$4 -> 30 | C14: =IFERROR(VLOOKUP(A14,'조인앤조인 피벗'!A:SH,8,FALSE),0) -> 124 | D14: =IFERROR(ROUNDDOWN(C14/B14,0),"") -> 4 | E14: 군포 | F14: =IFERROR(C14-(D14*B14),"") -> 4
A15: BGF로지스광주 | B15: =$B$4 -> 30 | C15: =IFERROR(VLOOKUP(A15,'조인앤조인 피벗'!A:SH,8,FALSE),0) -> 150 | D15: =IFERROR(ROUNDDOWN(C15/B15,0),"") -> 5 | E15: 광주 | F15: =IFERROR(C15-(D15*B15),"") -> 0
A16: BGF로지스양주 | B16: =$B$4 -> 30 | C16: =IFERROR(VLOOKUP(A16,'조인앤조인 피벗'!A:SH,8,FALSE),0) -> 31 | D16: =IFERROR(ROUNDDOWN(C16/B16,0),"") -> 1 | E16: 양주 | F16: =IFERROR(C16-(D16*B16),"") -> 1
... A18: 동부로지스 | B18: =$B$4 -> 30 | C18: =IFERROR(VLOOKUP(A18,'조인앤조인 피벗'!A:SH,8,FALSE),0) -> 60 | D18: =IFERROR(ROUNDDOWN(C18/B18,0),"") -> 2 | E18: 동부 | F18: =IFERROR(C18-(D18*B18),"") -> 0
A20: 수도권 합계 | B20: =$B$4 -> 30 | C20: =SUM(C4:C18) -> 1201 | D20: =IFERROR(ROUNDDOWN(C20/B20,0),"") -> 40 | F20: =IFERROR(C20-(D20*B20),"") -> 1
A22: 엑소후레쉬양산 | B22: =$B$4 -> 30 | C22: =IFERROR(VLOOKUP(A22,'조인앤조인 피벗'!A:SH,8,FALSE),0) -> 66 | D22: =IFERROR(ROUNDDOWN(C22/B22,0),"") -> 2 | E22: 양산 | F22: =IFERROR(C22-(D22*B22),"") -> 6
A23: 극동로지스 | B23: =$B$4 -> 30 | C23: =IFERROR(VLOOKUP(A23,'조인앤조인 피벗'!A:SH,8,FALSE),0) -> 66 | D23: =IFERROR(ROUNDDOWN(C23/B23,0),"") -> 2 | E23: 극동 | F23: =IFERROR(C23-(D23*B23),"") -> 6
A24: 김해물류 | B24: =$B$4 -> 30 | C24: =IFERROR(VLOOKUP(A24,'조인앤조인 피벗'!A:SH,8,FALSE),0) -> 0 | D24: =IFERROR(ROUNDDOWN(C24/B24,0),"") -> 0 | E24: 김해 | F24: =IFERROR(C24-(D24*B24),"") -> 0
A25: BGF로지스부산 | B25: =$B$4 -> 30 | C25: =IFERROR(VLOOKUP(A25,'조인앤조인 피벗'!A:SH,8,FALSE),0) -> 101 | D25: =IFERROR(ROUNDDOWN(C25/B25,0),"") -> 3 | E25: 부산 | F25: =IFERROR(C25-(D25*B25),"") -> 11
A26: BGF로지스진주 | B26: =$B$4 -> 30 | C26: =IFERROR(VLOOKUP(A26,'조인앤조인 피벗'!A:SH,8,FALSE),0) -> 57 | D26: =IFERROR(ROUNDDOWN(C26/B26,0),"") -> 1 | E26: 진주 | F26: =IFERROR(C26-(D26*B26),"") -> 27
A28: 경남(김해)합계 | B28: =$B$4 -> 30 | C28: =SUM(C22:C26) -> 290 | D28: =IFERROR(ROUNDDOWN(C28/B28,0),"") -> 9 | F28: =IFERROR(C28-(D28*B28),"") -> 20
A30: 씨제이경산 | B30: =$B$4 -> 30 | C30: =IFERROR(VLOOKUP(A30,'조인앤조인 피벗'!A:SH,8,FALSE),0) -> 94 | D30: =IFERROR(ROUNDDOWN(C30/B30,0),"") -> 3 | E30: 경산 | F30: =IFERROR(C30-(D30*B30),"") -> 4
A31: BGF로지스대구 | B31: =$B$4 -> 30 | C31: =IFERROR(VLOOKUP(A31,'조인앤조인 피벗'!A:SH,8,FALSE),0) -> 60 | D31: =IFERROR(ROUNDDOWN(C31/B31,0),"") -> 2 | E31: 대구 | F31: =IFERROR(C31-(D31*B31),"") -> 0
A33: 경북(칠곡)합계 | B33: =$B$4 -> 30 | C33: =SUM(C30:C31) -> 154 | D33: =IFERROR(ROUNDDOWN(C33/B33,0),"") -> 5 | F33: =IFERROR(C33-(D33*B33),"") -> 4
A35: BGF로지스나주 | B35: =$B$4 -> 30 | C35: =IFERROR(VLOOKUP(A35,'조인앤조인 피벗'!A:SH,8,FALSE),0) -> 38 | D35: =IFERROR(ROUNDDOWN(C35/B35,0),"") -> 1 | E35: 나주 | F35: =IFERROR(C35-(D35*B35),"") -> 8
A36: 하이로지스 | B36: =$B$4 -> 30 | C36: =IFERROR(VLOOKUP(A36,'조인앤조인 피벗'!A:SH,8,FALSE),0) -> 37 | D36: =IFERROR(ROUNDDOWN(C36/B36,0),"") -> 1 | E36: 하이 | F36: =IFERROR(C36-(D36*B36),"") -> 7
A37: 씨제이김제 | B37: =$B$4 -> 30 | C37: =IFERROR(VLOOKUP(A37,'조인앤조인 피벗'!A:SH,8,FALSE),0) -> 40 | D37: =IFERROR(ROUNDDOWN(C37/B37,0),"") -> 1 | E37: 김제 | F37: =IFERROR(C37-(D37*B37),"") -> 10
A39: 호남권 합계 | B39: =$B$4 -> 30 | C39: =SUM(C35:C37) -> 115 | D39: =IFERROR(ROUNDDOWN(C39/B39,0),"") -> 3 | F39: =IFERROR(C39-(D39*B39),"") -> 25
A41: BGF로지스서귀포 | B41: =$B$4 -> 30 | C41: =IFERROR(VLOOKUP(A41,'조인앤조인 피벗'!A:SH,8,FALSE),0) -> 21 | D41: =IFERROR(ROUNDDOWN(C41/B41,0),"") -> 0 | E41: 서귀포 | F41: =IFERROR(C41-(D41*B41),"") -> 21
A42: BGF로지스제주 | B42: =$B$4 -> 30 | C42: =IFERROR(VLOOKUP(A42,'조인앤조인 피벗'!A:SH,8,FALSE),0) -> 17 | D42: =IFERROR(ROUNDDOWN(C42/B42,0),"") -> 0 | E42: 제주 | F42: =IFERROR(C42-(D42*B42),"") -> 17
A44: 제주권 합계 | B44: =$B$4 -> 30 | C44: =SUM(C41:C42) -> 38 | D44: =IFERROR(ROUNDDOWN(C44/B44,0),"") -> 1 | F44: =IFERROR(C44-(D44*B44),"") -> 8
A46: 총합계 | B46: =$B$4 -> 30 | C46: =SUM(C4:C18,C35:C37,C30:C31,C22:C26,C41:C42) -> 1798 | D46: =IFERROR(ROUNDDOWN(C46/B46,0),"") -> 59 | F46: =IFERROR(C46-(D46*B46),"") -> 28 | G46: 소분박스 | H46: 소분낱개
A47: 총 박스/총 낱개수량 | B47: □ | D47: =SUM(D4:D18,D35:D37,D30:D31,D22:D26,D41:D42) -> 50 | F47: =SUM(F4:F18,F35:F37,F30:F31,F22:F26,F41:F42) -> 298 | G47: =IFERROR(ROUNDDOWN(F47/B35,0),"") -> 9 | H47: =IFERROR(F47-(G47*B35),"") -> 28
C48: =C20+C28+C33+C39+C44 -> 1798 | H48: □
C49: =C48=C46 -> TRUE

Sheet 널담)화이트초코마카쿠키
A2: =TODAY() -> 46314 | B2: 조인앤조인 □
A3: 행 레이블 | B3: 입수 | C3: 널담)화이트초코마카쿠키 | D3: 박스 | E3: 센터명 | F3: 낱개
A4: BGF로지스강릉 | B4: 48 | C4: =IFERROR(VLOOKUP(A4,'조인앤조인 피벗'!A:SH,9,FALSE),0) -> 20 | D4: =IFERROR(ROUNDDOWN(C4/B4,0),"") -> 0 | E4: 강릉 | F4: =IFERROR(C4-(D4*B4),"") -> 20
A5: BGF로지스검단 | B5: =$B$4 -> 48 | C5: =IFERROR(VLOOKUP(A5,'조인앤조인 피벗'!A:SH,9,FALSE),0) -> 444 | D5: =IFERROR(ROUNDDOWN(C5/B5,0),"") -> 9 | E5: 검단 | F5: =IFERROR(C5-(D5*B5),"") -> 12
A6: BGF로지스서인천1 | B6: =$B$4 -> 48 | C6: =IFERROR(VLOOKUP(A6,'조인앤조인 피벗'!A:SH,9,FALSE),0) -> 140 | D6: =IFERROR(ROUNDDOWN(C6/B6,0),"") -> 2 | E6: 서인천1 | F6: =IFERROR(C6-(D6*B6),"") -> 44
A7: BGF로지스서인천2 | B7: =$B$4 -> 48 | C7: =IFERROR(VLOOKUP(A7,'조인앤조인 피벗'!A:SH,9,FALSE),0) -> 168 | D7: =IFERROR(ROUNDDOWN(C7/B7,0),"") -> 3 | E7: 서인천2 | F7: =IFERROR(C7-(D7*B7),"") -> 24
A8: BGF로지스진천 | B8: =$B$4 -> 48 | C8: =IFERROR(VLOOKUP(A8,'조인앤조인 피벗'!A:SH,9,FALSE),0) -> 144 | D8: =IFERROR(ROUNDDOWN(C8/B8,0),"") -> 3 | E8: 진천 | F8: =IFERROR(C8-(D8*B8),"") -> 0
A9: BGF로지스안성 | B9: =$B$4 -> 48 | C9: =IFERROR(VLOOKUP(A9,'조인앤조인 피벗'!A:SH,9,FALSE),0) -> 124 | D9: =IFERROR(ROUNDDOWN(C9/B9,0),"") -> 2 | E9: 안성 | F9: =IFERROR(C9-(D9*B9),"") -> 28
A10: BGF로지스아산 | B10: =$B$4 -> 48 | C10: =IFERROR(VLOOKUP(A10,'조인앤조인 피벗'!A:SH,9,FALSE),0) -> 80 | D10: =IFERROR(ROUNDDOWN(C10/B10,0),"") -> 1 | E10: 아산 | F10: =IFERROR(C10-(D10*B10),"") -> 32
A11: 화인로지텍 | B11: =$B$4 -> 48 | C11: =IFERROR(VLOOKUP(A11,'조인앤조인 피벗'!A:SH,9,FALSE),0) -> 116 | D11: =IFERROR(ROUNDDOWN(C11/B11,0),"") -> 2 | E11: 화인 | F11: =IFERROR(C11-(D11*B11),"") -> 20
A12: 아신 | B12: =$B$4 -> 48 | C12: =IFERROR(VLOOKUP(A12,'조인앤조인 피벗'!A:SH,9,FALSE),0) -> 208 | D12: =IFERROR(ROUNDDOWN(C12/B12,0),"") -> 4 | E12: 아신 | F12: =IFERROR(C12-(D12*B12),"") -> 16
A13: 씨제이오산 | B13: =$B$4 -> 48 | C13: =IFERROR(VLOOKUP(A13,'조인앤조인 피벗'!A:SH,9,FALSE),0) -> 172 | D13: =IFERROR(ROUNDDOWN(C13/B13,0),"") -> 3 | E13: 오산 | F13: =IFERROR(C13-(D13*B13),"") -> 28
A14: 씨제이군포 | B14: =$B$4 -> 48 | C14: =IFERROR(VLOOKUP(A14,'조인앤조인 피벗'!A:SH,9,FALSE),0) -> 220 | D14: =IFERROR(ROUNDDOWN(C14/B14,0),"") -> 4 | E14: 군포 | F14: =IFERROR(C14-(D14*B14),"") -> 28
A15: BGF로지스광주 | B15: =$B$4 -> 48 | C15: =IFERROR(VLOOKUP(A15,'조인앤조인 피벗'!A:SH,9,FALSE),0) -> 296 | D15: =IFERROR(ROUNDDOWN(C15/B15,0),"") -> 6 | E15: 광주 | F15: =IFERROR(C15-(D15*B15),"") -> 8
A16: BGF로지스양주 | B16: =$B$4 -> 48 | C16: =IFERROR(VLOOKUP(A16,'조인앤조인 피벗'!A:SH,9,FALSE),0) -> 44 | D16: =IFERROR(ROUNDDOWN(C16/B16,0),"") -> 0 | E16: 양주 | F16: =IFERROR(C16-(D16*B16),"") -> 44
... A18: 동부로지스 | B18: =$B$4 -> 48 | C18: =IFERROR(VLOOKUP(A18,'조인앤조인 피벗'!A:SH,9,FALSE),0) -> 108 | D18: =IFERROR(ROUNDDOWN(C18/B18,0),"") -> 2 | E18: 동부 | F18: =IFERROR(C18-(D18*B18),"") -> 12
A20: 수도권 합계 | B20: =$B$4 -> 48 | C20: =SUM(C4:C18) -> 2336 | D20: =IFERROR(ROUNDDOWN(C20/B20,0),"") -> 48 | F20: =IFERROR(C20-(D20*B20),"") -> 32
A22: 엑소후레쉬양산 | B22: =$B$4 -> 48 | C22: =IFERROR(VLOOKUP(A22,'조인앤조인 피벗'!A:SH,9,FALSE),0) -> 88 | D22: =IFERROR(ROUNDDOWN(C22/B22,0),"") -> 1 | E22: 양산 | F22: =IFERROR(C22-(D22*B22),"") -> 40
A23: 극동로지스 | B23: =$B$4 -> 48 | C23: =IFERROR(VLOOKUP(A23,'조인앤조인 피벗'!A:SH,9,FALSE),0) -> 60 | D23: =IFERROR(ROUNDDOWN(C23/B23,0),"") -> 1 | E23: 극동 | F23: =IFERROR(C23-(D23*B23),"") -> 12
A24: 김해물류 | B24: =$B$4 -> 48 | C24: =IFERROR(VLOOKUP(A24,'조인앤조인 피벗'!A:SH,9,FALSE),0) -> 0 | D24: =IFERROR(ROUNDDOWN(C24/B24,0),"") -> 0 | E24: 김해 | F24: =IFERROR(C24-(D24*B24),"") -> 0
A25: BGF로지스부산 | B25: =$B$4 -> 48 | C25: =IFERROR(VLOOKUP(A25,'조인앤조인 피벗'!A:SH,9,FALSE),0) -> 144 | D25: =IFERROR(ROUNDDOWN(C25/B25,0),"") -> 3 | E25: 부산 | F25: =IFERROR(C25-(D25*B25),"") -> 0
A26: BGF로지스진주 | B26: =$B$4 -> 48 | C26: =IFERROR(VLOOKUP(A26,'조인앤조인 피벗'!A:SH,9,FALSE),0) -> 44 | D26: =IFERROR(ROUNDDOWN(C26/B26,0),"") -> 0 | E26: 진주 | F26: =IFERROR(C26-(D26*B26),"") -> 44
A28: 경남(김해)합계 | B28: =$B$4 -> 48 | C28: =SUM(C22:C26) -> 336 | D28: =IFERROR(ROUNDDOWN(C28/B28,0),"") -> 7 | F28: =IFERROR(C28-(D28*B28),"") -> 0
A30: 씨제이경산 | B30: =$B$4 -> 48 | C30: =IFERROR(VLOOKUP(A30,'조인앤조인 피벗'!A:SH,9,FALSE),0) -> 96 | D30: =IFERROR(ROUNDDOWN(C30/B30,0),"") -> 2 | E30: 경산 | F30: =IFERROR(C30-(D30*B30),"") -> 0
A31: BGF로지스대구 | B31: =$B$4 -> 48 | C31: =IFERROR(VLOOKUP(A31,'조인앤조인 피벗'!A:SH,9,FALSE),0) -> 88 | D31: =IFERROR(ROUNDDOWN(C31/B31,0),"") -> 1 | E31: 대구 | F31: =IFERROR(C31-(D31*B31),"") -> 40
A33: 경북(칠곡)합계 | B33: =$B$4 -> 48 | C33: =SUM(C30:C31) -> 184 | D33: =IFERROR(ROUNDDOWN(C33/B33,0),"") -> 3 | F33: =IFERROR(C33-(D33*B33),"") -> 40
A35: BGF로지스나주 | B35: =$B$4 -> 48 | C35: =IFERROR(VLOOKUP(A35,'조인앤조인 피벗'!A:SH,9,FALSE),0) -> 96 | D35: =IFERROR(ROUNDDOWN(C35/B35,0),"") -> 2 | E35: 나주 | F35: =IFERROR(C35-(D35*B35),"") -> 0
A36: 하이로지스 | B36: =$B$4 -> 48 | C36: =IFERROR(VLOOKUP(A36,'조인앤조인 피벗'!A:SH,9,FALSE),0) -> 84 | D36: =IFERROR(ROUNDDOWN(C36/B36,0),"") -> 1 | E36: 하이 | F36: =IFERROR(C36-(D36*B36),"") -> 36
A37: 씨제이김제 | B37: =$B$4 -> 48 | C37: =IFERROR(VLOOKUP(A37,'조인앤조인 피벗'!A:SH,9,FALSE),0) -> 60 | D37: =IFERROR(ROUNDDOWN(C37/B37,0),"") -> 1 | E37: 김제 | F37: =IFERROR(C37-(D37*B37),"") -> 12
A39: 호남권 합계 | B39: =$B$4 -> 48 | C39: =SUM(C35:C37) -> 240 | D39: =IFERROR(ROUNDDOWN(C39/B39,0),"") -> 5 | F39: =IFERROR(C39-(D39*B39),"") -> 0
A41: BGF로지스서귀포 | B41: =$B$4 -> 48 | C41: =IFERROR(VLOOKUP(A41,'조인앤조인 피벗'!A:SH,9,FALSE),0) -> 28 | D41: =IFERROR(ROUNDDOWN(C41/B41,0),"") -> 0 | E41: 서귀포 | F41: =IFERROR(C41-(D41*B41),"") -> 28
A42: BGF로지스제주 | B42: =$B$4 -> 48 | C42: =IFERROR(VLOOKUP(A42,'조인앤조인 피벗'!A:SH,9,FALSE),0) -> 12 | D42: =IFERROR(ROUNDDOWN(C42/B42,0),"") -> 0 | E42: 제주 | F42: =IFERROR(C42-(D42*B42),"") -> 12
A44: 제주권 합계 | B44: =$B$4 -> 48 | C44: =SUM(C41:C42) -> 40 | D44: =IFERROR(ROUNDDOWN(C44/B44,0),"") -> 0 | F44: =IFERROR(C44-(D44*B44),"") -> 40
A46: 총합계 | B46: =$B$4 -> 48 | C46: =SUM(C4:C18,C35:C37,C30:C31,C22:C26,C41:C42) -> 3136 | D46: =IFERROR(ROUNDDOWN(C46/B46,0),"") -> 65 | F46: =IFERROR(C46-(D46*B46),"") -> 16 | G46: 소분박스 | H46: 소분낱개
A47: 총 박스/총 낱개수량 | B47: □ | D47: =SUM(D4:D18,D35:D37,D30:D31,D22:D26,D41:D42) -> 54 | F47: =SUM(F4:F18,F35:F37,F30:F31,F22:F26,F41:F42) -> 544 | G47: =IFERROR(ROUNDDOWN(F47/B35,0),"") -> 11 | H47: =IFERROR(F47-(G47*B35),"") -> 16
C48: =C20+C28+C33+C39+C44 -> 3136 | H48: □
C49: =C48=C46 -> TRUE

Sheet 널담)황치즈쿠키
A2: =TODAY() -> 46314 | B2: 조인앤조인 □
A3: 행 레이블 | B3: 입수 | C3: 널담)황치즈쿠키 | D3: 박스 | E3: 센터명 | F3: 낱개
A4: BGF로지스강릉 | B4: 48 | C4: =IFERROR(VLOOKUP(A4,'조인앤조인 피벗'!A:SH,10,FALSE),0) -> 16 | D4: =IFERROR(ROUNDDOWN(C4/B4,0),"") -> 0 | E4: 강릉 | F4: =IFERROR(C4-(D4*B4),"") -> 16
A5: BGF로지스검단 | B5: =$B$4 -> 48 | C5: =IFERROR(VLOOKUP(A5,'조인앤조인 피벗'!A:SH,10,FALSE),0) -> 364 | D5: =IFERROR(ROUNDDOWN(C5/B5,0),"") -> 7 | E5: 검단 | F5: =IFERROR(C5-(D5*B5),"") -> 28
A6: BGF로지스서인천1 | B6: =$B$4 -> 48 | C6: =IFERROR(VLOOKUP(A6,'조인앤조인 피벗'!A:SH,10,FALSE),0) -> 192 | D6: =IFERROR(ROUNDDOWN(C6/B6,0),"") -> 4 | E6: 서인천1 | F6: =IFERROR(C6-(D6*B6),"") -> 0
A7: BGF로지스서인천2 | B7: =$B$4 -> 48 | C7: =IFERROR(VLOOKUP(A7,'조인앤조인 피벗'!A:SH,10,FALSE),0) -> 152 | D7: =IFERROR(ROUNDDOWN(C7/B7,0),"") -> 3 | E7: 서인천2 | F7: =IFERROR(C7-(D7*B7),"") -> 8
A8: BGF로지스진천 | B8: =$B$4 -> 48 | C8: =IFERROR(VLOOKUP(A8,'조인앤조인 피벗'!A:SH,10,FALSE),0) -> 100 | D8: =IFERROR(ROUNDDOWN(C8/B8,0),"") -> 2 | E8: 진천 | F8: =IFERROR(C8-(D8*B8),"") -> 4
A9: BGF로지스안성 | B9: =$B$4 -> 48 | C9: =IFERROR(VLOOKUP(A9,'조인앤조인 피벗'!A:SH,10,FALSE),0) -> 112 | D9: =IFERROR(ROUNDDOWN(C9/B9,0),"") -> 2 | E9: 안성 | F9: =IFERROR(C9-(D9*B9),"") -> 16
A10: BGF로지스아산 | B10: =$B$4 -> 48 | C10: =IFERROR(VLOOKUP(A10,'조인앤조인 피벗'!A:SH,10,FALSE),0) -> 40 | D10: =IFERROR(ROUNDDOWN(C10/B10,0),"") -> 0 | E10: 아산 | F10: =IFERROR(C10-(D10*B10),"") -> 40
A11: 화인로지텍 | B11: =$B$4 -> 48 | C11: =IFERROR(VLOOKUP(A11,'조인앤조인 피벗'!A:SH,10,FALSE),0) -> 112 | D11: =IFERROR(ROUNDDOWN(C11/B11,0),"") -> 2 | E11: 화인 | F11: =IFERROR(C11-(D11*B11),"") -> 16
A12: 아신 | B12: =$B$4 -> 48 | C12: =IFERROR(VLOOKUP(A12,'조인앤조인 피벗'!A:SH,10,FALSE),0) -> 148 | D12: =IFERROR(ROUNDDOWN(C12/B12,0),"") -> 3 | E12: 아신 | F12: =IFERROR(C12-(D12*B12),"") -> 4
A13: 씨제이오산 | B13: =$B$4 -> 48 | C13: =IFERROR(VLOOKUP(A13,'조인앤조인 피벗'!A:SH,10,FALSE),0) -> 164 | D13: =IFERROR(ROUNDDOWN(C13/B13,0),"") -> 3 | E13: 오산 | F13: =IFERROR(C13-(D13*B13),"") -> 20
A14: 씨제이군포 | B14: =$B$4 -> 48 | C14: =IFERROR(VLOOKUP(A14,'조인앤조인 피벗'!A:SH,10,FALSE),0) -> 208 | D14: =IFERROR(ROUNDDOWN(C14/B14,0),"") -> 4 | E14: 군포 | F14: =IFERROR(C14-(D14*B14),"") -> 16
A15: BGF로지스광주 | B15: =$B$4 -> 48 | C15: =IFERROR(VLOOKUP(A15,'조인앤조인 피벗'!A:SH,10,FALSE),0) -> 288 | D15: =IFERROR(ROUNDDOWN(C15/B15,0),"") -> 6 | E15: 광주 | F15: =IFERROR(C15-(D15*B15),"") -> 0
A16: BGF로지스양주 | B16: =$B$4 -> 48 | C16: =IFERROR(VLOOKUP(A16,'조인앤조인 피벗'!A:SH,10,FALSE),0) -> 40 | D16: =IFERROR(ROUNDDOWN(C16/B16,0),"") -> 0 | E16: 양주 | F16: =IFERROR(C16-(D16*B16),"") -> 40
... A18: 동부로지스 | B18: =$B$4 -> 48 | C18: =IFERROR(VLOOKUP(A18,'조인앤조인 피벗'!A:SH,10,FALSE),0) -> 72 | D18: =IFERROR(ROUNDDOWN(C18/B18,0),"") -> 1 | E18: 동부 | F18: =IFERROR(C18-(D18*B18),"") -> 24
A20: 수도권 합계 | B20: =$B$4 -> 48 | C20: =SUM(C4:C18) -> 2064 | D20: =IFERROR(ROUNDDOWN(C20/B20,0),"") -> 43 | F20: =IFERROR(C20-(D20*B20),"") -> 0
A22: 엑소후레쉬양산 | B22: =$B$4 -> 48 | C22: =IFERROR(VLOOKUP(A22,'조인앤조인 피벗'!A:SH,10,FALSE),0) -> 148 | D22: =IFERROR(ROUNDDOWN(C22/B22,0),"") -> 3 | E22: 양산 | F22: =IFERROR(C22-(D22*B22),"") -> 4
A23: 극동로지스 | B23: =$B$4 -> 48 | C23: =IFERROR(VLOOKUP(A23,'조인앤조인 피벗'!A:SH,10,FALSE),0) -> 52 | D23: =IFERROR(ROUNDDOWN(C23/B23,0),"") -> 1 | E23: 극동 | F23: =IFERROR(C23-(D23*B23),"") -> 4
A24: 김해물류 | B24: =$B$4 -> 48 | C24: =IFERROR(VLOOKUP(A24,'조인앤조인 피벗'!A:SH,10,FALSE),0) -> 0 | D24: =IFERROR(ROUNDDOWN(C24/B24,0),"") -> 0 | E24: 김해 | F24: =IFERROR(C24-(D24*B24),"") -> 0
A25: BGF로지스부산 | B25: =$B$4 -> 48 | C25: =IFERROR(VLOOKUP(A25,'조인앤조인 피벗'!A:SH,10,FALSE),0) -> 140 | D25: =IFERROR(ROUNDDOWN(C25/B25,0),"") -> 2 | E25: 부산 | F25: =IFERROR(C25-(D25*B25),"") -> 44
A26: BGF로지스진주 | B26: =$B$4 -> 48 | C26: =IFERROR(VLOOKUP(A26,'조인앤조인 피벗'!A:SH,10,FALSE),0) -> 56 | D26: =IFERROR(ROUNDDOWN(C26/B26,0),"") -> 1 | E26: 진주 | F26: =IFERROR(C26-(D26*B26),"") -> 8
A28: 경남(김해)합계 | B28: =$B$4 -> 48 | C28: =SUM(C22:C26) -> 396 | D28: =IFERROR(ROUNDDOWN(C28/B28,0),"") -> 8 | F28: =IFERROR(C28-(D28*B28),"") -> 12
A30: 씨제이경산 | B30: =$B$4 -> 48 | C30: =IFERROR(VLOOKUP(A30,'조인앤조인 피벗'!A:SH,10,FALSE),0) -> 104 | D30: =IFERROR(ROUNDDOWN(C30/B30,0),"") -> 2 | E30: 경산 | F30: =IFERROR(C30-(D30*B30),"") -> 8
A31: BGF로지스대구 | B31: =$B$4 -> 48 | C31: =IFERROR(VLOOKUP(A31,'조인앤조인 피벗'!A:SH,10,FALSE),0) -> 116 | D31: =IFERROR(ROUNDDOWN(C31/B31,0),"") -> 2 | E31: 대구 | F31: =IFERROR(C31-(D31*B31),"") -> 20
A33: 경북(칠곡)합계 | B33: =$B$4 -> 48 | C33: =SUM(C30:C31) -> 220 | D33: =IFERROR(ROUNDDOWN(C33/B33,0),"") -> 4 | F33: =IFERROR(C33-(D33*B33),"") -> 28
A35: BGF로지스나주 | B35: =$B$4 -> 48 | C35: =IFERROR(VLOOKUP(A35,'조인앤조인 피벗'!A:SH,10,FALSE),0) -> 44 | D35: =IFERROR(ROUNDDOWN(C35/B35,0),"") -> 0 | E35: 나주 | F35: =IFERROR(C35-(D35*B35),"") -> 44
A36: 하이로지스 | B36: =$B$4 -> 48 | C36: =IFERROR(VLOOKUP(A36,'조인앤조인 피벗'!A:SH,10,FALSE),0) -> 104 | D36: =IFERROR(ROUNDDOWN(C36/B36,0),"") -> 2 | E36: 하이 | F36: =IFERROR(C36-(D36*B36),"") -> 8
A37: 씨제이김제 | B37: =$B$4 -> 48 | C37: =IFERROR(VLOOKUP(A37,'조인앤조인 피벗'!A:SH,10,FALSE),0) -> 60 | D37: =IFERROR(ROUNDDOWN(C37/B37,0),"") -> 1 | E37: 김제 | F37: =IFERROR(C37-(D37*B37),"") -> 12
A39: 호남권 합계 | B39: =$B$4 -> 48 | C39: =SUM(C35:C37) -> 208 | D39: =IFERROR(ROUNDDOWN(C39/B39,0),"") -> 4 | F39: =IFERROR(C39-(D39*B39),"") -> 16
A41: BGF로지스서귀포 | B41: =$B$4 -> 48 | C41: =IFERROR(VLOOKUP(A41,'조인앤조인 피벗'!A:SH,10,FALSE),0) -> 20 | D41: =IFERROR(ROUNDDOWN(C41/B41,0),"") -> 0 | E41: 서귀포 | F41: =IFERROR(C41-(D41*B41),"") -> 20
A42: BGF로지스제주 | B42: =$B$4 -> 48 | C42: =IFERROR(VLOOKUP(A42,'조인앤조인 피벗'!A:SH,10,FALSE),0) -> 12 | D42: =IFERROR(ROUNDDOWN(C42/B42,0),"") -> 0 | E42: 제주 | F42: =IFERROR(C42-(D42*B42),"") -> 12
A44: 제주권 합계 | B44: =$B$4 -> 48 | C44: =SUM(C41:C42) -> 32 | D44: =IFERROR(ROUNDDOWN(C44/B44,0),"") -> 0 | F44: =IFERROR(C44-(D44*B44),"") -> 32
A46: 총합계 | B46: =$B$4 -> 48 | C46: =SUM(C4:C18,C35:C37,C30:C31,C22:C26,C41:C42) -> 2920 | D46: =IFERROR(ROUNDDOWN(C46/B46,0),"") -> 60 | F46: =IFERROR(C46-(D46*B46),"") -> 40 | G46: 소분박스 | H46: 소분낱개
A47: 총 박스/총 낱개수량 | B47: □ | D47: =SUM(D4:D18,D35:D37,D30:D31,D22:D26,D41:D42) -> 52 | F47: =SUM(F4:F18,F35:F37,F30:F31,F22:F26,F41:F42) -> 424 | G47: =IFERROR(ROUNDDOWN(F47/B35,0),"") -> 8 | H47: =IFERROR(F47-(G47*B35),"") -> 40
C48: =C20+C28+C33+C39+C44 -> 2920 | H48: □
C49: =C48=C46 -> TRUE

Sheet 대신 피벗
A1: 10/19 | B1: 열 레이블
A2: 행 레이블 | B2: 도)깐풍기&표고탕수1 | C2: 도)깐풍기&표고탕수2 | D2: 도)리얼모짜치즈돈까스1 | E2: 도)리얼모짜치즈돈까스2 | F2: 도)리얼치즈고구마돈까스1 | G2: 도)리얼치즈고구마돈까스2 | H2: 도)윙봉칠리탕수득템1 | I2: 도)윙봉칠리탕수득템2 | J2: 도)찍먹윙봉1 | K2: 도)찍먹윙봉2 | L2: 도)찍먹탕수육1 | M2: 도)찍먹탕수육2 | N2: 도)치맥아보트러플치킨1 | O2: 도)치맥아보트러플치킨2 | P2: 도)치즈매콤닭강정감자1 | Q2: 도)치즈매콤닭강정감자2 | R2: 도)치즈청양간장닭강정1 | S2: 도)치즈청양간장닭강정2 | T2: 도)쿵야반반닭강정팩1 | U2: 도)쿵야반반닭강정팩2 | V2: 총합계 | X2: 1편 | Y2: 2편
A3: BGF로지스강릉 | C3: 2 | D3: 4 | E3: 10 | F3: 6 | G3: 23 | H3: 4 | I3: 5 | J3: 1 | K3: 2 | L3: 2 | M3: 6 | O3: 2 | P3: 8 | Q3: 25 | R3: 3 | S3: 4 | T3: 4 | U3: 6 | V3: 117 | X3: =SUM(B3,D3,F3,H3,J3,L3,N3,P3,R3,T3) -> 32 | Y3: =SUM(C3,E3,G3,I3,K3,M3,O3,Q3,S3,U3) -> 85
A4: BGF로지스검단 | B4: 19 | C4: 28 | D4: 22 | E4: 30 | F4: 38 | G4: 84 | H4: 6 | I4: 15 | J4: 6 | K4: 28 | L4: 9 | M4: 20 | N4: 2 | O4: 28 | P4: 43 | Q4: 88 | R4: 11 | S4: 29 | T4: 16 | U4: 21 | V4: 543 | X4: =SUM(B4,D4,F4,H4,J4,L4,N4,P4,R4,T4) -> 172 | Y4: =SUM(C4,E4,G4,I4,K4,M4,O4,Q4,S4,U4) -> 371
A5: BGF로지스광주 | B5: 2 | C5: 22 | D5: 17 | E5: 36 | F5: 27 | G5: 65 | H5: 4 | I5: 12 | J5: 6 | K5: 14 | L5: 4 | M5: 13 | N5: 3 | O5: 13 | P5: 24 | Q5: 74 | R5: 16 | S5: 34 | T5: 8 | U5: 20 | V5: 414 | X5: =SUM(B5,D5,F5,H5,J5,L5,N5,P5,R5,T5) -> 111 | Y5: =SUM(C5,E5,G5,I5,K5,M5,O5,Q5,S5,U5) -> 303
A6: BGF로지스나주 | B6: 4 | C6: 11 | D6: 19 | E6: 20 | F6: 19 | G6: 61 | H6: 3 | I6: 1 | J6: 3 | K6: 6 | M6: 7 | O6: 4 | P6: 23 | Q6: 62 | R6: 4 | S6: 19 | T6: 13 | U6: 14 | V6: 293 | X6: =SUM(B6,D6,F6,H6,J6,L6,N6,P6,R6,T6) -> 88 | Y6: =SUM(C6,E6,G6,I6,K6,M6,O6,Q6,S6,U6) -> 205
A7: BGF로지스대구 | B7: 2 | C7: 9 | D7: 20 | E7: 22 | F7: 22 | G7: 32 | H7: 6 | I7: 5 | J7: 2 | K7: 9 | L7: 6 | M7: 7 | N7: 2 | O7: 5 | P7: 16 | Q7: 46 | R7: 6 | S7: 15 | T7: 19 | U7: 16 | V7: 267 | X7: =SUM(B7,D7,F7,H7,J7,L7,N7,P7,R7,T7) -> 101 | Y7: =SUM(C7,E7,G7,I7,K7,M7,O7,Q7,S7,U7) -> 166
A8: BGF로지스부산 | B8: 5 | C8: 6 | D8: 9 | E8: 12 | F8: 17 | G8: 35 | H8: 5 | I8: 3 | J8: 4 | K8: 5 | L8: 3 | M8: 10 | N8: 2 | O8: 1 | P8: 12 | Q8: 30 | R8: 5 | S8: 12 | T8: 6 | U8: 8 | V8: 190 | X8: =SUM(B8,D8,F8,H8,J8,L8,N8,P8,R8,T8) -> 68 | Y8: =SUM(C8,E8,G8,I8,K8,M8,O8,Q8,S8,U8) -> 122
A9: BGF로지스서귀포 | B9: 3 | D9: 19 | E9: 14 | F9: 17 | G9: 17 | H9: 4 | I9: 1 | J9: 2 | K9: 1 | L9: 2 | N9: 5 | O9: 2 | P9: 17 | Q9: 6 | R9: 7 | S9: 4 | T9: 9 | U9: 7 | V9: 137 | X9: =SUM(B9,D9,F9,H9,J9,L9,N9,P9,R9,T9) -> 85 | Y9: =SUM(C9,E9,G9,I9,K9,M9,O9,Q9,S9,U9) -> 52
A10: BGF로지스서인천1 | B10: 3 | C10: 21 | D10: 16 | E10: 12 | F10: 15 | G10: 57 | H10: 2 | I10: 11 | J10: 7 | K10: 11 | L10: 6 | M10: 21 | N10: 1 | O10: 15 | P10: 19 | Q10: 50 | R10: 12 | S10: 19 | T10: 20 | U10: 14 | V10: 332 | X10: =SUM(B10,D10,F10,H10,J10,L10,N10,P10,R10,T10) -> 101 | Y10: =SUM(C10,E10,G10,I10,K10,M10,O10,Q10,S10,U10) -> 231
A11: BGF로지스서인천2 | B11: 7 | C11: 21 | D11: 17 | E11: 19 | F11: 27 | G11: 56 | H11: 3 | I11: 15 | J11: 9 | K11: 9 | L11: 6 | M11: 22 | N11: 7 | O11: 5 | P11: 23 | Q11: 75 | R11: 8 | S11: 12 | T11: 11 | U11: 18 | V11: 370 | X11: =SUM(B11,D11,F11,H11,J11,L11,N11,P11,R11,T11) -> 118 | Y11: =SUM(C11,E11,G11,I11,K11,M11,O11,Q11,S11,U11) -> 252
A12: BGF로지스아산 | B12: 3 | C12: 7 | D12: 13 | E12: 16 | F12: 12 | G12: 33 | H12: 3 | I12: 3 | J12: 4 | K12: 7 | L12: 5 | M12: 5 | N12: 1 | O12: 2 | P12: 14 | Q12: 30 | R12: 4 | S12: 12 | T12: 4 | U12: 7 | V12: 185 | X12: =SUM(B12,D12,F12,H12,J12,L12,N12,P12,R12,T12) -> 63 | Y12: =SUM(C12,E12,G12,I12,K12,M12,O12,Q12,S12,U12) -> 122
A13: BGF로지스안성 | B13: 1 | C13: 9 | D13: 11 | E13: 11 | F13: 13 | G13: 25 | I13: 5 | J13: 1 | K13: 7 | L13: 2 | M13: 7 | N13: 2 | O13: 2 | P13: 13 | Q13: 33 | R13: 5 | S13: 15 | T13: 7 | U13: 10 | V13: 179 | X13: =SUM(B13,D13,F13,H13,J13,L13,N13,P13,R13,T13) -> 55 | Y13: =SUM(C13,E13,G13,I13,K13,M13,O13,Q13,S13,U13) -> 124
A14: BGF로지스양주 | B14: 1 | C14: 7 | D14: 11 | E14: 15 | F14: 21 | G14: 41 | H14: 1 | I14: 3 | J14: 3 | K14: 10 | L14: 1 | M14: 7 | N14: 1 | P14: 19 | Q14: 28 | R14: 5 | S14: 10 | T14: 6 | U14: 7 | V14: 197 | X14: =SUM(B14,D14,F14,H14,J14,L14,N14,P14,R14,T14) -> 69 | Y14: =SUM(C14,E14,G14,I14,K14,M14,O14,Q14,S14,U14) -> 128
A15: BGF로지스제주 | B15: 1 | D15: 13 | E15: 20 | F15: 22 | G15: 23 | H15: 1 | I15: 3 | J15: 2 | K15: 1 | L15: 1 | N15: 1 | P15: 12 | Q15: 6 | R15: 7 | S15: 5 | T15: 11 | U15: 5 | V15: 134 | X15: =SUM(B15,D15,F15,H15,J15,L15,N15,P15,R15,T15) -> 71 | Y15: =SUM(C15,E15,G15,I15,K15,M15,O15,Q15,S15,U15) -> 63
A16: BGF로지스진주 | B16: 1 | C16: 3 | D16: 6 | E16: 14 | F16: 21 | G16: 49 | H16: 1 | I16: 3 | J16: 1 | K16: 3 | L16: 4 | M16: 7 | N16: 1 | O16: 5 | P16: 12 | Q16: 38 | R16: 5 | S16: 10 | T16: 6 | U16: 11 | V16: 201 | X16: =SUM(B16,D16,F16,H16,J16,L16,N16,P16,R16,T16) -> 58 | Y16: =SUM(C16,E16,G16,I16,K16,M16,O16,Q16,S16,U16) -> 143
A17: BGF로지스진천 | B17: 1 | C17: 6 | D17: 9 | E17: 18 | F17: 13 | G17: 34 | H17: 3 | I17: 9 | J17: 1 | K17: 5 | M17: 7 | O17: 3 | P17: 12 | Q17: 46 | R17: 5 | S17: 19 | T17: 9 | U17: 12 | V17: 212 | X17: =SUM(B17,D17,F17,H17,J17,L17,N17,P17,R17,T17) -> 53 | Y17: =SUM(C17,E17,G17,I17,K17,M17,O17,Q17,S17,U17) -> 159
A18: BGF로지스화성 | B18: 2 | C18: 5 | D18: 11 | E18: 17 | F18: 14 | G18: 21 | H18: 2 | I18: 4 | J18: 2 | K18: 3 | L18: 4 | M18: 5 | N18: 1 | O18: 2 | P18: 9 | Q18: 24 | R18: 2 | S18: 8 | T18: 5 | U18: 6 | V18: 147 | X18: =SUM(B18,D18,F18,H18,J18,L18,N18,P18,R18,T18) -> 52 | Y18: =SUM(C18,E18,G18,I18,K18,M18,O18,Q18,S18,U18) -> 95
A19: 극동로지스 | B19: 5 | C19: 5 | D19: 9 | E19: 5 | F19: 16 | G19: 31 | I19: 2 | J19: 2 | K19: 3 | L19: 5 | M19: 10 | N19: 1 | O19: 3 | P19: 16 | Q19: 36 | R19: 5 | S19: 9 | T19: 3 | U19: 4 | V19: 170 | X19: =SUM(B19,D19,F19,H19,J19,L19,N19,P19,R19,T19) -> 62 | Y19: =SUM(C19,E19,G19,I19,K19,M19,O19,Q19,S19,U19) -> 108
A20: 동부로지스 | B20: 4 | C20: 8 | D20: 9 | E20: 14 | F20: 11 | G20: 36 | H20: 2 | I20: 5 | J20: 1 | K20: 7 | L20: 2 | M20: 5 | N20: 1 | O20: 2 | P20: 16 | Q20: 35 | R20: 7 | S20: 10 | T20: 7 | U20: 14 | V20: 196 | X20: =SUM(B20,D20,F20,H20,J20,L20,N20,P20,R20,T20) -> 60 | Y20: =SUM(C20,E20,G20,I20,K20,M20,O20,Q20,S20,U20) -> 136
A21: 씨제이경산 | B21: 3 | C21: 10 | D21: 15 | E21: 22 | F21: 26 | G21: 44 | H21: 5 | I21: 4 | J21: 5 | K21: 4 | L21: 4 | M21: 8 | N21: 1 | O21: 5 | P21: 17 | Q21: 52 | R21: 7 | S21: 10 | T21: 4 | U21: 9 | V21: 255 | X21: =SUM(B21,D21,F21,H21,J21,L21,N21,P21,R21,T21) -> 87 | Y21: =SUM(C21,E21,G21,I21,K21,M21,O21,Q21,S21,U21) -> 168
A22: 씨제이군포 | B22: 9 | C22: 19 | D22: 16 | E22: 29 | F22: 23 | G22: 65 | H22: 3 | I22: 8 | J22: 4 | K22: 13 | L22: 9 | M22: 23 | N22: 3 | O22: 4 | P22: 17 | Q22: 61 | R22: 10 | S22: 21 | T22: 8 | U22: 23 | V22: 368 | X22: =SUM(B22,D22,F22,H22,J22,L22,N22,P22,R22,T22) -> 102 | Y22: =SUM(C22,E22,G22,I22,K22,M22,O22,Q22,S22,U22) -> 266
A23: 씨제이김제 | B23: 1 | C23: 9 | D23: 7 | E23: 16 | F23: 15 | G23: 28 | H23: 2 | I23: 5 | K23: 9 | M23: 1 | N23: 1 | O23: 5 | P23: 10 | Q23: 28 | R23: 4 | S23: 9 | T23: 20 | U23: 19 | V23: 189 | X23: =SUM(B23,D23,F23,H23,J23,L23,N23,P23,R23,T23) -> 60 | Y23: =SUM(C23,E23,G23,I23,K23,M23,O23,Q23,S23,U23) -> 129
A24: 씨제이오산 | B24: 6 | C24: 20 | D24: 19 | E24: 40 | F24: 59 | G24: 84 | H24: 5 | I24: 7 | J24: 4 | K24: 18 | L24: 5 | M24: 23 | N24: 2 | O24: 10 | P24: 55 | Q24: 56 | R24: 4 | S24: 20 | T24: 17 | U24: 24 | V24: 478 | X24: =SUM(B24,D24,F24,H24,J24,L24,N24,P24,R24,T24) -> 176 | Y24: =SUM(C24,E24,G24,I24,K24,M24,O24,Q24,S24,U24) -> 302
A25: 아신 | B25: 5 | C25: 10 | D25: 6 | E25: 20 | F25: 12 | G25: 64 | H25: 3 | I25: 10 | J25: 2 | K25: 9 | L25: 2 | M25: 14 | N25: 1 | O25: 9 | P25: 15 | Q25: 68 | R25: 4 | S25: 24 | T25: 9 | U25: 14 | V25: 301 | X25: =SUM(B25,D25,F25,H25,J25,L25,N25,P25,R25,T25) -> 59 | Y25: =SUM(C25,E25,G25,I25,K25,M25,O25,Q25,S25,U25) -> 242
A26: 엑소후레쉬양산 | B26: 2 | C26: 6 | D26: 15 | E26: 16 | F26: 29 | G26: 43 | H26: 4 | I26: 3 | J26: 6 | K26: 4 | L26: 1 | M26: 17 | N26: 5 | O26: 3 | P26: 30 | Q26: 41 | R26: 8 | S26: 8 | T26: 6 | U26: 5 | V26: 252 | X26: =SUM(B26,D26,F26,H26,J26,L26,N26,P26,R26,T26) -> 106 | Y26: =SUM(C26,E26,G26,I26,K26,M26,O26,Q26,S26,U26) -> 146
A27: 하이로지스 | B27: 3 | C27: 4 | D27: 7 | E27: 14 | F27: 11 | G27: 31 | H27: 2 | I27: 7 | J27: 2 | K27: 5 | L27: 1 | M27: 5 | N27: 1 | O27: 2 | P27: 12 | Q27: 42 | R27: 3 | S27: 8 | T27: 7 | U27: 6 | V27: 173 | X27: =SUM(B27,D27,F27,H27,J27,L27,N27,P27,R27,T27) -> 49 | Y27: =SUM(C27,E27,G27,I27,K27,M27,O27,Q27,S27,U27) -> 124
A28: 화인로지텍 | B28: 3 | C28: 9 | D28: 11 | E28: 16 | F28: 9 | G28: 24 | H28: 4 | I28: 3 | J28: 2 | K28: 5 | L28: 5 | M28: 7 | N28: 2 | O28: 6 | P28: 6 | Q28: 31 | R28: 5 | S28: 8 | T28: 8 | U28: 6 | V28: 170 | X28: =SUM(B28,D28,F28,H28,J28,L28,N28,P28,R28,T28) -> 55 | Y28: =SUM(C28,E28,G28,I28,K28,M28,O28,Q28,S28,U28) -> 115
A29: 총합계 | B29: 96 | C29: 257 | D29: 331 | E29: 478 | F29: 515 | G29: 1106 | H29: 78 | I29: 152 | J29: 82 | K29: 198 | L29: 89 | M29: 257 | N29: 47 | O29: 138 | P29: 470 | Q29: 1111 | R29: 162 | S29: 354 | T29: 243 | U29: 306 | V29: 6470 | X29: =SUM(X3:X28) -> 2113 | Y29: =SUM(C29,E29,G29,I29,K29,M29,O29,Q29,S29,U29) -> 4357

Sheet 도)깐풍기&표고탕수1
A2: =TODAY() -> 46314 | B2: 호연(대신) 1편 □
A3: 행 레이블 | B3: 입수 | C3: 도)깐풍기&표고탕수1 | D3: 박스 | E3: 센터명 | F3: 낱개
A4: BGF로지스강릉 | B4: 36 | C4: =IFERROR(VLOOKUP(A4,'대신 피벗'!A:ST,2,FALSE),0) -> 0 | D4: =IFERROR(ROUNDDOWN(C4/B4,0),"") -> 0 | E4: 강릉 | F4: =IFERROR(C4-(D4*B4),"") -> 0
A5: BGF로지스검단 | B5: =$B$4 -> 36 | C5: =IFERROR(VLOOKUP(A5,'대신 피벗'!A:ST,2,FALSE),0) -> 19 | D5: =IFERROR(ROUNDDOWN(C5/B5,0),"") -> 0 | E5: 검단 | F5: =IFERROR(C5-(D5*B5),"") -> 19
A6: BGF로지스서인천1 | B6: =$B$4 -> 36 | C6: =IFERROR(VLOOKUP(A6,'대신 피벗'!A:ST,2,FALSE),0) -> 3 | D6: =IFERROR(ROUNDDOWN(C6/B6,0),"") -> 0 | E6: 서인천1 | F6: =IFERROR(C6-(D6*B6),"") -> 3
A7: BGF로지스서인천2 | B7: =$B$4 -> 36 | C7: =IFERROR(VLOOKUP(A7,'대신 피벗'!A:ST,2,FALSE),0) -> 7 | D7: =IFERROR(ROUNDDOWN(C7/B7,0),"") -> 0 | E7: 서인천2 | F7: =IFERROR(C7-(D7*B7),"") -> 7
A8: BGF로지스진천 | B8: =$B$4 -> 36 | C8: =IFERROR(VLOOKUP(A8,'대신 피벗'!A:ST,2,FALSE),0) -> 1 | D8: =IFERROR(ROUNDDOWN(C8/B8,0),"") -> 0 | E8: 진천 | F8: =IFERROR(C8-(D8*B8),"") -> 1
A9: BGF로지스안성 | B9: =$B$4 -> 36 | C9: =IFERROR(VLOOKUP(A9,'대신 피벗'!A:ST,2,FALSE),0) -> 1 | D9: =IFERROR(ROUNDDOWN(C9/B9,0),"") -> 0 | E9: 안성 | F9: =IFERROR(C9-(D9*B9),"") -> 1
A10: BGF로지스아산 | B10: =$B$4 -> 36 | C10: =IFERROR(VLOOKUP(A10,'대신 피벗'!A:ST,2,FALSE),0) -> 3 | D10: =IFERROR(ROUNDDOWN(C10/B10,0),"") -> 0 | E10: 아산 | F10: =IFERROR(C10-(D10*B10),"") -> 3
A11: 화인로지텍 | B11: =$B$4 -> 36 | C11: =IFERROR(VLOOKUP(A11,'대신 피벗'!A:ST,2,FALSE),0) -> 3 | D11: =IFERROR(ROUNDDOWN(C11/B11,0),"") -> 0 | E11: 화인 | F11: =IFERROR(C11-(D11*B11),"") -> 3
A12: 아신 | B12: =$B$4 -> 36 | C12: =IFERROR(VLOOKUP(A12,'대신 피벗'!A:ST,2,FALSE),0) -> 5 | D12: =IFERROR(ROUNDDOWN(C12/B12,0),"") -> 0 | E12: 아신 | F12: =IFERROR(C12-(D12*B12),"") -> 5
A13: 씨제이오산 | B13: =$B$4 -> 36 | C13: =IFERROR(VLOOKUP(A13,'대신 피벗'!A:ST,2,FALSE),0) -> 6 | D13: =IFERROR(ROUNDDOWN(C13/B13,0),"") -> 0 | E13: 오산 | F13: =IFERROR(C13-(D13*B13),"") -> 6
A14: 씨제이군포 | B14: =$B$4 -> 36 | C14: =IFERROR(VLOOKUP(A14,'대신 피벗'!A:ST,2,FALSE),0) -> 9 | D14: =IFERROR(ROUNDDOWN(C14/B14,0),"") -> 0 | E14: 군포 | F14: =IFERROR(C14-(D14*B14),"") -> 9
A15: BGF로지스광주 | B15: =$B$4 -> 36 | C15: =IFERROR(VLOOKUP(A15,'대신 피벗'!A:ST,2,FALSE),0) -> 2 | D15: =IFERROR(ROUNDDOWN(C15/B15,0),"") -> 0 | E15: 광주 | F15: =IFERROR(C15-(D15*B15),"") -> 2
A16: BGF로지스양주 | B16: =$B$4 -> 36 | C16: =IFERROR(VLOOKUP(A16,'대신 피벗'!A:ST,2,FALSE),0) -> 1 | D16: =IFERROR(ROUNDDOWN(C16/B16,0),"") -> 0 | E16: 양주 | F16: =IFERROR(C16-(D16*B16),"") -> 1
... A18: 동부로지스 | B18: =$B$4 -> 36 | C18: =IFERROR(VLOOKUP(A18,'대신 피벗'!A:ST,2,FALSE),0) -> 4 | D18: =IFERROR(ROUNDDOWN(C18/B18,0),"") -> 0 | E18: 동부 | F18: =IFERROR(C18-(D18*B18),"") -> 4
A20: 수도권 합계 | B20: =$B$4 -> 36 | C20: =SUM(C4:C18) -> 66 | D20: =IFERROR(ROUNDDOWN(C20/B20,0),"") -> 1 | F20: =IFERROR(C20-(D20*B20),"") -> 30
A22: 엑소후레쉬양산 | B22: =$B$4 -> 36 | C22: =IFERROR(VLOOKUP(A22,'대신 피벗'!A:ST,2,FALSE),0) -> 2 | D22: =IFERROR(ROUNDDOWN(C22/B22,0),"") -> 0 | E22: 양산 | F22: =IFERROR(C22-(D22*B22),"") -> 2
A23: 극동로지스 | B23: =$B$4 -> 36 | C23: =IFERROR(VLOOKUP(A23,'대신 피벗'!A:ST,2,FALSE),0) -> 5 | D23: =IFERROR(ROUNDDOWN(C23/B23,0),"") -> 0 | E23: 극동 | F23: =IFERROR(C23-(D23*B23),"") -> 5
A24: 김해물류 | B24: =$B$4 -> 36 | C24: =IFERROR(VLOOKUP(A24,'대신 피벗'!A:ST,2,FALSE),0) -> 0 | D24: =IFERROR(ROUNDDOWN(C24/B24,0),"") -> 0 | E24: 김해 | F24: =IFERROR(C24-(D24*B24),"") -> 0
A25: BGF로지스부산 | B25: =$B$4 -> 36 | C25: =IFERROR(VLOOKUP(A25,'대신 피벗'!A:ST,2,FALSE),0) -> 5 | D25: =IFERROR(ROUNDDOWN(C25/B25,0),"") -> 0 | E25: 부산 | F25: =IFERROR(C25-(D25*B25),"") -> 5
A26: BGF로지스진주 | B26: =$B$4 -> 36 | C26: =IFERROR(VLOOKUP(A26,'대신 피벗'!A:ST,2,FALSE),0) -> 1 | D26: =IFERROR(ROUNDDOWN(C26/B26,0),"") -> 0 | E26: 진주 | F26: =IFERROR(C26-(D26*B26),"") -> 1
A28: 경남(김해)합계 | B28: =$B$4 -> 36 | C28: =SUM(C22:C26) -> 13 | D28: =IFERROR(ROUNDDOWN(C28/B28,0),"") -> 0 | F28: =IFERROR(C28-(D28*B28),"") -> 13
A30: 씨제이경산 | B30: =$B$4 -> 36 | C30: =IFERROR(VLOOKUP(A30,'대신 피벗'!A:ST,2,FALSE),0) -> 3 | D30: =IFERROR(ROUNDDOWN(C30/B30,0),"") -> 0 | E30: 경산 | F30: =IFERROR(C30-(D30*B30),"") -> 3
A31: BGF로지스대구 | B31: =$B$4 -> 36 | C31: =IFERROR(VLOOKUP(A31,'대신 피벗'!A:ST,2,FALSE),0) -> 2 | D31: =IFERROR(ROUNDDOWN(C31/B31,0),"") -> 0 | E31: 대구 | F31: =IFERROR(C31-(D31*B31),"") -> 2
A33: 경북(칠곡)합계 | B33: =$B$4 -> 36 | C33: =SUM(C30:C31) -> 5 | D33: =IFERROR(ROUNDDOWN(C33/B33,0),"") -> 0 | F33: =IFERROR(C33-(D33*B33),"") -> 5
A35: BGF로지스나주 | B35: =$B$4 -> 36 | C35: =IFERROR(VLOOKUP(A35,'대신 피벗'!A:ST,2,FALSE),0) -> 4 | D35: =IFERROR(ROUNDDOWN(C35/B35,0),"") -> 0 | E35: 나주 | F35: =IFERROR(C35-(D35*B35),"") -> 4
A36: 하이로지스 | B36: =$B$4 -> 36 | C36: =IFERROR(VLOOKUP(A36,'대신 피벗'!A:ST,2,FALSE),0) -> 3 | D36: =IFERROR(ROUNDDOWN(C36/B36,0),"") -> 0 | E36: 하이 | F36: =IFERROR(C36-(D36*B36),"") -> 3
A37: 씨제이김제 | B37: =$B$4 -> 36 | C37: =IFERROR(VLOOKUP(A37,'대신 피벗'!A:ST,2,FALSE),0) -> 1 | D37: =IFERROR(ROUNDDOWN(C37/B37,0),"") -> 0 | E37: 김제 | F37: =IFERROR(C37-(D37*B37),"") -> 1
A39: 호남권 합계 | B39: =$B$4 -> 36 | C39: =SUM(C35:C37) -> 8 | D39: =IFERROR(ROUNDDOWN(C39/B39,0),"") -> 0 | F39: =IFERROR(C39-(D39*B39),"") -> 8
A41: BGF로지스서귀포 | B41: =$B$4 -> 36 | C41: =IFERROR(VLOOKUP(A41,'대신 피벗'!A:ST,2,FALSE),0) -> 3 | D41: =IFERROR(ROUNDDOWN(C41/B41,0),"") -> 0 | E41: 서귀포 | F41: =IFERROR(C41-(D41*B41),"") -> 3
A42: BGF로지스제주 | B42: =$B$4 -> 36 | C42: =IFERROR(VLOOKUP(A42,'대신 피벗'!A:ST,2,FALSE),0) -> 1 | D42: =IFERROR(ROUNDDOWN(C42/B42,0),"") -> 0 | E42: 제주 | F42: =IFERROR(C42-(D42*B42),"") -> 1
A44: 제주권 합계 | B44: =$B$4 -> 36 | C44: =SUM(C41:C42) -> 4 | D44: =IFERROR(ROUNDDOWN(C44/B44,0),"") -> 0 | F44: =IFERROR(C44-(D44*B44),"") -> 4
A46: 총합계 | B46: =$B$4 -> 36 | C46: =SUM(C4:C18,C35:C37,C30:C31,C22:C26,C41:C42) -> 96 | D46: =IFERROR(ROUNDDOWN(C46/B46,0),"") -> 2 | F46: =IFERROR(C46-(D46*B46),"") -> 24 | G46: 소분박스 | H46: 소분낱개
A47: 총 박스/총 낱개수량 | B47: □ | D47: =SUM(D4:D18,D35:D37,D30:D31,D22:D26,D41:D42) -> 0 | F47: =SUM(F4:F18,F35:F37,F30:F31,F22:F26,F41:F42) -> 96 | G47: =IFERROR(ROUNDDOWN(F47/B35,0),"") -> 2 | H47: =IFERROR(F47-(G47*B35),"") -> 24
C48: =C20+C28+C33+C39+C44 -> 96 | H48: □
C49: =C48=C46 -> TRUE

Sheet 도)깐풍기&표고탕수2
A2: =TODAY() -> 46314 | B2: 호연(대신) 2편 □
A3: 행 레이블 | B3: 입수 | C3: 도)깐풍기&표고탕수2 | D3: 박스 | E3: 센터명 | F3: 낱개
A4: BGF로지스강릉 | B4: 36 | C4: =IFERROR(VLOOKUP(A4,'대신 피벗'!A:ST,3,FALSE),0) -> 2 | D4: =IFERROR(ROUNDDOWN(C4/B4,0),"") -> 0 | E4: 강릉 | F4: =IFERROR(C4-(D4*B4),"") -> 2
A5: BGF로지스검단 | B5: =$B$4 -> 36 | C5: =IFERROR(VLOOKUP(A5,'대신 피벗'!A:ST,3,FALSE),0) -> 28 | D5: =IFERROR(ROUNDDOWN(C5/B5,0),"") -> 0 | E5: 검단 | F5: =IFERROR(C5-(D5*B5),"") -> 28
A6: BGF로지스서인천1 | B6: =$B$4 -> 36 | C6: =IFERROR(VLOOKUP(A6,'대신 피벗'!A:ST,3,FALSE),0) -> 21 | D6: =IFERROR(ROUNDDOWN(C6/B6,0),"") -> 0 | E6: 서인천1 | F6: =IFERROR(C6-(D6*B6),"") -> 21
A7: BGF로지스서인천2 | B7: =$B$4 -> 36 | C7: =IFERROR(VLOOKUP(A7,'대신 피벗'!A:ST,3,FALSE),0) -> 21 | D7: =IFERROR(ROUNDDOWN(C7/B7,0),"") -> 0 | E7: 서인천2 | F7: =IFERROR(C7-(D7*B7),"") -> 21
A8: BGF로지스진천 | B8: =$B$4 -> 36 | C8: =IFERROR(VLOOKUP(A8,'대신 피벗'!A:ST,3,FALSE),0) -> 6 | D8: =IFERROR(ROUNDDOWN(C8/B8,0),"") -> 0 | E8: 진천 | F8: =IFERROR(C8-(D8*B8),"") -> 6
A9: BGF로지스안성 | B9: =$B$4 -> 36 | C9: =IFERROR(VLOOKUP(A9,'대신 피벗'!A:ST,3,FALSE),0) -> 9 | D9: =IFERROR(ROUNDDOWN(C9/B9,0),"") -> 0 | E9: 안성 | F9: =IFERROR(C9-(D9*B9),"") -> 9
A10: BGF로지스아산 | B10: =$B$4 -> 36 | C10: =IFERROR(VLOOKUP(A10,'대신 피벗'!A:ST,3,FALSE),0) -> 7 | D10: =IFERROR(ROUNDDOWN(C10/B10,0),"") -> 0 | E10: 아산 | F10: =IFERROR(C10-(D10*B10),"") -> 7
A11: 화인로지텍 | B11: =$B$4 -> 36 | C11: =IFERROR(VLOOKUP(A11,'대신 피벗'!A:ST,3,FALSE),0) -> 9 | D11: =IFERROR(ROUNDDOWN(C11/B11,0),"") -> 0 | E11: 화인 | F11: =IFERROR(C11-(D11*B11),"") -> 9
A12: 아신 | B12: =$B$4 -> 36 | C12: =IFERROR(VLOOKUP(A12,'대신 피벗'!A:ST,3,FALSE),0) -> 10 | D12: =IFERROR(ROUNDDOWN(C12/B12,0),"") -> 0 | E12: 아신 | F12: =IFERROR(C12-(D12*B12),"") -> 10
A13: 씨제이오산 | B13: =$B$4 -> 36 | C13: =IFERROR(VLOOKUP(A13,'대신 피벗'!A:ST,3,FALSE),0) -> 20 | D13: =IFERROR(ROUNDDOWN(C13/B13,0),"") -> 0 | E13: 오산 | F13: =IFERROR(C13-(D13*B13),"") -> 20
A14: 씨제이군포 | B14: =$B$4 -> 36 | C14: =IFERROR(VLOOKUP(A14,'대신 피벗'!A:ST,3,FALSE),0) -> 19 | D14: =IFERROR(ROUNDDOWN(C14/B14,0),"") -> 0 | E14: 군포 | F14: =IFERROR(C14-(D14*B14),"") -> 19
A15: BGF로지스광주 | B15: =$B$4 -> 36 | C15: =IFERROR(VLOOKUP(A15,'대신 피벗'!A:ST,3,FALSE),0) -> 22 | D15: =IFERROR(ROUNDDOWN(C15/B15,0),"") -> 0 | E15: 광주 | F15: =IFERROR(C15-(D15*B15),"") -> 22
A16: BGF로지스양주 | B16: =$B$4 -> 36 | C16: =IFERROR(VLOOKUP(A16,'대신 피벗'!A:ST,3,FALSE),0) -> 7 | D16: =IFERROR(ROUNDDOWN(C16/B16,0),"") -> 0 | E16: 양주 | F16: =IFERROR(C16-(D16*B16),"") -> 7
... A18: 동부로지스 | B18: =$B$4 -> 36 | C18: =IFERROR(VLOOKUP(A18,'대신 피벗'!A:ST,3,FALSE),0) -> 8 | D18: =IFERROR(ROUNDDOWN(C18/B18,0),"") -> 0 | E18: 동부 | F18: =IFERROR(C18-(D18*B18),"") -> 8
A20: 수도권 합계 | B20: =$B$4 -> 36 | C20: =SUM(C4:C18) -> 194 | D20: =IFERROR(ROUNDDOWN(C20/B20,0),"") -> 5 | F20: =IFERROR(C20-(D20*B20),"") -> 14
A22: 엑소후레쉬양산 | B22: =$B$4 -> 36 | C22: =IFERROR(VLOOKUP(A22,'대신 피벗'!A:ST,3,FALSE),0) -> 6 | D22: =IFERROR(ROUNDDOWN(C22/B22,0),"") -> 0 | E22: 양산 | F22: =IFERROR(C22-(D22*B22),"") -> 6
A23: 극동로지스 | B23: =$B$4 -> 36 | C23: =IFERROR(VLOOKUP(A23,'대신 피벗'!A:ST,3,FALSE),0) -> 5 | D23: =IFERROR(ROUNDDOWN(C23/B23,0),"") -> 0 | E23: 극동 | F23: =IFERROR(C23-(D23*B23),"") -> 5
A24: 김해물류 | B24: =$B$4 -> 36 | C24: =IFERROR(VLOOKUP(A24,'대신 피벗'!A:ST,3,FALSE),0) -> 0 | D24: =IFERROR(ROUNDDOWN(C24/B24,0),"") -> 0 | E24: 김해 | F24: =IFERROR(C24-(D24*B24),"") -> 0
A25: BGF로지스부산 | B25: =$B$4 -> 36 | C25: =IFERROR(VLOOKUP(A25,'대신 피벗'!A:ST,3,FALSE),0) -> 6 | D25: =IFERROR(ROUNDDOWN(C25/B25,0),"") -> 0 | E25: 부산 | F25: =IFERROR(C25-(D25*B25),"") -> 6
A26: BGF로지스진주 | B26: =$B$4 -> 36 | C26: =IFERROR(VLOOKUP(A26,'대신 피벗'!A:ST,3,FALSE),0) -> 3 | D26: =IFERROR(ROUNDDOWN(C26/B26,0),"") -> 0 | E26: 진주 | F26: =IFERROR(C26-(D26*B26),"") -> 3
A28: 경남(김해)합계 | B28: =$B$4 -> 36 | C28: =SUM(C22:C26) -> 20 | D28: =IFERROR(ROUNDDOWN(C28/B28,0),"") -> 0 | F28: =IFERROR(C28-(D28*B28),"") -> 20
A30: 씨제이경산 | B30: =$B$4 -> 36 | C30: =IFERROR(VLOOKUP(A30,'대신 피벗'!A:ST,3,FALSE),0) -> 10 | D30: =IFERROR(ROUNDDOWN(C30/B30,0),"") -> 0 | E30: 경산 | F30: =IFERROR(C30-(D30*B30),"") -> 10
A31: BGF로지스대구 | B31: =$B$4 -> 36 | C31: =IFERROR(VLOOKUP(A31,'대신 피벗'!A:ST,3,FALSE),0) -> 9 | D31: =IFERROR(ROUNDDOWN(C31/B31,0),"") -> 0 | E31: 대구 | F31: =IFERROR(C31-(D31*B31),"") -> 9
A33: 경북(칠곡)합계 | B33: =$B$4 -> 36 | C33: =SUM(C30:C31) -> 19 | D33: =IFERROR(ROUNDDOWN(C33/B33,0),"") -> 0 | F33: =IFERROR(C33-(D33*B33),"") -> 19
A35: BGF로지스나주 | B35: =$B$4 -> 36 | C35: =IFERROR(VLOOKUP(A35,'대신 피벗'!A:ST,3,FALSE),0) -> 11 | D35: =IFERROR(ROUNDDOWN(C35/B35,0),"") -> 0 | E35: 나주 | F35: =IFERROR(C35-(D35*B35),"") -> 11
A36: 하이로지스 | B36: =$B$4 -> 36 | C36: =IFERROR(VLOOKUP(A36,'대신 피벗'!A:ST,3,FALSE),0) -> 4 | D36: =IFERROR(ROUNDDOWN(C36/B36,0),"") -> 0 | E36: 하이 | F36: =IFERROR(C36-(D36*B36),"") -> 4
A37: 씨제이김제 | B37: =$B$4 -> 36 | C37: =IFERROR(VLOOKUP(A37,'대신 피벗'!A:ST,3,FALSE),0) -> 9 | D37: =IFERROR(ROUNDDOWN(C37/B37,0),"") -> 0 | E37: 김제 | F37: =IFERROR(C37-(D37*B37),"") -> 9
A39: 호남권 합계 | B39: =$B$4 -> 36 | C39: =SUM(C35:C37) -> 24 | D39: =IFERROR(ROUNDDOWN(C39/B39,0),"") -> 0 | F39: =IFERROR(C39-(D39*B39),"") -> 24
A41: BGF로지스서귀포 | B41: =$B$4 -> 36 | C41: =IFERROR(VLOOKUP(A41,'대신 피벗'!A:ST,3,FALSE),0) -> 0 | D41: =IFERROR(ROUNDDOWN(C41/B41,0),"") -> 0 | E41: 서귀포 | F41: =IFERROR(C41-(D41*B41),"") -> 0
A42: BGF로지스제주 | B42: =$B$4 -> 36 | C42: =IFERROR(VLOOKUP(A42,'대신 피벗'!A:ST,3,FALSE),0) -> 0 | D42: =IFERROR(ROUNDDOWN(C42/B42,0),"") -> 0 | E42: 제주 | F42: =IFERROR(C42-(D42*B42),"") -> 0
A44: 제주권 합계 | B44: =$B$4 -> 36 | C44: =SUM(C41:C42) -> 0 | D44: =IFERROR(ROUNDDOWN(C44/B44,0),"") -> 0 | F44: =IFERROR(C44-(D44*B44),"") -> 0
A46: 총합계 | B46: =$B$4 -> 36 | C46: =SUM(C4:C18,C35:C37,C30:C31,C22:C26,C41:C42) -> 257 | D46: =IFERROR(ROUNDDOWN(C46/B46,0),"") -> 7 | F46: =IFERROR(C46-(D46*B46),"") -> 5 | G46: 소분박스 | H46: 소분낱개
A47: 총 박스/총 낱개수량 | B47: □ | D47: =SUM(D4:D18,D35:D37,D30:D31,D22:D26,D41:D42) -> 0 | F47: =SUM(F4:F18,F35:F37,F30:F31,F22:F26,F41:F42) -> 257 | G47: =IFERROR(ROUNDDOWN(F47/B35,0),"") -> 7 | H47: =IFERROR(F47-(G47*B35),"") -> 5
C48: =C20+C28+C33+C39+C44 -> 257 | H48: □
C49: =C48=C46 -> TRUE

Sheet 도)리얼모짜치즈돈까스1
A2: =TODAY() -> 46314 | B2: 호연(대신) 1편 □
A3: 행 레이블 | B3: 입수 | C3: 도)리얼모짜치즈돈까스1 | D3: 박스 | E3: 센터명 | F3: 낱개
A4: BGF로지스강릉 | B4: 30 | C4: =IFERROR(VLOOKUP(A4,'대신 피벗'!A:ST,4,FALSE),0) -> 4 | D4: =IFERROR(ROUNDDOWN(C4/B4,0),"") -> 0 | E4: 강릉 | F4: =IFERROR(C4-(D4*B4),"") -> 4
A5: BGF로지스검단 | B5: =$B$4 -> 30 | C5: =IFERROR(VLOOKUP(A5,'대신 피벗'!A:ST,4,FALSE),0) -> 22 | D5: =IFERROR(ROUNDDOWN(C5/B5,0),"") -> 0 | E5: 검단 | F5: =IFERROR(C5-(D5*B5),"") -> 22
A6: BGF로지스서인천1 | B6: =$B$4 -> 30 | C6: =IFERROR(VLOOKUP(A6,'대신 피벗'!A:ST,4,FALSE),0) -> 16 | D6: =IFERROR(ROUNDDOWN(C6/B6,0),"") -> 0 | E6: 서인천1 | F6: =IFERROR(C6-(D6*B6),"") -> 16
A7: BGF로지스서인천2 | B7: =$B$4 -> 30 | C7: =IFERROR(VLOOKUP(A7,'대신 피벗'!A:ST,4,FALSE),0) -> 17 | D7: =IFERROR(ROUNDDOWN(C7/B7,0),"") -> 0 | E7: 서인천2 | F7: =IFERROR(C7-(D7*B7),"") -> 17
A8: BGF로지스진천 | B8: =$B$4 -> 30 | C8: =IFERROR(VLOOKUP(A8,'대신 피벗'!A:ST,4,FALSE),0) -> 9 | D8: =IFERROR(ROUNDDOWN(C8/B8,0),"") -> 0 | E8: 진천 | F8: =IFERROR(C8-(D8*B8),"") -> 9
A9: BGF로지스안성 | B9: =$B$4 -> 30 | C9: =IFERROR(VLOOKUP(A9,'대신 피벗'!A:ST,4,FALSE),0) -> 11 | D9: =IFERROR(ROUNDDOWN(C9/B9,0),"") -> 0 | E9: 안성 | F9: =IFERROR(C9-(D9*B9),"") -> 11
A10: BGF로지스아산 | B10: =$B$4 -> 30 | C10: =IFERROR(VLOOKUP(A10,'대신 피벗'!A:ST,4,FALSE),0) -> 13 | D10: =IFERROR(ROUNDDOWN(C10/B10,0),"") -> 0 | E10: 아산 | F10: =IFERROR(C10-(D10*B10),"") -> 13
A11: 화인로지텍 | B11: =$B$4 -> 30 | C11: =IFERROR(VLOOKUP(A11,'대신 피벗'!A:ST,4,FALSE),0) -> 11 | D11: =IFERROR(ROUNDDOWN(C11/B11,0),"") -> 0 | E11: 화인 | F11: =IFERROR(C11-(D11*B11),"") -> 11
A12: 아신 | B12: =$B$4 -> 30 | C12: =IFERROR(VLOOKUP(A12,'대신 피벗'!A:ST,4,FALSE),0) -> 6 | D12: =IFERROR(ROUNDDOWN(C12/B12,0),"") -> 0 | E12: 아신 | F12: =IFERROR(C12-(D12*B12),"") -> 6
A13: 씨제이오산 | B13: =$B$4 -> 30 | C13: =IFERROR(VLOOKUP(A13,'대신 피벗'!A:ST,4,FALSE),0) -> 19 | D13: =IFERROR(ROUNDDOWN(C13/B13,0),"") -> 0 | E13: 오산 | F13: =IFERROR(C13-(D13*B13),"") -> 19
A14: 씨제이군포 | B14: =$B$4 -> 30 | C14: =IFERROR(VLOOKUP(A14,'대신 피벗'!A:ST,4,FALSE),0) -> 16 | D14: =IFERROR(ROUNDDOWN(C14/B14,0),"") -> 0 | E14: 군포 | F14: =IFERROR(C14-(D14*B14),"") -> 16
A15: BGF로지스광주 | B15: =$B$4 -> 30 | C15: =IFERROR(VLOOKUP(A15,'대신 피벗'!A:ST,4,FALSE),0) -> 17 | D15: =IFERROR(ROUNDDOWN(C15/B15,0),"") -> 0 | E15: 광주 | F15: =IFERROR(C15-(D15*B15),"") -> 17
A16: BGF로지스양주 | B16: =$B$4 -> 30 | C16: =IFERROR(VLOOKUP(A16,'대신 피벗'!A:ST,4,FALSE),0) -> 11 | D16: =IFERROR(ROUNDDOWN(C16/B16,0),"") -> 0 | E16: 양주 | F16: =IFERROR(C16-(D16*B16),"") -> 11
... A18: 동부로지스 | B18: =$B$4 -> 30 | C18: =IFERROR(VLOOKUP(A18,'대신 피벗'!A:ST,4,FALSE),0) -> 9 | D18: =IFERROR(ROUNDDOWN(C18/B18,0),"") -> 0 | E18: 동부 | F18: =IFERROR(C18-(D18*B18),"") -> 9
A20: 수도권 합계 | B20: =$B$4 -> 30 | C20: =SUM(C4:C18) -> 192 | D20: =IFERROR(ROUNDDOWN(C20/B20,0),"") -> 6 | F20: =IFERROR(C20-(D20*B20),"") -> 12
A22: 엑소후레쉬양산 | B22: =$B$4 -> 30 | C22: =IFERROR(VLOOKUP(A22,'대신 피벗'!A:ST,4,FALSE),0) -> 15 | D22: =IFERROR(ROUNDDOWN(C22/B22,0),"") -> 0 | E22: 양산 | F22: =IFERROR(C22-(D22*B22),"") -> 15
A23: 극동로지스 | B23: =$B$4 -> 30 | C23: =IFERROR(VLOOKUP(A23,'대신 피벗'!A:ST,4,FALSE),0) -> 9 | D23: =IFERROR(ROUNDDOWN(C23/B23,0),"") -> 0 | E23: 극동 | F23: =IFERROR(C23-(D23*B23),"") -> 9
A24: 김해물류 | B24: =$B$4 -> 30 | C24: =IFERROR(VLOOKUP(A24,'대신 피벗'!A:ST,4,FALSE),0) -> 0 | D24: =IFERROR(ROUNDDOWN(C24/B24,0),"") -> 0 | E24: 김해 | F24: =IFERROR(C24-(D24*B24),"") -> 0
A25: BGF로지스부산 | B25: =$B$4 -> 30 | C25: =IFERROR(VLOOKUP(A25,'대신 피벗'!A:ST,4,FALSE),0) -> 9 | D25: =IFERROR(ROUNDDOWN(C25/B25,0),"") -> 0 | E25: 부산 | F25: =IFERROR(C25-(D25*B25),"") -> 9
A26: BGF로지스진주 | B26: =$B$4 -> 30 | C26: =IFERROR(VLOOKUP(A26,'대신 피벗'!A:ST,4,FALSE),0) -> 6 | D26: =IFERROR(ROUNDDOWN(C26/B26,0),"") -> 0 | E26: 진주 | F26: =IFERROR(C26-(D26*B26),"") -> 6
A28: 경남(김해)합계 | B28: =$B$4 -> 30 | C28: =SUM(C22:C26) -> 39 | D28: =IFERROR(ROUNDDOWN(C28/B28,0),"") -> 1 | F28: =IFERROR(C28-(D28*B28),"") -> 9
A30: 씨제이경산 | B30: =$B$4 -> 30 | C30: =IFERROR(VLOOKUP(A30,'대신 피벗'!A:ST,4,FALSE),0) -> 15 | D30: =IFERROR(ROUNDDOWN(C30/B30,0),"") -> 0 | E30: 경산 | F30: =IFERROR(C30-(D30*B30),"") -> 15
A31: BGF로지스대구 | B31: =$B$4 -> 30 | C31: =IFERROR(VLOOKUP(A31,'대신 피벗'!A:ST,4,FALSE),0) -> 20 | D31: =IFERROR(ROUNDDOWN(C31/B31,0),"") -> 0 | E31: 대구 | F31: =IFERROR(C31-(D31*B31),"") -> 20
A33: 경북(칠곡)합계 | B33: =$B$4 -> 30 | C33: =SUM(C30:C31) -> 35 | D33: =IFERROR(ROUNDDOWN(C33/B33,0),"") -> 1 | F33: =IFERROR(C33-(D33*B33),"") -> 5
A35: BGF로지스나주 | B35: =$B$4 -> 30 | C35: =IFERROR(VLOOKUP(A35,'대신 피벗'!A:ST,4,FALSE),0) -> 19 | D35: =IFERROR(ROUNDDOWN(C35/B35,0),"") -> 0 | E35: 나주 | F35: =IFERROR(C35-(D35*B35),"") -> 19
A36: 하이로지스 | B36: =$B$4 -> 30 | C36: =IFERROR(VLOOKUP(A36,'대신 피벗'!A:ST,4,FALSE),0) -> 7 | D36: =IFERROR(ROUNDDOWN(C36/B36,0),"") -> 0 | E36: 하이 | F36: =IFERROR(C36-(D36*B36),"") -> 7
A37: 씨제이김제 | B37: =$B$4 -> 30 | C37: =IFERROR(VLOOKUP(A37,'대신 피벗'!A:ST,4,FALSE),0) -> 7 | D37: =IFERROR(ROUNDDOWN(C37/B37,0),"") -> 0 | E37: 김제 | F37: =IFERROR(C37-(D37*B37),"") -> 7
A39: 호남권 합계 | B39: =$B$4 -> 30 | C39: =SUM(C35:C37) -> 33 | D39: =IFERROR(ROUNDDOWN(C39/B39,0),"") -> 1 | F39: =IFERROR(C39-(D39*B39),"") -> 3
A41: BGF로지스서귀포 | B41: =$B$4 -> 30 | C41: =IFERROR(VLOOKUP(A41,'대신 피벗'!A:ST,4,FALSE),0) -> 19 | D41: =IFERROR(ROUNDDOWN(C41/B41,0),"") -> 0 | E41: 서귀포 | F41: =IFERROR(C41-(D41*B41),"") -> 19
A42: BGF로지스제주 | B42: =$B$4 -> 30 | C42: =IFERROR(VLOOKUP(A42,'대신 피벗'!A:ST,4,FALSE),0) -> 13 | D42: =IFERROR(ROUNDDOWN(C42/B42,0),"") -> 0 | E42: 제주 | F42: =IFERROR(C42-(D42*B42),"") -> 13
A44: 제주권 합계 | B44: =$B$4 -> 30 | C44: =SUM(C41:C42) -> 32 | D44: =IFERROR(ROUNDDOWN(C44/B44,0),"") -> 1 | F44: =IFERROR(C44-(D44*B44),"") -> 2
A46: 총합계 | B46: =$B$4 -> 30 | C46: =SUM(C4:C18,C35:C37,C30:C31,C22:C26,C41:C42) -> 331 | D46: =IFERROR(ROUNDDOWN(C46/B46,0),"") -> 11 | F46: =IFERROR(C46-(D46*B46),"") -> 1 | G46: 소분박스 | H46: 소분낱개
A47: 총 박스/총 낱개수량 | B47: □ | D47: =SUM(D4:D18,D35:D37,D30:D31,D22:D26,D41:D42) -> 0 | F47: =SUM(F4:F18,F35:F37,F30:F31,F22:F26,F41:F42) -> 331 | G47: =IFERROR(ROUNDDOWN(F47/B35,0),"") -> 11 | H47: =IFERROR(F47-(G47*B35),"") -> 1
C48: =C20+C28+C33+C39+C44 -> 331 | H48: □
C49: =C48=C46 -> TRUE

Sheet 도)리얼모짜치즈돈까스2
A2: =TODAY() -> 46314 | B2: 호연(대신) 2편 □
A3: 행 레이블 | B3: 입수 | C3: 도)리얼모짜치즈돈까스2 | D3: 박스 | E3: 센터명 | F3: 낱개
A4: BGF로지스강릉 | B4: 30 | C4: =IFERROR(VLOOKUP(A4,'대신 피벗'!A:ST,5,FALSE),0) -> 10 | D4: =IFERROR(ROUNDDOWN(C4/B4,0),"") -> 0 | E4: 강릉 | F4: =IFERROR(C4-(D4*B4),"") -> 10
A5: BGF로지스검단 | B5: =$B$4 -> 30 | C5: =IFERROR(VLOOKUP(A5,'대신 피벗'!A:ST,5,FALSE),0) -> 30 | D5: =IFERROR(ROUNDDOWN(C5/B5,0),"") -> 1 | E5: 검단 | F5: =IFERROR(C5-(D5*B5),"") -> 0
A6: BGF로지스서인천1 | B6: =$B$4 -> 30 | C6: =IFERROR(VLOOKUP(A6,'대신 피벗'!A:ST,5,FALSE),0) -> 12 | D6: =IFERROR(ROUNDDOWN(C6/B6,0),"") -> 0 | E6: 서인천1 | F6: =IFERROR(C6-(D6*B6),"") -> 12
A7: BGF로지스서인천2 | B7: =$B$4 -> 30 | C7: =IFERROR(VLOOKUP(A7,'대신 피벗'!A:ST,5,FALSE),0) -> 19 | D7: =IFERROR(ROUNDDOWN(C7/B7,0),"") -> 0 | E7: 서인천2 | F7: =IFERROR(C7-(D7*B7),"") -> 19
A8: BGF로지스진천 | B8: =$B$4 -> 30 | C8: =IFERROR(VLOOKUP(A8,'대신 피벗'!A:ST,5,FALSE),0) -> 18 | D8: =IFERROR(ROUNDDOWN(C8/B8,0),"") -> 0 | E8: 진천 | F8: =IFERROR(C8-(D8*B8),"") -> 18
A9: BGF로지스안성 | B9: =$B$4 -> 30 | C9: =IFERROR(VLOOKUP(A9,'대신 피벗'!A:ST,5,FALSE),0) -> 11 | D9: =IFERROR(ROUNDDOWN(C9/B9,0),"") -> 0 | E9: 안성 | F9: =IFERROR(C9-(D9*B9),"") -> 11
A10: BGF로지스아산 | B10: =$B$4 -> 30 | C10: =IFERROR(VLOOKUP(A10,'대신 피벗'!A:ST,5,FALSE),0) -> 16 | D10: =IFERROR(ROUNDDOWN(C10/B10,0),"") -> 0 | E10: 아산 | F10: =IFERROR(C10-(D10*B10),"") -> 16
A11: 화인로지텍 | B11: =$B$4 -> 30 | C11: =IFERROR(VLOOKUP(A11,'대신 피벗'!A:ST,5,FALSE),0) -> 16 | D11: =IFERROR(ROUNDDOWN(C11/B11,0),"") -> 0 | E11: 화인 | F11: =IFERROR(C11-(D11*B11),"") -> 16
A12: 아신 | B12: =$B$4 -> 30 | C12: =IFERROR(VLOOKUP(A12,'대신 피벗'!A:ST,5,FALSE),0) -> 20 | D12: =IFERROR(ROUNDDOWN(C12/B12,0),"") -> 0 | E12: 아신 | F12: =IFERROR(C12-(D12*B12),"") -> 20
A13: 씨제이오산 | B13: =$B$4 -> 30 | C13: =IFERROR(VLOOKUP(A13,'대신 피벗'!A:ST,5,FALSE),0) -> 40 | D13: =IFERROR(ROUNDDOWN(C13/B13,0),"") -> 1 | E13: 오산 | F13: =IFERROR(C13-(D13*B13),"") -> 10
A14: 씨제이군포 | B14: =$B$4 -> 30 | C14: =IFERROR(VLOOKUP(A14,'대신 피벗'!A:ST,5,FALSE),0) -> 29 | D14: =IFERROR(ROUNDDOWN(C14/B14,0),"") -> 0 | E14: 군포 | F14: =IFERROR(C14-(D14*B14),"") -> 29
A15: BGF로지스광주 | B15: =$B$4 -> 30 | C15: =IFERROR(VLOOKUP(A15,'대신 피벗'!A:ST,5,FALSE),0) -> 36 | D15: =IFERROR(ROUNDDOWN(C15/B15,0),"") -> 1 | E15: 광주 | F15: =IFERROR(C15-(D15*B15),"") -> 6
A16: BGF로지스양주 | B16: =$B$4 -> 30 | C16: =IFERROR(VLOOKUP(A16,'대신 피벗'!A:ST,5,FALSE),0) -> 15 | D16: =IFERROR(ROUNDDOWN(C16/B16,0),"") -> 0 | E16: 양주 | F16: =IFERROR(C16-(D16*B16),"") -> 15
... A18: 동부로지스 | B18: =$B$4 -> 30 | C18: =IFERROR(VLOOKUP(A18,'대신 피벗'!A:ST,5,FALSE),0) -> 14 | D18: =IFERROR(ROUNDDOWN(C18/B18,0),"") -> 0 | E18: 동부 | F18: =IFERROR(C18-(D18*B18),"") -> 14
A20: 수도권 합계 | B20: =$B$4 -> 30 | C20: =SUM(C4:C18) -> 303 | D20: =IFERROR(ROUNDDOWN(C20/B20,0),"") -> 10 | F20: =IFERROR(C20-(D20*B20),"") -> 3
A22: 엑소후레쉬양산 | B22: =$B$4 -> 30 | C22: =IFERROR(VLOOKUP(A22,'대신 피벗'!A:ST,5,FALSE),0) -> 16 | D22: =IFERROR(ROUNDDOWN(C22/B22,0),"") -> 0 | E22: 양산 | F22: =IFERROR(C22-(D22*B22),"") -> 16
A23: 극동로지스 | B23: =$B$4 -> 30 | C23: =IFERROR(VLOOKUP(A23,'대신 피벗'!A:ST,5,FALSE),0) -> 5 | D23: =IFERROR(ROUNDDOWN(C23/B23,0),"") -> 0 | E23: 극동 | F23: =IFERROR(C23-(D23*B23),"") -> 5
A24: 김해물류 | B24: =$B$4 -> 30 | C24: =IFERROR(VLOOKUP(A24,'대신 피벗'!A:ST,5,FALSE),0) -> 0 | D24: =IFERROR(ROUNDDOWN(C24/B24,0),"") -> 0 | E24: 김해 | F24: =IFERROR(C24-(D24*B24),"") -> 0
A25: BGF로지스부산 | B25: =$B$4 -> 30 | C25: =IFERROR(VLOOKUP(A25,'대신 피벗'!A:ST,5,FALSE),0) -> 12 | D25: =IFERROR(ROUNDDOWN(C25/B25,0),"") -> 0 | E25: 부산 | F25: =IFERROR(C25-(D25*B25),"") -> 12
A26: BGF로지스진주 | B26: =$B$4 -> 30 | C26: =IFERROR(VLOOKUP(A26,'대신 피벗'!A:ST,5,FALSE),0) -> 14 | D26: =IFERROR(ROUNDDOWN(C26/B26,0),"") -> 0 | E26: 진주 | F26: =IFERROR(C26-(D26*B26),"") -> 14
A28: 경남(김해)합계 | B28: =$B$4 -> 30 | C28: =SUM(C22:C26) -> 47 | D28: =IFERROR(ROUNDDOWN(C28/B28,0),"") -> 1 | F28: =IFERROR(C28-(D28*B28),"") -> 17
A30: 씨제이경산 | B30: =$B$4 -> 30 | C30: =IFERROR(VLOOKUP(A30,'대신 피벗'!A:ST,5,FALSE),0) -> 22 | D30: =IFERROR(ROUNDDOWN(C30/B30,0),"") -> 0 | E30: 경산 | F30: =IFERROR(C30-(D30*B30),"") -> 22
A31: BGF로지스대구 | B31: =$B$4 -> 30 | C31: =IFERROR(VLOOKUP(A31,'대신 피벗'!A:ST,5,FALSE),0) -> 22 | D31: =IFERROR(ROUNDDOWN(C31/B31,0),"") -> 0 | E31: 대구 | F31: =IFERROR(C31-(D31*B31),"") -> 22
A33: 경북(칠곡)합계 | B33: =$B$4 -> 30 | C33: =SUM(C30:C31) -> 44 | D33: =IFERROR(ROUNDDOWN(C33/B33,0),"") -> 1 | F33: =IFERROR(C33-(D33*B33),"") -> 14
A35: BGF로지스나주 | B35: =$B$4 -> 30 | C35: =IFERROR(VLOOKUP(A35,'대신 피벗'!A:ST,5,FALSE),0) -> 20 | D35: =IFERROR(ROUNDDOWN(C35/B35,0),"") -> 0 | E35: 나주 | F35: =IFERROR(C35-(D35*B35),"") -> 20
A36: 하이로지스 | B36: =$B$4 -> 30 | C36: =IFERROR(VLOOKUP(A36,'대신 피벗'!A:ST,5,FALSE),0) -> 14 | D36: =IFERROR(ROUNDDOWN(C36/B36,0),"") -> 0 | E36: 하이 | F36: =IFERROR(C36-(D36*B36),"") -> 14
A37: 씨제이김제 | B37: =$B$4 -> 30 | C37: =IFERROR(VLOOKUP(A37,'대신 피벗'!A:ST,5,FALSE),0) -> 16 | D37: =IFERROR(ROUNDDOWN(C37/B37,0),"") -> 0 | E37: 김제 | F37: =IFERROR(C37-(D37*B37),"") -> 16
A39: 호남권 합계 | B39: =$B$4 -> 30 | C39: =SUM(C35:C37) -> 50 | D39: =IFERROR(ROUNDDOWN(C39/B39,0),"") -> 1 | F39: =IFERROR(C39-(D39*B39),"") -> 20
A41: BGF로지스서귀포 | B41: =$B$4 -> 30 | C41: =IFERROR(VLOOKUP(A41,'대신 피벗'!A:ST,5,FALSE),0) -> 14 | D41: =IFERROR(ROUNDDOWN(C41/B41,0),"") -> 0 | E41: 서귀포 | F41: =IFERROR(C41-(D41*B41),"") -> 14
A42: BGF로지스제주 | B42: =$B$4 -> 30 | C42: =IFERROR(VLOOKUP(A42,'대신 피벗'!A:ST,5,FALSE),0) -> 20 | D42: =IFERROR(ROUNDDOWN(C42/B42,0),"") -> 0 | E42: 제주 | F42: =IFERROR(C42-(D42*B42),"") -> 20
A44: 제주권 합계 | B44: =$B$4 -> 30 | C44: =SUM(C41:C42) -> 34 | D44: =IFERROR(ROUNDDOWN(C44/B44,0),"") -> 1 | F44: =IFERROR(C44-(D44*B44),"") -> 4
A46: 총합계 | B46: =$B$4 -> 30 | C46: =SUM(C4:C18,C35:C37,C30:C31,C22:C26,C41:C42) -> 478 | D46: =IFERROR(ROUNDDOWN(C46/B46,0),"") -> 15 | F46: =IFERROR(C46-(D46*B46),"") -> 28 | G46: 소분박스 | H46: 소분낱개
A47: 총 박스/총 낱개수량 | B47: □ | D47: =SUM(D4:D18,D35:D37,D30:D31,D22:D26,D41:D42) -> 3 | F47: =SUM(F4:F18,F35:F37,F30:F31,F22:F26,F41:F42) -> 388 | G47: =IFERROR(ROUNDDOWN(F47/B35,0),"") -> 12 | H47: =IFERROR(F47-(G47*B35),"") -> 28
C48: =C20+C28+C33+C39+C44 -> 478 | H48: □
C49: =C48=C46 -> TRUE

Sheet 도)리얼치즈고구마돈까스1
A2: =TODAY() -> 46314 | B2: 호연(대신) 1편 □
A3: 행 레이블 | B3: 입수 | C3: 도)리얼치즈고구마 돈까스1 | D3: 박스 | E3: 센터명 | F3: 낱개
A4: BGF로지스강릉 | B4: 30 | C4: =IFERROR(VLOOKUP(A4,'대신 피벗'!A:ST,6,FALSE),0) -> 6 | D4: =IFERROR(ROUNDDOWN(C4/B4,0),"") -> 0 | E4: 강릉 | F4: =IFERROR(C4-(D4*B4),"") -> 6
A5: BGF로지스검단 | B5: =$B$4 -> 30 | C5: =IFERROR(VLOOKUP(A5,'대신 피벗'!A:ST,6,FALSE),0) -> 38 | D5: =IFERROR(ROUNDDOWN(C5/B5,0),"") -> 1 | E5: 검단 | F5: =IFERROR(C5-(D5*B5),"") -> 8
A6: BGF로지스서인천1 | B6: =$B$4 -> 30 | C6: =IFERROR(VLOOKUP(A6,'대신 피벗'!A:ST,6,FALSE),0) -> 15 | D6: =IFERROR(ROUNDDOWN(C6/B6,0),"") -> 0 | E6: 서인천1 | F6: =IFERROR(C6-(D6*B6),"") -> 15
A7: BGF로지스서인천2 | B7: =$B$4 -> 30 | C7: =IFERROR(VLOOKUP(A7,'대신 피벗'!A:ST,6,FALSE),0) -> 27 | D7: =IFERROR(ROUNDDOWN(C7/B7,0),"") -> 0 | E7: 서인천2 | F7: =IFERROR(C7-(D7*B7),"") -> 27
A8: BGF로지스진천 | B8: =$B$4 -> 30 | C8: =IFERROR(VLOOKUP(A8,'대신 피벗'!A:ST,6,FALSE),0) -> 13 | D8: =IFERROR(ROUNDDOWN(C8/B8,0),"") -> 0 | E8: 진천 | F8: =IFERROR(C8-(D8*B8),"") -> 13
A9: BGF로지스안성 | B9: =$B$4 -> 30 | C9: =IFERROR(VLOOKUP(A9,'대신 피벗'!A:ST,6,FALSE),0) -> 13 | D9: =IFERROR(ROUNDDOWN(C9/B9,0),"") -> 0 | E9: 안성 | F9: =IFERROR(C9-(D9*B9),"") -> 13
A10: BGF로지스아산 | B10: =$B$4 -> 30 | C10: =IFERROR(VLOOKUP(A10,'대신 피벗'!A:ST,6,FALSE),0) -> 12 | D10: =IFERROR(ROUNDDOWN(C10/B10,0),"") -> 0 | E10: 아산 | F10: =IFERROR(C10-(D10*B10),"") -> 12
A11: 화인로지텍 | B11: =$B$4 -> 30 | C11: =IFERROR(VLOOKUP(A11,'대신 피벗'!A:ST,6,FALSE),0) -> 9 | D11: =IFERROR(ROUNDDOWN(C11/B11,0),"") -> 0 | E11: 화인 | F11: =IFERROR(C11-(D11*B11),"") -> 9
A12: 아신 | B12: =$B$4 -> 30 | C12: =IFERROR(VLOOKUP(A12,'대신 피벗'!A:ST,6,FALSE),0) -> 12 | D12: =IFERROR(ROUNDDOWN(C12/B12,0),"") -> 0 | E12: 아신 | F12: =IFERROR(C12-(D12*B12),"") -> 12
A13: 씨제이오산 | B13: =$B$4 -> 30 | C13: =IFERROR(VLOOKUP(A13,'대신 피벗'!A:ST,6,FALSE),0) -> 59 | D13: =IFERROR(ROUNDDOWN(C13/B13,0),"") -> 1 | E13: 오산 | F13: =IFERROR(C13-(D13*B13),"") -> 29
A14: 씨제이군포 | B14: =$B$4 -> 30 | C14: =IFERROR(VLOOKUP(A14,'대신 피벗'!A:ST,6,FALSE),0) -> 23 | D14: =IFERROR(ROUNDDOWN(C14/B14,0),"") -> 0 | E14: 군포 | F14: =IFERROR(C14-(D14*B14),"") -> 23
A15: BGF로지스광주 | B15: =$B$4 -> 30 | C15: =IFERROR(VLOOKUP(A15,'대신 피벗'!A:ST,6,FALSE),0) -> 27 | D15: =IFERROR(ROUNDDOWN(C15/B15,0),"") -> 0 | E15: 광주 | F15: =IFERROR(C15-(D15*B15),"") -> 27
A16: BGF로지스양주 | B16: =$B$4 -> 30 | C16: =IFERROR(VLOOKUP(A16,'대신 피벗'!A:ST,6,FALSE),0) -> 21 | D16: =IFERROR(ROUNDDOWN(C16/B16,0),"") -> 0 | E16: 양주 | F16: =IFERROR(C16-(D16*B16),"") -> 21
... A18: 동부로지스 | B18: =$B$4 -> 30 | C18: =IFERROR(VLOOKUP(A18,'대신 피벗'!A:ST,6,FALSE),0) -> 11 | D18: =IFERROR(ROUNDDOWN(C18/B18,0),"") -> 0 | E18: 동부 | F18: =IFERROR(C18-(D18*B18),"") -> 11
A20: 수도권 합계 | B20: =$B$4 -> 30 | C20: =SUM(C4:C18) -> 300 | D20: =IFERROR(ROUNDDOWN(C20/B20,0),"") -> 10 | F20: =IFERROR(C20-(D20*B20),"") -> 0
A22: 엑소후레쉬양산 | B22: =$B$4 -> 30 | C22: =IFERROR(VLOOKUP(A22,'대신 피벗'!A:ST,6,FALSE),0) -> 29 | D22: =IFERROR(ROUNDDOWN(C22/B22,0),"") -> 0 | E22: 양산 | F22: =IFERROR(C22-(D22*B22),"") -> 29
A23: 극동로지스 | B23: =$B$4 -> 30 | C23: =IFERROR(VLOOKUP(A23,'대신 피벗'!A:ST,6,FALSE),0) -> 16 | D23: =IFERROR(ROUNDDOWN(C23/B23,0),"") -> 0 | E23: 극동 | F23: =IFERROR(C23-(D23*B23),"") -> 16
A24: 김해물류 | B24: =$B$4 -> 30 | C24: =IFERROR(VLOOKUP(A24,'대신 피벗'!A:ST,6,FALSE),0) -> 0 | D24: =IFERROR(ROUNDDOWN(C24/B24,0),"") -> 0 | E24: 김해 | F24: =IFERROR(C24-(D24*B24),"") -> 0
A25: BGF로지스부산 | B25: =$B$4 -> 30 | C25: =IFERROR(VLOOKUP(A25,'대신 피벗'!A:ST,6,FALSE),0) -> 17 | D25: =IFERROR(ROUNDDOWN(C25/B25,0),"") -> 0 | E25: 부산 | F25: =IFERROR(C25-(D25*B25),"") -> 17
A26: BGF로지스진주 | B26: =$B$4 -> 30 | C26: =IFERROR(VLOOKUP(A26,'대신 피벗'!A:ST,6,FALSE),0) -> 21 | D26: =IFERROR(ROUNDDOWN(C26/B26,0),"") -> 0 | E26: 진주 | F26: =IFERROR(C26-(D26*B26),"") -> 21
A28: 경남(김해)합계 | B28: =$B$4 -> 30 | C28: =SUM(C22:C26) -> 83 | D28: =IFERROR(ROUNDDOWN(C28/B28,0),"") -> 2 | F28: =IFERROR(C28-(D28*B28),"") -> 23
A30: 씨제이경산 | B30: =$B$4 -> 30 | C30: =IFERROR(VLOOKUP(A30,'대신 피벗'!A:ST,6,FALSE),0) -> 26 | D30: =IFERROR(ROUNDDOWN(C30/B30,0),"") -> 0 | E30: 경산 | F30: =IFERROR(C30-(D30*B30),"") -> 26
A31: BGF로지스대구 | B31: =$B$4 -> 30 | C31: =IFERROR(VLOOKUP(A31,'대신 피벗'!A:ST,6,FALSE),0) -> 22 | D31: =IFERROR(ROUNDDOWN(C31/B31,0),"") -> 0 | E31: 대구 | F31: =IFERROR(C31-(D31*B31),"") -> 22
A33: 경북(칠곡)합계 | B33: =$B$4 -> 30 | C33: =SUM(C30:C31) -> 48 | D33: =IFERROR(ROUNDDOWN(C33/B33,0),"") -> 1 | F33: =IFERROR(C33-(D33*B33),"") -> 18
A35: BGF로지스나주 | B35: =$B$4 -> 30 | C35: =IFERROR(VLOOKUP(A35,'대신 피벗'!A:ST,6,FALSE),0) -> 19 | D35: =IFERROR(ROUNDDOWN(C35/B35,0),"") -> 0 | E35: 나주 | F35: =IFERROR(C35-(D35*B35),"") -> 19
A36: 하이로지스 | B36: =$B$4 -> 30 | C36: =IFERROR(VLOOKUP(A36,'대신 피벗'!A:ST,6,FALSE),0) -> 11 | D36: =IFERROR(ROUNDDOWN(C36/B36,0),"") -> 0 | E36: 하이 | F36: =IFERROR(C36-(D36*B36),"") -> 11
A37: 씨제이김제 | B37: =$B$4 -> 30 | C37: =IFERROR(VLOOKUP(A37,'대신 피벗'!A:ST,6,FALSE),0) -> 15 | D37: =IFERROR(ROUNDDOWN(C37/B37,0),"") -> 0 | E37: 김제 | F37: =IFERROR(C37-(D37*B37),"") -> 15
A39: 호남권 합계 | B39: =$B$4 -> 30 | C39: =SUM(C35:C37) -> 45 | D39: =IFERROR(ROUNDDOWN(C39/B39,0),"") -> 1 | F39: =IFERROR(C39-(D39*B39),"") -> 15
A41: BGF로지스서귀포 | B41: =$B$4 -> 30 | C41: =IFERROR(VLOOKUP(A41,'대신 피벗'!A:ST,6,FALSE),0) -> 17 | D41: =IFERROR(ROUNDDOWN(C41/B41,0),"") -> 0 | E41: 서귀포 | F41: =IFERROR(C41-(D41*B41),"") -> 17
A42: BGF로지스제주 | B42: =$B$4 -> 30 | C42: =IFERROR(VLOOKUP(A42,'대신 피벗'!A:ST,6,FALSE),0) -> 22 | D42: =IFERROR(ROUNDDOWN(C42/B42,0),"") -> 0 | E42: 제주 | F42: =IFERROR(C42-(D42*B42),"") -> 22
A44: 제주권 합계 | B44: =$B$4 -> 30 | C44: =SUM(C41:C42) -> 39 | D44: =IFERROR(ROUNDDOWN(C44/B44,0),"") -> 1 | F44: =IFERROR(C44-(D44*B44),"") -> 9
A46: 총합계 | B46: =$B$4 -> 30 | C46: =SUM(C4:C18,C35:C37,C30:C31,C22:C26,C41:C42) -> 515 | D46: =IFERROR(ROUNDDOWN(C46/B46,0),"") -> 17 | F46: =IFERROR(C46-(D46*B46),"") -> 5 | G46: 소분박스 | H46: 소분낱개
A47: 총 박스/총 낱개수량 | B47: □ | D47: =SUM(D4:D18,D35:D37,D30:D31,D22:D26,D41:D42) -> 2 | F47: =SUM(F4:F18,F35:F37,F30:F31,F22:F26,F41:F42) -> 455 | G47: =IFERROR(ROUNDDOWN(F47/B35,0),"") -> 15 | H47: =IFERROR(F47-(G47*B35),"") -> 5
C48: =C20+C28+C33+C39+C44 -> 515 | H48: □
C49: =C48=C46 -> TRUE

Sheet 도)리얼치즈고구마돈까스2
A2: =TODAY() -> 46314 | B2: 호연(대신) 2편 □
A3: 행 레이블 | B3: 입수 | C3: 도)리얼치즈고구마 돈까스2 | D3: 박스 | E3: 센터명 | F3: 낱개
A4: BGF로지스강릉 | B4: 30 | C4: =IFERROR(VLOOKUP(A4,'대신 피벗'!A:ST,7,FALSE),0) -> 23 | D4: =IFERROR(ROUNDDOWN(C4/B4,0),"") -> 0 | E4: 강릉 | F4: =IFERROR(C4-(D4*B4),"") -> 23
A5: BGF로지스검단 | B5: =$B$4 -> 30 | C5: =IFERROR(VLOOKUP(A5,'대신 피벗'!A:ST,7,FALSE),0) -> 84 | D5: =IFERROR(ROUNDDOWN(C5/B5,0),"") -> 2 | E5: 검단 | F5: =IFERROR(C5-(D5*B5),"") -> 24
A6: BGF로지스서인천1 | B6: =$B$4 -> 30 | C6: =IFERROR(VLOOKUP(A6,'대신 피벗'!A:ST,7,FALSE),0) -> 57 | D6: =IFERROR(ROUNDDOWN(C6/B6,0),"") -> 1 | E6: 서인천1 | F6: =IFERROR(C6-(D6*B6),"") -> 27
A7: BGF로지스서인천2 | B7: =$B$4 -> 30 | C7: =IFERROR(VLOOKUP(A7,'대신 피벗'!A:ST,7,FALSE),0) -> 56 | D7: =IFERROR(ROUNDDOWN(C7/B7,0),"") -> 1 | E7: 서인천2 | F7: =IFERROR(C7-(D7*B7),"") -> 26
A8: BGF로지스진천 | B8: =$B$4 -> 30 | C8: =IFERROR(VLOOKUP(A8,'대신 피벗'!A:ST,7,FALSE),0) -> 34 | D8: =IFERROR(ROUNDDOWN(C8/B8,0),"") -> 1 | E8: 진천 | F8: =IFERROR(C8-(D8*B8),"") -> 4
A9: BGF로지스안성 | B9: =$B$4 -> 30 | C9: =IFERROR(VLOOKUP(A9,'대신 피벗'!A:ST,7,FALSE),0) -> 25 | D9: =IFERROR(ROUNDDOWN(C9/B9,0),"") -> 0 | E9: 안성 | F9: =IFERROR(C9-(D9*B9),"") -> 25
A10: BGF로지스아산 | B10: =$B$4 -> 30 | C10: =IFERROR(VLOOKUP(A10,'대신 피벗'!A:ST,7,FALSE),0) -> 33 | D10: =IFERROR(ROUNDDOWN(C10/B10,0),"") -> 1 | E10: 아산 | F10: =IFERROR(C10-(D10*B10),"") -> 3
A11: 화인로지텍 | B11: =$B$4 -> 30 | C11: =IFERROR(VLOOKUP(A11,'대신 피벗'!A:ST,7,FALSE),0) -> 24 | D11: =IFERROR(ROUNDDOWN(C11/B11,0),"") -> 0 | E11: 화인 | F11: =IFERROR(C11-(D11*B11),"") -> 24
A12: 아신 | B12: =$B$4 -> 30 | C12: =IFERROR(VLOOKUP(A12,'대신 피벗'!A:ST,7,FALSE),0) -> 64 | D12: =IFERROR(ROUNDDOWN(C12/B12,0),"") -> 2 | E12: 아신 | F12: =IFERROR(C12-(D12*B12),"") -> 4
A13: 씨제이오산 | B13: =$B$4 -> 30 | C13: =IFERROR(VLOOKUP(A13,'대신 피벗'!A:ST,7,FALSE),0) -> 84 | D13: =IFERROR(ROUNDDOWN(C13/B13,0),"") -> 2 | E13: 오산 | F13: =IFERROR(C13-(D13*B13),"") -> 24
A14: 씨제이군포 | B14: =$B$4 -> 30 | C14: =IFERROR(VLOOKUP(A14,'대신 피벗'!A:ST,7,FALSE),0) -> 65 | D14: =IFERROR(ROUNDDOWN(C14/B14,0),"") -> 2 | E14: 군포 | F14: =IFERROR(C14-(D14*B14),"") -> 5
A15: BGF로지스광주 | B15: =$B$4 -> 30 | C15: =IFERROR(VLOOKUP(A15,'대신 피벗'!A:ST,7,FALSE),0) -> 65 | D15: =IFERROR(ROUNDDOWN(C15/B15,0),"") -> 2 | E15: 광주 | F15: =IFERROR(C15-(D15*B15),"") -> 5
A16: BGF로지스양주 | B16: =$B$4 -> 30 | C16: =IFERROR(VLOOKUP(A16,'대신 피벗'!A:ST,7,FALSE),0) -> 41 | D16: =IFERROR(ROUNDDOWN(C16/B16,0),"") -> 1 | E16: 양주 | F16: =IFERROR(C16-(D16*B16),"") -> 11
... A18: 동부로지스 | B18: =$B$4 -> 30 | C18: =IFERROR(VLOOKUP(A18,'대신 피벗'!A:ST,7,FALSE),0) -> 36 | D18: =IFERROR(ROUNDDOWN(C18/B18,0),"") -> 1 | E18: 동부 | F18: =IFERROR(C18-(D18*B18),"") -> 6
A20: 수도권 합계 | B20: =$B$4 -> 30 | C20: =SUM(C4:C18) -> 712 | D20: =IFERROR(ROUNDDOWN(C20/B20,0),"") -> 23 | F20: =IFERROR(C20-(D20*B20),"") -> 22
A22: 엑소후레쉬양산 | B22: =$B$4 -> 30 | C22: =IFERROR(VLOOKUP(A22,'대신 피벗'!A:ST,7,FALSE),0) -> 43 | D22: =IFERROR(ROUNDDOWN(C22/B22,0),"") -> 1 | E22: 양산 | F22: =IFERROR(C22-(D22*B22),"") -> 13
A23: 극동로지스 | B23: =$B$4 -> 30 | C23: =IFERROR(VLOOKUP(A23,'대신 피벗'!A:ST,7,FALSE),0) -> 31 | D23: =IFERROR(ROUNDDOWN(C23/B23,0),"") -> 1 | E23: 극동 | F23: =IFERROR(C23-(D23*B23),"") -> 1
A24: 김해물류 | B24: =$B$4 -> 30 | C24: =IFERROR(VLOOKUP(A24,'대신 피벗'!A:ST,7,FALSE),0) -> 0 | D24: =IFERROR(ROUNDDOWN(C24/B24,0),"") -> 0 | E24: 김해 | F24: =IFERROR(C24-(D24*B24),"") -> 0
A25: BGF로지스부산 | B25: =$B$4 -> 30 | C25: =IFERROR(VLOOKUP(A25,'대신 피벗'!A:ST,7,FALSE),0) -> 35 | D25: =IFERROR(ROUNDDOWN(C25/B25,0),"") -> 1 | E25: 부산 | F25: =IFERROR(C25-(D25*B25),"") -> 5
A26: BGF로지스진주 | B26: =$B$4 -> 30 | C26: =IFERROR(VLOOKUP(A26,'대신 피벗'!A:ST,7,FALSE),0) -> 49 | D26: =IFERROR(ROUNDDOWN(C26/B26,0),"") -> 1 | E26: 진주 | F26: =IFERROR(C26-(D26*B26),"") -> 19
A28: 경남(김해)합계 | B28: =$B$4 -> 30 | C28: =SUM(C22:C26) -> 158 | D28: =IFERROR(ROUNDDOWN(C28/B28,0),"") -> 5 | F28: =IFERROR(C28-(D28*B28),"") -> 8
A30: 씨제이경산 | B30: =$B$4 -> 30 | C30: =IFERROR(VLOOKUP(A30,'대신 피벗'!A:ST,7,FALSE),0) -> 44 | D30: =IFERROR(ROUNDDOWN(C30/B30,0),"") -> 1 | E30: 경산 | F30: =IFERROR(C30-(D30*B30),"") -> 14
A31: BGF로지스대구 | B31: =$B$4 -> 30 | C31: =IFERROR(VLOOKUP(A31,'대신 피벗'!A:ST,7,FALSE),0) -> 32 | D31: =IFERROR(ROUNDDOWN(C31/B31,0),"") -> 1 | E31: 대구 | F31: =IFERROR(C31-(D31*B31),"") -> 2
A33: 경북(칠곡)합계 | B33: =$B$4 -> 30 | C33: =SUM(C30:C31) -> 76 | D33: =IFERROR(ROUNDDOWN(C33/B33,0),"") -> 2 | F33: =IFERROR(C33-(D33*B33),"") -> 16
A35: BGF로지스나주 | B35: =$B$4 -> 30 | C35: =IFERROR(VLOOKUP(A35,'대신 피벗'!A:ST,7,FALSE),0) -> 61 | D35: =IFERROR(ROUNDDOWN(C35/B35,0),"") -> 2 | E35: 나주 | F35: =IFERROR(C35-(D35*B35),"") -> 1
A36: 하이로지스 | B36: =$B$4 -> 30 | C36: =IFERROR(VLOOKUP(A36,'대신 피벗'!A:ST,7,FALSE),0) -> 31 | D36: =IFERROR(ROUNDDOWN(C36/B36,0),"") -> 1 | E36: 하이 | F36: =IFERROR(C36-(D36*B36),"") -> 1
A37: 씨제이김제 | B37: =$B$4 -> 30 | C37: =IFERROR(VLOOKUP(A37,'대신 피벗'!A:ST,7,FALSE),0) -> 28 | D37: =IFERROR(ROUNDDOWN(C37/B37,0),"") -> 0 | E37: 김제 | F37: =IFERROR(C37-(D37*B37),"") -> 28
A39: 호남권 합계 | B39: =$B$4 -> 30 | C39: =SUM(C35:C37) -> 120 | D39: =IFERROR(ROUNDDOWN(C39/B39,0),"") -> 4 | F39: =IFERROR(C39-(D39*B39),"") -> 0
A41: BGF로지스서귀포 | B41: =$B$4 -> 30 | C41: =IFERROR(VLOOKUP(A41,'대신 피벗'!A:ST,7,FALSE),0) -> 17 | D41: =IFERROR(ROUNDDOWN(C41/B41,0),"") -> 0 | E41: 서귀포 | F41: =IFERROR(C41-(D41*B41),"") -> 17
A42: BGF로지스제주 | B42: =$B$4 -> 30 | C42: =IFERROR(VLOOKUP(A42,'대신 피벗'!A:ST,7,FALSE),0) -> 23 | D42: =IFERROR(ROUNDDOWN(C42/B42,0),"") -> 0 | E42: 제주 | F42: =IFERROR(C42-(D42*B42),"") -> 23
A44: 제주권 합계 | B44: =$B$4 -> 30 | C44: =SUM(C41:C42) -> 40 | D44: =IFERROR(ROUNDDOWN(C44/B44,0),"") -> 1 | F44: =IFERROR(C44-(D44*B44),"") -> 10
A46: 총합계 | B46: =$B$4 -> 30 | C46: =SUM(C4:C18,C35:C37,C30:C31,C22:C26,C41:C42) -> 1106 | D46: =IFERROR(ROUNDDOWN(C46/B46,0),"") -> 36 | F46: =IFERROR(C46-(D46*B46),"") -> 26 | G46: 소분박스 | H46: 소분낱개
A47: 총 박스/총 낱개수량 | B47: □ | D47: =SUM(D4:D18,D35:D37,D30:D31,D22:D26,D41:D42) -> 25 | F47: =SUM(F4:F18,F35:F37,F30:F31,F22:F26,F41:F42) -> 356 | G47: =IFERROR(ROUNDDOWN(F47/B35,0),"") -> 11 | H47: =IFERROR(F47-(G47*B35),"") -> 26
C48: =C20+C28+C33+C39+C44 -> 1106 | H48: □
C49: =C48=C46 -> TRUE

Sheet 도)윙봉칠리탕수득템1
A2: =TODAY() -> 46314 | B2: 호연(대신) 1편 □
A3: 행 레이블 | B3: 입수 | C3: 도)윙봉칠리탕수득템1 | D3: 박스 | E3: 센터명 | F3: 낱개
A4: BGF로지스강릉 | B4: 36 | C4: =IFERROR(VLOOKUP(A4,'대신 피벗'!A:ST,8,FALSE),0) -> 4 | D4: =IFERROR(ROUNDDOWN(C4/B4,0),"") -> 0 | E4: 강릉 | F4: =IFERROR(C4-(D4*B4),"") -> 4
A5: BGF로지스검단 | B5: =$B$4 -> 36 | C5: =IFERROR(VLOOKUP(A5,'대신 피벗'!A:ST,8,FALSE),0) -> 6 | D5: =IFERROR(ROUNDDOWN(C5/B5,0),"") -> 0 | E5: 검단 | F5: =IFERROR(C5-(D5*B5),"") -> 6
A6: BGF로지스서인천1 | B6: =$B$4 -> 36 | C6: =IFERROR(VLOOKUP(A6,'대신 피벗'!A:ST,8,FALSE),0) -> 2 | D6: =IFERROR(ROUNDDOWN(C6/B6,0),"") -> 0 | E6: 서인천1 | F6: =IFERROR(C6-(D6*B6),"") -> 2
A7: BGF로지스서인천2 | B7: =$B$4 -> 36 | C7: =IFERROR(VLOOKUP(A7,'대신 피벗'!A:ST,8,FALSE),0) -> 3 | D7: =IFERROR(ROUNDDOWN(C7/B7,0),"") -> 0 | E7: 서인천2 | F7: =IFERROR(C7-(D7*B7),"") -> 3
A8: BGF로지스진천 | B8: =$B$4 -> 36 | C8: =IFERROR(VLOOKUP(A8,'대신 피벗'!A:ST,8,FALSE),0) -> 3 | D8: =IFERROR(ROUNDDOWN(C8/B8,0),"") -> 0 | E8: 진천 | F8: =IFERROR(C8-(D8*B8),"") -> 3
A9: BGF로지스안성 | B9: =$B$4 -> 36 | C9: =IFERROR(VLOOKUP(A9,'대신 피벗'!A:ST,8,FALSE),0) -> 0 | D9: =IFERROR(ROUNDDOWN(C9/B9,0),"") -> 0 | E9: 안성 | F9: =IFERROR(C9-(D9*B9),"") -> 0
A10: BGF로지스아산 | B10: =$B$4 -> 36 | C10: =IFERROR(VLOOKUP(A10,'대신 피벗'!A:ST,8,FALSE),0) -> 3 | D10: =IFERROR(ROUNDDOWN(C10/B10,0),"") -> 0 | E10: 아산 | F10: =IFERROR(C10-(D10*B10),"") -> 3
A11: 화인로지텍 | B11: =$B$4 -> 36 | C11: =IFERROR(VLOOKUP(A11,'대신 피벗'!A:ST,8,FALSE),0) -> 4 | D11: =IFERROR(ROUNDDOWN(C11/B11,0),"") -> 0 | E11: 화인 | F11: =IFERROR(C11-(D11*B11),"") -> 4
A12: 아신 | B12: =$B$4 -> 36 | C12: =IFERROR(VLOOKUP(A12,'대신 피벗'!A:ST,8,FALSE),0) -> 3 | D12: =IFERROR(ROUNDDOWN(C12/B12,0),"") -> 0 | E12: 아신 | F12: =IFERROR(C12-(D12*B12),"") -> 3
A13: 씨제이오산 | B13: =$B$4 -> 36 | C13: =IFERROR(VLOOKUP(A13,'대신 피벗'!A:ST,8,FALSE),0) -> 5 | D13: =IFERROR(ROUNDDOWN(C13/B13,0),"") -> 0 | E13: 오산 | F13: =IFERROR(C13-(D13*B13),"") -> 5
A14: 씨제이군포 | B14: =$B$4 -> 36 | C14: =IFERROR(VLOOKUP(A14,'대신 피벗'!A:ST,8,FALSE),0) -> 3 | D14: =IFERROR(ROUNDDOWN(C14/B14,0),"") -> 0 | E14: 군포 | F14: =IFERROR(C14-(D14*B14),"") -> 3
A15: BGF로지스광주 | B15: =$B$4 -> 36 | C15: =IFERROR(VLOOKUP(A15,'대신 피벗'!A:ST,8,FALSE),0) -> 4 | D15: =IFERROR(ROUNDDOWN(C15/B15,0),"") -> 0 | E15: 광주 | F15: =IFERROR(C15-(D15*B15),"") -> 4
A16: BGF로지스양주 | B16: =$B$4 -> 36 | C16: =IFERROR(VLOOKUP(A16,'대신 피벗'!A:ST,8,FALSE),0) -> 1 | D16: =IFERROR(ROUNDDOWN(C16/B16,0),"") -> 0 | E16: 양주 | F16: =IFERROR(C16-(D16*B16),"") -> 1
... A18: 동부로지스 | B18: =$B$4 -> 36 | C18: =IFERROR(VLOOKUP(A18,'대신 피벗'!A:ST,8,FALSE),0) -> 2 | D18: =IFERROR(ROUNDDOWN(C18/B18,0),"") -> 0 | E18: 동부 | F18: =IFERROR(C18-(D18*B18),"") -> 2
A20: 수도권 합계 | B20: =$B$4 -> 36 | C20: =SUM(C4:C18) -> 45 | D20: =IFERROR(ROUNDDOWN(C20/B20,0),"") -> 1 | F20: =IFERROR(C20-(D20*B20),"") -> 9
A22: 엑소후레쉬양산 | B22: =$B$4 -> 36 | C22: =IFERROR(VLOOKUP(A22,'대신 피벗'!A:ST,8,FALSE),0) -> 4 | D22: =IFERROR(ROUNDDOWN(C22/B22,0),"") -> 0 | E22: 양산 | F22: =IFERROR(C22-(D22*B22),"") -> 4
A23: 극동로지스 | B23: =$B$4 -> 36 | C23: =IFERROR(VLOOKUP(A23,'대신 피벗'!A:ST,8,FALSE),0) -> 0 | D23: =IFERROR(ROUNDDOWN(C23/B23,0),"") -> 0 | E23: 극동 | F23: =IFERROR(C23-(D23*B23),"") -> 0
A24: 김해물류 | B24: =$B$4 -> 36 | C24: =IFERROR(VLOOKUP(A24,'대신 피벗'!A:ST,8,FALSE),0) -> 0 | D24: =IFERROR(ROUNDDOWN(C24/B24,0),"") -> 0 | E24: 김해 | F24: =IFERROR(C24-(D24*B24),"") -> 0
A25: BGF로지스부산 | B25: =$B$4 -> 36 | C25: =IFERROR(VLOOKUP(A25,'대신 피벗'!A:ST,8,FALSE),0) -> 5 | D25: =IFERROR(ROUNDDOWN(C25/B25,0),"") -> 0 | E25: 부산 | F25: =IFERROR(C25-(D25*B25),"") -> 5
A26: BGF로지스진주 | B26: =$B$4 -> 36 | C26: =IFERROR(VLOOKUP(A26,'대신 피벗'!A:ST,8,FALSE),0) -> 1 | D26: =IFERROR(ROUNDDOWN(C26/B26,0),"") -> 0 | E26: 진주 | F26: =IFERROR(C26-(D26*B26),"") -> 1
A28: 경남(김해)합계 | B28: =$B$4 -> 36 | C28: =SUM(C22:C26) -> 10 | D28: =IFERROR(ROUNDDOWN(C28/B28,0),"") -> 0 | F28: =IFERROR(C28-(D28*B28),"") -> 10
A30: 씨제이경산 | B30: =$B$4 -> 36 | C30: =IFERROR(VLOOKUP(A30,'대신 피벗'!A:ST,8,FALSE),0) -> 5 | D30: =IFERROR(ROUNDDOWN(C30/B30,0),"") -> 0 | E30: 경산 | F30: =IFERROR(C30-(D30*B30),"") -> 5
A31: BGF로지스대구 | B31: =$B$4 -> 36 | C31: =IFERROR(VLOOKUP(A31,'대신 피벗'!A:ST,8,FALSE),0) -> 6 | D31: =IFERROR(ROUNDDOWN(C31/B31,0),"") -> 0 | E31: 대구 | F31: =IFERROR(C31-(D31*B31),"") -> 6
A33: 경북(칠곡)합계 | B33: =$B$4 -> 36 | C33: =SUM(C30:C31) -> 11 | D33: =IFERROR(ROUNDDOWN(C33/B33,0),"") -> 0 | F33: =IFERROR(C33-(D33*B33),"") -> 11
A35: BGF로지스나주 | B35: =$B$4 -> 36 | C35: =IFERROR(VLOOKUP(A35,'대신 피벗'!A:ST,8,FALSE),0) -> 3 | D35: =IFERROR(ROUNDDOWN(C35/B35,0),"") -> 0 | E35: 나주 | F35: =IFERROR(C35-(D35*B35),"") -> 3
A36: 하이로지스 | B36: =$B$4 -> 36 | C36: =IFERROR(VLOOKUP(A36,'대신 피벗'!A:ST,8,FALSE),0) -> 2 | D36: =IFERROR(ROUNDDOWN(C36/B36,0),"") -> 0 | E36: 하이 | F36: =IFERROR(C36-(D36*B36),"") -> 2
A37: 씨제이김제 | B37: =$B$4 -> 36 | C37: =IFERROR(VLOOKUP(A37,'대신 피벗'!A:ST,8,FALSE),0) -> 2 | D37: =IFERROR(ROUNDDOWN(C37/B37,0),"") -> 0 | E37: 김제 | F37: =IFERROR(C37-(D37*B37),"") -> 2
A39: 호남권 합계 | B39: =$B$4 -> 36 | C39: =SUM(C35:C37) -> 7 | D39: =IFERROR(ROUNDDOWN(C39/B39,0),"") -> 0 | F39: =IFERROR(C39-(D39*B39),"") -> 7
A41: BGF로지스서귀포 | B41: =$B$4 -> 36 | C41: =IFERROR(VLOOKUP(A41,'대신 피벗'!A:ST,8,FALSE),0) -> 4 | D41: =IFERROR(ROUNDDOWN(C41/B41,0),"") -> 0 | E41: 서귀포 | F41: =IFERROR(C41-(D41*B41),"") -> 4
A42: BGF로지스제주 | B42: =$B$4 -> 36 | C42: =IFERROR(VLOOKUP(A42,'대신 피벗'!A:ST,8,FALSE),0) -> 1 | D42: =IFERROR(ROUNDDOWN(C42/B42,0),"") -> 0 | E42: 제주 | F42: =IFERROR(C42-(D42*B42),"") -> 1
A44: 제주권 합계 | B44: =$B$4 -> 36 | C44: =SUM(C41:C42) -> 5 | D44: =IFERROR(ROUNDDOWN(C44/B44,0),"") -> 0 | F44: =IFERROR(C44-(D44*B44),"") -> 5
A46: 총합계 | B46: =$B$4 -> 36 | C46: =SUM(C4:C18,C35:C37,C30:C31,C22:C26,C41:C42) -> 78 | D46: =IFERROR(ROUNDDOWN(C46/B46,0),"") -> 2 | F46: =IFERROR(C46-(D46*B46),"") -> 6 | G46: 소분박스 | H46: 소분낱개
A47: 총 박스/총 낱개수량 | B47: □ | D47: =SUM(D4:D18,D35:D37,D30:D31,D22:D26,D41:D42) -> 0 | F47: =SUM(F4:F18,F35:F37,F30:F31,F22:F26,F41:F42) -> 78 | G47: =IFERROR(ROUNDDOWN(F47/B35,0),"") -> 2 | H47: =IFERROR(F47-(G47*B35),"") -> 6
C48: =C20+C28+C33+C39+C44 -> 78 | H48: □
C49: =C48=C46 -> TRUE

Sheet 도)윙봉칠리탕수득템2
A2: =TODAY() -> 46314 | B2: 호연(대신) 2편 □
A3: 행 레이블 | B3: 입수 | C3: 도)윙봉칠리탕수득템2 | D3: 박스 | E3: 센터명 | F3: 낱개
A4: BGF로지스강릉 | B4: 36 | C4: =IFERROR(VLOOKUP(A4,'대신 피벗'!A:ST,9,FALSE),0) -> 5 | D4: =IFERROR(ROUNDDOWN(C4/B4,0),"") -> 0 | E4: 강릉 | F4: =IFERROR(C4-(D4*B4),"") -> 5
A5: BGF로지스검단 | B5: =$B$4 -> 36 | C5: =IFERROR(VLOOKUP(A5,'대신 피벗'!A:ST,9,FALSE),0) -> 15 | D5: =IFERROR(ROUNDDOWN(C5/B5,0),"") -> 0 | E5: 검단 | F5: =IFERROR(C5-(D5*B5),"") -> 15
A6: BGF로지스서인천1 | B6: =$B$4 -> 36 | C6: =IFERROR(VLOOKUP(A6,'대신 피벗'!A:ST,9,FALSE),0) -> 11 | D6: =IFERROR(ROUNDDOWN(C6/B6,0),"") -> 0 | E6: 서인천1 | F6: =IFERROR(C6-(D6*B6),"") -> 11
A7: BGF로지스서인천2 | B7: =$B$4 -> 36 | C7: =IFERROR(VLOOKUP(A7,'대신 피벗'!A:ST,9,FALSE),0) -> 15 | D7: =IFERROR(ROUNDDOWN(C7/B7,0),"") -> 0 | E7: 서인천2 | F7: =IFERROR(C7-(D7*B7),"") -> 15
A8: BGF로지스진천 | B8: =$B$4 -> 36 | C8: =IFERROR(VLOOKUP(A8,'대신 피벗'!A:ST,9,FALSE),0) -> 9 | D8: =IFERROR(ROUNDDOWN(C8/B8,0),"") -> 0 | E8: 진천 | F8: =IFERROR(C8-(D8*B8),"") -> 9
A9: BGF로지스안성 | B9: =$B$4 -> 36 | C9: =IFERROR(VLOOKUP(A9,'대신 피벗'!A:ST,9,FALSE),0) -> 5 | D9: =IFERROR(ROUNDDOWN(C9/B9,0),"") -> 0 | E9: 안성 | F9: =IFERROR(C9-(D9*B9),"") -> 5
A10: BGF로지스아산 | B10: =$B$4 -> 36 | C10: =IFERROR(VLOOKUP(A10,'대신 피벗'!A:ST,9,FALSE),0) -> 3 | D10: =IFERROR(ROUNDDOWN(C10/B10,0),"") -> 0 | E10: 아산 | F10: =IFERROR(C10-(D10*B10),"") -> 3
A11: 화인로지텍 | B11: =$B$4 -> 36 | C11: =IFERROR(VLOOKUP(A11,'대신 피벗'!A:ST,9,FALSE),0) -> 3 | D11: =IFERROR(ROUNDDOWN(C11/B11,0),"") -> 0 | E11: 화인 | F11: =IFERROR(C11-(D11*B11),"") -> 3
A12: 아신 | B12: =$B$4 -> 36 | C12: =IFERROR(VLOOKUP(A12,'대신 피벗'!A:ST,9,FALSE),0) -> 10 | D12: =IFERROR(ROUNDDOWN(C12/B12,0),"") -> 0 | E12: 아신 | F12: =IFERROR(C12-(D12*B12),"") -> 10
A13: 씨제이오산 | B13: =$B$4 -> 36 | C13: =IFERROR(VLOOKUP(A13,'대신 피벗'!A:ST,9,FALSE),0) -> 7 | D13: =IFERROR(ROUNDDOWN(C13/B13,0),"") -> 0 | E13: 오산 | F13: =IFERROR(C13-(D13*B13),"") -> 7
A14: 씨제이군포 | B14: =$B$4 -> 36 | C14: =IFERROR(VLOOKUP(A14,'대신 피벗'!A:ST,9,FALSE),0) -> 8 | D14: =IFERROR(ROUNDDOWN(C14/B14,0),"") -> 0 | E14: 군포 | F14: =IFERROR(C14-(D14*B14),"") -> 8
A15: BGF로지스광주 | B15: =$B$4 -> 36 | C15: =IFERROR(VLOOKUP(A15,'대신 피벗'!A:ST,9,FALSE),0) -> 12 | D15: =IFERROR(ROUNDDOWN(C15/B15,0),"") -> 0 | E15: 광주 | F15: =IFERROR(C15-(D15*B15),"") -> 12
A16: BGF로지스양주 | B16: =$B$4 -> 36 | C16: =IFERROR(VLOOKUP(A16,'대신 피벗'!A:ST,9,FALSE),0) -> 3 | D16: =IFERROR(ROUNDDOWN(C16/B16,0),"") -> 0 | E16: 양주 | F16: =IFERROR(C16-(D16*B16),"") -> 3
... A18: 동부로지스 | B18: =$B$4 -> 36 | C18: =IFERROR(VLOOKUP(A18,'대신 피벗'!A:ST,9,FALSE),0) -> 5 | D18: =IFERROR(ROUNDDOWN(C18/B18,0),"") -> 0 | E18: 동부 | F18: =IFERROR(C18-(D18*B18),"") -> 5
A20: 수도권 합계 | B20: =$B$4 -> 36 | C20: =SUM(C4:C18) -> 115 | D20: =IFERROR(ROUNDDOWN(C20/B20,0),"") -> 3 | F20: =IFERROR(C20-(D20*B20),"") -> 7
A22: 엑소후레쉬양산 | B22: =$B$4 -> 36 | C22: =IFERROR(VLOOKUP(A22,'대신 피벗'!A:ST,9,FALSE),0) -> 3 | D22: =IFERROR(ROUNDDOWN(C22/B22,0),"") -> 0 | E22: 양산 | F22: =IFERROR(C22-(D22*B22),"") -> 3
A23: 극동로지스 | B23: =$B$4 -> 36 | C23: =IFERROR(VLOOKUP(A23,'대신 피벗'!A:ST,9,FALSE),0) -> 2 | D23: =IFERROR(ROUNDDOWN(C23/B23,0),"") -> 0 | E23: 극동 | F23: =IFERROR(C23-(D23*B23),"") -> 2
A24: 김해물류 | B24: =$B$4 -> 36 | C24: =IFERROR(VLOOKUP(A24,'대신 피벗'!A:ST,9,FALSE),0) -> 0 | D24: =IFERROR(ROUNDDOWN(C24/B24,0),"") -> 0 | E24: 김해 | F24: =IFERROR(C24-(D24*B24),"") -> 0
A25: BGF로지스부산 | B25: =$B$4 -> 36 | C25: =IFERROR(VLOOKUP(A25,'대신 피벗'!A:ST,9,FALSE),0) -> 3 | D25: =IFERROR(ROUNDDOWN(C25/B25,0),"") -> 0 | E25: 부산 | F25: =IFERROR(C25-(D25*B25),"") -> 3
A26: BGF로지스진주 | B26: =$B$4 -> 36 | C26: =IFERROR(VLOOKUP(A26,'대신 피벗'!A:ST,9,FALSE),0) -> 3 | D26: =IFERROR(ROUNDDOWN(C26/B26,0),"") -> 0 | E26: 진주 | F26: =IFERROR(C26-(D26*B26),"") -> 3
A28: 경남(김해)합계 | B28: =$B$4 -> 36 | C28: =SUM(C22:C26) -> 11 | D28: =IFERROR(ROUNDDOWN(C28/B28,0),"") -> 0 | F28: =IFERROR(C28-(D28*B28),"") -> 11
A30: 씨제이경산 | B30: =$B$4 -> 36 | C30: =IFERROR(VLOOKUP(A30,'대신 피벗'!A:ST,9,FALSE),0) -> 4 | D30: =IFERROR(ROUNDDOWN(C30/B30,0),"") -> 0 | E30: 경산 | F30: =IFERROR(C30-(D30*B30),"") -> 4
A31: BGF로지스대구 | B31: =$B$4 -> 36 | C31: =IFERROR(VLOOKUP(A31,'대신 피벗'!A:ST,9,FALSE),0) -> 5 | D31: =IFERROR(ROUNDDOWN(C31/B31,0),"") -> 0 | E31: 대구 | F31: =IFERROR(C31-(D31*B31),"") -> 5
A33: 경북(칠곡)합계 | B33: =$B$4 -> 36 | C33: =SUM(C30:C31) -> 9 | D33: =IFERROR(ROUNDDOWN(C33/B33,0),"") -> 0 | F33: =IFERROR(C33-(D33*B33),"") -> 9
A35: BGF로지스나주 | B35: =$B$4 -> 36 | C35: =IFERROR(VLOOKUP(A35,'대신 피벗'!A:ST,9,FALSE),0) -> 1 | D35: =IFERROR(ROUNDDOWN(C35/B35,0),"") -> 0 | E35: 나주 | F35: =IFERROR(C35-(D35*B35),"") -> 1
A36: 하이로지스 | B36: =$B$4 -> 36 | C36: =IFERROR(VLOOKUP(A36,'대신 피벗'!A:ST,9,FALSE),0) -> 7 | D36: =IFERROR(ROUNDDOWN(C36/B36,0),"") -> 0 | E36: 하이 | F36: =IFERROR(C36-(D36*B36),"") -> 7
A37: 씨제이김제 | B37: =$B$4 -> 36 | C37: =IFERROR(VLOOKUP(A37,'대신 피벗'!A:ST,9,FALSE),0) -> 5 | D37: =IFERROR(ROUNDDOWN(C37/B37,0),"") -> 0 | E37: 김제 | F37: =IFERROR(C37-(D37*B37),"") -> 5
A39: 호남권 합계 | B39: =$B$4 -> 36 | C39: =SUM(C35:C37) -> 13 | D39: =IFERROR(ROUNDDOWN(C39/B39,0),"") -> 0 | F39: =IFERROR(C39-(D39*B39),"") -> 13
A41: BGF로지스서귀포 | B41: =$B$4 -> 36 | C41: =IFERROR(VLOOKUP(A41,'대신 피벗'!A:ST,9,FALSE),0) -> 1 | D41: =IFERROR(ROUNDDOWN(C41/B41,0),"") -> 0 | E41: 서귀포 | F41: =IFERROR(C41-(D41*B41),"") -> 1
A42: BGF로지스제주 | B42: =$B$4 -> 36 | C42: =IFERROR(VLOOKUP(A42,'대신 피벗'!A:ST,9,FALSE),0) -> 3 | D42: =IFERROR(ROUNDDOWN(C42/B42,0),"") -> 0 | E42: 제주 | F42: =IFERROR(C42-(D42*B42),"") -> 3
A44: 제주권 합계 | B44: =$B$4 -> 36 | C44: =SUM(C41:C42) -> 4 | D44: =IFERROR(ROUNDDOWN(C44/B44,0),"") -> 0 | F44: =IFERROR(C44-(D44*B44),"") -> 4
A46: 총합계 | B46: =$B$4 -> 36 | C46: =SUM(C4:C18,C35:C37,C30:C31,C22:C26,C41:C42) -> 152 | D46: =IFERROR(ROUNDDOWN(C46/B46,0),"") -> 4 | F46: =IFERROR(C46-(D46*B46),"") -> 8 | G46: 소분박스 | H46: 소분낱개
A47: 총 박스/총 낱개수량 | B47: □ | D47: =SUM(D4:D18,D35:D37,D30:D31,D22:D26,D41:D42) -> 0 | F47: =SUM(F4:F18,F35:F37,F30:F31,F22:F26,F41:F42) -> 152 | G47: =IFERROR(ROUNDDOWN(F47/B35,0),"") -> 4 | H47: =IFERROR(F47-(G47*B35),"") -> 8
C48: =C20+C28+C33+C39+C44 -> 152 | H48: □
C49: =C48=C46 -> TRUE

Sheet 도)찍먹윙봉1
A2: =TODAY() -> 46314 | B2: 호연(대신) 1편 □
A3: 행 레이블 | B3: 입수 | C3: 도)찍먹윙봉1 | D3: 박스 | E3: 센터명 | F3: 낱개
A4: BGF로지스강릉 | B4: 36 | C4: =IFERROR(VLOOKUP(A4,'대신 피벗'!A:ST,10,FALSE),0) -> 1 | D4: =IFERROR(ROUNDDOWN(C4/B4,0),"") -> 0 | E4: 강릉 | F4: =IFERROR(C4-(D4*B4),"") -> 1
A5: BGF로지스검단 | B5: =$B$4 -> 36 | C5: =IFERROR(VLOOKUP(A5,'대신 피벗'!A:ST,10,FALSE),0) -> 6 | D5: =IFERROR(ROUNDDOWN(C5/B5,0),"") -> 0 | E5: 검단 | F5: =IFERROR(C5-(D5*B5),"") -> 6
A6: BGF로지스서인천1 | B6: =$B$4 -> 36 | C6: =IFERROR(VLOOKUP(A6,'대신 피벗'!A:ST,10,FALSE),0) -> 7 | D6: =IFERROR(ROUNDDOWN(C6/B6,0),"") -> 0 | E6: 서인천1 | F6: =IFERROR(C6-(D6*B6),"") -> 7
A7: BGF로지스서인천2 | B7: =$B$4 -> 36 | C7: =IFERROR(VLOOKUP(A7,'대신 피벗'!A:ST,10,FALSE),0) -> 9 | D7: =IFERROR(ROUNDDOWN(C7/B7,0),"") -> 0 | E7: 서인천2 | F7: =IFERROR(C7-(D7*B7),"") -> 9
A8: BGF로지스진천 | B8: =$B$4 -> 36 | C8: =IFERROR(VLOOKUP(A8,'대신 피벗'!A:ST,10,FALSE),0) -> 1 | D8: =IFERROR(ROUNDDOWN(C8/B8,0),"") -> 0 | E8: 진천 | F8: =IFERROR(C8-(D8*B8),"") -> 1
A9: BGF로지스안성 | B9: =$B$4 -> 36 | C9: =IFERROR(VLOOKUP(A9,'대신 피벗'!A:ST,10,FALSE),0) -> 1 | D9: =IFERROR(ROUNDDOWN(C9/B9,0),"") -> 0 | E9: 안성 | F9: =IFERROR(C9-(D9*B9),"") -> 1
A10: BGF로지스아산 | B10: =$B$4 -> 36 | C10: =IFERROR(VLOOKUP(A10,'대신 피벗'!A:ST,10,FALSE),0) -> 4 | D10: =IFERROR(ROUNDDOWN(C10/B10,0),"") -> 0 | E10: 아산 | F10: =IFERROR(C10-(D10*B10),"") -> 4
A11: 화인로지텍 | B11: =$B$4 -> 36 | C11: =IFERROR(VLOOKUP(A11,'대신 피벗'!A:ST,10,FALSE),0) -> 2 | D11: =IFERROR(ROUNDDOWN(C11/B11,0),"") -> 0 | E11: 화인 | F11: =IFERROR(C11-(D11*B11),"") -> 2
A12: 아신 | B12: =$B$4 -> 36 | C12: =IFERROR(VLOOKUP(A12,'대신 피벗'!A:ST,10,FALSE),0) -> 2 | D12: =IFERROR(ROUNDDOWN(C12/B12,0),"") -> 0 | E12: 아신 | F12: =IFERROR(C12-(D12*B12),"") -> 2
A13: 씨제이오산 | B13: =$B$4 -> 36 | C13: =IFERROR(VLOOKUP(A13,'대신 피벗'!A:ST,10,FALSE),0) -> 4 | D13: =IFERROR(ROUNDDOWN(C13/B13,0),"") -> 0 | E13: 오산 | F13: =IFERROR(C13-(D13*B13),"") -> 4
A14: 씨제이군포 | B14: =$B$4 -> 36 | C14: =IFERROR(VLOOKUP(A14,'대신 피벗'!A:ST,10,FALSE),0) -> 4 | D14: =IFERROR(ROUNDDOWN(C14/B14,0),"") -> 0 | E14: 군포 | F14: =IFERROR(C14-(D14*B14),"") -> 4
A15: BGF로지스광주 | B15: =$B$4 -> 36 | C15: =IFERROR(VLOOKUP(A15,'대신 피벗'!A:ST,10,FALSE),0) -> 6 | D15: =IFERROR(ROUNDDOWN(C15/B15,0),"") -> 0 | E15: 광주 | F15: =IFERROR(C15-(D15*B15),"") -> 6
A16: BGF로지스양주 | B16: =$B$4 -> 36 | C16: =IFERROR(VLOOKUP(A16,'대신 피벗'!A:ST,10,FALSE),0) -> 3 | D16: =IFERROR(ROUNDDOWN(C16/B16,0),"") -> 0 | E16: 양주 | F16: =IFERROR(C16-(D16*B16),"") -> 3
... A18: 동부로지스 | B18: =$B$4 -> 36 | C18: =IFERROR(VLOOKUP(A18,'대신 피벗'!A:ST,10,FALSE),0) -> 1 | D18: =IFERROR(ROUNDDOWN(C18/B18,0),"") -> 0 | E18: 동부 | F18: =IFERROR(C18-(D18*B18),"") -> 1
A20: 수도권 합계 | B20: =$B$4 -> 36 | C20: =SUM(C4:C18) -> 53 | D20: =IFERROR(ROUNDDOWN(C20/B20,0),"") -> 1 | F20: =IFERROR(C20-(D20*B20),"") -> 17
A22: 엑소후레쉬양산 | B22: =$B$4 -> 36 | C22: =IFERROR(VLOOKUP(A22,'대신 피벗'!A:ST,10,FALSE),0) -> 6 | D22: =IFERROR(ROUNDDOWN(C22/B22,0),"") -> 0 | E22: 양산 | F22: =IFERROR(C22-(D22*B22),"") -> 6
A23: 극동로지스 | B23: =$B$4 -> 36 | C23: =IFERROR(VLOOKUP(A23,'대신 피벗'!A:ST,10,FALSE),0) -> 2 | D23: =IFERROR(ROUNDDOWN(C23/B23,0),"") -> 0 | E23: 극동 | F23: =IFERROR(C23-(D23*B23),"") -> 2
A24: 김해물류 | B24: =$B$4 -> 36 | C24: =IFERROR(VLOOKUP(A24,'대신 피벗'!A:ST,10,FALSE),0) -> 0 | D24: =IFERROR(ROUNDDOWN(C24/B24,0),"") -> 0 | E24: 김해 | F24: =IFERROR(C24-(D24*B24),"") -> 0
A25: BGF로지스부산 | B25: =$B$4 -> 36 | C25: =IFERROR(VLOOKUP(A25,'대신 피벗'!A:ST,10,FALSE),0) -> 4 | D25: =IFERROR(ROUNDDOWN(C25/B25,0),"") -> 0 | E25: 부산 | F25: =IFERROR(C25-(D25*B25),"") -> 4
A26: BGF로지스진주 | B26: =$B$4 -> 36 | C26: =IFERROR(VLOOKUP(A26,'대신 피벗'!A:ST,10,FALSE),0) -> 1 | D26: =IFERROR(ROUNDDOWN(C26/B26,0),"") -> 0 | E26: 진주 | F26: =IFERROR(C26-(D26*B26),"") -> 1
A28: 경남(김해)합계 | B28: =$B$4 -> 36 | C28: =SUM(C22:C26) -> 13 | D28: =IFERROR(ROUNDDOWN(C28/B28,0),"") -> 0 | F28: =IFERROR(C28-(D28*B28),"") -> 13
A30: 씨제이경산 | B30: =$B$4 -> 36 | C30: =IFERROR(VLOOKUP(A30,'대신 피벗'!A:ST,10,FALSE),0) -> 5 | D30: =IFERROR(ROUNDDOWN(C30/B30,0),"") -> 0 | E30: 경산 | F30: =IFERROR(C30-(D30*B30),"") -> 5
A31: BGF로지스대구 | B31: =$B$4 -> 36 | C31: =IFERROR(VLOOKUP(A31,'대신 피벗'!A:ST,10,FALSE),0) -> 2 | D31: =IFERROR(ROUNDDOWN(C31/B31,0),"") -> 0 | E31: 대구 | F31: =IFERROR(C31-(D31*B31),"") -> 2
A33: 경북(칠곡)합계 | B33: =$B$4 -> 36 | C33: =SUM(C30:C31) -> 7 | D33: =IFERROR(ROUNDDOWN(C33/B33,0),"") -> 0 | F33: =IFERROR(C33-(D33*B33),"") -> 7
A35: BGF로지스나주 | B35: =$B$4 -> 36 | C35: =IFERROR(VLOOKUP(A35,'대신 피벗'!A:ST,10,FALSE),0) -> 3 | D35: =IFERROR(ROUNDDOWN(C35/B35,0),"") -> 0 | E35: 나주 | F35: =IFERROR(C35-(D35*B35),"") -> 3
A36: 하이로지스 | B36: =$B$4 -> 36 | C36: =IFERROR(VLOOKUP(A36,'대신 피벗'!A:ST,10,FALSE),0) -> 2 | D36: =IFERROR(ROUNDDOWN(C36/B36,0),"") -> 0 | E36: 하이 | F36: =IFERROR(C36-(D36*B36),"") -> 2
A37: 씨제이김제 | B37: =$B$4 -> 36 | C37: =IFERROR(VLOOKUP(A37,'대신 피벗'!A:ST,10,FALSE),0) -> 0 | D37: =IFERROR(ROUNDDOWN(C37/B37,0),"") -> 0 | E37: 김제 | F37: =IFERROR(C37-(D37*B37),"") -> 0
A39: 호남권 합계 | B39: =$B$4 -> 36 | C39: =SUM(C35:C37) -> 5 | D39: =IFERROR(ROUNDDOWN(C39/B39,0),"") -> 0 | F39: =IFERROR(C39-(D39*B39),"") -> 5
A41: BGF로지스서귀포 | B41: =$B$4 -> 36 | C41: =IFERROR(VLOOKUP(A41,'대신 피벗'!A:ST,10,FALSE),0) -> 2 | D41: =IFERROR(ROUNDDOWN(C41/B41,0),"") -> 0 | E41: 서귀포 | F41: =IFERROR(C41-(D41*B41),"") -> 2
A42: BGF로지스제주 | B42: =$B$4 -> 36 | C42: =IFERROR(VLOOKUP(A42,'대신 피벗'!A:ST,10,FALSE),0) -> 2 | D42: =IFERROR(ROUNDDOWN(C42/B42,0),"") -> 0 | E42: 제주 | F42: =IFERROR(C42-(D42*B42),"") -> 2
A44: 제주권 합계 | B44: =$B$4 -> 36 | C44: =SUM(C41:C42) -> 4 | D44: =IFERROR(ROUNDDOWN(C44/B44,0),"") -> 0 | F44: =IFERROR(C44-(D44*B44),"") -> 4
A46: 총합계 | B46: =$B$4 -> 36 | C46: =SUM(C4:C18,C35:C37,C30:C31,C22:C26,C41:C42) -> 82 | D46: =IFERROR(ROUNDDOWN(C46/B46,0),"") -> 2 | F46: =IFERROR(C46-(D46*B46),"") -> 10 | G46: 소분박스 | H46: 소분낱개
A47: 총 박스/총 낱개수량 | B47: □ | D47: =SUM(D4:D18,D35:D37,D30:D31,D22:D26,D41:D42) -> 0 | F47: =SUM(F4:F18,F35:F37,F30:F31,F22:F26,F41:F42) -> 82 | G47: =IFERROR(ROUNDDOWN(F47/B35,0),"") -> 2 | H47: =IFERROR(F47-(G47*B35),"") -> 10
C48: =C20+C28+C33+C39+C44 -> 82 | H48: □
C49: =C48=C46 -> TRUE

Sheet 도)찍먹윙봉2
A2: =TODAY() -> 46314 | B2: 호연(대신) 2편 □
A3: 행 레이블 | B3: 입수 | C3: 도)찍먹윙봉2 | D3: 박스 | E3: 센터명 | F3: 낱개
A4: BGF로지스강릉 | B4: 36 | C4: =IFERROR(VLOOKUP(A4,'대신 피벗'!A:ST,11,FALSE),0) -> 2 | D4: =IFERROR(ROUNDDOWN(C4/B4,0),"") -> 0 | E4: 강릉 | F4: =IFERROR(C4-(D4*B4),"") -> 2
A5: BGF로지스검단 | B5: =$B$4 -> 36 | C5: =IFERROR(VLOOKUP(A5,'대신 피벗'!A:ST,11,FALSE),0) -> 28 | D5: =IFERROR(ROUNDDOWN(C5/B5,0),"") -> 0 | E5: 검단 | F5: =IFERROR(C5-(D5*B5),"") -> 28
A6: BGF로지스서인천1 | B6: =$B$4 -> 36 | C6: =IFERROR(VLOOKUP(A6,'대신 피벗'!A:ST,11,FALSE),0) -> 11 | D6: =IFERROR(ROUNDDOWN(C6/B6,0),"") -> 0 | E6: 서인천1 | F6: =IFERROR(C6-(D6*B6),"") -> 11
A7: BGF로지스서인천2 | B7: =$B$4 -> 36 | C7: =IFERROR(VLOOKUP(A7,'대신 피벗'!A:ST,11,FALSE),0) -> 9 | D7: =IFERROR(ROUNDDOWN(C7/B7,0),"") -> 0 | E7: 서인천2 | F7: =IFERROR(C7-(D7*B7),"") -> 9
A8: BGF로지스진천 | B8: =$B$4 -> 36 | C8: =IFERROR(VLOOKUP(A8,'대신 피벗'!A:ST,11,FALSE),0) -> 5 | D8: =IFERROR(ROUNDDOWN(C8/B8,0),"") -> 0 | E8: 진천 | F8: =IFERROR(C8-(D8*B8),"") -> 5
A9: BGF로지스안성 | B9: =$B$4 -> 36 | C9: =IFERROR(VLOOKUP(A9,'대신 피벗'!A:ST,11,FALSE),0) -> 7 | D9: =IFERROR(ROUNDDOWN(C9/B9,0),"") -> 0 | E9: 안성 | F9: =IFERROR(C9-(D9*B9),"") -> 7
A10: BGF로지스아산 | B10: =$B$4 -> 36 | C10: =IFERROR(VLOOKUP(A10,'대신 피벗'!A:ST,11,FALSE),0) -> 7 | D10: =IFERROR(ROUNDDOWN(C10/B10,0),"") -> 0 | E10: 아산 | F10: =IFERROR(C10-(D10*B10),"") -> 7
A11: 화인로지텍 | B11: =$B$4 -> 36 | C11: =IFERROR(VLOOKUP(A11,'대신 피벗'!A:ST,11,FALSE),0) -> 5 | D11: =IFERROR(ROUNDDOWN(C11/B11,0),"") -> 0 | E11: 화인 | F11: =IFERROR(C11-(D11*B11),"") -> 5
A12: 아신 | B12: =$B$4 -> 36 | C12: =IFERROR(VLOOKUP(A12,'대신 피벗'!A:ST,11,FALSE),0) -> 9 | D12: =IFERROR(ROUNDDOWN(C12/B12,0),"") -> 0 | E12: 아신 | F12: =IFERROR(C12-(D12*B12),"") -> 9
A13: 씨제이오산 | B13: =$B$4 -> 36 | C13: =IFERROR(VLOOKUP(A13,'대신 피벗'!A:ST,11,FALSE),0) -> 18 | D13: =IFERROR(ROUNDDOWN(C13/B13,0),"") -> 0 | E13: 오산 | F13: =IFERROR(C13-(D13*B13),"") -> 18
A14: 씨제이군포 | B14: =$B$4 -> 36 | C14: =IFERROR(VLOOKUP(A14,'대신 피벗'!A:ST,11,FALSE),0) -> 13 | D14: =IFERROR(ROUNDDOWN(C14/B14,0),"") -> 0 | E14: 군포 | F14: =IFERROR(C14-(D14*B14),"") -> 13
A15: BGF로지스광주 | B15: =$B$4 -> 36 | C15: =IFERROR(VLOOKUP(A15,'대신 피벗'!A:ST,11,FALSE),0) -> 14 | D15: =IFERROR(ROUNDDOWN(C15/B15,0),"") -> 0 | E15: 광주 | F15: =IFERROR(C15-(D15*B15),"") -> 14
A16: BGF로지스양주 | B16: =$B$4 -> 36 | C16: =IFERROR(VLOOKUP(A16,'대신 피벗'!A:ST,11,FALSE),0) -> 10 | D16: =IFERROR(ROUNDDOWN(C16/B16,0),"") -> 0 | E16: 양주 | F16: =IFERROR(C16-(D16*B16),"") -> 10
... A18: 동부로지스 | B18: =$B$4 -> 36 | C18: =IFERROR(VLOOKUP(A18,'대신 피벗'!A:ST,11,FALSE),0) -> 7 | D18: =IFERROR(ROUNDDOWN(C18/B18,0),"") -> 0 | E18: 동부 | F18: =IFERROR(C18-(D18*B18),"") -> 7
A20: 수도권 합계 | B20: =$B$4 -> 36 | C20: =SUM(C4:C18) -> 148 | D20: =IFERROR(ROUNDDOWN(C20/B20,0),"") -> 4 | F20: =IFERROR(C20-(D20*B20),"") -> 4
A22: 엑소후레쉬양산 | B22: =$B$4 -> 36 | C22: =IFERROR(VLOOKUP(A22,'대신 피벗'!A:ST,11,FALSE),0) -> 4 | D22: =IFERROR(ROUNDDOWN(C22/B22,0),"") -> 0 | E22: 양산 | F22: =IFERROR(C22-(D22*B22),"") -> 4
A23: 극동로지스 | B23: =$B$4 -> 36 | C23: =IFERROR(VLOOKUP(A23,'대신 피벗'!A:ST,11,FALSE),0) -> 3 | D23: =IFERROR(ROUNDDOWN(C23/B23,0),"") -> 0 | E23: 극동 | F23: =IFERROR(C23-(D23*B23),"") -> 3
A24: 김해물류 | B24: =$B$4 -> 36 | C24: =IFERROR(VLOOKUP(A24,'대신 피벗'!A:ST,11,FALSE),0) -> 0 | D24: =IFERROR(ROUNDDOWN(C24/B24,0),"") -> 0 | E24: 김해 | F24: =IFERROR(C24-(D24*B24),"") -> 0
A25: BGF로지스부산 | B25: =$B$4 -> 36 | C25: =IFERROR(VLOOKUP(A25,'대신 피벗'!A:ST,11,FALSE),0) -> 5 | D25: =IFERROR(ROUNDDOWN(C25/B25,0),"") -> 0 | E25: 부산 | F25: =IFERROR(C25-(D25*B25),"") -> 5
A26: BGF로지스진주 | B26: =$B$4 -> 36 | C26: =IFERROR(VLOOKUP(A26,'대신 피벗'!A:ST,11,FALSE),0) -> 3 | D26: =IFERROR(ROUNDDOWN(C26/B26,0),"") -> 0 | E26: 진주 | F26: =IFERROR(C26-(D26*B26),"") -> 3
A28: 경남(김해)합계 | B28: =$B$4 -> 36 | C28: =SUM(C22:C26) -> 15 | D28: =IFERROR(ROUNDDOWN(C28/B28,0),"") -> 0 | F28: =IFERROR(C28-(D28*B28),"") -> 15
A30: 씨제이경산 | B30: =$B$4 -> 36 | C30: =IFERROR(VLOOKUP(A30,'대신 피벗'!A:ST,11,FALSE),0) -> 4 | D30: =IFERROR(ROUNDDOWN(C30/B30,0),"") -> 0 | E30: 경산 | F30: =IFERROR(C30-(D30*B30),"") -> 4
A31: BGF로지스대구 | B31: =$B$4 -> 36 | C31: =IFERROR(VLOOKUP(A31,'대신 피벗'!A:ST,11,FALSE),0) -> 9 | D31: =IFERROR(ROUNDDOWN(C31/B31,0),"") -> 0 | E31: 대구 | F31: =IFERROR(C31-(D31*B31),"") -> 9
A33: 경북(칠곡)합계 | B33: =$B$4 -> 36 | C33: =SUM(C30:C31) -> 13 | D33: =IFERROR(ROUNDDOWN(C33/B33,0),"") -> 0 | F33: =IFERROR(C33-(D33*B33),"") -> 13
A35: BGF로지스나주 | B35: =$B$4 -> 36 | C35: =IFERROR(VLOOKUP(A35,'대신 피벗'!A:ST,11,FALSE),0) -> 6 | D35: =IFERROR(ROUNDDOWN(C35/B35,0),"") -> 0 | E35: 나주 | F35: =IFERROR(C35-(D35*B35),"") -> 6
A36: 하이로지스 | B36: =$B$4 -> 36 | C36: =IFERROR(VLOOKUP(A36,'대신 피벗'!A:ST,11,FALSE),0) -> 5 | D36: =IFERROR(ROUNDDOWN(C36/B36,0),"") -> 0 | E36: 하이 | F36: =IFERROR(C36-(D36*B36),"") -> 5
A37: 씨제이김제 | B37: =$B$4 -> 36 | C37: =IFERROR(VLOOKUP(A37,'대신 피벗'!A:ST,11,FALSE),0) -> 9 | D37: =IFERROR(ROUNDDOWN(C37/B37,0),"") -> 0 | E37: 김제 | F37: =IFERROR(C37-(D37*B37),"") -> 9
A39: 호남권 합계 | B39: =$B$4 -> 36 | C39: =SUM(C35:C37) -> 20 | D39: =IFERROR(ROUNDDOWN(C39/B39,0),"") -> 0 | F39: =IFERROR(C39-(D39*B39),"") -> 20
A41: BGF로지스서귀포 | B41: =$B$4 -> 36 | C41: =IFERROR(VLOOKUP(A41,'대신 피벗'!A:ST,11,FALSE),0) -> 1 | D41: =IFERROR(ROUNDDOWN(C41/B41,0),"") -> 0 | E41: 서귀포 | F41: =IFERROR(C41-(D41*B41),"") -> 1
A42: BGF로지스제주 | B42: =$B$4 -> 36 | C42: =IFERROR(VLOOKUP(A42,'대신 피벗'!A:ST,11,FALSE),0) -> 1 | D42: =IFERROR(ROUNDDOWN(C42/B42,0),"") -> 0 | E42: 제주 | F42: =IFERROR(C42-(D42*B42),"") -> 1
A44: 제주권 합계 | B44: =$B$4 -> 36 | C44: =SUM(C41:C42) -> 2 | D44: =IFERROR(ROUNDDOWN(C44/B44,0),"") -> 0 | F44: =IFERROR(C44-(D44*B44),"") -> 2
A46: 총합계 | B46: =$B$4 -> 36 | C46: =SUM(C4:C18,C35:C37,C30:C31,C22:C26,C41:C42) -> 198 | D46: =IFERROR(ROUNDDOWN(C46/B46,0),"") -> 5 | F46: =IFERROR(C46-(D46*B46),"") -> 18 | G46: 소분박스 | H46: 소분낱개
A47: 총 박스/총 낱개수량 | B47: □ | D47: =SUM(D4:D18,D35:D37,D30:D31,D22:D26,D41:D42) -> 0 | F47: =SUM(F4:F18,F35:F37,F30:F31,F22:F26,F41:F42) -> 198 | G47: =IFERROR(ROUNDDOWN(F47/B35,0),"") -> 5 | H47: =IFERROR(F47-(G47*B35),"") -> 18
C48: =C20+C28+C33+C39+C44 -> 198 | H48: □
C49: =C48=C46 -> TRUE

Sheet 도)찍먹탕수육1
A2: =TODAY() -> 46314 | B2: 호연(대신) 1편 □
A3: 행 레이블 | B3: 입수 | C3: 도)찍먹탕수육1 | D3: 박스 | E3: 센터명 | F3: 낱개
