Workbook
Name 정진: #REF!

Sheet 삼진피벗
A1: 10/14 | B1: 열 레이블
A2: 10/15 납품 | B2: 삼진)미니땡초봉꼬치320g | C2: 삼진)미니어묵꼬치290g | D2: 총합계
A3: 김해2(저온) | B3: 20 | D3: 20
A4: 장성2(저온) | B4: 20 | D4: 20
A5: 화성2(저온) | B5: 20 | C5: 96 | D5: 116
A6: 청라2(저온) | B6: 60 | C6: 16 | D6: 76
A7: 총합계 | B7: 120 | C7: 112 | D7: 232

Sheet 양지 (현장)
B1: 양지2(저온)
B2: 거 래 명 세 표 (공급받는자 보관용)
B4: 공 급 받 는 자 | C4: 등록번호 | Q4: 공 급 자 | R4: 등록번호 | V4: 360-86-002047
C6: 상 호 (법인명) | G6: (이마트24) | L6: 양지센터(저온) | R6: 상 호 (법인명) | V6: 삼진식품㈜ | AB6: 성명 | AD6: 박용준
C8: 사업장 주 소 | G8: 경기도 용인시 처인구 양지면 제일리 453-7 | R8: 사업장 주 소 | V8: 부산광역시 영동구 태종로 99전길 36,3
C10: 합계금액 (VAT포함) | R10: 업 태 | V10: 제조 | AB10: 종목 | AD10: 어묵 및 유사제품
B12: 년 | C12: 월 | D12: 일 | E12: 품 목 | M12: 입수 | Q12: 총수량 | T12: 박스 | W12: 낱개수량 | AA12: 비고
B13: 46310 | E13: 삼진)미니땡초봉꼬치320g | M13: 20 | Q13: =IFERROR(VLOOKUP($B$1,삼진피벗!A1:L14,2,FALSE),0) -> 0 | T13: =IFERROR(ROUNDDOWN(Q13/M13,0),"") -> 0 | W13: =IFERROR(Q13-(T13*M13),"") -> 0 | AA13: 27.09.01
E14: 삼진)미니어묵꼬치290g | M14: 16 | Q14: =IFERROR(VLOOKUP($B$1,삼진피벗!A1:L14,3,FALSE),0) -> 0 | T14: =IFERROR(ROUNDDOWN(Q14/M14,0),"") -> 0 | W14: =IFERROR(Q14-(T14*M14),"") -> 0 | AA14: 27.11.24
B22: 총수량 | M22: =SUM(Q13:S21) -> 0 | W22: =SUM(T13:V21) -> 0
B23: 3자물류 (더원물류) 담당자 박병선이사 010-4448-1456 | W23: 경기도 용인시 처인구 양지면 제일리 453-7 박영범 주임 031-8027-2080
B27: 거 래 명 세 표 (공급자 보관용)
B29: 공 급 받 는 자 | C29: =C4 -> 등록번호 | Q29: 공 급 자 | R29: 등록번호 | V29: =V4 -> 360-86-002047
C31: =C6 -> 상 호 (법인명) | G31: =G6 -> (이마트24) | L31: =L6 -> 양지센터(저온) | R31: 상 호 (법인명) | V31: =V6 -> 삼진식품㈜ | AB31: 성 명 | AD31: =AD6 -> 박용준
C33: 사업장 주 소 | G33: =G8 -> 경기도 용인시 처인구 양지면 제일리 453-7 | R33: 사업장 주 소 | V33: =V8 -> 부산광역시 영동구 태종로 99전길 36,3
C35: 합계금액 (VAT포함) | R35: 업 태 | V35: =V10 -> 제조 | AB35: 종 목 | AD35: =AD10 -> 어묵 및 유사제품
B37: 년 | C37: 월 | D37: 일 | E37: 품 목 | M37: 입수 | Q37: 총수량 | T37: 박스 | W37: 낱개수량 | AA37: 비고
B38: =B13 -> 46310 | E38: =E13 -> 삼진)미니땡초봉꼬치320g | M38: =M13 -> 20 | Q38: =Q13 -> 0 | T38: =T13 -> 0 | W38: =W13 -> 0 | AA38: =AA13 -> 27.09.01
E39: =E14 -> 삼진)미니어묵꼬치290g | M39: =M14 -> 16 | Q39: =Q14 -> 0 | T39: =T14 -> 0 | W39: =W14 -> 0 | AA39: =AA14 -> 27.11.24
B46: =B22 -> 총수량 | M46: =M22 -> 0 | W46: =W22 -> 0
B47: =B23 -> 3자물류 (더원물류) 담당자 박병선이사 010-4448-1456 | W47: =W23 -> 경기도 용인시 처인구 양지면 제일리 453-7 박영범 주임 031-8027-2080

Sheet 원주 (20)
B1: 원주2(저온)
B2: 거 래 명 세 표 (공급받는자 보관용)
B4: 공 급 받 는 자 | C4: 등록번호 | Q4: 공 급 자 | R4: 등록번호 | V4: 360-86-002047
C6: 상 호 (법인명) | G6: (이마트24) | L6: 원주센터(저온) | R6: 상 호 (법인명) | V6: 삼진식품㈜ | AB6: 성명 | AD6: 박용준
C8: 사업장 주 소 | G8: 강원특별자치도 원주시 호저면 주산리 298,1층 | R8: 사업장 주 소 | V8: 부산광역시 영동구 태종로 99전길 36,3
C10: 합계금액 (VAT포함) | R10: 업 태 | V10: 제조 | AB10: 종목 | AD10: 어묵 및 유사제품
B12: 년 | C12: 월 | D12: 일 | E12: 품 목 | M12: 입수 | Q12: 총수량 | T12: 박스 | W12: 낱개수량 | AA12: 비고
B13: ='양지 (현장)'!$B$13 -> 46310 | E13: 삼진)미니땡초봉꼬치320g | M13: 20 | Q13: =IFERROR(VLOOKUP($B$1,삼진피벗!A1:L14,2,FALSE),0) -> 0 | T13: =IFERROR(ROUNDDOWN(Q13/M13,0),"") -> 0 | W13: =IFERROR(Q13-(T13*M13),"") -> 0 | AA13: 27.09.01
E14: 삼진)미니어묵꼬치290g | M14: 16 | Q14: =IFERROR(VLOOKUP($B$1,삼진피벗!A1:L14,3,FALSE),0) -> 0 | T14: =IFERROR(ROUNDDOWN(Q14/M14,0),"") -> 0 | W14: =IFERROR(Q14-(T14*M14),"") -> 0 | AA14: 27.11.24
B22: 총수량 | M22: =SUM(Q13:S21) -> 0 | W22: =SUM(T13:V21) -> 0
B23: 3자물류 (더원물류) 담당자 박병선이사 010-4448-1456 | W23: =G8 -> 강원특별자치도 원주시 호저면 주산리 298,1층
B27: 거 래 명 세 표 (공급자 보관용)
B29: 공 급 받 는 자 | C29: =C4 -> 등록번호 | Q29: 공 급 자 | R29: 등록번호 | V29: =V4 -> 360-86-002047
C31: =C6 -> 상 호 (법인명) | G31: =G6 -> (이마트24) | L31: =L6 -> 원주센터(저온) | R31: 상 호 (법인명) | V31: =V6 -> 삼진식품㈜ | AB31: 성 명 | AD31: =AD6 -> 박용준
C33: 사업장 주 소 | G33: =G8 -> 강원특별자치도 원주시 호저면 주산리 298,1층 | R33: 사업장 주 소 | V33: =V8 -> 부산광역시 영동구 태종로 99전길 36,3
C35: 합계금액 (VAT포함) | R35: 업 태 | V35: =V10 -> 제조 | AB35: 종 목 | AD35: =AD10 -> 어묵 및 유사제품
B37: 년 | C37: 월 | D37: 일 | E37: 품 목 | M37: 입수 | Q37: 총수량 | T37: 박스 | W37: 낱개수량 | AA37: 비고
B38: =B13 -> 46310 | E38: =E13 -> 삼진)미니땡초봉꼬치320g | M38: =M13 -> 20 | Q38: =Q13 -> 0 | T38: =T13 -> 0 | W38: =W13 -> 0 | AA38: =AA13 -> 27.09.01
E39: =E14 -> 삼진)미니어묵꼬치290g | M39: =M14 -> 16 | Q39: =Q14 -> 0 | T39: =T14 -> 0 | W39: =W14 -> 0 | AA39: =AA14 -> 27.11.24
B46: =B22 -> 총수량 | M46: =M22 -> 0 | W46: =W22 -> 0
B47: =B23 -> 3자물류 (더원물류) 담당자 박병선이사 010-4448-1456 | W47: =W23 -> 강원특별자치도 원주시 호저면 주산리 298,1층

Sheet 김해 (DB)_영남
B1: 김해2(저온)
B2: 거 래 명 세 표 (공급받는자 보관용)
B4: 공 급 받 는 자 | C4: 등록번호 | Q4: 공 급 자 | R4: 등록번호 | V4: 360-86-002047
C6: 상 호 (법인명) | G6: (이마트24) | L6: 김해센터(저온) | R6: 상 호 (법인명) | V6: 삼진식품㈜ | AB6: 성명 | AD6: 박용준
C8: 사업장 주 소 | G8: 경상남도 김해시 진례면 테크노밸리로 193-28 | R8: 사업장 주 소 | V8: 부산광역시 영동구 태종로 99전길 36,3
C10: 합계금액 (VAT포함) | R10: 업 태 | V10: 제조 | AB10: 종목 | AD10: 어묵 및 유사제품
B12: 년 | C12: 월 | D12: 일 | E12: 품 목 | M12: 입수 | Q12: 총수량 | T12: 박스 | W12: 낱개수량 | AA12: 비고
B13: ='양지 (현장)'!$B$13 -> 46310 | E13: 삼진)미니땡초봉꼬치320g | M13: 20 | Q13: =IFERROR(VLOOKUP($B$1,삼진피벗!A1:L14,2,FALSE),0) -> 20 | T13: =IFERROR(ROUNDDOWN(Q13/M13,0),"") -> 1 | W13: =IFERROR(Q13-(T13*M13),"") -> 0 | AA13: 27.09.01
E14: 삼진)미니어묵꼬치290g | M14: 16 | Q14: =IFERROR(VLOOKUP($B$1,삼진피벗!A1:L14,3,FALSE),0) -> 0 | T14: =IFERROR(ROUNDDOWN(Q14/M14,0),"") -> 0 | W14: =IFERROR(Q14-(T14*M14),"") -> 0 | AA14: 27.11.24
B22: 총수량 | M22: =SUM(Q13:S21) -> 20 | W22: =SUM(T13:V21) -> 1
B23: 3자물류 (더원물류) 담당자 박병선이사 010-4448-1456 | W23: 경상남도 김해시 진례면 테크노밸리로 193-28 TEL 070-4398-2825
B27: 거 래 명 세 표 (공급자 보관용)
B29: 공 급 받 는 자 | C29: =C4 -> 등록번호 | Q29: 공 급 자 | R29: 등록번호 | V29: =V4 -> 360-86-002047
C31: =C6 -> 상 호 (법인명) | G31: =G6 -> (이마트24) | L31: =L6 -> 김해센터(저온) | R31: 상 호 (법인명) | V31: =V6 -> 삼진식품㈜ | AB31: 성 명 | AD31: =AD6 -> 박용준
C33: 사업장 주 소 | G33: =G8 -> 경상남도 김해시 진례면 테크노밸리로 193-28 | R33: 사업장 주 소 | V33: =V8 -> 부산광역시 영동구 태종로 99전길 36,3
C35: 합계금액 (VAT포함) | R35: 업 태 | V35: =V10 -> 제조 | AB35: 종 목 | AD35: =AD10 -> 어묵 및 유사제품
B37: 년 | C37: 월 | D37: 일 | E37: 품 목 | M37: 입수 | Q37: 총수량 | T37: 박스 | W37: 낱개수량 | AA37: 비고
B38: =B13 -> 46310 | E38: =E13 -> 삼진)미니땡초봉꼬치320g | M38: =M13 -> 20 | Q38: =Q13 -> 20 | T38: =T13 -> 1 | W38: =W13 -> 0 | AA38: =AA13 -> 27.09.01
E39: =E14 -> 삼진)미니어묵꼬치290g | M39: =M14 -> 16 | Q39: =Q14 -> 0 | T39: =T14 -> 0 | W39: =W14 -> 0 | AA39: =AA14 -> 27.11.24
B46: =B22 -> 총수량 | M46: =M22 -> 20 | W46: =W22 -> 1
B47: =B23 -> 3자물류 (더원물류) 담당자 박병선이사 010-4448-1456 | W47: =W23 -> 경상남도 김해시 진례면 테크노밸리로 193-28 TEL 070-4398-2825

Sheet 양산 (DB)_영남
B1: 양산2(저온)
B2: 거 래 명 세 표 (공급받는자 보관용)
B4: 공 급 받 는 자 | C4: 등록번호 | Q4: 공 급 자 | R4: 등록번호 | V4: 360-86-002047
C6: 상 호 (법인명) | G6: (이마트24) | L6: 양산센터(저온) | R6: 상 호 (법인명) | V6: 삼진식품㈜ | AB6: 성명 | AD6: 박용준
C8: 사업장 주 소 | G8: 경상남도 양산시 산막공단북3길 25(산막동 313-4) | R8: 사업장 주 소 | V8: 부산광역시 영동구 태종로 99전길 36,3
C10: 합계금액 (VAT포함) | R10: 업 태 | V10: 제조 | AB10: 종목 | AD10: 어묵 및 유사제품
B12: 년 | C12: 월 | D12: 일 | E12: 품 목 | M12: 입수 | Q12: 총수량 | T12: 박스 | W12: 낱개수량 | AA12: 비고
B13: ='양지 (현장)'!$B$13 -> 46310 | E13: 삼진)미니땡초봉꼬치320g | M13: 20 | Q13: =IFERROR(VLOOKUP($B$1,삼진피벗!A1:L14,2,FALSE),0) -> 0 | T13: =IFERROR(ROUNDDOWN(Q13/M13,0),"") -> 0 | W13: =IFERROR(Q13-(T13*M13),"") -> 0 | AA13: 27.09.01
E14: 삼진)미니어묵꼬치290g | M14: 16 | Q14: =IFERROR(VLOOKUP($B$1,삼진피벗!A1:L14,3,FALSE),0) -> 0 | T14: =IFERROR(ROUNDDOWN(Q14/M14,0),"") -> 0 | W14: =IFERROR(Q14-(T14*M14),"") -> 0 | AA14: 27.11.24
B22: 총수량 | M22: =SUM(Q13:S21) -> 0 | W22: =SUM(T13:V21) -> 0
B23: 3자물류 (더원물류) 담당자 박병선이사 010-4448-1456 | W23: =G8 -> 경상남도 양산시 산막공단북3길 25(산막동 313-4)
B27: 거 래 명 세 표 (공급자 보관용)
B29: 공 급 받 는 자 | C29: =C4 -> 등록번호 | Q29: 공 급 자 | R29: 등록번호 | V29: =V4 -> 360-86-002047
C31: =C6 -> 상 호 (법인명) | G31: =G6 -> (이마트24) | L31: =L6 -> 양산센터(저온) | R31: 상 호 (법인명) | V31: =V6 -> 삼진식품㈜ | AB31: 성 명 | AD31: =AD6 -> 박용준
C33: 사업장 주 소 | G33: =G8 -> 경상남도 양산시 산막공단북3길 25(산막동 313-4) | R33: 사업장 주 소 | V33: =V8 -> 부산광역시 영동구 태종로 99전길 36,3
C35: 합계금액 (VAT포함) | R35: 업 태 | V35: =V10 -> 제조 | AB35: 종 목 | AD35: =AD10 -> 어묵 및 유사제품
B37: 년 | C37: 월 | D37: 일 | E37: 품 목 | M37: 입수 | Q37: 총수량 | T37: 박스 | W37: 낱개수량 | AA37: 비고
B38: =B13 -> 46310 | E38: =E13 -> 삼진)미니땡초봉꼬치320g | M38: =M13 -> 20 | Q38: =Q13 -> 0 | T38: =T13 -> 0 | W38: =W13 -> 0 | AA38: =AA13 -> 27.09.01
E39: =E14 -> 삼진)미니어묵꼬치290g | M39: =M14 -> 16 | Q39: =Q14 -> 0 | T39: =T14 -> 0 | W39: =W14 -> 0 | AA39: =AA14 -> 27.11.24
B46: =B22 -> 총수량 | M46: =M22 -> 0 | W46: =W22 -> 0
B47: =B23 -> 3자물류 (더원물류) 담당자 박병선이사 010-4448-1456 | W47: =W23 -> 경상남도 양산시 산막공단북3길 25(산막동 313-4)

Sheet 세종 (22)
B1: 세종2(저온)
B2: 거 래 명 세 표 (공급받는자 보관용)
B4: 공 급 받 는 자 | C4: 등록번호 | Q4: 공 급 자 | R4: 등록번호 | V4: 360-86-002047
C6: 상 호 (법인명) | G6: (이마트24) | L6: 세종센터(저온) | R6: 상 호 (법인명) | V6: 삼진식품㈜ | AB6: 성명 | AD6: 박용준
C8: 사업장 주 소 | G8: 세종특별자치시 연동면 응암리 925 E동 | R8: 사업장 주 소 | V8: 부산광역시 영동구 태종로 99전길 36,3
C10: 합계금액 (VAT포함) | R10: 업 태 | V10: 제조 | AB10: 종목 | AD10: 어묵 및 유사제품
B12: 년 | C12: 월 | D12: 일 | E12: 품 목 | M12: 입수 | Q12: 총수량 | T12: 박스 | W12: 낱개수량 | AA12: 비고
B13: ='양지 (현장)'!$B$13 -> 46310 | E13: 삼진)미니땡초봉꼬치320g | M13: 20 | Q13: =IFERROR(VLOOKUP($B$1,삼진피벗!A1:L14,2,FALSE),0) -> 0 | T13: =IFERROR(ROUNDDOWN(Q13/M13,0),"") -> 0 | W13: =IFERROR(Q13-(T13*M13),"") -> 0 | AA13: 27.09.01
E14: 삼진)미니어묵꼬치290g | M14: 16 | Q14: =IFERROR(VLOOKUP($B$1,삼진피벗!A1:L14,3,FALSE),0) -> 0 | T14: =IFERROR(ROUNDDOWN(Q14/M14,0),"") -> 0 | W14: =IFERROR(Q14-(T14*M14),"") -> 0 | AA14: 27.11.24
B22: 총수량 | M22: =SUM(Q13:S21) -> 0 | W22: =SUM(T13:V21) -> 0
B23: 3자물류 (더원물류) 담당자 박병선이사 010-4448-1456 | W23: 세종특별자치시 연동면 응암리 925 E동 허승현 대리 044-862-4400
B27: 거 래 명 세 표 (공급자 보관용)
B29: 공 급 받 는 자 | C29: =C4 -> 등록번호 | Q29: 공 급 자 | R29: 등록번호 | V29: =V4 -> 360-86-002047
C31: =C6 -> 상 호 (법인명) | G31: =G6 -> (이마트24) | L31: =L6 -> 세종센터(저온) | R31: 상 호 (법인명) | V31: =V6 -> 삼진식품㈜ | AB31: 성 명 | AD31: =AD6 -> 박용준
C33: 사업장 주 소 | G33: =G8 -> 세종특별자치시 연동면 응암리 925 E동 | R33: 사업장 주 소 | V33: =V8 -> 부산광역시 영동구 태종로 99전길 36,3
C35: 합계금액 (VAT포함) | R35: 업 태 | V35: =V10 -> 제조 | AB35: 종 목 | AD35: =AD10 -> 어묵 및 유사제품
B37: 년 | C37: 월 | D37: 일 | E37: 품 목 | M37: 입수 | Q37: 총수량 | T37: 박스 | W37: 낱개수량 | AA37: 비고
B38: =B13 -> 46310 | E38: =E13 -> 삼진)미니땡초봉꼬치320g | M38: =M13 -> 20 | Q38: =Q13 -> 0 | T38: =T13 -> 0 | W38: =W13 -> 0 | AA38: =AA13 -> 27.09.01
E39: =E14 -> 삼진)미니어묵꼬치290g | M39: =M14 -> 16 | Q39: =Q14 -> 0 | T39: =T14 -> 0 | W39: =W14 -> 0 | AA39: =AA14 -> 27.11.24
B46: =B22 -> 총수량 | M46: =M22 -> 0 | W46: =W22 -> 0
B47: =B23 -> 3자물류 (더원물류) 담당자 박병선이사 010-4448-1456 | W47: =W23 -> 세종특별자치시 연동면 응암리 925 E동 허승현 대리 044-862-4400

Sheet 장성 (DB)_호남
B1: 장성2(저온)
B2: 거 래 명 세 표 (공급받는자 보관용)
B4: 공 급 받 는 자 | C4: 등록번호 | Q4: 공 급 자 | R4: 등록번호 | V4: 360-86-002047
C6: 상 호 (법인명) | G6: (이마트24) | L6: 장성센터(저온) | R6: 상 호 (법인명) | V6: 삼진식품㈜ | AB6: 성명 | AD6: 박용준
C8: 사업장 주 소 | G8: 전라남도 장성군 황룡면 황룡리 44-2 2층 | R8: 사업장 주 소 | V8: 부산광역시 영동구 태종로 99전길 36,3
C10: 합계금액 (VAT포함) | R10: 업 태 | V10: 제조 | AB10: 종목 | AD10: 어묵 및 유사제품
B12: 년 | C12: 월 | D12: 일 | E12: 품 목 | M12: 입수 | Q12: 총수량 | T12: 박스 | W12: 낱개수량 | AA12: 비고
B13: ='양지 (현장)'!$B$13 -> 46310 | E13: 삼진)미니땡초봉꼬치320g | M13: 20 | Q13: =IFERROR(VLOOKUP($B$1,삼진피벗!A1:L14,2,FALSE),0) -> 20 | T13: =IFERROR(ROUNDDOWN(Q13/M13,0),"") -> 1 | W13: =IFERROR(Q13-(T13*M13),"") -> 0 | AA13: 27.09.01
E14: 삼진)미니어묵꼬치290g | M14: 16 | Q14: =IFERROR(VLOOKUP($B$1,삼진피벗!A1:L14,3,FALSE),0) -> 0 | T14: =IFERROR(ROUNDDOWN(Q14/M14,0),"") -> 0 | W14: =IFERROR(Q14-(T14*M14),"") -> 0 | AA14: 27.11.24
B22: 총수량 | M22: =SUM(Q13:S21) -> 20 | W22: =SUM(T13:V21) -> 1
B23: 3자물류 (더원물류) 담당자 박병선이사 010-4448-1456 | W23: =G8 -> 전라남도 장성군 황룡면 황룡리 44-2 2층
B27: 거 래 명 세 표 (공급자 보관용)
B29: 공 급 받 는 자 | C29: =C4 -> 등록번호 | Q29: 공 급 자 | R29: 등록번호 | V29: =V4 -> 360-86-002047
C31: =C6 -> 상 호 (법인명) | G31: =G6 -> (이마트24) | L31: =L6 -> 장성센터(저온) | R31: 상 호 (법인명) | V31: =V6 -> 삼진식품㈜ | AB31: 성 명 | AD31: =AD6 -> 박용준
C33: 사업장 주 소 | G33: =G8 -> 전라남도 장성군 황룡면 황룡리 44-2 2층 | R33: 사업장 주 소 | V33: =V8 -> 부산광역시 영동구 태종로 99전길 36,3
C35: 합계금액 (VAT포함) | R35: 업 태 | V35: =V10 -> 제조 | AB35: 종 목 | AD35: =AD10 -> 어묵 및 유사제품
B37: 년 | C37: 월 | D37: 일 | E37: 품 목 | M37: 입수 | Q37: 총수량 | T37: 박스 | W37: 낱개수량 | AA37: 비고
B38: =B13 -> 46310 | E38: =E13 -> 삼진)미니땡초봉꼬치320g | M38: =M13 -> 20 | Q38: =Q13 -> 20 | T38: =T13 -> 1 | W38: =W13 -> 0 | AA38: =AA13 -> 27.09.01
E39: =E14 -> 삼진)미니어묵꼬치290g | M39: =M14 -> 16 | Q39: =Q14 -> 0 | T39: =T14 -> 0 | W39: =W14 -> 0 | AA39: =AA14 -> 27.11.24
B46: =B22 -> 총수량 | M46: =M22 -> 20 | W46: =W22 -> 1
B47: =B23 -> 3자물류 (더원물류) 담당자 박병선이사 010-4448-1456 | W47: =W23 -> 전라남도 장성군 황룡면 황룡리 44-2 2층

Sheet 김천 
B1: 김천2(저온)
B2: 거 래 명 세 표 (공급받는자 보관용)
B4: 공 급 받 는 자 | C4: 등록번호 | Q4: 공 급 자 | R4: 등록번호 | V4: 360-86-002047
C6: 상 호 (법인명) | G6: (이마트24) | L6: 김천센터(저온) | R6: 상 호 (법인명) | V6: 삼진식품㈜ | AB6: 성명 | AD6: 박용준
C8: 사업장 주 소 | G8: 경상북도 김천시 어모면 옥율리 212 | R8: 사업장 주 소 | V8: 부산광역시 영동구 태종로 99전길 36,3
C10: 합계금액 (VAT포함) | R10: 업 태 | V10: 제조 | AB10: 종목 | AD10: 어묵 및 유사제품
B12: 년 | C12: 월 | D12: 일 | E12: 품 목 | M12: 입수 | Q12: 총수량 | T12: 박스 | W12: 낱개수량 | AA12: 비고
B13: ='양지 (현장)'!$B$13 -> 46310 | E13: 삼진)미니땡초봉꼬치320g | M13: 20 | Q13: =IFERROR(VLOOKUP($B$1,삼진피벗!A1:L14,2,FALSE),0) -> 0 | T13: =IFERROR(ROUNDDOWN(Q13/M13,0),"") -> 0 | W13: =IFERROR(Q13-(T13*M13),"") -> 0 | AA13: 27.09.01
E14: 삼진)미니어묵꼬치290g | M14: 16 | Q14: =IFERROR(VLOOKUP($B$1,삼진피벗!A1:L14,3,FALSE),0) -> 0 | T14: =IFERROR(ROUNDDOWN(Q14/M14,0),"") -> 0 | W14: =IFERROR(Q14-(T14*M14),"") -> 0 | AA14: 27.11.24
B22: 총수량 | M22: =SUM(Q13:S21) -> 0 | W22: =SUM(T13:V21) -> 0
B23: 3자물류 (더원물류) 담당자 박병선이사 010-4448-1456 | W23: =G8 -> 경상북도 김천시 어모면 옥율리 212
B27: 거 래 명 세 표 (공급자 보관용)
B29: 공 급 받 는 자 | C29: =C4 -> 등록번호 | Q29: 공 급 자 | R29: 등록번호 | V29: =V4 -> 360-86-002047
C31: =C6 -> 상 호 (법인명) | G31: =G6 -> (이마트24) | L31: =L6 -> 김천센터(저온) | R31: 상 호 (법인명) | V31: =V6 -> 삼진식품㈜ | AB31: 성 명 | AD31: =AD6 -> 박용준
C33: 사업장 주 소 | G33: =G8 -> 경상북도 김천시 어모면 옥율리 212 | R33: 사업장 주 소 | V33: =V8 -> 부산광역시 영동구 태종로 99전길 36,3
C35: 합계금액 (VAT포함) | R35: 업 태 | V35: =V10 -> 제조 | AB35: 종 목 | AD35: =AD10 -> 어묵 및 유사제품
B37: 년 | C37: 월 | D37: 일 | E37: 품 목 | M37: 입수 | Q37: 총수량 | T37: 박스 | W37: 낱개수량 | AA37: 비고
B38: =B13 -> 46310 | E38: =E13 -> 삼진)미니땡초봉꼬치320g | M38: =M13 -> 20 | Q38: =Q13 -> 0 | T38: =T13 -> 0 | W38: =W13 -> 0 | AA38: =AA13 -> 27.09.01
E39: =E14 -> 삼진)미니어묵꼬치290g | M39: =M14 -> 16 | Q39: =Q14 -> 0 | T39: =T14 -> 0 | W39: =W14 -> 0 | AA39: =AA14 -> 27.11.24
B46: =B22 -> 총수량 | M46: =M22 -> 0 | W46: =W22 -> 0
B47: =B23 -> 3자물류 (더원물류) 담당자 박병선이사 010-4448-1456 | W47: =W23 -> 경상북도 김천시 어모면 옥율리 212

Sheet 경산 (DB)_호남
B1: 경산2(저온)
B2: 거 래 명 세 표 (공급받는자 보관용)
B4: 공 급 받 는 자 | C4: 등록번호 | Q4: 공 급 자 | R4: 등록번호 | V4: 360-86-002047
C6: 상 호 (법인명) | G6: (이마트24) | L6: 경산센터(저온) | R6: 상 호 (법인명) | V6: 삼진식품㈜ | AB6: 성명 | AD6: 박용준
C8: 사업장 주 소 | G8: 경상북도 경산시 압량읍 가야로 20 | R8: 사업장 주 소 | V8: 부산광역시 영동구 태종로 99전길 36,3
C10: 합계금액 (VAT포함) | R10: 업 태 | V10: 제조 | AB10: 종목 | AD10: 어묵 및 유사제품
B12: 년 | C12: 월 | D12: 일 | E12: 품 목 | M12: 입수 | Q12: 총수량 | T12: 박스 | W12: 낱개수량 | AA12: 비고
B13: ='양지 (현장)'!$B$13 -> 46310 | E13: 삼진)미니땡초봉꼬치320g | M13: 20 | Q13: =IFERROR(VLOOKUP($B$1,삼진피벗!A1:L14,2,FALSE),0) -> 0 | T13: =IFERROR(ROUNDDOWN(Q13/M13,0),"") -> 0 | W13: =IFERROR(Q13-(T13*M13),"") -> 0 | AA13: 27.09.01
E14: 삼진)미니어묵꼬치290g | M14: 16 | Q14: =IFERROR(VLOOKUP($B$1,삼진피벗!A1:L14,3,FALSE),0) -> 0 | T14: =IFERROR(ROUNDDOWN(Q14/M14,0),"") -> 0 | W14: =IFERROR(Q14-(T14*M14),"") -> 0 | AA14: 27.11.24
B22: 총수량 | M22: =SUM(Q13:S21) -> 0 | W22: =SUM(T13:V21) -> 0
B23: 3자물류 (더원물류) 담당자 박병선이사 010-4448-1456 | W23: =G8 -> 경상북도 경산시 압량읍 가야로 20
B27: 거 래 명 세 표 (공급자 보관용)
B29: 공 급 받 는 자 | C29: =C4 -> 등록번호 | Q29: 공 급 자 | R29: 등록번호 | V29: =V4 -> 360-86-002047
C31: =C6 -> 상 호 (법인명) | G31: =G6 -> (이마트24) | L31: =L6 -> 경산센터(저온) | R31: 상 호 (법인명) | V31: =V6 -> 삼진식품㈜ | AB31: 성 명 | AD31: =AD6 -> 박용준
C33: 사업장 주 소 | G33: =G8 -> 경상북도 경산시 압량읍 가야로 20 | R33: 사업장 주 소 | V33: =V8 -> 부산광역시 영동구 태종로 99전길 36,3
C35: 합계금액 (VAT포함) | R35: 업 태 | V35: =V10 -> 제조 | AB35: 종 목 | AD35: =AD10 -> 어묵 및 유사제품
B37: 년 | C37: 월 | D37: 일 | E37: 품 목 | M37: 입수 | Q37: 총수량 | T37: 박스 | W37: 낱개수량 | AA37: 비고
B38: =B13 -> 46310 | E38: =E13 -> 삼진)미니땡초봉꼬치320g | M38: =M13 -> 20 | Q38: =Q13 -> 0 | T38: =T13 -> 0 | W38: =W13 -> 0 | AA38: =AA13 -> 27.09.01
E39: =E14 -> 삼진)미니어묵꼬치290g | M39: =M14 -> 16 | Q39: =Q14 -> 0 | T39: =T14 -> 0 | W39: =W14 -> 0 | AA39: =AA14 -> 27.11.24
B46: =B22 -> 총수량 | M46: =M22 -> 0 | W46: =W22 -> 0
B47: =B23 -> 3자물류 (더원물류) 담당자 박병선이사 010-4448-1456 | W47: =W23 -> 경상북도 경산시 압량읍 가야로 20

Sheet 화성 (20)
B1: 화성2(저온)
B2: 거 래 명 세 표 (공급받는자 보관용)
B4: 공 급 받 는 자 | C4: 등록번호 | Q4: 공 급 자 | R4: 등록번호 | V4: 360-86-002047
C6: 상 호 (법인명) | G6: (이마트24) | L6: 화성센터(저온) | R6: 상 호 (법인명) | V6: 삼진식품㈜ | AB6: 성명 | AD6: 박용준
C8: 사업장 주 소 | G8: 경기 화성시 초록로 103 | R8: 사업장 주 소 | V8: 부산광역시 영동구 태종로 99전길 36,3
C10: 합계금액 (VAT포함) | R10: 업 태 | V10: 제조 | AB10: 종목 | AD10: 어묵 및 유사제품
B12: 년 | C12: 월 | D12: 일 | E12: 품 목 | M12: 입수 | Q12: 총수량 | T12: 박스 | W12: 낱개수량 | AA12: 비고
B13: ='양지 (현장)'!$B$13 -> 46310 | E13: 삼진)미니땡초봉꼬치320g | M13: 20 | Q13: =IFERROR(VLOOKUP($B$1,삼진피벗!A1:L14,2,FALSE),0) -> 20 | T13: =IFERROR(ROUNDDOWN(Q13/M13,0),"") -> 1 | W13: =IFERROR(Q13-(T13*M13),"") -> 0 | AA13: 27.09.01
E14: 삼진)미니어묵꼬치290g | M14: 16 | Q14: =IFERROR(VLOOKUP($B$1,삼진피벗!A1:L14,3,FALSE),0) -> 96 | T14: =IFERROR(ROUNDDOWN(Q14/M14,0),"") -> 6 | W14: =IFERROR(Q14-(T14*M14),"") -> 0 | AA14: 27.11.24
B22: 총수량 | M22: =SUM(Q13:S21) -> 116 | W22: =SUM(T13:V21) -> 7
B23: 3자물류 (더원물류) 담당자 박병선이사 010-4448-1456 | W23: 경기 화성시 초록로 103 오민수 대리 031-8077-2407
B27: 거 래 명 세 표 (공급자 보관용)
B29: 공 급 받 는 자 | C29: =C4 -> 등록번호 | Q29: 공 급 자 | R29: 등록번호 | V29: =V4 -> 360-86-002047
C31: =C6 -> 상 호 (법인명) | G31: =G6 -> (이마트24) | L31: =L6 -> 화성센터(저온) | R31: 상 호 (법인명) | V31: =V6 -> 삼진식품㈜ | AB31: 성 명 | AD31: =AD6 -> 박용준
C33: 사업장 주 소 | G33: =G8 -> 경기 화성시 초록로 103 | R33: 사업장 주 소 | V33: =V8 -> 부산광역시 영동구 태종로 99전길 36,3
C35: 합계금액 (VAT포함) | R35: 업 태 | V35: =V10 -> 제조 | AB35: 종 목 | AD35: =AD10 -> 어묵 및 유사제품
B37: 년 | C37: 월 | D37: 일 | E37: 품 목 | M37: 입수 | Q37: 총수량 | T37: 박스 | W37: 낱개수량 | AA37: 비고
B38: =B13 -> 46310 | E38: =E13 -> 삼진)미니땡초봉꼬치320g | M38: =M13 -> 20 | Q38: =Q13 -> 20 | T38: =T13 -> 1 | W38: =W13 -> 0 | AA38: =AA13 -> 27.09.01
E39: =E14 -> 삼진)미니어묵꼬치290g | M39: =M14 -> 16 | Q39: =Q14 -> 96 | T39: =T14 -> 6 | W39: =W14 -> 0 | AA39: =AA14 -> 27.11.24
B46: =B22 -> 총수량 | M46: =M22 -> 116 | W46: =W22 -> 7
B47: =B23 -> 3자물류 (더원물류) 담당자 박병선이사 010-4448-1456 | W47: =W23 -> 경기 화성시 초록로 103 오민수 대리 031-8077-2407

Sheet 청라 (20)
B1: 청라2(저온)
B2: 거 래 명 세 표 (공급받는자 보관용)
B4: 공 급 받 는 자 | C4: 등록번호 | Q4: 공 급 자 | R4: 등록번호 | V4: 360-86-002047
C6: 상 호 (법인명) | G6: (이마트24) | L6: 청라센터(저온) | R6: 상 호 (법인명) | V6: 삼진식품㈜ | AB6: 성명 | AD6: 박용준
C8: 사업장 주 소 | G8: 인천광역시 서구 북항로120번길 55, 청라로지스틱스센터3, 9층 | R8: 사업장 주 소 | V8: 부산광역시 영동구 태종로 99전길 36,3
C10: 합계금액 (VAT포함) | R10: 업 태 | V10: 제조 | AB10: 종목 | AD10: 어묵 및 유사제품
B12: 년 | C12: 월 | D12: 일 | E12: 품 목 | M12: 입수 | Q12: 총수량 | T12: 박스 | W12: 낱개수량 | AA12: 비고
B13: ='양지 (현장)'!$B$13 -> 46310 | E13: 삼진)미니땡초봉꼬치320g | M13: 20 | Q13: =IFERROR(VLOOKUP($B$1,삼진피벗!A1:L14,2,FALSE),0) -> 60 | T13: =IFERROR(ROUNDDOWN(Q13/M13,0),"") -> 3 | W13: =IFERROR(Q13-(T13*M13),"") -> 0 | AA13: 27.09.01
E14: 삼진)미니어묵꼬치290g | M14: 16 | Q14: =IFERROR(VLOOKUP($B$1,삼진피벗!A1:L14,3,FALSE),0) -> 16 | T14: =IFERROR(ROUNDDOWN(Q14/M14,0),"") -> 1 | W14: =IFERROR(Q14-(T14*M14),"") -> 0 | AA14: 27.11.24
B22: 총수량 | M22: =SUM(Q13:S21) -> 76 | W22: =SUM(T13:V21) -> 4
B23: 3자물류 (더원물류) 담당자 박병선이사 010-4448-1456 | W23: 인천광역시 서구 북항로120번길 55, 청라로지스틱스센터3, 9층 02)437-0500
B27: 거 래 명 세 표 (공급자 보관용)
B29: 공 급 받 는 자 | C29: =C4 -> 등록번호 | Q29: 공 급 자 | R29: 등록번호 | V29: =V4 -> 360-86-002047
C31: =C6 -> 상 호 (법인명) | G31: =G6 -> (이마트24) | L31: =L6 -> 청라센터(저온) | R31: 상 호 (법인명) | V31: =V6 -> 삼진식품㈜ | AB31: 성 명 | AD31: =AD6 -> 박용준
C33: 사업장 주 소 | G33: =G8 -> 인천광역시 서구 북항로120번길 55, 청라로지스틱스센터3, 9층 | R33: 사업장 주 소 | V33: =V8 -> 부산광역시 영동구 태종로 99전길 36,3
C35: 합계금액 (VAT포함) | R35: 업 태 | V35: =V10 -> 제조 | AB35: 종 목 | AD35: =AD10 -> 어묵 및 유사제품
B37: 년 | C37: 월 | D37: 일 | E37: 품 목 | M37: 입수 | Q37: 총수량 | T37: 박스 | W37: 낱개수량 | AA37: 비고
B38: =B13 -> 46310 | E38: =E13 -> 삼진)미니땡초봉꼬치320g | M38: =M13 -> 20 | Q38: =Q13 -> 60 | T38: =T13 -> 3 | W38: =W13 -> 0 | AA38: =AA13 -> 27.09.01
E39: =E14 -> 삼진)미니어묵꼬치290g | M39: =M14 -> 16 | Q39: =Q14 -> 16 | T39: =T14 -> 1 | W39: =W14 -> 0 | AA39: =AA14 -> 27.11.24
B46: =B22 -> 총수량 | M46: =M22 -> 76 | W46: =W22 -> 4
B47: =B23 -> 3자물류 (더원물류) 담당자 박병선이사 010-4448-1456 | W47: =W23 -> 인천광역시 서구 북항로120번길 55, 청라로지스틱스센터3, 9층 02)437-0500

Sheet 평택 (20)
B1: 평택2(저온)
B2: 거 래 명 세 표 (공급받는자 보관용)
B4: 공 급 받 는 자 | C4: 등록번호 | Q4: 공 급 자 | R4: 등록번호 | V4: 360-86-002047
C6: 상 호 (법인명) | G6: (이마트24) | L6: 평택센터(저온) | R6: 상 호 (법인명) | V6: 삼진식품㈜ | AB6: 성명 | AD6: 박용준
C8: 사업장 주 소 | G8: 경기도 평택시 진위면 마산8로10, 진위물류센터 창고동 1층 | R8: 사업장 주 소 | V8: 부산광역시 영동구 태종로 99전길 36,3
C10: 합계금액 (VAT포함) | R10: 업 태 | V10: 제조 | AB10: 종목 | AD10: 어묵 및 유사제품
B12: 년 | C12: 월 | D12: 일 | E12: 품 목 | M12: 입수 | Q12: 총수량 | T12: 박스 | W12: 낱개수량 | AA12: 비고
B13: ='양지 (현장)'!$B$13 -> 46310 | E13: 삼진)미니땡초봉꼬치320g | M13: 20 | Q13: =IFERROR(VLOOKUP($B$1,삼진피벗!A1:L14,2,FALSE),0) -> 0 | T13: =IFERROR(ROUNDDOWN(Q13/M13,0),"") -> 0 | W13: =IFERROR(Q13-(T13*M13),"") -> 0 | AA13: 27.09.01
E14: 삼진)미니어묵꼬치290g | M14: 16 | Q14: =IFERROR(VLOOKUP($B$1,삼진피벗!A1:L14,3,FALSE),0) -> 0 | T14: =IFERROR(ROUNDDOWN(Q14/M14,0),"") -> 0 | W14: =IFERROR(Q14-(T14*M14),"") -> 0 | AA14: 27.11.24
B22: 총수량 | M22: =SUM(Q13:S21) -> 0 | W22: =SUM(T13:V21) -> 0
B23: 3자물류 (더원물류) 담당자 박병선이사 010-4448-1456 | W23: 경기도 평택시 진위면 마산8로10, 진위물류센터 창고동 1층 강민구 대리 031-663-9260
B27: 거 래 명 세 표 (공급자 보관용)
B29: 공 급 받 는 자 | C29: =C4 -> 등록번호 | Q29: 공 급 자 | R29: 등록번호 | V29: =V4 -> 360-86-002047
C31: =C6 -> 상 호 (법인명) | G31: =G6 -> (이마트24) | L31: =L6 -> 평택센터(저온) | R31: 상 호 (법인명) | V31: =V6 -> 삼진식품㈜ | AB31: 성 명 | AD31: =AD6 -> 박용준
C33: 사업장 주 소 | G33: =G8 -> 경기도 평택시 진위면 마산8로10, 진위물류센터 창고동 1층 | R33: 사업장 주 소 | V33: =V8 -> 부산광역시 영동구 태종로 99전길 36,3
C35: 합계금액 (VAT포함) | R35: 업 태 | V35: =V10 -> 제조 | AB35: 종 목 | AD35: =AD10 -> 어묵 및 유사제품
B37: 년 | C37: 월 | D37: 일 | E37: 품 목 | M37: 입수 | Q37: 총수량 | T37: 박스 | W37: 낱개수량 | AA37: 비고
B38: =B13 -> 46310 | E38: =E13 -> 삼진)미니땡초봉꼬치320g | M38: =M13 -> 20 | Q38: =Q13 -> 0 | T38: =T13 -> 0 | W38: =W13 -> 0 | AA38: =AA13 -> 27.09.01
E39: =E14 -> 삼진)미니어묵꼬치290g | M39: =M14 -> 16 | Q39: =Q14 -> 0 | T39: =T14 -> 0 | W39: =W14 -> 0 | AA39: =AA14 -> 27.11.24
B46: =B22 -> 총수량 | M46: =M22 -> 0 | W46: =W22 -> 0
B47: =B23 -> 3자물류 (더원물류) 담당자 박병선이사 010-4448-1456 | W47: =W23 -> 경기도 평택시 진위면 마산8로10, 진위물류센터 창고동 1층 강민구 대리 031-663-9260

Sheet 포천(20)
B1: 포천2(저온)
B2: 거 래 명 세 표 (공급받는자 보관용)
B4: 공 급 받 는 자 | C4: 등록번호 | Q4: 공 급 자 | R4: 등록번호 | V4: 360-86-002047
C6: 상 호 (법인명) | G6: (이마트24) | L6: 포천센터(저온) | R6: 상 호 (법인명) | V6: 삼진식품㈜ | AB6: 성명 | AD6: 박용준
C8: 사업장 주 소 | G8: 경기도 포천시 설운동 477,B2F | R8: 사업장 주 소 | V8: 부산광역시 영동구 태종로 99전길 36,3
C10: 합계금액 (VAT포함) | R10: 업 태 | V10: 제조 | AB10: 종목 | AD10: 어묵 및 유사제품
B12: 년 | C12: 월 | D12: 일 | E12: 품 목 | M12: 입수 | Q12: 총수량 | T12: 박스 | W12: 낱개수량 | AA12: 비고
B13: ='양지 (현장)'!$B$13 -> 46310 | E13: 삼진)미니땡초봉꼬치320g | M13: 20 | Q13: =IFERROR(VLOOKUP($B$1,삼진피벗!A1:L14,2,FALSE),0) -> 0 | T13: =IFERROR(ROUNDDOWN(Q13/M13,0),"") -> 0 | W13: =IFERROR(Q13-(T13*M13),"") -> 0 | AA13: 27.09.01
E14: 삼진)미니어묵꼬치290g | M14: 16 | Q14: =IFERROR(VLOOKUP($B$1,삼진피벗!A1:L14,3,FALSE),0) -> 0 | T14: =IFERROR(ROUNDDOWN(Q14/M14,0),"") -> 0 | W14: =IFERROR(Q14-(T14*M14),"") -> 0 | AA14: 27.11.24
B22: 총수량 | M22: =SUM(Q13:S21) -> 0 | W22: =SUM(T13:V21) -> 0
B23: 3자물류 (더원물류) 담당자 박병선이사 010-4448-1456 | W23: 경기도 포천시 설운동 477,B2F 031-543-2486
B27: 거 래 명 세 표 (공급자 보관용)
B29: 공 급 받 는 자 | C29: =C4 -> 등록번호 | Q29: 공 급 자 | R29: 등록번호 | V29: =V4 -> 360-86-002047
C31: =C6 -> 상 호 (법인명) | G31: =G6 -> (이마트24) | L31: =L6 -> 포천센터(저온) | R31: 상 호 (법인명) | V31: =V6 -> 삼진식품㈜ | AB31: 성 명 | AD31: =AD6 -> 박용준
C33: 사업장 주 소 | G33: =G8 -> 경기도 포천시 설운동 477,B2F | R33: 사업장 주 소 | V33: =V8 -> 부산광역시 영동구 태종로 99전길 36,3
C35: 합계금액 (VAT포함) | R35: 업 태 | V35: =V10 -> 제조 | AB35: 종 목 | AD35: =AD10 -> 어묵 및 유사제품
B37: 년 | C37: 월 | D37: 일 | E37: 품 목 | M37: 입수 | Q37: 총수량 | T37: 박스 | W37: 낱개수량 | AA37: 비고
B38: =B13 -> 46310 | E38: =E13 -> 삼진)미니땡초봉꼬치320g | M38: =M13 -> 20 | Q38: =Q13 -> 0 | T38: =T13 -> 0 | W38: =W13 -> 0 | AA38: =AA13 -> 27.09.01
E39: =E14 -> 삼진)미니어묵꼬치290g | M39: =M14 -> 16 | Q39: =Q14 -> 0 | T39: =T14 -> 0 | W39: =W14 -> 0 | AA39: =AA14 -> 27.11.24
B46: =B22 -> 총수량 | M46: =M22 -> 0 | W46: =W22 -> 0
B47: =B23 -> 3자물류 (더원물류) 담당자 박병선이사 010-4448-1456 | W47: =W23 -> 경기도 포천시 설운동 477,B2F 031-543-2486
