Workbook

Sheet 대광피벗(재고)
A1: 10/12 | B1: 열 레이블
A2: 행 레이블 | C2: 두바이)리얼두쫀쿠50g | D2: 두바이)리얼아쫀쿠50g | E2: 두바이)초코카다이프모찌60g | F2: 두바이)카다이프판초콜릿60g(냉장) | G2: 두바이)흑임자두쫀쿠50g(냉장) | H2: 총합계
A3: 원주2(저온) | C3: 18 | H3: 18
A4: 김해2(저온) | C4: 19 | D4: 3 | F4: 1 | H4: 23
A5: 양산2(저온) | C5: 57 | D5: 1 | E5: 3 | H5: 61
A6: 세종2(저온) | C6: 50 | D6: 2 | E6: 1 | F6: 3 | H6: 56
A7: 장성2(저온) | C7: 68 | D7: 6 | E7: 4 | F7: 2 | G7: 2 | H7: 82
A8: 김천2(저온) | C8: 26 | D8: 2 | E8: 2 | H8: 30
A9: 경산2(저온) | C9: 32 | D9: 3 | E9: 2 | H9: 37
A10: 화성2(저온) | C10: 49 | D10: 5 | E10: 2 | H10: 56
A11: 청라2(저온) | C11: 52 | D11: 7 | E11: 10 | F11: 2 | H11: 71
A12: 평택2(저온) | C12: 20 | D12: 5 | E12: 1 | G12: 3 | H12: 29
A13: 포천2(저온) | C13: 119 | D13: 13 | E13: 25 | F13: 10 | G13: 2 | H13: 169
A14: 양지2(저온) | C14: 57 | D14: 5 | E14: 2 | F14: 1 | H14: 65
A15: 총합계 | C15: 567 | D15: 52 | E15: 52 | F15: 19 | G15: 7 | H15: 697

Sheet 원주(날짜변경!!)
B1: 원주2(저온)
B2: 거 래 명 세 표 (공급받는자 보관용)
B4: 공 급 받 는 자 | C4: 등록번호 | Q4: 공 급 자 | R4: 등록번호 | V4: 206-86-55878
C6: 상 호 (법인명) | G6: (이마트24) | L6: 원주센터(저온) | R6: 상 호 (법인명) | V6: ㈜ 대광푸드 | AB6: 성명 | AD6: 한대훈
C8: 사업장 주 소 | G8: 강원특별자치도 원주시 호저면 주산리 298,1층 | R8: 사업장 주 소 | V8: 서울특별시 광진구 천호대로130길 22(구의동,필하임상가1호 에이호)
C10: 합계금액 (VAT포함) | R10: 업 태 | V10: 도소매 | AB10: 종목 | AD10: 빵,떡,과자류 외
B12: 년 | C12: 월 | D12: 일 | E12: 품 목 | M12: 입수 | Q12: 총수량 | T12: 박스 | W12: 낱개수량 | AA12: 비고
B13: 46307 | E13: 대광)생초코파이60g(냉장) | M13: 18 | Q13: =IFERROR(VLOOKUP($B$1,'대광피벗(재고)'!A:CF,2,FALSE),0) -> 0 | T13: =IFERROR(ROUNDDOWN(Q13/M13,0),"") -> 0 | W13: =IFERROR(Q13-(T13*M13),"") -> 0 | AA13: 26.09.28
E14: 두바이)리얼두쫀쿠50g | M14: 60 | Q14: =IFERROR(VLOOKUP($B$1,'대광피벗(재고)'!$A$1:$AC$119,3,FALSE),0) -> 18 | T14: =IFERROR(ROUNDDOWN(Q14/M14,0),"") -> 0 | W14: =IFERROR(Q14-(T14*M14),"") -> 18 | AA14: 26.11.07
E15: 두바이)리얼아쫀쿠50g | M15: 60 | Q15: =IFERROR(VLOOKUP($B$1,'대광피벗(재고)'!A:CF,4,FALSE),0) -> 0 | T15: =IFERROR(ROUNDDOWN(Q15/M15,0),"") -> 0 | W15: =IFERROR(Q15-(T15*M15),"") -> 0 | AA15: 26.10.28
E16: 두바이)초코카다이프모찌60g | M16: 48 | Q16: =IFERROR(VLOOKUP($B$1,'대광피벗(재고)'!A:CF,5,FALSE),0) -> 0 | T16: =IFERROR(ROUNDDOWN(Q16/M16,0),"") -> 0 | W16: =IFERROR(Q16-(T16*M16),"") -> 0 | AA16: 26.10.28
E17: 두바이)카다이프판초콜릿60g(냉장) | M17: 50 | Q17: =IFERROR(VLOOKUP($B$1,'대광피벗(재고)'!A:CF,6,FALSE),0) -> 0 | T17: =IFERROR(ROUNDDOWN(Q17/M17,0),"") -> 0 | W17: =IFERROR(Q17-(T17*M17),"") -> 0 | AA17: 26.11.03 / 11.10
E18: 두바이)흑임자두쫀쿠50g(냉장) | M18: 60 | Q18: =IFERROR(VLOOKUP($B$1,'대광피벗(재고)'!A:CF,7,FALSE),0) -> 0 | T18: =IFERROR(ROUNDDOWN(Q18/M18,0),"") -> 0 | W18: =IFERROR(Q18-(T18*M18),"") -> 0 | AA18: 26.11.07
B22: 총수량 | M22: =SUM(Q13:S21) -> 18
B23: 3자물류 (더원물류) 담당자 박병선이사 010-4448-1456 | W23: =G8 -> 강원특별자치도 원주시 호저면 주산리 298,1층
B27: 거 래 명 세 표 (공급자 보관용)
B29: 공 급 받 는 자 | C29: =C4 -> 등록번호 | Q29: 공 급 자 | R29: 등록번호 | V29: =V4 -> 206-86-55878
C31: =C6 -> 상 호 (법인명) | G31: =G6 -> (이마트24) | L31: =L6 -> 원주센터(저온) | R31: 상 호 (법인명) | V31: =V6 -> ㈜ 대광푸드 | AB31: 성 명 | AD31: =AD6 -> 한대훈
C33: 사업장 주 소 | G33: =G8 -> 강원특별자치도 원주시 호저면 주산리 298,1층 | R33: 사업장 주 소 | V33: =V8 -> 서울특별시 광진구 천호대로130길 22(구의동,필하임상가1호 에이호)
C35: 합계금액 (VAT포함) | R35: 업 태 | V35: =V10 -> 도소매 | AB35: 종 목 | AD35: =AD10 -> 빵,떡,과자류 외
B37: 년 | C37: 월 | D37: 일 | E37: 품 목 | M37: 입수 | Q37: 총수량 | T37: 박스 | W37: 낱개수량 | AA37: 비고
B38: =B13 -> 46307 | E38: =E13 -> 대광)생초코파이60g(냉장) | M38: =M13 -> 18 | Q38: =Q13 -> 0 | T38: =T13 -> 0 | W38: =W13 -> 0 | AA38: =IF(OR(Q13=0,AA13=""),"",AA13)
E39: =E14 -> 두바이)리얼두쫀쿠50g | M39: =M14 -> 60 | Q39: =Q14 -> 18 | T39: =T14 -> 0 | W39: =W14 -> 18 | AA39: =IF(OR(Q14=0,AA14=""),"",AA14) -> 26.11.07
E40: =E15 -> 두바이)리얼아쫀쿠50g | M40: =M15 -> 60 | Q40: =Q15 -> 0 | T40: =T15 -> 0 | W40: =W15 -> 0 | AA40: =IF(OR(Q15=0,AA15=""),"",AA15)
E41: =E16 -> 두바이)초코카다이프모찌60g | M41: =M16 -> 48 | Q41: =Q16 -> 0 | T41: =T16 -> 0 | W41: =W16 -> 0 | AA41: =IF(OR(Q16=0,AA16=""),"",AA16)
E42: =E17 -> 두바이)카다이프판초콜릿60g(냉장) | M42: =M17 -> 50 | Q42: =Q17 -> 0 | T42: =T17 -> 0 | W42: =W17 -> 0 | AA42: =IF(OR(Q17=0,AA17=""),"",AA17)
E43: =E18 -> 두바이)흑임자두쫀쿠50g(냉장) | M43: =M18 -> 60 | Q43: =Q18 -> 0 | T43: =T18 -> 0 | W43: =W18 -> 0 | AA43: =IF(OR(Q18=0,AA18=""),"",AA18)
AA44: =IF(OR(Q18=0,AA18=""),"",AA18)
AA45: ]
B47: =B22 -> 총수량 | M47: =M22 -> 18
B48: =B23 -> 3자물류 (더원물류) 담당자 박병선이사 010-4448-1456 | W48: =W23 -> 강원특별자치도 원주시 호저면 주산리 298,1층

Sheet 김해 (18)
B1: 김해2(저온)
B2: 거 래 명 세 표 (공급받는자 보관용)
B4: 공 급 받 는 자 | C4: 등록번호 | Q4: 공 급 자 | R4: 등록번호 | V4: 206-86-55878
C6: 상 호 (법인명) | G6: (이마트24) | L6: 김해센터(저온) | R6: 상 호 (법인명) | V6: ㈜ 대광푸드 | AB6: 성명 | AD6: 한대훈
C8: 사업장 주 소 | G8: 경상남도 김해시 진례면 테크노밸리로 193-28 | R8: 사업장 주 소 | V8: 서울특별시 광진구 천호대로130길 22(구의동,필하임상가1호 에이호)
C10: 합계금액 (VAT포함) | R10: 업 태 | V10: 도소매 | AB10: 종목 | AD10: 빵,떡,과자류 외
B12: 년 | C12: 월 | D12: 일 | E12: 품 목 | M12: 입수 | Q12: 총수량 | T12: 박스 | W12: 낱개수량 | AA12: 비고
B13: ='원주(날짜변경!!)'!$B$13 -> 46307 | E13: 대광)생초코파이60g(냉장) | M13: 18 | Q13: =IFERROR(VLOOKUP($B$1,'대광피벗(재고)'!A:CF,2,FALSE),0) -> 0 | T13: =IFERROR(ROUNDDOWN(Q13/M13,0),"") -> 0 | W13: =IFERROR(Q13-(T13*M13),"") -> 0 | AA13: 26.09.28
E14: 두바이)리얼두쫀쿠50g | M14: 60 | Q14: =IFERROR(VLOOKUP($B$1,'대광피벗(재고)'!$A$1:$AC$119,3,FALSE),0) -> 19 | T14: =IFERROR(ROUNDDOWN(Q14/M14,0),"") -> 0 | W14: =IFERROR(Q14-(T14*M14),"") -> 19 | AA14: 26.11.07
E15: 두바이)리얼아쫀쿠50g | M15: 60 | Q15: =IFERROR(VLOOKUP($B$1,'대광피벗(재고)'!A:CF,4,FALSE),0) -> 3 | T15: =IFERROR(ROUNDDOWN(Q15/M15,0),"") -> 0 | W15: =IFERROR(Q15-(T15*M15),"") -> 3 | AA15: 26.10.28
E16: 두바이)초코카다이프모찌60g | M16: 48 | Q16: =IFERROR(VLOOKUP($B$1,'대광피벗(재고)'!A:CF,5,FALSE),0) -> 0 | T16: =IFERROR(ROUNDDOWN(Q16/M16,0),"") -> 0 | W16: =IFERROR(Q16-(T16*M16),"") -> 0 | AA16: 26.10.28
E17: 두바이)카다이프판초콜릿60g(냉장) | M17: 50 | Q17: =IFERROR(VLOOKUP($B$1,'대광피벗(재고)'!A:CF,6,FALSE),0) -> 1 | T17: =IFERROR(ROUNDDOWN(Q17/M17,0),"") -> 0 | W17: =IFERROR(Q17-(T17*M17),"") -> 1 | AA17: 26.11.03 / 11.10
E18: 두바이)흑임자두쫀쿠50g(냉장) | M18: 60 | Q18: =IFERROR(VLOOKUP($B$1,'대광피벗(재고)'!A:CF,7,FALSE),0) -> 0 | T18: =IFERROR(ROUNDDOWN(Q18/M18,0),"") -> 0 | W18: =IFERROR(Q18-(T18*M18),"") -> 0 | AA18: 26.11.07
B22: 총수량 | M22: =SUM(Q13:S21) -> 23
B23: 3자물류 (더원물류) 담당자 박병선이사 010-4448-1456 | W23: 경상남도 김해시 진례면 테크노밸리로 193-28 TEL 070-4398-2825
B27: 거 래 명 세 표 (공급자 보관용)
B29: 공 급 받 는 자 | C29: =C4 -> 등록번호 | Q29: 공 급 자 | R29: 등록번호 | V29: =V4 -> 206-86-55878
C31: =C6 -> 상 호 (법인명) | G31: =G6 -> (이마트24) | L31: =L6 -> 김해센터(저온) | R31: 상 호 (법인명) | V31: =V6 -> ㈜ 대광푸드 | AB31: 성 명 | AD31: =AD6 -> 한대훈
C33: 사업장 주 소 | G33: =G8 -> 경상남도 김해시 진례면 테크노밸리로 193-28 | R33: 사업장 주 소 | V33: =V8 -> 서울특별시 광진구 천호대로130길 22(구의동,필하임상가1호 에이호)
C35: 합계금액 (VAT포함) | R35: 업 태 | V35: =V10 -> 도소매 | AB35: 종 목 | AD35: =AD10 -> 빵,떡,과자류 외
B37: 년 | C37: 월 | D37: 일 | E37: 품 목 | M37: 입수 | Q37: 총수량 | T37: 박스 | W37: 낱개수량 | AA37: 비고
B38: =B13 -> 46307 | E38: =E13 -> 대광)생초코파이60g(냉장) | M38: =M13 -> 18 | Q38: =Q13 -> 0 | T38: =T13 -> 0 | W38: =W13 -> 0 | AA38: =IF(OR(Q13=0,AA13=""),"",AA13)
E39: =E14 -> 두바이)리얼두쫀쿠50g | M39: =M14 -> 60 | Q39: =Q14 -> 19 | T39: =T14 -> 0 | W39: =W14 -> 19 | AA39: =IF(OR(Q14=0,AA14=""),"",AA14) -> 26.11.07
E40: =E15 -> 두바이)리얼아쫀쿠50g | M40: =M15 -> 60 | Q40: =Q15 -> 3 | T40: =T15 -> 0 | W40: =W15 -> 3 | AA40: =IF(OR(Q15=0,AA15=""),"",AA15) -> 26.10.28
E41: =E16 -> 두바이)초코카다이프모찌60g | M41: =M16 -> 48 | Q41: =Q16 -> 0 | T41: =T16 -> 0 | W41: =W16 -> 0 | AA41: =IF(OR(Q16=0,AA16=""),"",AA16)
E42: =E17 -> 두바이)카다이프판초콜릿60g(냉장) | M42: =M17 -> 50 | Q42: =Q17 -> 1 | T42: =T17 -> 0 | W42: =W17 -> 1 | AA42: =IF(OR(Q17=0,AA17=""),"",AA17) -> 26.11.03 / 11.10
E43: =E18 -> 두바이)흑임자두쫀쿠50g(냉장) | M43: =M18 -> 60 | Q43: =Q18 -> 0 | T43: =T18 -> 0 | W43: =W18 -> 0 | AA43: =IF(OR(Q18=0,AA18=""),"",AA18)
AA44: =IF(OR(Q18=0,AA18=""),"",AA18)
AA45: =IF(AA20="","",AA20)
B47: =B22 -> 총수량 | M47: =M22 -> 23
B48: =B23 -> 3자물류 (더원물류) 담당자 박병선이사 010-4448-1456 | W48: =W23 -> 경상남도 김해시 진례면 테크노밸리로 193-28 TEL 070-4398-2825

Sheet 양산 (18)
B1: 양산2(저온)
B2: 거 래 명 세 표 (공급받는자 보관용)
B4: 공 급 받 는 자 | C4: 등록번호 | Q4: 공 급 자 | R4: 등록번호 | V4: 206-86-55878
C6: 상 호 (법인명) | G6: (이마트24) | L6: 양산센터(저온) | R6: 상 호 (법인명) | V6: ㈜ 대광푸드 | AB6: 성명 | AD6: 한대훈
C8: 사업장 주 소 | G8: 경상남도 양산시 산막공단북3길 25(산막동 313-4) | R8: 사업장 주 소 | V8: 서울특별시 광진구 천호대로130길 22(구의동,필하임상가1호 에이호)
C10: 합계금액 (VAT포함) | R10: 업 태 | V10: 도소매 | AB10: 종목 | AD10: 빵,떡,과자류 외
B12: 년 | C12: 월 | D12: 일 | E12: 품 목 | M12: 입수 | Q12: 총수량 | T12: 박스 | W12: 낱개수량 | AA12: 비고
B13: ='원주(날짜변경!!)'!$B$13 -> 46307 | E13: 대광)생초코파이60g(냉장) | M13: 18 | Q13: =IFERROR(VLOOKUP($B$1,'대광피벗(재고)'!A:CF,2,FALSE),0) -> 0 | T13: =IFERROR(ROUNDDOWN(Q13/M13,0),"") -> 0 | W13: =IFERROR(Q13-(T13*M13),"") -> 0 | AA13: 26.09.28
E14: 두바이)리얼두쫀쿠50g | M14: 60 | Q14: =IFERROR(VLOOKUP($B$1,'대광피벗(재고)'!$A$1:$AC$119,3,FALSE),0) -> 57 | T14: =IFERROR(ROUNDDOWN(Q14/M14,0),"") -> 0 | W14: =IFERROR(Q14-(T14*M14),"") -> 57 | AA14: 26.11.07
E15: 두바이)리얼아쫀쿠50g | M15: 60 | Q15: =IFERROR(VLOOKUP($B$1,'대광피벗(재고)'!A:CF,4,FALSE),0) -> 1 | T15: =IFERROR(ROUNDDOWN(Q15/M15,0),"") -> 0 | W15: =IFERROR(Q15-(T15*M15),"") -> 1 | AA15: 26.10.28
E16: 두바이)초코카다이프모찌60g | M16: 48 | Q16: =IFERROR(VLOOKUP($B$1,'대광피벗(재고)'!A:CF,5,FALSE),0) -> 3 | T16: =IFERROR(ROUNDDOWN(Q16/M16,0),"") -> 0 | W16: =IFERROR(Q16-(T16*M16),"") -> 3 | AA16: 26.10.28
E17: 두바이)카다이프판초콜릿60g(냉장) | M17: 50 | Q17: =IFERROR(VLOOKUP($B$1,'대광피벗(재고)'!A:CF,6,FALSE),0) -> 0 | T17: =IFERROR(ROUNDDOWN(Q17/M17,0),"") -> 0 | W17: =IFERROR(Q17-(T17*M17),"") -> 0 | AA17: 26.11.03 / 11.10
E18: 두바이)흑임자두쫀쿠50g(냉장) | M18: 60 | Q18: =IFERROR(VLOOKUP($B$1,'대광피벗(재고)'!A:CF,7,FALSE),0) -> 0 | T18: =IFERROR(ROUNDDOWN(Q18/M18,0),"") -> 0 | W18: =IFERROR(Q18-(T18*M18),"") -> 0 | AA18: 26.11.07
B22: 총수량 | M22: =SUM(Q13:S21) -> 61
B23: 3자물류 (더원물류) 담당자 박병선이사 010-4448-1456 | W23: =G8 -> 경상남도 양산시 산막공단북3길 25(산막동 313-4)
B27: 거 래 명 세 표 (공급자 보관용)
B29: 공 급 받 는 자 | C29: =C4 -> 등록번호 | Q29: 공 급 자 | R29: 등록번호 | V29: =V4 -> 206-86-55878
C31: =C6 -> 상 호 (법인명) | G31: =G6 -> (이마트24) | L31: =L6 -> 양산센터(저온) | R31: 상 호 (법인명) | V31: =V6 -> ㈜ 대광푸드 | AB31: 성 명 | AD31: =AD6 -> 한대훈
C33: 사업장 주 소 | G33: =G8 -> 경상남도 양산시 산막공단북3길 25(산막동 313-4) | R33: 사업장 주 소 | V33: =V8 -> 서울특별시 광진구 천호대로130길 22(구의동,필하임상가1호 에이호)
C35: 합계금액 (VAT포함) | R35: 업 태 | V35: =V10 -> 도소매 | AB35: 종 목 | AD35: =AD10 -> 빵,떡,과자류 외
B37: 년 | C37: 월 | D37: 일 | E37: 품 목 | M37: 입수 | Q37: 총수량 | T37: 박스 | W37: 낱개수량 | AA37: 비고
B38: =B13 -> 46307 | E38: =E13 -> 대광)생초코파이60g(냉장) | M38: =M13 -> 18 | Q38: =Q13 -> 0 | T38: =T13 -> 0 | W38: =W13 -> 0 | AA38: =IF(OR(Q13=0,AA13=""),"",AA13)
E39: =E14 -> 두바이)리얼두쫀쿠50g | M39: =M14 -> 60 | Q39: =Q14 -> 57 | T39: =T14 -> 0 | W39: =W14 -> 57 | AA39: =IF(OR(Q14=0,AA14=""),"",AA14) -> 26.11.07
E40: =E15 -> 두바이)리얼아쫀쿠50g | M40: =M15 -> 60 | Q40: =Q15 -> 1 | T40: =T15 -> 0 | W40: =W15 -> 1 | AA40: =IF(OR(Q15=0,AA15=""),"",AA15) -> 26.10.28
E41: =E16 -> 두바이)초코카다이프모찌60g | M41: =M16 -> 48 | Q41: =Q16 -> 3 | T41: =T16 -> 0 | W41: =W16 -> 3 | AA41: =IF(OR(Q16=0,AA16=""),"",AA16) -> 26.10.28
E42: =E17 -> 두바이)카다이프판초콜릿60g(냉장) | M42: =M17 -> 50 | Q42: =Q17 -> 0 | T42: =T17 -> 0 | W42: =W17 -> 0 | AA42: =IF(OR(Q17=0,AA17=""),"",AA17)
E43: =E18 -> 두바이)흑임자두쫀쿠50g(냉장) | M43: =M18 -> 60 | Q43: =Q18 -> 0 | T43: =T18 -> 0 | W43: =W18 -> 0 | AA43: =IF(OR(Q18=0,AA18=""),"",AA18)
AA44: =IF(OR(Q18=0,AA18=""),"",AA18)
AA45: ]
B47: =B22 -> 총수량 | M47: =M22 -> 61
B48: =B23 -> 3자물류 (더원물류) 담당자 박병선이사 010-4448-1456 | W48: =W23 -> 경상남도 양산시 산막공단북3길 25(산막동 313-4)

Sheet 세종 (18)
B1: 세종2(저온)
B2: 거 래 명 세 표 (공급받는자 보관용)
B4: 공 급 받 는 자 | C4: 등록번호 | Q4: 공 급 자 | R4: 등록번호 | V4: 206-86-55878
C6: 상 호 (법인명) | G6: (이마트24) | L6: 세종센터(저온) | R6: 상 호 (법인명) | V6: ㈜ 대광푸드 | AB6: 성명 | AD6: 한대훈
C8: 사업장 주 소 | G8: 세종특별자치시 연동면 응암리 925 E동 | R8: 사업장 주 소 | V8: 서울특별시 광진구 천호대로130길 22(구의동,필하임상가1호 에이호)
C10: 합계금액 (VAT포함) | R10: 업 태 | V10: 도소매 | AB10: 종목 | AD10: 빵,떡,과자류 외
B12: 년 | C12: 월 | D12: 일 | E12: 품 목 | M12: 입수 | Q12: 총수량 | T12: 박스 | W12: 낱개수량 | AA12: 비고
B13: ='원주(날짜변경!!)'!$B$13 -> 46307 | E13: 대광)생초코파이60g(냉장) | M13: 18 | Q13: =IFERROR(VLOOKUP($B$1,'대광피벗(재고)'!A:CF,2,FALSE),0) -> 0 | T13: =IFERROR(ROUNDDOWN(Q13/M13,0),"") -> 0 | W13: =IFERROR(Q13-(T13*M13),"") -> 0 | AA13: 26.09.28
E14: 두바이)리얼두쫀쿠50g | M14: 60 | Q14: =IFERROR(VLOOKUP($B$1,'대광피벗(재고)'!$A$1:$AC$119,3,FALSE),0) -> 50 | T14: =IFERROR(ROUNDDOWN(Q14/M14,0),"") -> 0 | W14: =IFERROR(Q14-(T14*M14),"") -> 50 | AA14: 26.11.07
E15: 두바이)리얼아쫀쿠50g | M15: 60 | Q15: =IFERROR(VLOOKUP($B$1,'대광피벗(재고)'!A:CF,4,FALSE),0) -> 2 | T15: =IFERROR(ROUNDDOWN(Q15/M15,0),"") -> 0 | W15: =IFERROR(Q15-(T15*M15),"") -> 2 | AA15: 26.10.28
E16: 두바이)초코카다이프모찌60g | M16: 48 | Q16: =IFERROR(VLOOKUP($B$1,'대광피벗(재고)'!A:CF,5,FALSE),0) -> 1 | T16: =IFERROR(ROUNDDOWN(Q16/M16,0),"") -> 0 | W16: =IFERROR(Q16-(T16*M16),"") -> 1 | AA16: 26.10.28
E17: 두바이)카다이프판초콜릿60g(냉장) | M17: 50 | Q17: =IFERROR(VLOOKUP($B$1,'대광피벗(재고)'!A:CF,6,FALSE),0) -> 3 | T17: =IFERROR(ROUNDDOWN(Q17/M17,0),"") -> 0 | W17: =IFERROR(Q17-(T17*M17),"") -> 3 | AA17: 26.11.03 / 11.10
E18: 두바이)흑임자두쫀쿠50g(냉장) | M18: 60 | Q18: =IFERROR(VLOOKUP($B$1,'대광피벗(재고)'!A:CF,7,FALSE),0) -> 0 | T18: =IFERROR(ROUNDDOWN(Q18/M18,0),"") -> 0 | W18: =IFERROR(Q18-(T18*M18),"") -> 0 | AA18: 26.11.07
B22: 총수량 | M22: =SUM(Q13:S21) -> 56
B23: 3자물류 (더원물류) 담당자 박병선이사 010-4448-1456 | W23: 세종특별자치시 연동면 응암리 925 E동 허승현 대리 044-862-4400
B27: 거 래 명 세 표 (공급자 보관용)
B29: 공 급 받 는 자 | C29: =C4 -> 등록번호 | Q29: 공 급 자 | R29: 등록번호 | V29: =V4 -> 206-86-55878
C31: =C6 -> 상 호 (법인명) | G31: =G6 -> (이마트24) | L31: =L6 -> 세종센터(저온) | R31: 상 호 (법인명) | V31: =V6 -> ㈜ 대광푸드 | AB31: 성 명 | AD31: =AD6 -> 한대훈
C33: 사업장 주 소 | G33: =G8 -> 세종특별자치시 연동면 응암리 925 E동 | R33: 사업장 주 소 | V33: =V8 -> 서울특별시 광진구 천호대로130길 22(구의동,필하임상가1호 에이호)
C35: 합계금액 (VAT포함) | R35: 업 태 | V35: =V10 -> 도소매 | AB35: 종 목 | AD35: =AD10 -> 빵,떡,과자류 외
B37: 년 | C37: 월 | D37: 일 | E37: 품 목 | M37: 입수 | Q37: 총수량 | T37: 박스 | W37: 낱개수량 | AA37: 비고
B38: =B13 -> 46307 | E38: =E13 -> 대광)생초코파이60g(냉장) | M38: =M13 -> 18 | Q38: =Q13 -> 0 | T38: =T13 -> 0 | W38: =W13 -> 0 | AA38: =IF(OR(Q13=0,AA13=""),"",AA13)
E39: =E14 -> 두바이)리얼두쫀쿠50g | M39: =M14 -> 60 | Q39: =Q14 -> 50 | T39: =T14 -> 0 | W39: =W14 -> 50 | AA39: =IF(OR(Q14=0,AA14=""),"",AA14) -> 26.11.07
E40: =E15 -> 두바이)리얼아쫀쿠50g | M40: =M15 -> 60 | Q40: =Q15 -> 2 | T40: =T15 -> 0 | W40: =W15 -> 2 | AA40: =IF(OR(Q15=0,AA15=""),"",AA15) -> 26.10.28
E41: =E16 -> 두바이)초코카다이프모찌60g | M41: =M16 -> 48 | Q41: =Q16 -> 1 | T41: =T16 -> 0 | W41: =W16 -> 1 | AA41: 26.08.17
E42: =E17 -> 두바이)카다이프판초콜릿60g(냉장) | M42: =M17 -> 50 | Q42: =Q17 -> 3 | T42: =T17 -> 0 | W42: =W17 -> 3 | AA42: 26.09.05
E43: =E18 -> 두바이)흑임자두쫀쿠50g(냉장) | M43: =M18 -> 60 | Q43: =Q18 -> 0 | T43: =T18 -> 0 | W43: =W18 -> 0 | AA43: =IF(OR(Q18=0,AA18=""),"",AA18)
AA44: =IF(OR(Q18=0,AA18=""),"",AA18)
AA45: =IF(AA20="","",AA20)
B47: =B22 -> 총수량 | M47: =M22 -> 56
B48: =B23 -> 3자물류 (더원물류) 담당자 박병선이사 010-4448-1456 | W48: =W23 -> 세종특별자치시 연동면 응암리 925 E동 허승현 대리 044-862-4400

Sheet 장성 (25)
B1: 장성2(저온)
B2: 거 래 명 세 표 (공급받는자 보관용)
B4: 공 급 받 는 자 | C4: 등록번호 | Q4: 공 급 자 | R4: 등록번호 | V4: 206-86-55878
C6: 상 호 (법인명) | G6: (이마트24) | L6: 장성센터(저온) | R6: 상 호 (법인명) | V6: ㈜ 대광푸드 | AB6: 성명 | AD6: 한대훈
C8: 사업장 주 소 | G8: 전라남도 장성군 황룡면 황룡리 44-2 2층 | R8: 사업장 주 소 | V8: 서울특별시 광진구 천호대로130길 22(구의동,필하임상가1호 에이호)
C10: 합계금액 (VAT포함) | R10: 업 태 | V10: 도소매 | AB10: 종목 | AD10: 빵,떡,과자류 외
B12: 년 | C12: 월 | D12: 일 | E12: 품 목 | M12: 입수 | Q12: 총수량 | T12: 박스 | W12: 낱개수량 | AA12: 비고
B13: ='원주(날짜변경!!)'!$B$13 -> 46307 | E13: 대광)생초코파이60g(냉장) | M13: 18 | Q13: =IFERROR(VLOOKUP($B$1,'대광피벗(재고)'!A:CF,2,FALSE),0) -> 0 | T13: =IFERROR(ROUNDDOWN(Q13/M13,0),"") -> 0 | W13: =IFERROR(Q13-(T13*M13),"") -> 0 | AA13: 26.09.28
E14: 두바이)리얼두쫀쿠50g | M14: 60 | Q14: =IFERROR(VLOOKUP($B$1,'대광피벗(재고)'!$A$1:$AC$119,3,FALSE),0) -> 68 | T14: =IFERROR(ROUNDDOWN(Q14/M14,0),"") -> 1 | W14: =IFERROR(Q14-(T14*M14),"") -> 8 | AA14: 26.11.07
E15: 두바이)리얼아쫀쿠50g | M15: 60 | Q15: =IFERROR(VLOOKUP($B$1,'대광피벗(재고)'!A:CF,4,FALSE),0) -> 6 | T15: =IFERROR(ROUNDDOWN(Q15/M15,0),"") -> 0 | W15: =IFERROR(Q15-(T15*M15),"") -> 6 | AA15: 26.10.28
E16: 두바이)초코카다이프모찌60g | M16: 48 | Q16: =IFERROR(VLOOKUP($B$1,'대광피벗(재고)'!A:CF,5,FALSE),0) -> 4 | T16: =IFERROR(ROUNDDOWN(Q16/M16,0),"") -> 0 | W16: =IFERROR(Q16-(T16*M16),"") -> 4 | AA16: 26.10.28
E17: 두바이)카다이프판초콜릿60g(냉장) | M17: 50 | Q17: =IFERROR(VLOOKUP($B$1,'대광피벗(재고)'!A:CF,6,FALSE),0) -> 2 | T17: =IFERROR(ROUNDDOWN(Q17/M17,0),"") -> 0 | W17: =IFERROR(Q17-(T17*M17),"") -> 2 | AA17: 26.11.03 / 11.10
E18: 두바이)흑임자두쫀쿠50g(냉장) | M18: 60 | Q18: =IFERROR(VLOOKUP($B$1,'대광피벗(재고)'!A:CF,7,FALSE),0) -> 2 | T18: =IFERROR(ROUNDDOWN(Q18/M18,0),"") -> 0 | W18: =IFERROR(Q18-(T18*M18),"") -> 2 | AA18: 26.11.07
B22: 총수량 | M22: =SUM(Q13:S21) -> 82
B23: 3자물류 (더원물류) 담당자 박병선이사 010-4448-1456 | W23: =G8 -> 전라남도 장성군 황룡면 황룡리 44-2 2층
B27: 거 래 명 세 표 (공급자 보관용)
B29: 공 급 받 는 자 | C29: =C4 -> 등록번호 | Q29: 공 급 자 | R29: 등록번호 | V29: =V4 -> 206-86-55878
C31: =C6 -> 상 호 (법인명) | G31: =G6 -> (이마트24) | L31: =L6 -> 장성센터(저온) | R31: 상 호 (법인명) | V31: =V6 -> ㈜ 대광푸드 | AB31: 성 명 | AD31: =AD6 -> 한대훈
C33: 사업장 주 소 | G33: =G8 -> 전라남도 장성군 황룡면 황룡리 44-2 2층 | R33: 사업장 주 소 | V33: =V8 -> 서울특별시 광진구 천호대로130길 22(구의동,필하임상가1호 에이호)
C35: 합계금액 (VAT포함) | R35: 업 태 | V35: =V10 -> 도소매 | AB35: 종 목 | AD35: =AD10 -> 빵,떡,과자류 외
B37: 년 | C37: 월 | D37: 일 | E37: 품 목 | M37: 입수 | Q37: 총수량 | T37: 박스 | W37: 낱개수량 | AA37: 비고
B38: =B13 -> 46307 | E38: =E13 -> 대광)생초코파이60g(냉장) | M38: =M13 -> 18 | Q38: =Q13 -> 0 | T38: =T13 -> 0 | W38: =W13 -> 0 | AA38: =IF(OR(Q13=0,AA13=""),"",AA13)
E39: =E14 -> 두바이)리얼두쫀쿠50g | M39: =M14 -> 60 | Q39: =Q14 -> 68 | T39: =T14 -> 1 | W39: =W14 -> 8 | AA39: =IF(OR(Q14=0,AA14=""),"",AA14) -> 26.11.07
E40: =E15 -> 두바이)리얼아쫀쿠50g | M40: =M15 -> 60 | Q40: =Q15 -> 6 | T40: =T15 -> 0 | W40: =W15 -> 6 | AA40: =IF(OR(Q15=0,AA15=""),"",AA15) -> 26.10.28
E41: =E16 -> 두바이)초코카다이프모찌60g | M41: =M16 -> 48 | Q41: =Q16 -> 4 | T41: =T16 -> 0 | W41: =W16 -> 4 | AA41: 26.08.17
E42: =E17 -> 두바이)카다이프판초콜릿60g(냉장) | M42: =M17 -> 50 | Q42: =Q17 -> 2 | T42: =T17 -> 0 | W42: =W17 -> 2 | AA42: =IF(OR(Q17=0,AA17=""),"",AA17) -> 26.11.03 / 11.10
E43: =E18 -> 두바이)흑임자두쫀쿠50g(냉장) | M43: =M18 -> 60 | Q43: =Q18 -> 2 | T43: =T18 -> 0 | W43: =W18 -> 2 | AA43: =IF(OR(Q18=0,AA18=""),"",AA18) -> 26.11.07
AA44: =IF(OR(Q18=0,AA18=""),"",AA18) -> 26.11.07
AA45: =IF(AA20="","",AA20)
AA46: =IF(AA21="","",AA21)
B47: =B22 -> 총수량 | M47: =M22 -> 82
B48: =B23 -> 3자물류 (더원물류) 담당자 박병선이사 010-4448-1456 | W48: =W23 -> 전라남도 장성군 황룡면 황룡리 44-2 2층

Sheet 김천 (18)
B1: 김천2(저온)
B2: 거 래 명 세 표 (공급받는자 보관용)
B4: 공 급 받 는 자 | C4: 등록번호 | Q4: 공 급 자 | R4: 등록번호 | V4: 206-86-55878
C6: 상 호 (법인명) | G6: (이마트24) | L6: 김천센터(저온) | R6: 상 호 (법인명) | V6: ㈜ 대광푸드 | AB6: 성명 | AD6: 한대훈
C8: 사업장 주 소 | G8: 경상북도 김천시 어모면 옥율리 212 | R8: 사업장 주 소 | V8: 서울특별시 광진구 천호대로130길 22(구의동,필하임상가1호 에이호)
C10: 합계금액 (VAT포함) | R10: 업 태 | V10: 도소매 | AB10: 종목 | AD10: 빵,떡,과자류 외
B12: 년 | C12: 월 | D12: 일 | E12: 품 목 | M12: 입수 | Q12: 총수량 | T12: 박스 | W12: 낱개수량 | AA12: 비고
B13: ='원주(날짜변경!!)'!$B$13 -> 46307 | E13: 대광)생초코파이60g(냉장) | M13: 18 | Q13: =IFERROR(VLOOKUP($B$1,'대광피벗(재고)'!A:CF,2,FALSE),0) -> 0 | T13: =IFERROR(ROUNDDOWN(Q13/M13,0),"") -> 0 | W13: =IFERROR(Q13-(T13*M13),"") -> 0 | AA13: 26.09.28
E14: 두바이)리얼두쫀쿠50g | M14: 60 | Q14: =IFERROR(VLOOKUP($B$1,'대광피벗(재고)'!$A$1:$AC$119,3,FALSE),0) -> 26 | T14: =IFERROR(ROUNDDOWN(Q14/M14,0),"") -> 0 | W14: =IFERROR(Q14-(T14*M14),"") -> 26 | AA14: 26.11.07
E15: 두바이)리얼아쫀쿠50g | M15: 60 | Q15: =IFERROR(VLOOKUP($B$1,'대광피벗(재고)'!A:CF,4,FALSE),0) -> 2 | T15: =IFERROR(ROUNDDOWN(Q15/M15,0),"") -> 0 | W15: =IFERROR(Q15-(T15*M15),"") -> 2 | AA15: 26.10.28
E16: 두바이)초코카다이프모찌60g | M16: 48 | Q16: =IFERROR(VLOOKUP($B$1,'대광피벗(재고)'!A:CF,5,FALSE),0) -> 2 | T16: =IFERROR(ROUNDDOWN(Q16/M16,0),"") -> 0 | W16: =IFERROR(Q16-(T16*M16),"") -> 2 | AA16: 26.10.28
E17: 두바이)카다이프판초콜릿60g(냉장) | M17: 50 | Q17: =IFERROR(VLOOKUP($B$1,'대광피벗(재고)'!A:CF,6,FALSE),0) -> 0 | T17: =IFERROR(ROUNDDOWN(Q17/M17,0),"") -> 0 | W17: =IFERROR(Q17-(T17*M17),"") -> 0 | AA17: 26.11.03 / 11.10
E18: 두바이)흑임자두쫀쿠50g(냉장) | M18: 60 | Q18: =IFERROR(VLOOKUP($B$1,'대광피벗(재고)'!A:CF,7,FALSE),0) -> 0 | T18: =IFERROR(ROUNDDOWN(Q18/M18,0),"") -> 0 | W18: =IFERROR(Q18-(T18*M18),"") -> 0 | AA18: 26.11.07
B22: 총수량 | M22: =SUM(Q13:S21) -> 30
B23: 3자물류 (더원물류) 담당자 박병선이사 010-4448-1456 | W23: =G8 -> 경상북도 김천시 어모면 옥율리 212
B27: 거 래 명 세 표 (공급자 보관용)
B29: 공 급 받 는 자 | C29: =C4 -> 등록번호 | Q29: 공 급 자 | R29: 등록번호 | V29: =V4 -> 206-86-55878
C31: =C6 -> 상 호 (법인명) | G31: =G6 -> (이마트24) | L31: =L6 -> 김천센터(저온) | R31: 상 호 (법인명) | V31: =V6 -> ㈜ 대광푸드 | AB31: 성 명 | AD31: =AD6 -> 한대훈
C33: 사업장 주 소 | G33: =G8 -> 경상북도 김천시 어모면 옥율리 212 | R33: 사업장 주 소 | V33: =V8 -> 서울특별시 광진구 천호대로130길 22(구의동,필하임상가1호 에이호)
C35: 합계금액 (VAT포함) | R35: 업 태 | V35: =V10 -> 도소매 | AB35: 종 목 | AD35: =AD10 -> 빵,떡,과자류 외
B37: 년 | C37: 월 | D37: 일 | E37: 품 목 | M37: 입수 | Q37: 총수량 | T37: 박스 | W37: 낱개수량 | AA37: 비고
B38: =B13 -> 46307 | E38: =E13 -> 대광)생초코파이60g(냉장) | M38: =M13 -> 18 | Q38: =Q13 -> 0 | T38: =T13 -> 0 | W38: =W13 -> 0 | AA38: =IF(OR(Q13=0,AA13=""),"",AA13)
E39: =E14 -> 두바이)리얼두쫀쿠50g | M39: =M14 -> 60 | Q39: =Q14 -> 26 | T39: =T14 -> 0 | W39: =W14 -> 26 | AA39: =IF(OR(Q14=0,AA14=""),"",AA14) -> 26.11.07
E40: =E15 -> 두바이)리얼아쫀쿠50g | M40: =M15 -> 60 | Q40: =Q15 -> 2 | T40: =T15 -> 0 | W40: =W15 -> 2 | AA40: =IF(OR(Q15=0,AA15=""),"",AA15) -> 26.10.28
E41: =E16 -> 두바이)초코카다이프모찌60g | M41: =M16 -> 48 | Q41: =Q16 -> 2 | T41: =T16 -> 0 | W41: =W16 -> 2 | AA41: =IF(OR(Q16=0,AA16=""),"",AA16) -> 26.10.28
E42: =E17 -> 두바이)카다이프판초콜릿60g(냉장) | M42: =M17 -> 50 | Q42: =Q17 -> 0 | T42: =T17 -> 0 | W42: =W17 -> 0 | AA42: =IF(OR(Q17=0,AA17=""),"",AA17)
E43: =E18 -> 두바이)흑임자두쫀쿠50g(냉장) | M43: =M18 -> 60 | Q43: =Q18 -> 0 | T43: =T18 -> 0 | W43: =W18 -> 0 | AA43: =IF(OR(Q18=0,AA18=""),"",AA18)
AA44: =IF(OR(Q18=0,AA18=""),"",AA18)
AA45: =IF(AA20="","",AA20)
B47: =B22 -> 총수량 | M47: =M22 -> 30
B48: =B23 -> 3자물류 (더원물류) 담당자 박병선이사 010-4448-1456 | W48: =W23 -> 경상북도 김천시 어모면 옥율리 212

Sheet 경산(7)
B1: 경산2(저온)
B2: 거 래 명 세 표 (공급받는자 보관용)
B4: 공 급 받 는 자 | C4: 등록번호 | Q4: 공 급 자 | R4: 등록번호 | V4: 206-86-55878
C6: 상 호 (법인명) | G6: (이마트24) | L6: 경산센터(저온) | R6: 상 호 (법인명) | V6: ㈜ 대광푸드 | AB6: 성명 | AD6: 한대훈
C8: 사업장 주 소 | G8: 경상북도 경산시 압량읍 가야로 20 | R8: 사업장 주 소 | V8: 서울특별시 광진구 천호대로130길 22(구의동,필하임상가1호 에이호)
C10: 합계금액 (VAT포함) | R10: 업 태 | V10: 도소매 | AB10: 종목 | AD10: 빵,떡,과자류 외
B12: 년 | C12: 월 | D12: 일 | E12: 품 목 | M12: 입수 | Q12: 총수량 | T12: 박스 | W12: 낱개수량 | AA12: 비고
B13: ='원주(날짜변경!!)'!$B$13 -> 46307 | E13: 대광)생초코파이60g(냉장) | M13: 18 | Q13: =IFERROR(VLOOKUP($B$1,'대광피벗(재고)'!A:CF,2,FALSE),0) -> 0 | T13: =IFERROR(ROUNDDOWN(Q13/M13,0),"") -> 0 | W13: =IFERROR(Q13-(T13*M13),"") -> 0 | AA13: 26.09.28
E14: 두바이)리얼두쫀쿠50g | M14: 60 | Q14: =IFERROR(VLOOKUP($B$1,'대광피벗(재고)'!$A$1:$AC$119,3,FALSE),0) -> 32 | T14: =IFERROR(ROUNDDOWN(Q14/M14,0),"") -> 0 | W14: =IFERROR(Q14-(T14*M14),"") -> 32 | AA14: 26.11.07
E15: 두바이)리얼아쫀쿠50g | M15: 60 | Q15: =IFERROR(VLOOKUP($B$1,'대광피벗(재고)'!A:CF,4,FALSE),0) -> 3 | T15: =IFERROR(ROUNDDOWN(Q15/M15,0),"") -> 0 | W15: =IFERROR(Q15-(T15*M15),"") -> 3 | AA15: 26.10.28
E16: 두바이)초코카다이프모찌60g | M16: 48 | Q16: =IFERROR(VLOOKUP($B$1,'대광피벗(재고)'!A:CF,5,FALSE),0) -> 2 | T16: =IFERROR(ROUNDDOWN(Q16/M16,0),"") -> 0 | W16: =IFERROR(Q16-(T16*M16),"") -> 2 | AA16: 26.10.28
E17: 두바이)카다이프판초콜릿60g(냉장) | M17: 50 | Q17: =IFERROR(VLOOKUP($B$1,'대광피벗(재고)'!A:CF,6,FALSE),0) -> 0 | T17: =IFERROR(ROUNDDOWN(Q17/M17,0),"") -> 0 | W17: =IFERROR(Q17-(T17*M17),"") -> 0 | AA17: 26.11.03 / 11.10
E18: 두바이)흑임자두쫀쿠50g(냉장) | M18: 60 | Q18: =IFERROR(VLOOKUP($B$1,'대광피벗(재고)'!A:CF,7,FALSE),0) -> 0 | T18: =IFERROR(ROUNDDOWN(Q18/M18,0),"") -> 0 | W18: =IFERROR(Q18-(T18*M18),"") -> 0 | AA18: 26.11.07
B22: 총수량 | M22: =SUM(Q13:S21) -> 37
B23: 3자물류 (더원물류) 담당자 박병선이사 010-4448-1456 | W23: =G8 -> 경상북도 경산시 압량읍 가야로 20
B27: 거 래 명 세 표 (공급자 보관용)
B29: 공 급 받 는 자 | C29: =C4 -> 등록번호 | Q29: 공 급 자 | R29: 등록번호 | V29: =V4 -> 206-86-55878
C31: =C6 -> 상 호 (법인명) | G31: =G6 -> (이마트24) | L31: =L6 -> 경산센터(저온) | R31: 상 호 (법인명) | V31: =V6 -> ㈜ 대광푸드 | AB31: 성 명 | AD31: =AD6 -> 한대훈
C33: 사업장 주 소 | G33: =G8 -> 경상북도 경산시 압량읍 가야로 20 | R33: 사업장 주 소 | V33: =V8 -> 서울특별시 광진구 천호대로130길 22(구의동,필하임상가1호 에이호)
C35: 합계금액 (VAT포함) | R35: 업 태 | V35: =V10 -> 도소매 | AB35: 종 목 | AD35: =AD10 -> 빵,떡,과자류 외
B37: 년 | C37: 월 | D37: 일 | E37: 품 목 | M37: 입수 | Q37: 총수량 | T37: 박스 | W37: 낱개수량 | AA37: 비고
B38: =B13 -> 46307 | E38: =E13 -> 대광)생초코파이60g(냉장) | M38: =M13 -> 18 | Q38: =Q13 -> 0 | T38: =T13 -> 0 | W38: =W13 -> 0 | AA38: =IF(OR(Q13=0,AA13=""),"",AA13)
E39: =E14 -> 두바이)리얼두쫀쿠50g | M39: =M14 -> 60 | Q39: =Q14 -> 32 | T39: =T14 -> 0 | W39: =W14 -> 32 | AA39: =IF(OR(Q14=0,AA14=""),"",AA14) -> 26.11.07
E40: =E15 -> 두바이)리얼아쫀쿠50g | M40: =M15 -> 60 | Q40: =Q15 -> 3 | T40: =T15 -> 0 | W40: =W15 -> 3 | AA40: =IF(OR(Q15=0,AA15=""),"",AA15) -> 26.10.28
E41: =E16 -> 두바이)초코카다이프모찌60g | M41: =M16 -> 48 | Q41: =Q16 -> 2 | T41: =T16 -> 0 | W41: =W16 -> 2 | AA41: =IF(OR(Q16=0,AA16=""),"",AA16) -> 26.10.28
E42: =E17 -> 두바이)카다이프판초콜릿60g(냉장) | M42: =M17 -> 50 | Q42: =Q17 -> 0 | T42: =T17 -> 0 | W42: =W17 -> 0 | AA42: =IF(OR(Q17=0,AA17=""),"",AA17)
E43: =E18 -> 두바이)흑임자두쫀쿠50g(냉장) | M43: =M18 -> 60 | Q43: =Q18 -> 0 | T43: =T18 -> 0 | W43: =W18 -> 0 | AA43: =IF(OR(Q18=0,AA18=""),"",AA18)
AA44: =IF(OR(Q19=0,AA19=""),"",AA19)
AA45: =IF(OR(Q20=0,AA20=""),"",AA20)
AA46: =IF(OR(Q21=0,AA21=""),"",AA21)
B47: =B22 -> 총수량 | M47: =M22 -> 37
B48: =B23 -> 3자물류 (더원물류) 담당자 박병선이사 010-4448-1456 | W48: =W23 -> 경상북도 경산시 압량읍 가야로 20

Sheet 화성 (16)
B1: 화성2(저온)
B2: 거 래 명 세 표 (공급받는자 보관용)
B4: 공 급 받 는 자 | C4: 등록번호 | Q4: 공 급 자 | R4: 등록번호 | V4: 206-86-55878
C6: 상 호 (법인명) | G6: (이마트24) | L6: 화성센터(저온) | R6: 상 호 (법인명) | V6: ㈜ 대광푸드 | AB6: 성명 | AD6: 한대훈
C8: 사업장 주 소 | G8: 경기 화성시 초록로 103 | R8: 사업장 주 소 | V8: 서울특별시 광진구 천호대로130길 22(구의동,필하임상가1호 에이호)
C10: 합계금액 (VAT포함) | R10: 업 태 | V10: 도소매 | AB10: 종목 | AD10: 빵,떡,과자류 외
B12: 년 | C12: 월 | D12: 일 | E12: 품 목 | M12: 입수 | Q12: 총수량 | T12: 박스 | W12: 낱개수량 | AA12: 비고
B13: ='원주(날짜변경!!)'!$B$13 -> 46307 | E13: 대광)생초코파이60g(냉장) | M13: 18 | Q13: =IFERROR(VLOOKUP($B$1,'대광피벗(재고)'!A:CF,2,FALSE),0) -> 0 | T13: =IFERROR(ROUNDDOWN(Q13/M13,0),"") -> 0 | W13: =IFERROR(Q13-(T13*M13),"") -> 0 | AA13: 26.09.28
E14: 두바이)리얼두쫀쿠50g | M14: 60 | Q14: =IFERROR(VLOOKUP($B$1,'대광피벗(재고)'!$A$1:$AC$119,3,FALSE),0) -> 49 | T14: =IFERROR(ROUNDDOWN(Q14/M14,0),"") -> 0 | W14: =IFERROR(Q14-(T14*M14),"") -> 49 | AA14: 26.11.07
E15: 두바이)리얼아쫀쿠50g | M15: 60 | Q15: =IFERROR(VLOOKUP($B$1,'대광피벗(재고)'!A:CF,4,FALSE),0) -> 5 | T15: =IFERROR(ROUNDDOWN(Q15/M15,0),"") -> 0 | W15: =IFERROR(Q15-(T15*M15),"") -> 5 | AA15: 26.10.28
E16: 두바이)초코카다이프모찌60g | M16: 48 | Q16: =IFERROR(VLOOKUP($B$1,'대광피벗(재고)'!A:CF,5,FALSE),0) -> 2 | T16: =IFERROR(ROUNDDOWN(Q16/M16,0),"") -> 0 | W16: =IFERROR(Q16-(T16*M16),"") -> 2 | AA16: 26.10.28
E17: 두바이)카다이프판초콜릿60g(냉장) | M17: 50 | Q17: =IFERROR(VLOOKUP($B$1,'대광피벗(재고)'!A:CF,6,FALSE),0) -> 0 | T17: =IFERROR(ROUNDDOWN(Q17/M17,0),"") -> 0 | W17: =IFERROR(Q17-(T17*M17),"") -> 0 | AA17: 26.11.03 / 11.10
E18: 두바이)흑임자두쫀쿠50g(냉장) | M18: 60 | Q18: =IFERROR(VLOOKUP($B$1,'대광피벗(재고)'!A:CF,7,FALSE),0) -> 0 | T18: =IFERROR(ROUNDDOWN(Q18/M18,0),"") -> 0 | W18: =IFERROR(Q18-(T18*M18),"") -> 0 | AA18: 26.11.07
B22: 총수량 | M22: =SUM(Q13:S21) -> 56
B23: 3자물류 (더원물류) 담당자 박병선이사 010-4448-1456 | W23: 경기 화성시 초록로 103 오민수 대리 031-8077-2407
B27: 거 래 명 세 표 (공급자 보관용)
B29: 공 급 받 는 자 | C29: =C4 -> 등록번호 | Q29: 공 급 자 | R29: 등록번호 | V29: =V4 -> 206-86-55878
C31: =C6 -> 상 호 (법인명) | G31: =G6 -> (이마트24) | L31: =L6 -> 화성센터(저온) | R31: 상 호 (법인명) | V31: =V6 -> ㈜ 대광푸드 | AB31: 성 명 | AD31: =AD6 -> 한대훈
C33: 사업장 주 소 | G33: =G8 -> 경기 화성시 초록로 103 | R33: 사업장 주 소 | V33: =V8 -> 서울특별시 광진구 천호대로130길 22(구의동,필하임상가1호 에이호)
C35: 합계금액 (VAT포함) | R35: 업 태 | V35: =V10 -> 도소매 | AB35: 종 목 | AD35: =AD10 -> 빵,떡,과자류 외
B37: 년 | C37: 월 | D37: 일 | E37: 품 목 | M37: 입수 | Q37: 총수량 | T37: 박스 | W37: 낱개수량 | AA37: 비고
B38: =B13 -> 46307 | E38: =E13 -> 대광)생초코파이60g(냉장) | M38: =M13 -> 18 | Q38: =Q13 -> 0 | T38: =T13 -> 0 | W38: =W13 -> 0 | AA38: =IF(OR(Q13=0,AA13=""),"",AA13)
E39: =E14 -> 두바이)리얼두쫀쿠50g | M39: =M14 -> 60 | Q39: =Q14 -> 49 | T39: =T14 -> 0 | W39: =W14 -> 49 | AA39: =IF(OR(Q14=0,AA14=""),"",AA14) -> 26.11.07
E40: =E15 -> 두바이)리얼아쫀쿠50g | M40: =M15 -> 60 | Q40: =Q15 -> 5 | T40: =T15 -> 0 | W40: =W15 -> 5 | AA40: =IF(OR(Q15=0,AA15=""),"",AA15) -> 26.10.28
E41: =E16 -> 두바이)초코카다이프모찌60g | M41: =M16 -> 48 | Q41: =Q16 -> 2 | T41: =T16 -> 0 | W41: =W16 -> 2 | AA41: 26.08.17
E42: =E17 -> 두바이)카다이프판초콜릿60g(냉장) | M42: =M17 -> 50 | Q42: =Q17 -> 0 | T42: =T17 -> 0 | W42: =W17 -> 0 | AA42: =IF(OR(Q17=0,AA17=""),"",AA17)
E43: =E18 -> 두바이)흑임자두쫀쿠50g(냉장) | M43: =M18 -> 60 | Q43: =Q18 -> 0 | T43: =T18 -> 0 | W43: =W18 -> 0 | AA43: =IF(OR(Q18=0,AA18=""),"",AA18)
AA44: =IF(OR(Q18=0,AA18=""),"",AA18)
AA45: =IF(AA20="","",AA20)
B47: =B22 -> 총수량 | M47: =M22 -> 56
B48: =B23 -> 3자물류 (더원물류) 담당자 박병선이사 010-4448-1456 | W48: =W23 -> 경기 화성시 초록로 103 오민수 대리 031-8077-2407

Sheet 청라 (16)
B1: 청라2(저온)
B2: 거 래 명 세 표 (공급받는자 보관용)
B4: 공 급 받 는 자 | C4: 등록번호 | Q4: 공 급 자 | R4: 등록번호 | V4: 206-86-55878
C6: 상 호 (법인명) | G6: (이마트24) | L6: 청라센터(저온) | R6: 상 호 (법인명) | V6: ㈜ 대광푸드 | AB6: 성명 | AD6: 한대훈
C8: 사업장 주 소 | G8: 인천광역시 서구 북항로120번길 55, 청라로지스틱스센터3, 9층 | R8: 사업장 주 소 | V8: 서울특별시 광진구 천호대로130길 22(구의동,필하임상가1호 에이호)
C10: 합계금액 (VAT포함) | R10: 업 태 | V10: 도소매 | AB10: 종목 | AD10: 빵,떡,과자류 외
B12: 년 | C12: 월 | D12: 일 | E12: 품 목 | M12: 입수 | Q12: 총수량 | T12: 박스 | W12: 낱개수량 | AA12: 비고
B13: ='원주(날짜변경!!)'!$B$13 -> 46307 | E13: 대광)생초코파이60g(냉장) | M13: 18 | Q13: =IFERROR(VLOOKUP($B$1,'대광피벗(재고)'!A:CF,2,FALSE),0) -> 0 | T13: =IFERROR(ROUNDDOWN(Q13/M13,0),"") -> 0 | W13: =IFERROR(Q13-(T13*M13),"") -> 0 | AA13: 26.09.28
E14: 두바이)리얼두쫀쿠50g | M14: 60 | Q14: =IFERROR(VLOOKUP($B$1,'대광피벗(재고)'!$A$1:$AC$119,3,FALSE),0) -> 52 | T14: =IFERROR(ROUNDDOWN(Q14/M14,0),"") -> 0 | W14: =IFERROR(Q14-(T14*M14),"") -> 52 | AA14: 26.11.07
E15: 두바이)리얼아쫀쿠50g | M15: 60 | Q15: =IFERROR(VLOOKUP($B$1,'대광피벗(재고)'!A:CF,4,FALSE),0) -> 7 | T15: =IFERROR(ROUNDDOWN(Q15/M15,0),"") -> 0 | W15: =IFERROR(Q15-(T15*M15),"") -> 7 | AA15: 26.10.28
E16: 두바이)초코카다이프모찌60g | M16: 48 | Q16: =IFERROR(VLOOKUP($B$1,'대광피벗(재고)'!A:CF,5,FALSE),0) -> 10 | T16: =IFERROR(ROUNDDOWN(Q16/M16,0),"") -> 0 | W16: =IFERROR(Q16-(T16*M16),"") -> 10 | AA16: 26.10.28
E17: 두바이)카다이프판초콜릿60g(냉장) | M17: 50 | Q17: =IFERROR(VLOOKUP($B$1,'대광피벗(재고)'!A:CF,6,FALSE),0) -> 2 | T17: =IFERROR(ROUNDDOWN(Q17/M17,0),"") -> 0 | W17: =IFERROR(Q17-(T17*M17),"") -> 2 | AA17: 26.11.03 / 11.10
E18: 두바이)흑임자두쫀쿠50g(냉장) | M18: 60 | Q18: =IFERROR(VLOOKUP($B$1,'대광피벗(재고)'!A:CF,7,FALSE),0) -> 0 | T18: =IFERROR(ROUNDDOWN(Q18/M18,0),"") -> 0 | W18: =IFERROR(Q18-(T18*M18),"") -> 0 | AA18: 26.11.07
B22: 총수량 | M22: =SUM(Q13:S21) -> 71
B23: 3자물류 (더원물류) 담당자 박병선이사 010-4448-1456 | W23: 인천광역시 서구 북항로120번길 55, 청라로지스틱스센터3, 9층 02)437-0500
B27: 거 래 명 세 표 (공급자 보관용)
B29: 공 급 받 는 자 | C29: =C4 -> 등록번호 | Q29: 공 급 자 | R29: 등록번호 | V29: =V4 -> 206-86-55878
C31: =C6 -> 상 호 (법인명) | G31: =G6 -> (이마트24) | L31: =L6 -> 청라센터(저온) | R31: 상 호 (법인명) | V31: =V6 -> ㈜ 대광푸드 | AB31: 성 명 | AD31: =AD6 -> 한대훈
C33: 사업장 주 소 | G33: =G8 -> 인천광역시 서구 북항로120번길 55, 청라로지스틱스센터3, 9층 | R33: 사업장 주 소 | V33: =V8 -> 서울특별시 광진구 천호대로130길 22(구의동,필하임상가1호 에이호)
C35: 합계금액 (VAT포함) | R35: 업 태 | V35: =V10 -> 도소매 | AB35: 종 목 | AD35: =AD10 -> 빵,떡,과자류 외
B37: 년 | C37: 월 | D37: 일 | E37: 품 목 | M37: 입수 | Q37: 총수량 | T37: 박스 | W37: 낱개수량 | AA37: 비고
B38: =B13 -> 46307 | E38: =E13 -> 대광)생초코파이60g(냉장) | M38: =M13 -> 18 | Q38: =Q13 -> 0 | T38: =T13 -> 0 | W38: =W13 -> 0 | AA38: =IF(OR(Q13=0,AA13=""),"",AA13)
E39: =E14 -> 두바이)리얼두쫀쿠50g | M39: =M14 -> 60 | Q39: =Q14 -> 52 | T39: =T14 -> 0 | W39: =W14 -> 52 | AA39: =IF(OR(Q14=0,AA14=""),"",AA14) -> 26.11.07
E40: =E15 -> 두바이)리얼아쫀쿠50g | M40: =M15 -> 60 | Q40: =Q15 -> 7 | T40: =T15 -> 0 | W40: =W15 -> 7 | AA40: =IF(OR(Q15=0,AA15=""),"",AA15) -> 26.10.28
E41: =E16 -> 두바이)초코카다이프모찌60g | M41: =M16 -> 48 | Q41: =Q16 -> 10 | T41: =T16 -> 0 | W41: =W16 -> 10 | AA41: 26.08.17
E42: =E17 -> 두바이)카다이프판초콜릿60g(냉장) | M42: =M17 -> 50 | Q42: =Q17 -> 2 | T42: =T17 -> 0 | W42: =W17 -> 2 | AA42: =IF(OR(Q17=0,AA17=""),"",AA17) -> 26.11.03 / 11.10
E43: =E18 -> 두바이)흑임자두쫀쿠50g(냉장) | M43: =M18 -> 60 | Q43: =Q18 -> 0 | T43: =T18 -> 0 | W43: =W18 -> 0 | AA43: =IF(OR(Q18=0,AA18=""),"",AA18)
AA44: =IF(OR(Q19=0,AA19=""),"",AA19)
AA45: =IF(OR(Q20=0,AA20=""),"",AA20)
B47: =B22 -> 총수량 | M47: =M22 -> 71
B48: =B23 -> 3자물류 (더원물류) 담당자 박병선이사 010-4448-1456 | W48: =W23 -> 인천광역시 서구 북항로120번길 55, 청라로지스틱스센터3, 9층 02)437-0500

Sheet 평택 (16)
B1: 평택2(저온)
B2: 거 래 명 세 표 (공급받는자 보관용)
B4: 공 급 받 는 자 | C4: 등록번호 | Q4: 공 급 자 | R4: 등록번호 | V4: 206-86-55878
C6: 상 호 (법인명) | G6: (이마트24) | L6: 평택센터(저온) | R6: 상 호 (법인명) | V6: ㈜ 대광푸드 | AB6: 성명 | AD6: 한대훈
C8: 사업장 주 소 | G8: 경기도 평택시 진위면 마산8로10, 진위물류센터 창고동 1층 | R8: 사업장 주 소 | V8: 서울특별시 광진구 천호대로130길 22(구의동,필하임상가1호 에이호)
C10: 합계금액 (VAT포함) | R10: 업 태 | V10: 도소매 | AB10: 종목 | AD10: 빵,떡,과자류 외
B12: 년 | C12: 월 | D12: 일 | E12: 품 목 | M12: 입수 | Q12: 총수량 | T12: 박스 | W12: 낱개수량 | AA12: 비고
B13: ='원주(날짜변경!!)'!$B$13 -> 46307 | E13: 대광)생초코파이60g(냉장) | M13: 18 | Q13: =IFERROR(VLOOKUP($B$1,'대광피벗(재고)'!A:CF,2,FALSE),0) -> 0 | T13: =IFERROR(ROUNDDOWN(Q13/M13,0),"") -> 0 | W13: =IFERROR(Q13-(T13*M13),"") -> 0 | AA13: 26.09.28
E14: 두바이)리얼두쫀쿠50g | M14: 60 | Q14: =IFERROR(VLOOKUP($B$1,'대광피벗(재고)'!$A$1:$AC$119,3,FALSE),0) -> 20 | T14: =IFERROR(ROUNDDOWN(Q14/M14,0),"") -> 0 | W14: =IFERROR(Q14-(T14*M14),"") -> 20 | AA14: 26.11.07
E15: 두바이)리얼아쫀쿠50g | M15: 60 | Q15: =IFERROR(VLOOKUP($B$1,'대광피벗(재고)'!A:CF,4,FALSE),0) -> 5 | T15: =IFERROR(ROUNDDOWN(Q15/M15,0),"") -> 0 | W15: =IFERROR(Q15-(T15*M15),"") -> 5 | AA15: 26.10.28
E16: 두바이)초코카다이프모찌60g | M16: 48 | Q16: =IFERROR(VLOOKUP($B$1,'대광피벗(재고)'!A:CF,5,FALSE),0) -> 1 | T16: =IFERROR(ROUNDDOWN(Q16/M16,0),"") -> 0 | W16: =IFERROR(Q16-(T16*M16),"") -> 1 | AA16: 26.10.28
E17: 두바이)카다이프판초콜릿60g(냉장) | M17: 50 | Q17: =IFERROR(VLOOKUP($B$1,'대광피벗(재고)'!A:CF,6,FALSE),0) -> 0 | T17: =IFERROR(ROUNDDOWN(Q17/M17,0),"") -> 0 | W17: =IFERROR(Q17-(T17*M17),"") -> 0 | AA17: 26.11.03 / 11.10
E18: 두바이)흑임자두쫀쿠50g(냉장) | M18: 60 | Q18: =IFERROR(VLOOKUP($B$1,'대광피벗(재고)'!A:CF,7,FALSE),0) -> 3 | T18: =IFERROR(ROUNDDOWN(Q18/M18,0),"") -> 0 | W18: =IFERROR(Q18-(T18*M18),"") -> 3 | AA18: 26.11.07
W20: =IFERROR(Q20-(T20*M20),"") -> 0
B22: 총수량 | M22: =SUM(Q13:S21) -> 29
B23: 3자물류 (더원물류) 담당자 박병선이사 010-4448-1456 | W23: 경기도 평택시 진위면 마산8로10, 진위물류센터 창고동 1층 강민구 대리 031-663-9260
B27: 거 래 명 세 표 (공급자 보관용)
B29: 공 급 받 는 자 | C29: =C4 -> 등록번호 | Q29: 공 급 자 | R29: 등록번호 | V29: =V4 -> 206-86-55878
C31: =C6 -> 상 호 (법인명) | G31: =G6 -> (이마트24) | L31: =L6 -> 평택센터(저온) | R31: 상 호 (법인명) | V31: =V6 -> ㈜ 대광푸드 | AB31: 성 명 | AD31: =AD6 -> 한대훈
C33: 사업장 주 소 | G33: =G8 -> 경기도 평택시 진위면 마산8로10, 진위물류센터 창고동 1층 | R33: 사업장 주 소 | V33: =V8 -> 서울특별시 광진구 천호대로130길 22(구의동,필하임상가1호 에이호)
C35: 합계금액 (VAT포함) | R35: 업 태 | V35: =V10 -> 도소매 | AB35: 종 목 | AD35: =AD10 -> 빵,떡,과자류 외
B37: 년 | C37: 월 | D37: 일 | E37: 품 목 | M37: 입수 | Q37: 총수량 | T37: 박스 | W37: 낱개수량 | AA37: 비고
B38: =B13 -> 46307 | E38: =E13 -> 대광)생초코파이60g(냉장) | M38: =M13 -> 18 | Q38: =Q13 -> 0 | T38: =T13 -> 0 | W38: =IFERROR(Q38-(T38*M38),"") -> 0 | AA38: =IF(OR(Q13=0,AA13=""),"",AA13)
E39: =E14 -> 두바이)리얼두쫀쿠50g | M39: =M14 -> 60 | Q39: =Q14 -> 20 | T39: =T14 -> 0 | W39: =IFERROR(Q39-(T39*M39),"") -> 20 | AA39: =IF(OR(Q14=0,AA14=""),"",AA14) -> 26.11.07
E40: =E15 -> 두바이)리얼아쫀쿠50g | M40: =M15 -> 60 | Q40: =Q15 -> 5 | T40: =T15 -> 0 | W40: =IFERROR(Q40-(T40*M40),"") -> 5 | AA40: =IF(OR(Q15=0,AA15=""),"",AA15) -> 26.10.28
E41: =E16 -> 두바이)초코카다이프모찌60g | M41: =M16 -> 48 | Q41: =Q16 -> 1 | T41: =T16 -> 0 | W41: =IFERROR(Q41-(T41*M41),"") -> 1 | AA41: 26.08.17
E42: =E17 -> 두바이)카다이프판초콜릿60g(냉장) | M42: =M17 -> 50 | Q42: =Q17 -> 0 | T42: =T17 -> 0 | W42: =IFERROR(Q42-(T42*M42),"") -> 0 | AA42: =IF(OR(Q17=0,AA17=""),"",AA17)
E43: =E18 -> 두바이)흑임자두쫀쿠50g(냉장) | M43: =M18 -> 60 | Q43: =Q18 -> 3 | T43: =T18 -> 0 | W43: =IFERROR(Q43-(T43*M43),"") -> 3 | AA43: =IF(OR(Q18=0,AA18=""),"",AA18) -> 26.11.07
AA44: =IF(OR(Q19=0,AA19=""),"",AA19)
W45: =W20 -> 0 | AA45: =IF(OR(Q20=0,AA20=""),"",AA20)
W46: =W21 -> 0
B47: =B22 -> 총수량 | M47: =M22 -> 29
B48: =B23 -> 3자물류 (더원물류) 담당자 박병선이사 010-4448-1456 | W48: =W23 -> 경기도 평택시 진위면 마산8로10, 진위물류센터 창고동 1층 강민구 대리 031-663-9260

Sheet 포천(16)
B1: 포천2(저온)
B2: 거 래 명 세 표 (공급받는자 보관용)
B4: 공 급 받 는 자 | C4: 등록번호 | Q4: 공 급 자 | R4: 등록번호 | V4: 206-86-55878
C6: 상 호 (법인명) | G6: (이마트24) | L6: 포천센터(저온) | R6: 상 호 (법인명) | V6: ㈜ 대광푸드 | AB6: 성명 | AD6: 한대훈
C8: 사업장 주 소 | G8: 경기도 포천시 설운동 477,B2F | R8: 사업장 주 소 | V8: 서울특별시 광진구 천호대로130길 22(구의동,필하임상가1호 에이호)
C10: 합계금액 (VAT포함) | R10: 업 태 | V10: 도소매 | AB10: 종목 | AD10: 빵,떡,과자류 외
B12: 년 | C12: 월 | D12: 일 | E12: 품 목 | M12: 입수 | Q12: 총수량 | T12: 박스 | W12: 낱개수량 | AA12: 비고
B13: ='원주(날짜변경!!)'!$B$13 -> 46307 | E13: 대광)생초코파이60g(냉장) | M13: 18 | Q13: =IFERROR(VLOOKUP($B$1,'대광피벗(재고)'!A:CF,2,FALSE),0) -> 0 | T13: =IFERROR(ROUNDDOWN(Q13/M13,0),"") -> 0 | W13: =IFERROR(Q13-(T13*M13),"") -> 0 | AA13: 26.09.28
E14: 두바이)리얼두쫀쿠50g | M14: 60 | Q14: =IFERROR(VLOOKUP($B$1,'대광피벗(재고)'!$A$1:$AC$119,3,FALSE),0) -> 119 | T14: =IFERROR(ROUNDDOWN(Q14/M14,0),"") -> 1 | W14: =IFERROR(Q14-(T14*M14),"") -> 59 | AA14: 26.11.07
E15: 두바이)리얼아쫀쿠50g | M15: 60 | Q15: =IFERROR(VLOOKUP($B$1,'대광피벗(재고)'!A:CF,4,FALSE),0) -> 13 | T15: =IFERROR(ROUNDDOWN(Q15/M15,0),"") -> 0 | W15: =IFERROR(Q15-(T15*M15),"") -> 13 | AA15: 26.10.28
E16: 두바이)초코카다이프모찌60g | M16: 48 | Q16: =IFERROR(VLOOKUP($B$1,'대광피벗(재고)'!A:CF,5,FALSE),0) -> 25 | T16: =IFERROR(ROUNDDOWN(Q16/M16,0),"") -> 0 | W16: =IFERROR(Q16-(T16*M16),"") -> 25 | AA16: 26.10.28
E17: 두바이)카다이프판초콜릿60g(냉장) | M17: 50 | Q17: =IFERROR(VLOOKUP($B$1,'대광피벗(재고)'!A:CF,6,FALSE),0) -> 10 | T17: =IFERROR(ROUNDDOWN(Q17/M17,0),"") -> 0 | W17: =IFERROR(Q17-(T17*M17),"") -> 10 | AA17: 26.11.03 / 11.10
E18: 두바이)흑임자두쫀쿠50g(냉장) | M18: 60 | Q18: =IFERROR(VLOOKUP($B$1,'대광피벗(재고)'!A:CF,7,FALSE),0) -> 2 | T18: =IFERROR(ROUNDDOWN(Q18/M18,0),"") -> 0 | W18: =IFERROR(Q18-(T18*M18),"") -> 2 | AA18: 26.11.07
B22: 총수량 | M22: =SUM(Q13:S21) -> 169
B23: 3자물류 (더원물류) 담당자 박병선이사 010-4448-1456 | W23: 경기도 포천시 설운동 477,B2F 031-543-2486
B27: 거 래 명 세 표 (공급자 보관용)
B29: 공 급 받 는 자 | C29: =C4 -> 등록번호 | Q29: 공 급 자 | R29: 등록번호 | V29: =V4 -> 206-86-55878
C31: =C6 -> 상 호 (법인명) | G31: =G6 -> (이마트24) | L31: =L6 -> 포천센터(저온) | R31: 상 호 (법인명) | V31: =V6 -> ㈜ 대광푸드 | AB31: 성 명 | AD31: =AD6 -> 한대훈
C33: 사업장 주 소 | G33: =G8 -> 경기도 포천시 설운동 477,B2F | R33: 사업장 주 소 | V33: =V8 -> 서울특별시 광진구 천호대로130길 22(구의동,필하임상가1호 에이호)
C35: 합계금액 (VAT포함) | R35: 업 태 | V35: =V10 -> 도소매 | AB35: 종 목 | AD35: =AD10 -> 빵,떡,과자류 외
B37: 년 | C37: 월 | D37: 일 | E37: 품 목 | M37: 입수 | Q37: 총수량 | T37: 박스 | W37: 낱개수량 | AA37: 비고
B38: =B13 -> 46307 | E38: =E13 -> 대광)생초코파이60g(냉장) | M38: =M13 -> 18 | Q38: =Q13 -> 0 | T38: =T13 -> 0 | W38: =W13 -> 0 | AA38: =IF(OR(Q13=0,AA13=""),"",AA13)
E39: =E14 -> 두바이)리얼두쫀쿠50g | M39: =M14 -> 60 | Q39: =Q14 -> 119 | T39: =T14 -> 1 | W39: =W14 -> 59 | AA39: =IF(OR(Q14=0,AA14=""),"",AA14) -> 26.11.07
E40: =E15 -> 두바이)리얼아쫀쿠50g | M40: =M15 -> 60 | Q40: =Q15 -> 13 | T40: =T15 -> 0 | W40: =W15 -> 13 | AA40: =IF(OR(Q15=0,AA15=""),"",AA15) -> 26.10.28
E41: =E16 -> 두바이)초코카다이프모찌60g | M41: =M16 -> 48 | Q41: =Q16 -> 25 | T41: =T16 -> 0 | W41: =W16 -> 25 | AA41: =IF(OR(Q16=0,AA16=""),"",AA16) -> 26.10.28
E42: =E17 -> 두바이)카다이프판초콜릿60g(냉장) | M42: =M17 -> 50 | Q42: =Q17 -> 10 | T42: =T17 -> 0 | W42: =W17 -> 10 | AA42: =IF(OR(Q17=0,AA17=""),"",AA17) -> 26.11.03 / 11.10
E43: =E18 -> 두바이)흑임자두쫀쿠50g(냉장) | M43: =M18 -> 60 | Q43: =Q18 -> 2 | T43: =T18 -> 0 | W43: =W18 -> 2 | AA43: =IF(OR(Q18=0,AA18=""),"",AA18) -> 26.11.07
AA44: =IF(OR(Q19=0,AA19=""),"",AA19)
AA45: =IF(OR(Q20=0,AA20=""),"",AA20)
B47: =B22 -> 총수량 | M47: =M22 -> 169
B48: =B23 -> 3자물류 (더원물류) 담당자 박병선이사 010-4448-1456 | W48: =W23 -> 경기도 포천시 설운동 477,B2F 031-543-2486

Sheet 양지 (16)
B1: 양지2(저온)
B2: 거 래 명 세 표 (공급받는자 보관용)
B4: 공 급 받 는 자 | C4: 등록번호 | Q4: 공 급 자 | R4: 등록번호 | V4: 206-86-55878
C6: 상 호 (법인명) | G6: (이마트24) | L6: 양지센터(저온) | R6: 상 호 (법인명) | V6: ㈜ 대광푸드 | AB6: 성명 | AD6: 한대훈
C8: 사업장 주 소 | G8: 경기도 용인시 처인구 양지면 제일리 453-7 | R8: 사업장 주 소 | V8: 서울특별시 광진구 천호대로130길 22(구의동,필하임상가1호 에이호)
C10: 합계금액 (VAT포함) | R10: 업 태 | V10: 도소매 | AB10: 종목 | AD10: 빵,떡,과자류 외
B12: 년 | C12: 월 | D12: 일 | E12: 품 목 | M12: 입수 | Q12: 총수량 | T12: 박스 | W12: 낱개수량 | AA12: 비고
B13: ='원주(날짜변경!!)'!$B$13 -> 46307 | E13: 대광)생초코파이60g(냉장) | M13: 18 | Q13: =IFERROR(VLOOKUP($B$1,'대광피벗(재고)'!A:CF,2,FALSE),0) -> 0 | T13: =IFERROR(ROUNDDOWN(Q13/M13,0),"") -> 0 | W13: =IFERROR(Q13-(T13*M13),"") -> 0 | AA13: 26.09.28
E14: 두바이)리얼두쫀쿠50g | M14: 60 | Q14: =IFERROR(VLOOKUP($B$1,'대광피벗(재고)'!$A$1:$AC$119,3,FALSE),0) -> 57 | T14: =IFERROR(ROUNDDOWN(Q14/M14,0),"") -> 0 | W14: =IFERROR(Q14-(T14*M14),"") -> 57 | AA14: 26.11.07
E15: 두바이)리얼아쫀쿠50g | M15: 60 | Q15: =IFERROR(VLOOKUP($B$1,'대광피벗(재고)'!A:CF,4,FALSE),0) -> 5 | T15: =IFERROR(ROUNDDOWN(Q15/M15,0),"") -> 0 | W15: =IFERROR(Q15-(T15*M15),"") -> 5 | AA15: 26.10.28
E16: 두바이)초코카다이프모찌60g | M16: 48 | Q16: =IFERROR(VLOOKUP($B$1,'대광피벗(재고)'!A:CF,5,FALSE),0) -> 2 | T16: =IFERROR(ROUNDDOWN(Q16/M16,0),"") -> 0 | W16: =IFERROR(Q16-(T16*M16),"") -> 2 | AA16: 26.10.28
E17: 두바이)카다이프판초콜릿60g(냉장) | M17: 50 | Q17: =IFERROR(VLOOKUP($B$1,'대광피벗(재고)'!A:CF,6,FALSE),0) -> 1 | T17: =IFERROR(ROUNDDOWN(Q17/M17,0),"") -> 0 | W17: =IFERROR(Q17-(T17*M17),"") -> 1 | AA17: 26.11.03 / 11.10
E18: 두바이)흑임자두쫀쿠50g(냉장) | M18: 60 | Q18: =IFERROR(VLOOKUP($B$1,'대광피벗(재고)'!A:CF,7,FALSE),0) -> 0 | T18: =IFERROR(ROUNDDOWN(Q18/M18,0),"") -> 0 | W18: =IFERROR(Q18-(T18*M18),"") -> 0 | AA18: 26.11.07
B22: 총수량 | M22: =SUM(Q13:S21) -> 65
B23: 3자물류 (더원물류) 담당자 박병선이사 010-4448-1456 | W23: 경기도 용인시 처인구 양지면 제일리 453-7 박영범 주임 031-8027-2080
B27: 거 래 명 세 표 (공급자 보관용)
B29: 공 급 받 는 자 | C29: =C4 -> 등록번호 | Q29: 공 급 자 | R29: 등록번호 | V29: =V4 -> 206-86-55878
C31: =C6 -> 상 호 (법인명) | G31: =G6 -> (이마트24) | L31: =L6 -> 양지센터(저온) | R31: 상 호 (법인명) | V31: =V6 -> ㈜ 대광푸드 | AB31: 성 명 | AD31: =AD6 -> 한대훈
C33: 사업장 주 소 | G33: =G8 -> 경기도 용인시 처인구 양지면 제일리 453-7 | R33: 사업장 주 소 | V33: =V8 -> 서울특별시 광진구 천호대로130길 22(구의동,필하임상가1호 에이호)
C35: 합계금액 (VAT포함) | R35: 업 태 | V35: =V10 -> 도소매 | AB35: 종 목 | AD35: =AD10 -> 빵,떡,과자류 외
B37: 년 | C37: 월 | D37: 일 | E37: 품 목 | M37: 입수 | Q37: 총수량 | T37: 박스 | W37: 낱개수량 | AA37: 비고
B38: =B13 -> 46307 | E38: =E13 -> 대광)생초코파이60g(냉장) | M38: =M13 -> 18 | Q38: =Q13 -> 0 | T38: =T13 -> 0 | W38: =W13 -> 0 | AA38: =IF(OR(Q13=0,AA13=""),"",AA13)
E39: =E14 -> 두바이)리얼두쫀쿠50g | M39: =M14 -> 60 | Q39: =Q14 -> 57 | T39: =T14 -> 0 | W39: =W14 -> 57 | AA39: =IF(OR(Q14=0,AA14=""),"",AA14) -> 26.11.07
E40: =E15 -> 두바이)리얼아쫀쿠50g | M40: =M15 -> 60 | Q40: =Q15 -> 5 | T40: =T15 -> 0 | W40: =W15 -> 5 | AA40: =IF(OR(Q15=0,AA15=""),"",AA15) -> 26.10.28
E41: =E16 -> 두바이)초코카다이프모찌60g | M41: =M16 -> 48 | Q41: =Q16 -> 2 | T41: =T16 -> 0 | W41: =W16 -> 2 | AA41: =IF(OR(Q16=0,AA16=""),"",AA16) -> 26.10.28
E42: =E17 -> 두바이)카다이프판초콜릿60g(냉장) | M42: =M17 -> 50 | Q42: =Q17 -> 1 | T42: =T17 -> 0 | W42: =W17 -> 1 | AA42: =IF(OR(Q17=0,AA17=""),"",AA17) -> 26.11.03 / 11.10
E43: =E18 -> 두바이)흑임자두쫀쿠50g(냉장) | M43: =M18 -> 60 | Q43: =Q18 -> 0 | T43: =T18 -> 0 | W43: =W18 -> 0 | AA43: =IF(OR(Q18=0,AA18=""),"",AA18)
AA44: =IF(OR(Q19=0,AA19=""),"",AA19)
AA45: =IF(OR(Q20=0,AA20=""),"",AA20)
AA46: =IF(OR(Q21=0,AA21=""),"",AA21)
B47: =B22 -> 총수량 | M47: =M22 -> 65
B48: =B23 -> 3자물류 (더원물류) 담당자 박병선이사 010-4448-1456 | W48: =W23 -> 경기도 용인시 처인구 양지면 제일리 453-7 박영범 주임 031-8027-2080

Sheet 영진베이커리
A1: 10/12 | B1: 열 레이블
A2: 행 레이블 | B2: 성수310)우유사르르생크림빵130g(냉장) | C2: 성수310)초코칩쿠키바이츠80g | D2: 성수310)칸탈로프멜론사르르크림빵130g(냉장) | E2: 성수310)홋카이도푸딩사르르크림빵125g(냉장) | F2: 성수310)홋카이도푸딩크림카스테라130g(냉장) | G2: 총합계
A3: 원주2(저온) | B3: 33 | C3: 16 | D3: 4 | E3: 31 | F3: 19
A4: 김해2(저온) | B4: 60 | C4: 29 | D4: 17 | E4: 54 | F4: 27
A5: 양산2(저온) | B5: 120 | C5: 67 | D5: 36 | E5: 78 | F5: 58
A6: 세종2(저온) | B6: 115 | C6: 42 | D6: 45 | E6: 119 | F6: 87
A7: 장성2(저온) | B7: 102 | C7: 54 | D7: 32 | E7: 78 | F7: 70
A8: 김천2(저온) | B8: 69 | C8: 22 | D8: 12 | E8: 39 | F8: 34
A9: 경산2(저온) | B9: 51 | C9: 18 | D9: 13 | E9: 46 | F9: 23
A10: 화성2(저온) | B10: 79 | C10: 16 | D10: 19 | E10: 61 | F10: 47
A11: 청라2(저온) | B11: 108 | C11: 56 | D11: 29 | E11: 101 | F11: 70
A12: 평택2(저온) | B12: 55 | C12: 29 | D12: 19 | E12: 37 | F12: 23
A13: 포천2(저온) | B13: 178 | C13: 104 | D13: 50 | E13: 144 | F13: 108
A14: 양지2(저온) | B14: 149 | C14: 51 | D14: 54 | E14: 157 | F14: 89
A15: 총합계 | B15: 1119 | C15: 504 | D15: 330 | E15: 945 | F15: 655

Sheet 원주 (26)
B1: 원주2(저온)
B2: 거 래 명 세 표 (공급받는자 보관용)
B4: 공 급 받 는 자 | C4: 등록번호 | Q4: 공 급 자 | R4: 등록번호 | V4: 698-81-00072
C6: 상 호 (법인명) | G6: (이마트24) | L6: 원주센터(저온) | R6: 상 호 (법인명) | V6: ㈜영진베이커리 | AB6: 성명 | AD6: 오윤규
C8: 사업장 주 소 | G8: 강원특별자치도 원주시 호저면 주산리 298,1층 | R8: 사업장 주 소 | V8: 경기도 이천시 백사면 원적로970번길 86-29
C10: 합계금액 (VAT포함) | R10: 업 태 | V10: 제조업 | AB10: 종목 | AD10: 제과, 제빵
B12: 년 | C12: 월 | D12: 일 | E12: 품 목 | M12: 입수 | Q12: 총수량 | T12: 박스 | W12: 낱개수량 | AA12: 비고
B13: ='원주(날짜변경!!)'!$B$13 -> 46307 | E13: 성수310)우유사르르생크림빵130g(냉장) | M13: 24 | Q13: =IFERROR(VLOOKUP($B$1,영진베이커리!A:CX,2,FALSE),0) -> 33 | T13: =IFERROR(ROUNDDOWN(Q13/M13,0),"") -> 1 | W13: =IFERROR(Q13-(T13*M13),"") -> 9 | AA13: =B13+4 -> 46311
E14: 성수310)초코칩쿠키바이츠80g | M14: 40 | Q14: =IFERROR(VLOOKUP($B$1,영진베이커리!A:CX,3,FALSE),0) -> 16 | T14: =IFERROR(ROUNDDOWN(Q14/M14,0),"") -> 0 | W14: =IFERROR(Q14-(T14*M14),"") -> 16 | AA14: =$B$13+89 -> 46396
E15: 성수310)칸탈로프멜론사르르크림빵130g(냉장) | M15: 24 | Q15: =IFERROR(VLOOKUP($B$1,영진베이커리!A:CX,4,FALSE),0) -> 4 | T15: =IFERROR(ROUNDDOWN(Q15/M15,0),"") -> 0 | W15: =IFERROR(Q15-(T15*M15),"") -> 4 | AA15: =B13+4 -> 46311
E16: 성수310)홋카이도푸딩사르르크림빵125g(냉장) | M16: 24 | Q16: =IFERROR(VLOOKUP($B$1,영진베이커리!A:CX,5,FALSE),0) -> 31 | T16: =IFERROR(ROUNDDOWN(Q16/M16,0),"") -> 1 | W16: =IFERROR(Q16-(T16*M16),"") -> 7 | AA16: =B13+4 -> 46311
E17: 성수310)홋카이도푸딩크림카스테라130g(냉장) | M17: 24 | Q17: =IFERROR(VLOOKUP($B$1,영진베이커리!A:CX,6,FALSE),0) -> 19 | T17: =IFERROR(ROUNDDOWN(Q17/M17,0),"") -> 0 | W17: =IFERROR(Q17-(T17*M17),"") -> 19 | AA17: =B13+4 -> 46311
B19: 총수량 | M19: =SUM(Q13:S18) -> 103
B20: 3자물류 (더원물류) 담당자 박병선이사 010-4448-1456 | W20: =G8 -> 강원특별자치도 원주시 호저면 주산리 298,1층
B24: 거 래 명 세 표 (공급자 보관용)
B26: 공 급 받 는 자 | C26: =C4 -> 등록번호 | Q26: 공 급 자 | R26: 등록번호 | V26: =V4 -> 698-81-00072
C28: =C6 -> 상 호 (법인명) | G28: =G6 -> (이마트24) | L28: =L6 -> 원주센터(저온) | R28: 상 호 (법인명) | V28: =V6 -> ㈜영진베이커리 | AB28: 성 명 | AD28: =AD6 -> 오윤규
C30: 사업장 주 소 | G30: =G8 -> 강원특별자치도 원주시 호저면 주산리 298,1층 | R30: 사업장 주 소 | V30: =V8 -> 경기도 이천시 백사면 원적로970번길 86-29
C32: 합계금액 (VAT포함) | R32: 업 태 | V32: =V10 -> 제조업 | AB32: 종 목 | AD32: =AD10 -> 제과, 제빵
B34: 년 | C34: 월 | D34: 일 | E34: 품 목 | M34: 입수 | Q34: 총수량 | T34: 박스 | W34: 낱개수량 | AA34: 비고
B35: =B13 -> 46307 | E35: =E13 -> 성수310)우유사르르생크림빵130g(냉장) | M35: =M13 -> 24 | Q35: =Q13 -> 33 | T35: =T13 -> 1 | W35: =W13 -> 9 | AA35: =AA13 -> 46311
E36: =E14 -> 성수310)초코칩쿠키바이츠80g | M36: =M14 -> 40 | Q36: =Q14 -> 16 | T36: =T14 -> 0 | W36: =W14 -> 16 | AA36: =AA14 -> 46396
E37: =E15 -> 성수310)칸탈로프멜론사르르크림빵130g(냉장) | M37: =M15 -> 24 | Q37: =Q15 -> 4 | T37: =T15 -> 0 | W37: =W15 -> 4 | AA37: =AA15 -> 46311
E38: =E16 -> 성수310)홋카이도푸딩사르르크림빵125g(냉장) | M38: =M16 -> 24 | Q38: =Q16 -> 31 | T38: =T16 -> 1 | W38: =W16 -> 7 | AA38: =AA16 -> 46311
E39: =E17 -> 성수310)홋카이도푸딩크림카스테라130g(냉장) | M39: =M17 -> 24 | Q39: =Q17 -> 19 | T39: =T17 -> 0 | W39: =W17 -> 19 | AA39: =AA17 -> 46311
B41: =B19 -> 총수량 | M41: =M19 -> 103
B42: =B20 -> 3자물류 (더원물류) 담당자 박병선이사 010-4448-1456 | W42: =W20 -> 강원특별자치도 원주시 호저면 주산리 298,1층

Sheet 김해 (28)
B1: 김해2(저온)
B2: 거 래 명 세 표 (공급받는자 보관용)
B4: 공 급 받 는 자 | C4: 등록번호 | Q4: 공 급 자 | R4: 등록번호 | V4: 698-81-00072
C6: 상 호 (법인명) | G6: (이마트24) | L6: 김해센터(저온) | R6: 상 호 (법인명) | V6: ㈜영진베이커리 | AB6: 성명 | AD6: 오윤규
C8: 사업장 주 소 | G8: 경상남도 김해시 진례면 테크노밸리로 193-28 | R8: 사업장 주 소 | V8: 경기도 이천시 백사면 원적로970번길 86-29
C10: 합계금액 (VAT포함) | R10: 업 태 | V10: 제조업 | AB10: 종목 | AD10: 제과, 제빵
B12: 년 | C12: 월 | D12: 일 | E12: 품 목 | M12: 입수 | Q12: 총수량 | T12: 박스 | W12: 낱개수량 | AA12: 비고
B13: ='원주(날짜변경!!)'!$B$13 -> 46307 | E13: 성수310)우유사르르생크림빵130g(냉장) | M13: 24 | Q13: =IFERROR(VLOOKUP($B$1,영진베이커리!A:CX,2,FALSE),0) -> 60 | T13: =IFERROR(ROUNDDOWN(Q13/M13,0),"") -> 2 | W13: =IFERROR(Q13-(T13*M13),"") -> 12 | AA13: =B13+4 -> 46311
E14: 성수310)초코칩쿠키바이츠80g | M14: 40 | Q14: =IFERROR(VLOOKUP($B$1,영진베이커리!A:CX,3,FALSE),0) -> 29 | T14: =IFERROR(ROUNDDOWN(Q14/M14,0),"") -> 0 | W14: =IFERROR(Q14-(T14*M14),"") -> 29 | AA14: =$B$13+89 -> 46396
E15: 성수310)칸탈로프멜론사르르크림빵130g(냉장) | M15: 24 | Q15: =IFERROR(VLOOKUP($B$1,영진베이커리!A:CX,4,FALSE),0) -> 17 | T15: =IFERROR(ROUNDDOWN(Q15/M15,0),"") -> 0 | W15: =IFERROR(Q15-(T15*M15),"") -> 17 | AA15: =B13+4 -> 46311
E16: 성수310)홋카이도푸딩사르르크림빵125g(냉장) | M16: 24 | Q16: =IFERROR(VLOOKUP($B$1,영진베이커리!A:CX,5,FALSE),0) -> 54 | T16: =IFERROR(ROUNDDOWN(Q16/M16,0),"") -> 2 | W16: =IFERROR(Q16-(T16*M16),"") -> 6 | AA16: =B13+4 -> 46311
E17: 성수310)홋카이도푸딩크림카스테라130g(냉장) | M17: 24 | Q17: =IFERROR(VLOOKUP($B$1,영진베이커리!A:CX,6,FALSE),0) -> 27 | T17: =IFERROR(ROUNDDOWN(Q17/M17,0),"") -> 1 | W17: =IFERROR(Q17-(T17*M17),"") -> 3 | AA17: =B13+4 -> 46311
B19: 총수량 | M19: =SUM(Q13:S18) -> 187
B20: 3자물류 (더원물류) 담당자 박병선이사 010-4448-1456 | W20: 경상남도 김해시 진례면 테크노밸리로 193-28 TEL 070-4398-2825
B24: 거 래 명 세 표 (공급자 보관용)
B26: 공 급 받 는 자 | C26: =C4 -> 등록번호 | Q26: 공 급 자 | R26: 등록번호 | V26: =V4 -> 698-81-00072
C28: =C6 -> 상 호 (법인명) | G28: =G6 -> (이마트24) | L28: =L6 -> 김해센터(저온) | R28: 상 호 (법인명) | V28: =V6 -> ㈜영진베이커리 | AB28: 성 명 | AD28: =AD6 -> 오윤규
C30: 사업장 주 소 | G30: =G8 -> 경상남도 김해시 진례면 테크노밸리로 193-28 | R30: 사업장 주 소 | V30: =V8 -> 경기도 이천시 백사면 원적로970번길 86-29
C32: 합계금액 (VAT포함) | R32: 업 태 | V32: =V10 -> 제조업 | AB32: 종 목 | AD32: =AD10 -> 제과, 제빵
B34: 년 | C34: 월 | D34: 일 | E34: 품 목 | M34: 입수 | Q34: 총수량 | T34: 박스 | W34: 낱개수량 | AA34: 비고
B35: =B13 -> 46307 | E35: =E13 -> 성수310)우유사르르생크림빵130g(냉장) | M35: =M13 -> 24 | Q35: =Q13 -> 60 | T35: =T13 -> 2 | W35: =W13 -> 12 | AA35: =AA13 -> 46311
E36: =E14 -> 성수310)초코칩쿠키바이츠80g | M36: =M14 -> 40 | Q36: =Q14 -> 29 | T36: =T14 -> 0 | W36: =W14 -> 29 | AA36: =AA14 -> 46396
E37: =E15 -> 성수310)칸탈로프멜론사르르크림빵130g(냉장) | M37: =M15 -> 24 | Q37: =Q15 -> 17 | T37: =T15 -> 0 | W37: =W15 -> 17 | AA37: =AA15 -> 46311
E38: =E16 -> 성수310)홋카이도푸딩사르르크림빵125g(냉장) | M38: =M16 -> 24 | Q38: =Q16 -> 54 | T38: =T16 -> 2 | W38: =W16 -> 6 | AA38: =AA16 -> 46311
E39: =E17 -> 성수310)홋카이도푸딩크림카스테라130g(냉장) | M39: =M17 -> 24 | Q39: =Q17 -> 27 | T39: =T17 -> 1 | W39: =W17 -> 3 | AA39: =AA17 -> 46311
B41: =B19 -> 총수량 | M41: =M19 -> 187
B42: =B20 -> 3자물류 (더원물류) 담당자 박병선이사 010-4448-1456 | W42: =W20 -> 경상남도 김해시 진례면 테크노밸리로 193-28 TEL 070-4398-2825

Sheet 양산 (28)
B1: 양산2(저온)
B2: 거 래 명 세 표 (공급받는자 보관용)
B4: 공 급 받 는 자 | C4: 등록번호 | Q4: 공 급 자 | R4: 등록번호 | V4: 698-81-00072
C6: 상 호 (법인명) | G6: (이마트24) | L6: 양산센터(저온) | R6: 상 호 (법인명) | V6: ㈜영진베이커리 | AB6: 성명 | AD6: 오윤규
C8: 사업장 주 소 | G8: 경상남도 양산시 산막공단북3길 25(산막동 313-4) | R8: 사업장 주 소 | V8: 경기도 이천시 백사면 원적로970번길 86-29
C10: 합계금액 (VAT포함) | R10: 업 태 | V10: 제조업 | AB10: 종목 | AD10: 제과, 제빵
B12: 년 | C12: 월 | D12: 일 | E12: 품 목 | M12: 입수 | Q12: 총수량 | T12: 박스 | W12: 낱개수량 | AA12: 비고
B13: ='원주(날짜변경!!)'!$B$13 -> 46307 | E13: 성수310)우유사르르생크림빵130g(냉장) | M13: 24 | Q13: =IFERROR(VLOOKUP($B$1,영진베이커리!A:CX,2,FALSE),0) -> 120 | T13: =IFERROR(ROUNDDOWN(Q13/M13,0),"") -> 5 | W13: =IFERROR(Q13-(T13*M13),"") -> 0 | AA13: =B13+4 -> 46311
E14: 성수310)초코칩쿠키바이츠80g | M14: 40 | Q14: =IFERROR(VLOOKUP($B$1,영진베이커리!A:CX,3,FALSE),0) -> 67 | T14: =IFERROR(ROUNDDOWN(Q14/M14,0),"") -> 1 | W14: =IFERROR(Q14-(T14*M14),"") -> 27 | AA14: =$B$13+89 -> 46396
E15: 성수310)칸탈로프멜론사르르크림빵130g(냉장) | M15: 24 | Q15: =IFERROR(VLOOKUP($B$1,영진베이커리!A:CX,4,FALSE),0) -> 36 | T15: =IFERROR(ROUNDDOWN(Q15/M15,0),"") -> 1 | W15: =IFERROR(Q15-(T15*M15),"") -> 12 | AA15: =B13+4 -> 46311
E16: 성수310)홋카이도푸딩사르르크림빵125g(냉장) | M16: 24 | Q16: =IFERROR(VLOOKUP($B$1,영진베이커리!A:CX,5,FALSE),0) -> 78 | T16: =IFERROR(ROUNDDOWN(Q16/M16,0),"") -> 3 | W16: =IFERROR(Q16-(T16*M16),"") -> 6 | AA16: =B13+4 -> 46311
E17: 성수310)홋카이도푸딩크림카스테라130g(냉장) | M17: 24 | Q17: =IFERROR(VLOOKUP($B$1,영진베이커리!A:CX,6,FALSE),0) -> 58 | T17: =IFERROR(ROUNDDOWN(Q17/M17,0),"") -> 2 | W17: =IFERROR(Q17-(T17*M17),"") -> 10 | AA17: =B13+4 -> 46311
B19: 총수량 | M19: =SUM(Q13:S18) -> 359
B20: 3자물류 (더원물류) 담당자 박병선이사 010-4448-1456 | W20: =G8 -> 경상남도 양산시 산막공단북3길 25(산막동 313-4)
B24: 거 래 명 세 표 (공급자 보관용)
B26: 공 급 받 는 자 | C26: =C4 -> 등록번호 | Q26: 공 급 자 | R26: 등록번호 | V26: =V4 -> 698-81-00072
C28: =C6 -> 상 호 (법인명) | G28: =G6 -> (이마트24) | L28: =L6 -> 양산센터(저온) | R28: 상 호 (법인명) | V28: =V6 -> ㈜영진베이커리 | AB28: 성 명 | AD28: =AD6 -> 오윤규
C30: 사업장 주 소 | G30: =G8 -> 경상남도 양산시 산막공단북3길 25(산막동 313-4) | R30: 사업장 주 소 | V30: =V8 -> 경기도 이천시 백사면 원적로970번길 86-29
C32: 합계금액 (VAT포함) | R32: 업 태 | V32: =V10 -> 제조업 | AB32: 종 목 | AD32: =AD10 -> 제과, 제빵
B34: 년 | C34: 월 | D34: 일 | E34: 품 목 | M34: 입수 | Q34: 총수량 | T34: 박스 | W34: 낱개수량 | AA34: 비고
B35: =B13 -> 46307 | E35: =E13 -> 성수310)우유사르르생크림빵130g(냉장) | M35: =M13 -> 24 | Q35: =Q13 -> 120 | T35: =T13 -> 5 | W35: =W13 -> 0 | AA35: =AA13 -> 46311
E36: =E14 -> 성수310)초코칩쿠키바이츠80g | M36: =M14 -> 40 | Q36: =Q14 -> 67 | T36: =T14 -> 1 | W36: =W14 -> 27 | AA36: =AA14 -> 46396
E37: =E15 -> 성수310)칸탈로프멜론사르르크림빵130g(냉장) | M37: =M15 -> 24 | Q37: =Q15 -> 36 | T37: =T15 -> 1 | W37: =W15 -> 12 | AA37: =AA15 -> 46311
E38: =E16 -> 성수310)홋카이도푸딩사르르크림빵125g(냉장) | M38: =M16 -> 24 | Q38: =Q16 -> 78 | T38: =T16 -> 3 | W38: =W16 -> 6 | AA38: =AA16 -> 46311
E39: =E17 -> 성수310)홋카이도푸딩크림카스테라130g(냉장) | M39: =M17 -> 24 | Q39: =Q17 -> 58 | T39: =T17 -> 2 | W39: =W17 -> 10 | AA39: =AA17 -> 46311
B41: =B19 -> 총수량 | M41: =M19 -> 359
B42: =B20 -> 3자물류 (더원물류) 담당자 박병선이사 010-4448-1456 | W42: =W20 -> 경상남도 양산시 산막공단북3길 25(산막동 313-4)

Sheet 세종 (28)
B1: 세종2(저온)
B2: 거 래 명 세 표 (공급받는자 보관용)
B4: 공 급 받 는 자 | C4: 등록번호 | Q4: 공 급 자 | R4: 등록번호 | V4: 698-81-00072
C6: 상 호 (법인명) | G6: (이마트24) | L6: 세종센터(저온) | R6: 상 호 (법인명) | V6: ㈜영진베이커리 | AB6: 성명 | AD6: 오윤규
C8: 사업장 주 소 | G8: 세종특별자치시 연동면 응암리 925 E동 | R8: 사업장 주 소 | V8: 경기도 이천시 백사면 원적로970번길 86-29
C10: 합계금액 (VAT포함) | R10: 업 태 | V10: 제조업 | AB10: 종목 | AD10: 제과, 제빵
B12: 년 | C12: 월 | D12: 일 | E12: 품 목 | M12: 입수 | Q12: 총수량 | T12: 박스 | W12: 낱개수량 | AA12: 비고
B13: ='원주(날짜변경!!)'!$B$13 -> 46307 | E13: 성수310)우유사르르생크림빵130g(냉장) | M13: 24 | Q13: =IFERROR(VLOOKUP($B$1,영진베이커리!A:CX,2,FALSE),0) -> 115 | T13: =IFERROR(ROUNDDOWN(Q13/M13,0),"") -> 4 | W13: =IFERROR(Q13-(T13*M13),"") -> 19 | AA13: =B13+4 -> 46311
E14: 성수310)초코칩쿠키바이츠80g | M14: 40 | Q14: =IFERROR(VLOOKUP($B$1,영진베이커리!A:CX,3,FALSE),0) -> 42 | T14: =IFERROR(ROUNDDOWN(Q14/M14,0),"") -> 1 | W14: =IFERROR(Q14-(T14*M14),"") -> 2 | AA14: =$B$13+89 -> 46396
E15: 성수310)칸탈로프멜론사르르크림빵130g(냉장) | M15: 24 | Q15: =IFERROR(VLOOKUP($B$1,영진베이커리!A:CX,4,FALSE),0) -> 45 | T15: =IFERROR(ROUNDDOWN(Q15/M15,0),"") -> 1 | W15: =IFERROR(Q15-(T15*M15),"") -> 21 | AA15: =B13+4 -> 46311
E16: 성수310)홋카이도푸딩사르르크림빵125g(냉장) | M16: 24 | Q16: =IFERROR(VLOOKUP($B$1,영진베이커리!A:CX,5,FALSE),0) -> 119 | T16: =IFERROR(ROUNDDOWN(Q16/M16,0),"") -> 4 | W16: =IFERROR(Q16-(T16*M16),"") -> 23 | AA16: =B13+4 -> 46311
E17: 성수310)홋카이도푸딩크림카스테라130g(냉장) | M17: 24 | Q17: =IFERROR(VLOOKUP($B$1,영진베이커리!A:CX,6,FALSE),0) -> 87 | T17: =IFERROR(ROUNDDOWN(Q17/M17,0),"") -> 3 | W17: =IFERROR(Q17-(T17*M17),"") -> 15 | AA17: =B13+4 -> 46311
B19: 총수량 | M19: =SUM(Q13:S18) -> 408
B20: 3자물류 (더원물류) 담당자 박병선이사 010-4448-1456 | W20: 세종특별자치시 연동면 응암리 925 E동 허승현 대리 044-862-4400
B24: 거 래 명 세 표 (공급자 보관용)
B26: 공 급 받 는 자 | C26: =C4 -> 등록번호 | Q26: 공 급 자 | R26: 등록번호 | V26: =V4 -> 698-81-00072
C28: =C6 -> 상 호 (법인명) | G28: =G6 -> (이마트24) | L28: =L6 -> 세종센터(저온) | R28: 상 호 (법인명) | V28: =V6 -> ㈜영진베이커리 | AB28: 성 명 | AD28: =AD6 -> 오윤규
C30: 사업장 주 소 | G30: =G8 -> 세종특별자치시 연동면 응암리 925 E동 | R30: 사업장 주 소 | V30: =V8 -> 경기도 이천시 백사면 원적로970번길 86-29
C32: 합계금액 (VAT포함) | R32: 업 태 | V32: =V10 -> 제조업 | AB32: 종 목 | AD32: =AD10 -> 제과, 제빵
B34: 년 | C34: 월 | D34: 일 | E34: 품 목 | M34: 입수 | Q34: 총수량 | T34: 박스 | W34: 낱개수량 | AA34: 비고
B35: =B13 -> 46307 | E35: =E13 -> 성수310)우유사르르생크림빵130g(냉장) | M35: =M13 -> 24 | Q35: =Q13 -> 115 | T35: =T13 -> 4 | W35: =W13 -> 19 | AA35: =AA13 -> 46311
E36: =E14 -> 성수310)초코칩쿠키바이츠80g | M36: =M14 -> 40 | Q36: =Q14 -> 42 | T36: =T14 -> 1 | W36: =W14 -> 2 | AA36: =AA14 -> 46396
E37: =E15 -> 성수310)칸탈로프멜론사르르크림빵130g(냉장) | M37: =M15 -> 24 | Q37: =Q15 -> 45 | T37: =T15 -> 1 | W37: =W15 -> 21 | AA37: =AA15 -> 46311
E38: =E16 -> 성수310)홋카이도푸딩사르르크림빵125g(냉장) | M38: =M16 -> 24 | Q38: =Q16 -> 119 | T38: =T16 -> 4 | W38: =W16 -> 23 | AA38: =AA16 -> 46311
E39: =E17 -> 성수310)홋카이도푸딩크림카스테라130g(냉장) | M39: =M17 -> 24 | Q39: =Q17 -> 87 | T39: =T17 -> 3 | W39: =W17 -> 15 | AA39: =AA17 -> 46311
B41: =B19 -> 총수량 | M41: =M19 -> 408
B42: =B20 -> 3자물류 (더원물류) 담당자 박병선이사 010-4448-1456 | W42: =W20 -> 세종특별자치시 연동면 응암리 925 E동 허승현 대리 044-862-4400

Sheet 장성 (35)
B1: 장성2(저온)
B2: 거 래 명 세 표 (공급받는자 보관용)
B4: 공 급 받 는 자 | C4: 등록번호 | Q4: 공 급 자 | R4: 등록번호 | V4: 698-81-00072
C6: 상 호 (법인명) | G6: (이마트24) | L6: 장성센터(저온) | R6: 상 호 (법인명) | V6: ㈜영진베이커리 | AB6: 성명 | AD6: 오윤규
C8: 사업장 주 소 | G8: 전라남도 장성군 황룡면 황룡리 44-2 2층 | R8: 사업장 주 소 | V8: 경기도 이천시 백사면 원적로970번길 86-29
C10: 합계금액 (VAT포함) | R10: 업 태 | V10: 제조업 | AB10: 종목 | AD10: 제과, 제빵
B12: 년 | C12: 월 | D12: 일 | E12: 품 목 | M12: 입수 | Q12: 총수량 | T12: 박스 | W12: 낱개수량 | AA12: 비고
B13: ='원주(날짜변경!!)'!$B$13 -> 46307 | E13: 성수310)우유사르르생크림빵130g(냉장) | M13: 24 | Q13: =IFERROR(VLOOKUP($B$1,영진베이커리!A:CX,2,FALSE),0) -> 102 | T13: =IFERROR(ROUNDDOWN(Q13/M13,0),"") -> 4 | W13: =IFERROR(Q13-(T13*M13),"") -> 6 | AA13: =B13+4 -> 46311
E14: 성수310)초코칩쿠키바이츠80g | M14: 40 | Q14: =IFERROR(VLOOKUP($B$1,영진베이커리!A:CX,3,FALSE),0) -> 54 | T14: =IFERROR(ROUNDDOWN(Q14/M14,0),"") -> 1 | W14: =IFERROR(Q14-(T14*M14),"") -> 14 | AA14: =$B$13+89 -> 46396
E15: 성수310)칸탈로프멜론사르르크림빵130g(냉장) | M15: 24 | Q15: =IFERROR(VLOOKUP($B$1,영진베이커리!A:CX,4,FALSE),0) -> 32 | T15: =IFERROR(ROUNDDOWN(Q15/M15,0),"") -> 1 | W15: =IFERROR(Q15-(T15*M15),"") -> 8 | AA15: =B13+4 -> 46311
E16: 성수310)홋카이도푸딩사르르크림빵125g(냉장) | M16: 24 | Q16: =IFERROR(VLOOKUP($B$1,영진베이커리!A:CX,5,FALSE),0) -> 78 | T16: =IFERROR(ROUNDDOWN(Q16/M16,0),"") -> 3 | W16: =IFERROR(Q16-(T16*M16),"") -> 6 | AA16: =B13+4 -> 46311
E17: 성수310)홋카이도푸딩크림카스테라130g(냉장) | M17: 24 | Q17: =IFERROR(VLOOKUP($B$1,영진베이커리!A:CX,6,FALSE),0) -> 70 | T17: =IFERROR(ROUNDDOWN(Q17/M17,0),"") -> 2 | W17: =IFERROR(Q17-(T17*M17),"") -> 22 | AA17: =B13+4 -> 46311
B19: 총수량 | M19: =SUM(Q13:S18) -> 336
B20: 3자물류 (더원물류) 담당자 박병선이사 010-4448-1456 | W20: =G8 -> 전라남도 장성군 황룡면 황룡리 44-2 2층
B24: 거 래 명 세 표 (공급자 보관용)
B26: 공 급 받 는 자 | C26: =C4 -> 등록번호 | Q26: 공 급 자 | R26: 등록번호 | V26: =V4 -> 698-81-00072
C28: =C6 -> 상 호 (법인명) | G28: =G6 -> (이마트24) | L28: =L6 -> 장성센터(저온) | R28: 상 호 (법인명) | V28: =V6 -> ㈜영진베이커리 | AB28: 성 명 | AD28: =AD6 -> 오윤규
C30: 사업장 주 소 | G30: =G8 -> 전라남도 장성군 황룡면 황룡리 44-2 2층 | R30: 사업장 주 소 | V30: =V8 -> 경기도 이천시 백사면 원적로970번길 86-29
C32: 합계금액 (VAT포함) | R32: 업 태 | V32: =V10 -> 제조업 | AB32: 종 목 | AD32: =AD10 -> 제과, 제빵
B34: 년 | C34: 월 | D34: 일 | E34: 품 목 | M34: 입수 | Q34: 총수량 | T34: 박스 | W34: 낱개수량 | AA34: 비고
B35: =B13 -> 46307 | E35: =E13 -> 성수310)우유사르르생크림빵130g(냉장) | M35: =M13 -> 24 | Q35: =Q13 -> 102 | T35: =T13 -> 4 | W35: =W13 -> 6 | AA35: =AA13 -> 46311
E36: =E14 -> 성수310)초코칩쿠키바이츠80g | M36: =M14 -> 40 | Q36: =Q14 -> 54 | T36: =T14 -> 1 | W36: =W14 -> 14 | AA36: =AA14 -> 46396
E37: =E15 -> 성수310)칸탈로프멜론사르르크림빵130g(냉장) | M37: =M15 -> 24 | Q37: =Q15 -> 32 | T37: =T15 -> 1 | W37: =W15 -> 8 | AA37: =AA15 -> 46311
E38: =E16 -> 성수310)홋카이도푸딩사르르크림빵125g(냉장) | M38: =M16 -> 24 | Q38: =Q16 -> 78 | T38: =T16 -> 3 | W38: =W16 -> 6 | AA38: =AA16 -> 46311
E39: =E17 -> 성수310)홋카이도푸딩크림카스테라130g(냉장) | M39: =M17 -> 24 | Q39: =Q17 -> 70 | T39: =T17 -> 2 | W39: =W17 -> 22 | AA39: =AA17 -> 46311
B41: =B19 -> 총수량 | M41: =M19 -> 336
B42: =B20 -> 3자물류 (더원물류) 담당자 박병선이사 010-4448-1456 | W42: =W20 -> 전라남도 장성군 황룡면 황룡리 44-2 2층

Sheet 김천 (27)
B1: 김천2(저온)
B2: 거 래 명 세 표 (공급받는자 보관용)
B4: 공 급 받 는 자 | C4: 등록번호 | Q4: 공 급 자 | R4: 등록번호 | V4: 698-81-00072
C6: 상 호 (법인명) | G6: (이마트24) | L6: 김천센터(저온) | R6: 상 호 (법인명) | V6: ㈜영진베이커리 | AB6: 성명 | AD6: 오윤규
C8: 사업장 주 소 | G8: 경상북도 김천시 어모면 옥율리 212 | R8: 사업장 주 소 | V8: 경기도 이천시 백사면 원적로970번길 86-29
C10: 합계금액 (VAT포함) | R10: 업 태 | V10: 제조업 | AB10: 종목 | AD10: 제과, 제빵
B12: 년 | C12: 월 | D12: 일 | E12: 품 목 | M12: 입수 | Q12: 총수량 | T12: 박스 | W12: 낱개수량 | AA12: 비고
B13: ='원주(날짜변경!!)'!$B$13 -> 46307 | E13: 성수310)우유사르르생크림빵130g(냉장) | M13: 24 | Q13: =IFERROR(VLOOKUP($B$1,영진베이커리!A:CX,2,FALSE),0) -> 69 | T13: =IFERROR(ROUNDDOWN(Q13/M13,0),"") -> 2 | W13: =IFERROR(Q13-(T13*M13),"") -> 21 | AA13: =B13+4 -> 46311
E14: 성수310)초코칩쿠키바이츠80g | M14: 40 | Q14: =IFERROR(VLOOKUP($B$1,영진베이커리!A:CX,3,FALSE),0) -> 22 | T14: =IFERROR(ROUNDDOWN(Q14/M14,0),"") -> 0 | W14: =IFERROR(Q14-(T14*M14),"") -> 22 | AA14: =$B$13+89 -> 46396
E15: 성수310)칸탈로프멜론사르르크림빵130g(냉장) | M15: 24 | Q15: =IFERROR(VLOOKUP($B$1,영진베이커리!A:CX,4,FALSE),0) -> 12 | T15: =IFERROR(ROUNDDOWN(Q15/M15,0),"") -> 0 | W15: =IFERROR(Q15-(T15*M15),"") -> 12 | AA15: =B13+4 -> 46311
E16: 성수310)홋카이도푸딩사르르크림빵125g(냉장) | M16: 24 | Q16: =IFERROR(VLOOKUP($B$1,영진베이커리!A:CX,5,FALSE),0) -> 39 | T16: =IFERROR(ROUNDDOWN(Q16/M16,0),"") -> 1 | W16: =IFERROR(Q16-(T16*M16),"") -> 15 | AA16: =B13+4 -> 46311
E17: 성수310)홋카이도푸딩크림카스테라130g(냉장) | M17: 24 | Q17: =IFERROR(VLOOKUP($B$1,영진베이커리!A:CX,6,FALSE),0) -> 34 | T17: =IFERROR(ROUNDDOWN(Q17/M17,0),"") -> 1 | W17: =IFERROR(Q17-(T17*M17),"") -> 10 | AA17: =B13+4 -> 46311
B19: 총수량 | M19: =SUM(Q13:S18) -> 176
B20: 3자물류 (더원물류) 담당자 박병선이사 010-4448-1456 | W20: =G8 -> 경상북도 김천시 어모면 옥율리 212
B24: 거 래 명 세 표 (공급자 보관용)
B26: 공 급 받 는 자 | C26: =C4 -> 등록번호 | Q26: 공 급 자 | R26: 등록번호 | V26: =V4 -> 698-81-00072
C28: =C6 -> 상 호 (법인명) | G28: =G6 -> (이마트24) | L28: =L6 -> 김천센터(저온) | R28: 상 호 (법인명) | V28: =V6 -> ㈜영진베이커리 | AB28: 성 명 | AD28: =AD6 -> 오윤규
C30: 사업장 주 소 | G30: =G8 -> 경상북도 김천시 어모면 옥율리 212 | R30: 사업장 주 소 | V30: =V8 -> 경기도 이천시 백사면 원적로970번길 86-29
C32: 합계금액 (VAT포함) | R32: 업 태 | V32: =V10 -> 제조업 | AB32: 종 목 | AD32: =AD10 -> 제과, 제빵
B34: 년 | C34: 월 | D34: 일 | E34: 품 목 | M34: 입수 | Q34: 총수량 | T34: 박스 | W34: 낱개수량 | AA34: 비고
B35: =B13 -> 46307 | E35: =E13 -> 성수310)우유사르르생크림빵130g(냉장) | M35: =M13 -> 24 | Q35: =Q13 -> 69 | T35: =T13 -> 2 | W35: =W13 -> 21 | AA35: =AA13 -> 46311
E36: =E14 -> 성수310)초코칩쿠키바이츠80g | M36: =M14 -> 40 | Q36: =Q14 -> 22 | T36: =T14 -> 0 | W36: =W14 -> 22 | AA36: =AA14 -> 46396
E37: =E15 -> 성수310)칸탈로프멜론사르르크림빵130g(냉장) | M37: =M15 -> 24 | Q37: =Q15 -> 12 | T37: =T15 -> 0 | W37: =W15 -> 12 | AA37: =AA15 -> 46311
E38: =E16 -> 성수310)홋카이도푸딩사르르크림빵125g(냉장) | M38: =M16 -> 24 | Q38: =Q16 -> 39 | T38: =T16 -> 1 | W38: =W16 -> 15 | AA38: =AA16 -> 46311
E39: =E17 -> 성수310)홋카이도푸딩크림카스테라130g(냉장) | M39: =M17 -> 24 | Q39: =Q17 -> 34 | T39: =T17 -> 1 | W39: =W17 -> 10 | AA39: =AA17 -> 46311
B41: =B19 -> 총수량 | M41: =M19 -> 176
B42: =B20 -> 3자물류 (더원물류) 담당자 박병선이사 010-4448-1456 | W42: =W20 -> 경상북도 김천시 어모면 옥율리 212

Sheet 경산(20)
B1: 경산2(저온)
B2: 거 래 명 세 표 (공급받는자 보관용)
B4: 공 급 받 는 자 | C4: 등록번호 | Q4: 공 급 자 | R4: 등록번호 | V4: 698-81-00072
C6: 상 호 (법인명) | G6: (이마트24) | L6: 경산센터(저온) | R6: 상 호 (법인명) | V6: ㈜영진베이커리 | AB6: 성명 | AD6: 오윤규
C8: 사업장 주 소 | G8: 경상북도 경산시 압량읍 가야로 20 | R8: 사업장 주 소 | V8: 경기도 이천시 백사면 원적로970번길 86-29
C10: 합계금액 (VAT포함) | R10: 업 태 | V10: 제조업 | AB10: 종목 | AD10: 제과, 제빵
B12: 년 | C12: 월 | D12: 일 | E12: 품 목 | M12: 입수 | Q12: 총수량 | T12: 박스 | W12: 낱개수량 | AA12: 비고
B13: ='원주(날짜변경!!)'!$B$13 -> 46307 | E13: 성수310)우유사르르생크림빵130g(냉장) | M13: 24 | Q13: =IFERROR(VLOOKUP($B$1,영진베이커리!A:CX,2,FALSE),0) -> 51 | T13: =IFERROR(ROUNDDOWN(Q13/M13,0),"") -> 2 | W13: =IFERROR(Q13-(T13*M13),"") -> 3 | AA13: =B13+4 -> 46311
E14: 성수310)초코칩쿠키바이츠80g | M14: 40 | Q14: =IFERROR(VLOOKUP($B$1,영진베이커리!A:CX,3,FALSE),0) -> 18 | T14: =IFERROR(ROUNDDOWN(Q14/M14,0),"") -> 0 | W14: =IFERROR(Q14-(T14*M14),"") -> 18 | AA14: =$B$13+89 -> 46396
E15: 성수310)칸탈로프멜론사르르크림빵130g(냉장) | M15: 24 | Q15: =IFERROR(VLOOKUP($B$1,영진베이커리!A:CX,4,FALSE),0) -> 13 | T15: =IFERROR(ROUNDDOWN(Q15/M15,0),"") -> 0 | W15: =IFERROR(Q15-(T15*M15),"") -> 13 | AA15: =B13+4 -> 46311
E16: 성수310)홋카이도푸딩사르르크림빵125g(냉장) | M16: 24 | Q16: =IFERROR(VLOOKUP($B$1,영진베이커리!A:CX,5,FALSE),0) -> 46 | T16: =IFERROR(ROUNDDOWN(Q16/M16,0),"") -> 1 | W16: =IFERROR(Q16-(T16*M16),"") -> 22 | AA16: =B13+4 -> 46311
E17: 성수310)홋카이도푸딩크림카스테라130g(냉장) | M17: 24 | Q17: =IFERROR(VLOOKUP($B$1,영진베이커리!A:CX,6,FALSE),0) -> 23 | T17: =IFERROR(ROUNDDOWN(Q17/M17,0),"") -> 0 | W17: =IFERROR(Q17-(T17*M17),"") -> 23 | AA17: =B13+4 -> 46311
B19: 총수량 | M19: =SUM(Q13:S18) -> 151
B20: 3자물류 (더원물류) 담당자 박병선이사 010-4448-1456 | W20: =G8 -> 경상북도 경산시 압량읍 가야로 20
B24: 거 래 명 세 표 (공급자 보관용)
B26: 공 급 받 는 자 | C26: =C4 -> 등록번호 | Q26: 공 급 자 | R26: 등록번호 | V26: =V4 -> 698-81-00072
C28: =C6 -> 상 호 (법인명) | G28: =G6 -> (이마트24) | L28: =L6 -> 경산센터(저온) | R28: 상 호 (법인명) | V28: =V6 -> ㈜영진베이커리 | AB28: 성 명 | AD28: =AD6 -> 오윤규
C30: 사업장 주 소 | G30: =G8 -> 경상북도 경산시 압량읍 가야로 20 | R30: 사업장 주 소 | V30: =V8 -> 경기도 이천시 백사면 원적로970번길 86-29
C32: 합계금액 (VAT포함) | R32: 업 태 | V32: =V10 -> 제조업 | AB32: 종 목 | AD32: =AD10 -> 제과, 제빵
B34: 년 | C34: 월 | D34: 일 | E34: 품 목 | M34: 입수 | Q34: 총수량 | T34: 박스 | W34: 낱개수량 | AA34: 비고
B35: =B13 -> 46307 | E35: =E13 -> 성수310)우유사르르생크림빵130g(냉장) | M35: =M13 -> 24 | Q35: =Q13 -> 51 | T35: =T13 -> 2 | W35: =W13 -> 3 | AA35: =AA13 -> 46311
E36: =E14 -> 성수310)초코칩쿠키바이츠80g | M36: =M14 -> 40 | Q36: =Q14 -> 18 | T36: =T14 -> 0 | W36: =W14 -> 18 | AA36: =AA14 -> 46396
E37: =E15 -> 성수310)칸탈로프멜론사르르크림빵130g(냉장) | M37: =M15 -> 24 | Q37: =Q15 -> 13 | T37: =T15 -> 0 | W37: =W15 -> 13 | AA37: =AA15 -> 46311
E38: =E16 -> 성수310)홋카이도푸딩사르르크림빵125g(냉장) | M38: =M16 -> 24 | Q38: =Q16 -> 46 | T38: =T16 -> 1 | W38: =W16 -> 22 | AA38: =AA16 -> 46311
E39: =E17 -> 성수310)홋카이도푸딩크림카스테라130g(냉장) | M39: =M17 -> 24 | Q39: =Q17 -> 23 | T39: =T17 -> 0 | W39: =W17 -> 23 | AA39: =AA17 -> 46311
B41: =B19 -> 총수량 | M41: =M19 -> 151
B42: =B20 -> 3자물류 (더원물류) 담당자 박병선이사 010-4448-1456 | W42: =W20 -> 경상북도 경산시 압량읍 가야로 20

Sheet 화성 (26)
B1: 화성2(저온)
B2: 거 래 명 세 표 (공급받는자 보관용)
B4: 공 급 받 는 자 | C4: 등록번호 | Q4: 공 급 자 | R4: 등록번호 | V4: 698-81-00072
C6: 상 호 (법인명) | G6: (이마트24) | L6: 화성센터(저온) | R6: 상 호 (법인명) | V6: ㈜영진베이커리 | AB6: 성명 | AD6: 오윤규
C8: 사업장 주 소 | G8: 경기 화성시 초록로 103 | R8: 사업장 주 소 | V8: 경기도 이천시 백사면 원적로970번길 86-29
C10: 합계금액 (VAT포함) | R10: 업 태 | V10: 제조업 | AB10: 종목 | AD10: 제과, 제빵
B12: 년 | C12: 월 | D12: 일 | E12: 품 목 | M12: 입수 | Q12: 총수량 | T12: 박스 | W12: 낱개수량 | AA12: 비고
B13: ='원주(날짜변경!!)'!$B$13 -> 46307 | E13: 성수310)우유사르르생크림빵130g(냉장) | M13: 24 | Q13: =IFERROR(VLOOKUP($B$1,영진베이커리!A:CX,2,FALSE),0) -> 79 | T13: =IFERROR(ROUNDDOWN(Q13/M13,0),"") -> 3 | W13: =IFERROR(Q13-(T13*M13),"") -> 7 | AA13: =B13+4 -> 46311
E14: 성수310)초코칩쿠키바이츠80g | M14: 40 | Q14: =IFERROR(VLOOKUP($B$1,영진베이커리!A:CX,3,FALSE),0) -> 16 | T14: =IFERROR(ROUNDDOWN(Q14/M14,0),"") -> 0 | W14: =IFERROR(Q14-(T14*M14),"") -> 16 | AA14: =$B$13+89 -> 46396
E15: 성수310)칸탈로프멜론사르르크림빵130g(냉장) | M15: 24 | Q15: =IFERROR(VLOOKUP($B$1,영진베이커리!A:CX,4,FALSE),0) -> 19 | T15: =IFERROR(ROUNDDOWN(Q15/M15,0),"") -> 0 | W15: =IFERROR(Q15-(T15*M15),"") -> 19 | AA15: =B13+4 -> 46311
E16: 성수310)홋카이도푸딩사르르크림빵125g(냉장) | M16: 24 | Q16: =IFERROR(VLOOKUP($B$1,영진베이커리!A:CX,5,FALSE),0) -> 61 | T16: =IFERROR(ROUNDDOWN(Q16/M16,0),"") -> 2 | W16: =IFERROR(Q16-(T16*M16),"") -> 13 | AA16: =B13+4 -> 46311
E17: 성수310)홋카이도푸딩크림카스테라130g(냉장) | M17: 24 | Q17: =IFERROR(VLOOKUP($B$1,영진베이커리!A:CX,6,FALSE),0) -> 47 | T17: =IFERROR(ROUNDDOWN(Q17/M17,0),"") -> 1 | W17: =IFERROR(Q17-(T17*M17),"") -> 23 | AA17: =B13+4 -> 46311
B19: 총수량 | M19: =SUM(Q13:S18) -> 222
B20: 3자물류 (더원물류) 담당자 박병선이사 010-4448-1456 | W20: 경기 화성시 초록로 103 오민수 대리 031-8077-2407
B24: 거 래 명 세 표 (공급자 보관용)
B26: 공 급 받 는 자 | C26: =C4 -> 등록번호 | Q26: 공 급 자 | R26: 등록번호 | V26: =V4 -> 698-81-00072
C28: =C6 -> 상 호 (법인명) | G28: =G6 -> (이마트24) | L28: =L6 -> 화성센터(저온) | R28: 상 호 (법인명) | V28: =V6 -> ㈜영진베이커리 | AB28: 성 명 | AD28: =AD6 -> 오윤규
C30: 사업장 주 소 | G30: =G8 -> 경기 화성시 초록로 103 | R30: 사업장 주 소 | V30: =V8 -> 경기도 이천시 백사면 원적로970번길 86-29
C32: 합계금액 (VAT포함) | R32: 업 태 | V32: =V10 -> 제조업 | AB32: 종 목 | AD32: =AD10 -> 제과, 제빵
B34: 년 | C34: 월 | D34: 일 | E34: 품 목 | M34: 입수 | Q34: 총수량 | T34: 박스 | W34: 낱개수량 | AA34: 비고
B35: =B13 -> 46307 | E35: =E13 -> 성수310)우유사르르생크림빵130g(냉장) | M35: =M13 -> 24 | Q35: =Q13 -> 79 | T35: =T13 -> 3 | W35: =W13 -> 7 | AA35: =AA13 -> 46311
E36: =E14 -> 성수310)초코칩쿠키바이츠80g | M36: =M14 -> 40 | Q36: =Q14 -> 16 | T36: =T14 -> 0 | W36: =W14 -> 16 | AA36: =AA14 -> 46396
E37: =E15 -> 성수310)칸탈로프멜론사르르크림빵130g(냉장) | M37: =M15 -> 24 | Q37: =Q15 -> 19 | T37: =T15 -> 0 | W37: =W15 -> 19 | AA37: =AA15 -> 46311
E38: =E16 -> 성수310)홋카이도푸딩사르르크림빵125g(냉장) | M38: =M16 -> 24 | Q38: =Q16 -> 61 | T38: =T16 -> 2 | W38: =W16 -> 13 | AA38: =AA16 -> 46311
E39: =E17 -> 성수310)홋카이도푸딩크림카스테라130g(냉장) | M39: =M17 -> 24 | Q39: =Q17 -> 47 | T39: =T17 -> 1 | W39: =W17 -> 23 | AA39: =AA17 -> 46311
B41: =B19 -> 총수량 | M41: =M19 -> 222
B42: =B20 -> 3자물류 (더원물류) 담당자 박병선이사 010-4448-1456 | W42: =W20 -> 경기 화성시 초록로 103 오민수 대리 031-8077-2407

Sheet 청라 (26)
B1: 청라2(저온)
B2: 거 래 명 세 표 (공급받는자 보관용)
B4: 공 급 받 는 자 | C4: 등록번호 | Q4: 공 급 자 | R4: 등록번호 | V4: 698-81-00072
C6: 상 호 (법인명) | G6: (이마트24) | L6: 청라센터(저온) | R6: 상 호 (법인명) | V6: ㈜영진베이커리 | AB6: 성명 | AD6: 오윤규
C8: 사업장 주 소 | G8: 인천광역시 서구 북항로120번길 55, 청라로지스틱스센터3, 9층 | R8: 사업장 주 소 | V8: 경기도 이천시 백사면 원적로970번길 86-29
C10: 합계금액 (VAT포함) | R10: 업 태 | V10: 제조업 | AB10: 종목 | AD10: 제과, 제빵
B12: 년 | C12: 월 | D12: 일 | E12: 품 목 | M12: 입수 | Q12: 총수량 | T12: 박스 | W12: 낱개수량 | AA12: 비고
B13: ='원주(날짜변경!!)'!$B$13 -> 46307 | E13: 성수310)우유사르르생크림빵130g(냉장) | M13: 24 | Q13: =IFERROR(VLOOKUP($B$1,영진베이커리!A:CX,2,FALSE),0) -> 108 | T13: =IFERROR(ROUNDDOWN(Q13/M13,0),"") -> 4 | W13: =IFERROR(Q13-(T13*M13),"") -> 12 | AA13: =B13+4 -> 46311
E14: 성수310)초코칩쿠키바이츠80g | M14: 40 | Q14: =IFERROR(VLOOKUP($B$1,영진베이커리!A:CX,3,FALSE),0) -> 56 | T14: =IFERROR(ROUNDDOWN(Q14/M14,0),"") -> 1 | W14: =IFERROR(Q14-(T14*M14),"") -> 16 | AA14: =$B$13+89 -> 46396
E15: 성수310)칸탈로프멜론사르르크림빵130g(냉장) | M15: 24 | Q15: =IFERROR(VLOOKUP($B$1,영진베이커리!A:CX,4,FALSE),0) -> 29 | T15: =IFERROR(ROUNDDOWN(Q15/M15,0),"") -> 1 | W15: =IFERROR(Q15-(T15*M15),"") -> 5 | AA15: =B13+4 -> 46311
E16: 성수310)홋카이도푸딩사르르크림빵125g(냉장) | M16: 24 | Q16: =IFERROR(VLOOKUP($B$1,영진베이커리!A:CX,5,FALSE),0) -> 101 | T16: =IFERROR(ROUNDDOWN(Q16/M16,0),"") -> 4 | W16: =IFERROR(Q16-(T16*M16),"") -> 5 | AA16: =B13+4 -> 46311
E17: 성수310)홋카이도푸딩크림카스테라130g(냉장) | M17: 24 | Q17: =IFERROR(VLOOKUP($B$1,영진베이커리!A:CX,6,FALSE),0) -> 70 | T17: =IFERROR(ROUNDDOWN(Q17/M17,0),"") -> 2 | W17: =IFERROR(Q17-(T17*M17),"") -> 22 | AA17: =B13+4 -> 46311
B19: 총수량 | M19: =SUM(Q13:S18) -> 364
B20: 3자물류 (더원물류) 담당자 박병선이사 010-4448-1456 | W20: 인천광역시 서구 북항로120번길 55, 청라로지스틱스센터3, 9층 02)437-0500
B24: 거 래 명 세 표 (공급자 보관용)
B26: 공 급 받 는 자 | C26: =C4 -> 등록번호 | Q26: 공 급 자 | R26: 등록번호 | V26: =V4 -> 698-81-00072
C28: =C6 -> 상 호 (법인명) | G28: =G6 -> (이마트24) | L28: =L6 -> 청라센터(저온) | R28: 상 호 (법인명) | V28: =V6 -> ㈜영진베이커리 | AB28: 성 명 | AD28: =AD6 -> 오윤규
C30: 사업장 주 소 | G30: =G8 -> 인천광역시 서구 북항로120번길 55, 청라로지스틱스센터3, 9층 | R30: 사업장 주 소 | V30: =V8 -> 경기도 이천시 백사면 원적로970번길 86-29
C32: 합계금액 (VAT포함) | R32: 업 태 | V32: =V10 -> 제조업 | AB32: 종 목 | AD32: =AD10 -> 제과, 제빵
B34: 년 | C34: 월 | D34: 일 | E34: 품 목 | M34: 입수 | Q34: 총수량 | T34: 박스 | W34: 낱개수량 | AA34: 비고
B35: =B13 -> 46307 | E35: =E13 -> 성수310)우유사르르생크림빵130g(냉장) | M35: =M13 -> 24 | Q35: =Q13 -> 108 | T35: =T13 -> 4 | W35: =W13 -> 12 | AA35: =AA13 -> 46311
E36: =E14 -> 성수310)초코칩쿠키바이츠80g | M36: =M14 -> 40 | Q36: =Q14 -> 56 | T36: =T14 -> 1 | W36: =W14 -> 16 | AA36: =AA14 -> 46396
E37: =E15 -> 성수310)칸탈로프멜론사르르크림빵130g(냉장) | M37: =M15 -> 24 | Q37: =Q15 -> 29 | T37: =T15 -> 1 | W37: =W15 -> 5 | AA37: =AA15 -> 46311
E38: =E16 -> 성수310)홋카이도푸딩사르르크림빵125g(냉장) | M38: =M16 -> 24 | Q38: =Q16 -> 101 | T38: =T16 -> 4 | W38: =W16 -> 5 | AA38: =AA16 -> 46311
E39: =E17 -> 성수310)홋카이도푸딩크림카스테라130g(냉장) | M39: =M17 -> 24 | Q39: =Q17 -> 70 | T39: =T17 -> 2 | W39: =W17 -> 22 | AA39: =AA17 -> 46311
B41: =B19 -> 총수량 | M41: =M19 -> 364
B42: =B20 -> 3자물류 (더원물류) 담당자 박병선이사 010-4448-1456 | W42: =W20 -> 인천광역시 서구 북항로120번길 55, 청라로지스틱스센터3, 9층 02)437-0500

Sheet 평택 (26)
B1: 평택2(저온)
B2: 거 래 명 세 표 (공급받는자 보관용)
B4: 공 급 받 는 자 | C4: 등록번호 | Q4: 공 급 자 | R4: 등록번호 | V4: 698-81-00072
C6: 상 호 (법인명) | G6: (이마트24) | L6: 평택센터(저온) | R6: 상 호 (법인명) | V6: ㈜영진베이커리 | AB6: 성명 | AD6: 오윤규
C8: 사업장 주 소 | G8: 경기도 평택시 진위면 마산8로10, 진위물류센터 창고동 1층 | R8: 사업장 주 소 | V8: 경기도 이천시 백사면 원적로970번길 86-29
C10: 합계금액 (VAT포함) | R10: 업 태 | V10: 제조업 | AB10: 종목 | AD10: 제과, 제빵
B12: 년 | C12: 월 | D12: 일 | E12: 품 목 | M12: 입수 | Q12: 총수량 | T12: 박스 | W12: 낱개수량 | AA12: 비고
B13: ='원주(날짜변경!!)'!$B$13 -> 46307 | E13: 성수310)우유사르르생크림빵130g(냉장) | M13: 24 | Q13: =IFERROR(VLOOKUP($B$1,영진베이커리!A:CX,2,FALSE),0) -> 55 | T13: =IFERROR(ROUNDDOWN(Q13/M13,0),"") -> 2 | W13: =IFERROR(Q13-(T13*M13),"") -> 7 | AA13: =B13+4 -> 46311
E14: 성수310)초코칩쿠키바이츠80g | M14: 40 | Q14: =IFERROR(VLOOKUP($B$1,영진베이커리!A:CX,3,FALSE),0) -> 29 | T14: =IFERROR(ROUNDDOWN(Q14/M14,0),"") -> 0 | W14: =IFERROR(Q14-(T14*M14),"") -> 29 | AA14: =$B$13+89 -> 46396
E15: 성수310)칸탈로프멜론사르르크림빵130g(냉장) | M15: 24 | Q15: =IFERROR(VLOOKUP($B$1,영진베이커리!A:CX,4,FALSE),0) -> 19 | T15: =IFERROR(ROUNDDOWN(Q15/M15,0),"") -> 0 | W15: =IFERROR(Q15-(T15*M15),"") -> 19 | AA15: =B13+4 -> 46311
E16: 성수310)홋카이도푸딩사르르크림빵125g(냉장) | M16: 24 | Q16: =IFERROR(VLOOKUP($B$1,영진베이커리!A:CX,5,FALSE),0) -> 37 | T16: =IFERROR(ROUNDDOWN(Q16/M16,0),"") -> 1 | W16: =IFERROR(Q16-(T16*M16),"") -> 13 | AA16: =B13+4 -> 46311
E17: 성수310)홋카이도푸딩크림카스테라130g(냉장) | M17: 24 | Q17: =IFERROR(VLOOKUP($B$1,영진베이커리!A:CX,6,FALSE),0) -> 23 | T17: =IFERROR(ROUNDDOWN(Q17/M17,0),"") -> 0 | W17: =IFERROR(Q17-(T17*M17),"") -> 23 | AA17: =B13+4 -> 46311
B19: 총수량 | M19: =SUM(Q13:S18) -> 163
B20: 3자물류 (더원물류) 담당자 박병선이사 010-4448-1456 | W20: 경기도 평택시 진위면 마산8로10, 진위물류센터 창고동 1층 강민구 대리 031-663-9260
B24: 거 래 명 세 표 (공급자 보관용)
B26: 공 급 받 는 자 | C26: =C4 -> 등록번호 | Q26: 공 급 자 | R26: 등록번호 | V26: =V4 -> 698-81-00072
C28: =C6 -> 상 호 (법인명) | G28: =G6 -> (이마트24) | L28: =L6 -> 평택센터(저온) | R28: 상 호 (법인명) | V28: =V6 -> ㈜영진베이커리 | AB28: 성 명 | AD28: =AD6 -> 오윤규
C30: 사업장 주 소 | G30: =G8 -> 경기도 평택시 진위면 마산8로10, 진위물류센터 창고동 1층 | R30: 사업장 주 소 | V30: =V8 -> 경기도 이천시 백사면 원적로970번길 86-29
C32: 합계금액 (VAT포함) | R32: 업 태 | V32: =V10 -> 제조업 | AB32: 종 목 | AD32: =AD10 -> 제과, 제빵
B34: 년 | C34: 월 | D34: 일 | E34: 품 목 | M34: 입수 | Q34: 총수량 | T34: 박스 | W34: 낱개수량 | AA34: 비고
B35: =B13 -> 46307 | E35: =E13 -> 성수310)우유사르르생크림빵130g(냉장) | M35: =M13 -> 24 | Q35: =Q13 -> 55 | T35: =T13 -> 2 | W35: =W13 -> 7 | AA35: =AA13 -> 46311
E36: =E14 -> 성수310)초코칩쿠키바이츠80g | M36: =M14 -> 40 | Q36: =Q14 -> 29 | T36: =T14 -> 0 | W36: =W14 -> 29 | AA36: =AA14 -> 46396
E37: =E15 -> 성수310)칸탈로프멜론사르르크림빵130g(냉장) | M37: =M15 -> 24 | Q37: =Q15 -> 19 | T37: =T15 -> 0 | W37: =W15 -> 19 | AA37: =AA15 -> 46311
E38: =E16 -> 성수310)홋카이도푸딩사르르크림빵125g(냉장) | M38: =M16 -> 24 | Q38: =Q16 -> 37 | T38: =T16 -> 1 | W38: =W16 -> 13 | AA38: =AA16 -> 46311
E39: =E17 -> 성수310)홋카이도푸딩크림카스테라130g(냉장) | M39: =M17 -> 24 | Q39: =Q17 -> 23 | T39: =T17 -> 0 | W39: =W17 -> 23 | AA39: =AA17 -> 46311
B41: =B19 -> 총수량 | M41: =M19 -> 163
B42: =B20 -> 3자물류 (더원물류) 담당자 박병선이사 010-4448-1456 | W42: =W20 -> 경기도 평택시 진위면 마산8로10, 진위물류센터 창고동 1층 강민구 대리 031-663-9260

Sheet 포천(26)
B1: 포천2(저온)
B2: 거 래 명 세 표 (공급받는자 보관용)
B4: 공 급 받 는 자 | C4: 등록번호 | Q4: 공 급 자 | R4: 등록번호 | V4: 698-81-00072
C6: 상 호 (법인명) | G6: (이마트24) | L6: 포천센터(저온) | R6: 상 호 (법인명) | V6: ㈜영진베이커리 | AB6: 성명 | AD6: 오윤규
C8: 사업장 주 소 | G8: 경기도 포천시 설운동 477,B2F | R8: 사업장 주 소 | V8: 경기도 이천시 백사면 원적로970번길 86-29
C10: 합계금액 (VAT포함) | R10: 업 태 | V10: 제조업 | AB10: 종목 | AD10: 제과, 제빵
B12: 년 | C12: 월 | D12: 일 | E12: 품 목 | M12: 입수 | Q12: 총수량 | T12: 박스 | W12: 낱개수량 | AA12: 비고
B13: ='원주(날짜변경!!)'!$B$13 -> 46307 | E13: 성수310)우유사르르생크림빵130g(냉장) | M13: 24 | Q13: =IFERROR(VLOOKUP($B$1,영진베이커리!A:CX,2,FALSE),0) -> 178 | T13: =IFERROR(ROUNDDOWN(Q13/M13,0),"") -> 7 | W13: =IFERROR(Q13-(T13*M13),"") -> 10 | AA13: =B13+4 -> 46311
E14: 성수310)초코칩쿠키바이츠80g | M14: 40 | Q14: =IFERROR(VLOOKUP($B$1,영진베이커리!A:CX,3,FALSE),0) -> 104 | T14: =IFERROR(ROUNDDOWN(Q14/M14,0),"") -> 2 | W14: =IFERROR(Q14-(T14*M14),"") -> 24 | AA14: =$B$13+89 -> 46396
E15: 성수310)칸탈로프멜론사르르크림빵130g(냉장) | M15: 24 | Q15: =IFERROR(VLOOKUP($B$1,영진베이커리!A:CX,4,FALSE),0) -> 50 | T15: =IFERROR(ROUNDDOWN(Q15/M15,0),"") -> 2 | W15: =IFERROR(Q15-(T15*M15),"") -> 2 | AA15: =B13+4 -> 46311
E16: 성수310)홋카이도푸딩사르르크림빵125g(냉장) | M16: 24 | Q16: =IFERROR(VLOOKUP($B$1,영진베이커리!A:CX,5,FALSE),0) -> 144 | T16: =IFERROR(ROUNDDOWN(Q16/M16,0),"") -> 6 | W16: =IFERROR(Q16-(T16*M16),"") -> 0 | AA16: =B13+4 -> 46311
E17: 성수310)홋카이도푸딩크림카스테라130g(냉장) | M17: 24 | Q17: =IFERROR(VLOOKUP($B$1,영진베이커리!A:CX,6,FALSE),0) -> 108 | T17: =IFERROR(ROUNDDOWN(Q17/M17,0),"") -> 4 | W17: =IFERROR(Q17-(T17*M17),"") -> 12 | AA17: =B13+4 -> 46311
B19: 총수량 | M19: =SUM(Q13:S18) -> 584
B20: 3자물류 (더원물류) 담당자 박병선이사 010-4448-1456 | W20: 경기도 포천시 설운동 477,B2F 031-543-2486
B24: 거 래 명 세 표 (공급자 보관용)
B26: 공 급 받 는 자 | C26: =C4 -> 등록번호 | Q26: 공 급 자 | R26: 등록번호 | V26: =V4 -> 698-81-00072
C28: =C6 -> 상 호 (법인명) | G28: =G6 -> (이마트24) | L28: =L6 -> 포천센터(저온) | R28: 상 호 (법인명) | V28: =V6 -> ㈜영진베이커리 | AB28: 성 명 | AD28: =AD6 -> 오윤규
C30: 사업장 주 소 | G30: =G8 -> 경기도 포천시 설운동 477,B2F | R30: 사업장 주 소 | V30: =V8 -> 경기도 이천시 백사면 원적로970번길 86-29
C32: 합계금액 (VAT포함) | R32: 업 태 | V32: =V10 -> 제조업 | AB32: 종 목 | AD32: =AD10 -> 제과, 제빵
B34: 년 | C34: 월 | D34: 일 | E34: 품 목 | M34: 입수 | Q34: 총수량 | T34: 박스 | W34: 낱개수량 | AA34: 비고
B35: =B13 -> 46307 | E35: =E13 -> 성수310)우유사르르생크림빵130g(냉장) | M35: =M13 -> 24 | Q35: =Q13 -> 178 | T35: =T13 -> 7 | W35: =W13 -> 10 | AA35: =AA13 -> 46311
E36: =E14 -> 성수310)초코칩쿠키바이츠80g | M36: =M14 -> 40 | Q36: =Q14 -> 104 | T36: =T14 -> 2 | W36: =W14 -> 24 | AA36: =AA14 -> 46396
E37: =E15 -> 성수310)칸탈로프멜론사르르크림빵130g(냉장) | M37: =M15 -> 24 | Q37: =Q15 -> 50 | T37: =T15 -> 2 | W37: =W15 -> 2 | AA37: =AA15 -> 46311
E38: =E16 -> 성수310)홋카이도푸딩사르르크림빵125g(냉장) | M38: =M16 -> 24 | Q38: =Q16 -> 144 | T38: =T16 -> 6 | W38: =W16 -> 0 | AA38: =AA16 -> 46311
E39: =E17 -> 성수310)홋카이도푸딩크림카스테라130g(냉장) | M39: =M17 -> 24 | Q39: =Q17 -> 108 | T39: =T17 -> 4 | W39: =W17 -> 12 | AA39: =AA17 -> 46311
B41: =B19 -> 총수량 | M41: =M19 -> 584
B42: =B20 -> 3자물류 (더원물류) 담당자 박병선이사 010-4448-1456 | W42: =W20 -> 경기도 포천시 설운동 477,B2F 031-543-2486

Sheet 양지 (26)
B1: 양지2(저온)
B2: 거 래 명 세 표 (공급받는자 보관용)
B4: 공 급 받 는 자 | C4: 등록번호 | Q4: 공 급 자 | R4: 등록번호 | V4: 698-81-00072
C6: 상 호 (법인명) | G6: (이마트24) | L6: 양지센터(저온) | R6: 상 호 (법인명) | V6: ㈜영진베이커리 | AB6: 성명 | AD6: 오윤규
C8: 사업장 주 소 | G8: 경기도 용인시 처인구 양지면 제일리 453-7 | R8: 사업장 주 소 | V8: 경기도 이천시 백사면 원적로970번길 86-29
C10: 합계금액 (VAT포함) | R10: 업 태 | V10: 제조업 | AB10: 종목 | AD10: 제과, 제빵
B12: 년 | C12: 월 | D12: 일 | E12: 품 목 | M12: 입수 | Q12: 총수량 | T12: 박스 | W12: 낱개수량 | AA12: 비고
B13: ='원주(날짜변경!!)'!$B$13 -> 46307 | E13: 성수310)우유사르르생크림빵130g(냉장) | M13: 24 | Q13: =IFERROR(VLOOKUP($B$1,영진베이커리!A:CX,2,FALSE),0) -> 149 | T13: =IFERROR(ROUNDDOWN(Q13/M13,0),"") -> 6 | W13: =IFERROR(Q13-(T13*M13),"") -> 5 | AA13: =B13+4 -> 46311
E14: 성수310)초코칩쿠키바이츠80g | M14: 40 | Q14: =IFERROR(VLOOKUP($B$1,영진베이커리!A:CX,3,FALSE),0) -> 51 | T14: =IFERROR(ROUNDDOWN(Q14/M14,0),"") -> 1 | W14: =IFERROR(Q14-(T14*M14),"") -> 11 | AA14: =$B$13+89 -> 46396
E15: 성수310)칸탈로프멜론사르르크림빵130g(냉장) | M15: 24 | Q15: =IFERROR(VLOOKUP($B$1,영진베이커리!A:CX,4,FALSE),0) -> 54 | T15: =IFERROR(ROUNDDOWN(Q15/M15,0),"") -> 2 | W15: =IFERROR(Q15-(T15*M15),"") -> 6 | AA15: =B13+4 -> 46311
E16: 성수310)홋카이도푸딩사르르크림빵125g(냉장) | M16: 24 | Q16: =IFERROR(VLOOKUP($B$1,영진베이커리!A:CX,5,FALSE),0) -> 157 | T16: =IFERROR(ROUNDDOWN(Q16/M16,0),"") -> 6 | W16: =IFERROR(Q16-(T16*M16),"") -> 13 | AA16: =B13+4 -> 46311
E17: 성수310)홋카이도푸딩크림카스테라130g(냉장) | M17: 24 | Q17: =IFERROR(VLOOKUP($B$1,영진베이커리!A:CX,6,FALSE),0) -> 89 | T17: =IFERROR(ROUNDDOWN(Q17/M17,0),"") -> 3 | W17: =IFERROR(Q17-(T17*M17),"") -> 17 | AA17: =B13+4 -> 46311
B19: 총수량 | M19: =SUM(Q13:S18) -> 500
B20: 3자물류 (더원물류) 담당자 박병선이사 010-4448-1456 | W20: 경기도 용인시 처인구 양지면 제일리 453-7 박영범 주임 031-8027-2080
B24: 거 래 명 세 표 (공급자 보관용)
B26: 공 급 받 는 자 | C26: =C4 -> 등록번호 | Q26: 공 급 자 | R26: 등록번호 | V26: =V4 -> 698-81-00072
C28: =C6 -> 상 호 (법인명) | G28: =G6 -> (이마트24) | L28: =L6 -> 양지센터(저온) | R28: 상 호 (법인명) | V28: =V6 -> ㈜영진베이커리 | AB28: 성 명 | AD28: =AD6 -> 오윤규
C30: 사업장 주 소 | G30: =G8 -> 경기도 용인시 처인구 양지면 제일리 453-7 | R30: 사업장 주 소 | V30: =V8 -> 경기도 이천시 백사면 원적로970번길 86-29
C32: 합계금액 (VAT포함) | R32: 업 태 | V32: =V10 -> 제조업 | AB32: 종 목 | AD32: =AD10 -> 제과, 제빵
B34: 년 | C34: 월 | D34: 일 | E34: 품 목 | M34: 입수 | Q34: 총수량 | T34: 박스 | W34: 낱개수량 | AA34: 비고
B35: =B13 -> 46307 | E35: =E13 -> 성수310)우유사르르생크림빵130g(냉장) | M35: =M13 -> 24 | Q35: =Q13 -> 149 | T35: =T13 -> 6 | W35: =W13 -> 5 | AA35: =AA13 -> 46311
E36: =E14 -> 성수310)초코칩쿠키바이츠80g | M36: =M14 -> 40 | Q36: =Q14 -> 51 | T36: =T14 -> 1 | W36: =W14 -> 11 | AA36: =AA14 -> 46396
E37: =E15 -> 성수310)칸탈로프멜론사르르크림빵130g(냉장) | M37: =M15 -> 24 | Q37: =Q15 -> 54 | T37: =T15 -> 2 | W37: =W15 -> 6 | AA37: =AA15 -> 46311
E38: =E16 -> 성수310)홋카이도푸딩사르르크림빵125g(냉장) | M38: =M16 -> 24 | Q38: =Q16 -> 157 | T38: =T16 -> 6 | W38: =W16 -> 13 | AA38: =AA16 -> 46311
E39: =E17 -> 성수310)홋카이도푸딩크림카스테라130g(냉장) | M39: =M17 -> 24 | Q39: =Q17 -> 89 | T39: =T17 -> 3 | W39: =W17 -> 17 | AA39: =AA17 -> 46311
B41: =B19 -> 총수량 | M41: =M19 -> 500
B42: =B20 -> 3자물류 (더원물류) 담당자 박병선이사 010-4448-1456 | W42: =W20 -> 경기도 용인시 처인구 양지면 제일리 453-7 박영범 주임 031-8027-2080

Sheet 엠즈베이커스발주량
A1: 10/12 | B1: 열 레이블
A2: 행 레이블 | C2: 구황작물)밤크림소금빵95g(냉장) | E2: 매일)딥초콜릿케이크105g | F2: 매일우유)우유모찌롤105g | G2: 매일우유)초코모찌롤105g | H2: 브레드이발소)우유크림도넛95g(냉장) | I2: 성수310)솔티우유크림소금빵95g(냉장) | J2: 성수310)저당생크림롤우유80g(냉장) | K2: 성수310)피스타치오크림소금빵95g(냉장) | L2: 엠즈)상하치즈크림치즈카스테라110g(냉장) | M2: 엠즈)자개케이크우유크림110g(냉장) | N2: 엠즈)자개케이크인절미맛크림110g(냉장) | O2: 총합계
A3: 원주2(저온) | C3: 19 | E3: 20 | F3: 24 | G3: 15 | I3: 15 | J3: 9 | K3: 13 | M3: 1
A4: 김해2(저온) | C4: 16 | E4: 27 | F4: 13 | G4: 12 | H4: 1 | I4: 21 | J4: 4 | K4: 15 | L4: 2
A5: 양산2(저온) | C5: 67 | E5: 58 | F5: 60 | G5: 41 | H5: 3 | I5: 54 | J5: 22 | K5: 51 | L5: 1 | N5: 1
A6: 세종2(저온) | C6: 58 | E6: 62 | F6: 36 | G6: 33 | H6: 6 | I6: 60 | J6: 21 | K6: 40 | L6: 2 | M6: 2
A7: 장성2(저온) | C7: 54 | E7: 51 | F7: 43 | G7: 30 | H7: 3 | I7: 57 | J7: 15 | K7: 38 | L7: 5 | M7: 3 | N7: 2
A8: 김천2(저온) | C8: 23 | E8: 29 | F8: 18 | G8: 11 | H8: 5 | I8: 26 | J8: 12 | K8: 26 | L8: 1
A9: 경산2(저온) | C9: 15 | E9: 18 | F9: 14 | G9: 12 | H9: 3 | I9: 23 | J9: 4 | K9: 15
A10: 화성2(저온) | C10: 36 | E10: 39 | F10: 24 | G10: 19 | H10: 1 | I10: 29 | J10: 14 | K10: 38 | L10: 3 | M10: 2
A11: 청라2(저온) | C11: 45 | E11: 55 | F11: 40 | G11: 32 | H11: 4 | I11: 56 | J11: 20 | K11: 52 | L11: 1 | M11: 1
A12: 평택2(저온) | C12: 24 | E12: 28 | F12: 20 | G12: 6 | H12: 3 | I12: 20 | J12: 8 | K12: 29 | N12: 1
A13: 포천2(저온) | C13: 78 | E13: 113 | F13: 83 | G13: 67 | H13: 7 | I13: 62 | J13: 51 | K13: 80 | L13: 3 | M13: 2 | N13: 3
A14: 양지2(저온) | C14: 72 | E14: 61 | F14: 50 | G14: 31 | H14: 2 | I14: 80 | J14: 24 | K14: 62 | L14: 1 | M14: 12 | N14: 12
A15: 총합계 | C15: 507 | E15: 561 | F15: 425 | G15: 309 | H15: 38 | I15: 503 | J15: 204 | K15: 459 | L15: 19 | M15: 23 | N15: 19

Sheet 원주(2)
B1: 원주2(저온)
B2: 거 래 명 세 표 (공급받는자 보관용)
B4: 공 급 받 는 자 | C4: 등록번호 | Q4: 공 급 자 | R4: 등록번호 | V4: 865-86-02243
C6: 상 호 (법인명) | G6: (이마트24) | L6: 원주센터(저온) | R6: 상 호 (법인명) | V6: 엠즈베이커스 | AB6: 성 명 | AD6: 조성형
C8: 사업장 주 소 | G8: 강원특별자치도 원주시 호저면 주산리 298,1층 | R8: 사업장 주 소 | V8: 경기도 평택시 지위면 진위서로 63
C10: 합계금액 (VAT포함) | R10: 업 태 | V10: 제조업 | AB10: 종 목 | AD10: 빵류,초콜릿 및 과자류
B12: 년 | C12: 월 | D12: 일 | E12: 품 목 | M12: 입수 | Q12: 총수량 | T12: 박스 | W12: 낱개수량 | AA12: 비고
B13: ='원주(날짜변경!!)'!$B$13 -> 46307 | E13: UBE)우베크림도넛90g(냉장) | M13: 36 | Q13: =IFERROR(VLOOKUP($B$1,엠즈베이커스발주량!A:AB,2,FALSE),0) -> 0 | T13: =IFERROR(ROUNDDOWN(Q13/M13,0),"") -> 0 | W13: =IFERROR(Q13-(T13*M13),"") -> 0 | AA13: =$B$13+5 -> 46312
E14: 구황작물)밤크림소금빵95g(냉장) | M14: 33 | Q14: =IFERROR(VLOOKUP($B$1,엠즈베이커스발주량!A:AB,3,FALSE),0) -> 19 | T14: =IFERROR(ROUNDDOWN(Q14/M14,0),"") -> 0 | W14: =IFERROR(Q14-(T14*M14),"") -> 19 | AA14: =$B$13+5 -> 46312
E15: 리니지클래식)쫀득멜론빵85g(냉장) | M15: 36 | Q15: =IFERROR(VLOOKUP($B$1,엠즈베이커스발주량!A:AB,4,FALSE),0) -> 0 | T15: =IFERROR(ROUNDDOWN(Q15/M15,0),"") -> 0 | W15: =IFERROR(Q15-(T15*M15),"") -> 0 | AA15: =$B$13+5 -> 46312
E16: 매일)딥초콜릿케이크105g | M16: 72 | Q16: =IFERROR(VLOOKUP($B$1,엠즈베이커스발주량!A:AB,5,FALSE),0) -> 20 | T16: =IFERROR(ROUNDDOWN(Q16/M16,0),"") -> 0 | W16: =IFERROR(Q16-(T16*M16),"") -> 20 | AA16: =$B$13+5 -> 46312
E17: 매일우유)우유모찌롤105g | M17: 72 | Q17: =IFERROR(VLOOKUP($B$1,엠즈베이커스발주량!A:AB,6,FALSE),0) -> 24 | T17: =IFERROR(ROUNDDOWN(Q17/M17,0),"") -> 0 | W17: =IFERROR(Q17-(T17*M17),"") -> 24 | AA17: =$B$13+5 -> 46312
E18: 매일우유)초코모찌롤105g | M18: 72 | Q18: =IFERROR(VLOOKUP($B$1,엠즈베이커스발주량!A:AB,7,FALSE),0) -> 15 | T18: =IFERROR(ROUNDDOWN(Q18/M18,0),"") -> 0 | W18: =IFERROR(Q18-(T18*M18),"") -> 15 | AA18: =$B$13+5 -> 46312
E19: 브레드이발소)우유크림도넛95g(냉장) | M19: 36 | Q19: =IFERROR(VLOOKUP($B$1,엠즈베이커스발주량!A:AB,8,FALSE),0) -> 0 | T19: =IFERROR(ROUNDDOWN(Q19/M19,0),"") -> 0 | W19: =IFERROR(Q19-(T19*M19),"") -> 0 | AA19: =$B$13+5 -> 46312
E20: 성수310)솔티우유크림소금빵95g(냉장) | M20: 33 | Q20: =IFERROR(VLOOKUP($B$1,엠즈베이커스발주량!A:AB,9,FALSE),0) -> 15 | T20: =IFERROR(ROUNDDOWN(Q20/M20,0),"") -> 0 | W20: =IFERROR(Q20-(T20*M20),"") -> 15 | AA20: =$B$13+5 -> 46312
E21: 성수310)저당생크림롤우유80g(냉장) | M21: 72 | Q21: =IFERROR(VLOOKUP($B$1,엠즈베이커스발주량!A:AB,10,FALSE),0) -> 9 | T21: =IFERROR(ROUNDDOWN(Q21/M21,0),"") -> 0 | W21: =IFERROR(Q21-(T21*M21),"") -> 9 | AA21: =$B$13+6 -> 46313
E22: 성수310)피스타치오크림소금빵95g(냉장) | M22: 33 | Q22: =IFERROR(VLOOKUP($B$1,엠즈베이커스발주량!A:AB,11,FALSE),0) -> 13 | T22: =IFERROR(ROUNDDOWN(Q22/M22,0),"") -> 0 | W22: =IFERROR(Q22-(T22*M22),"") -> 13 | AA22: =$B$13+5 -> 46312
E23: 엠즈)상하치즈크림치즈카스테라110g(냉장) | M23: 46 | Q23: =IFERROR(VLOOKUP($B$1,엠즈베이커스발주량!A:AB,12,FALSE),0) -> 0 | T23: =IFERROR(ROUNDDOWN(Q23/M23,0),"") -> 0 | W23: =IFERROR(Q23-(T23*M23),"") -> 0 | AA23: =$B$13+6 -> 46313
E24: 엠즈)자개케이크우유크림110g(냉장) | M24: 72 | Q24: =IFERROR(VLOOKUP($B$1,엠즈베이커스발주량!A:AB,13,FALSE),0) -> 1 | T24: =IFERROR(ROUNDDOWN(Q24/M24,0),"") -> 0 | W24: =IFERROR(Q24-(T24*M24),"") -> 1 | AA24: =$B$13+5 -> 46312
E25: 엠즈)자개케이크인절미맛크림110g(냉장) | M25: 72 | Q25: =IFERROR(VLOOKUP($B$1,엠즈베이커스발주량!A:AB,14,FALSE),0) -> 0 | T25: =IFERROR(ROUNDDOWN(Q25/M25,0),"") -> 0 | W25: =IFERROR(Q25-(T25*M25),"") -> 0 | AA25: =$B$13+5 -> 46312
B27: 총수량 | M27: =SUM(Q13:S26) -> 116
B28: 3자물류 (더원물류) 담당자 박병선이사 010-4448-1456 | W28: =G8 -> 강원특별자치도 원주시 호저면 주산리 298,1층
B32: 거 래 명 세 표 (공급자 보관용)
B34: 공 급 받 는 자 | C34: =C4 -> 등록번호 | Q34: 공 급 자 | R34: 등록번호 | V34: =V4 -> 865-86-02243
C36: =C6 -> 상 호 (법인명) | G36: =G6 -> (이마트24) | L36: =L6 -> 원주센터(저온) | R36: 상 호 (법인명) | V36: =V6 -> 엠즈베이커스 | AB36: 성 명 | AD36: =AD6 -> 조성형
C38: 사업장 주 소 | G38: =G8 -> 강원특별자치도 원주시 호저면 주산리 298,1층 | R38: 사업장 주 소 | V38: =V8 -> 경기도 평택시 지위면 진위서로 63
C40: 합계금액 (VAT포함) | R40: 업 태 | V40: =V10 -> 제조업 | AB40: 종 목 | AD40: =AD10 -> 빵류,초콜릿 및 과자류
B42: 년 | C42: 월 | D42: 일 | E42: 품 목 | M42: 입수 | Q42: 총수량 | T42: 박스 | W42: 낱개수량 | AA42: 비고
B43: =B13 -> 46307 | E43: =E13 -> UBE)우베크림도넛90g(냉장) | M43: =M13 -> 36 | Q43: =Q13 -> 0 | T43: =T13 -> 0 | W43: =W13 -> 0 | AA43: =AA13 -> 46312
E44: =E14 -> 구황작물)밤크림소금빵95g(냉장) | M44: =M14 -> 33 | Q44: =Q14 -> 19 | T44: =T14 -> 0 | W44: =W14 -> 19 | AA44: =AA14 -> 46312
E45: =E15 -> 리니지클래식)쫀득멜론빵85g(냉장) | M45: =M15 -> 36 | Q45: =Q15 -> 0 | T45: =T15 -> 0 | W45: =W15 -> 0 | AA45: =AA15 -> 46312
E46: =E16 -> 매일)딥초콜릿케이크105g | M46: =M16 -> 72 | Q46: =Q16 -> 20 | T46: =T16 -> 0 | W46: =W16 -> 20 | AA46: =AA16 -> 46312
E47: =E17 -> 매일우유)우유모찌롤105g | M47: =M17 -> 72 | Q47: =Q17 -> 24 | T47: =T17 -> 0 | W47: =W17 -> 24 | AA47: =AA17 -> 46312
E48: =E18 -> 매일우유)초코모찌롤105g | M48: =M18 -> 72 | Q48: =Q18 -> 15 | T48: =T18 -> 0 | W48: =W18 -> 15 | AA48: =AA18 -> 46312
E49: =E19 -> 브레드이발소)우유크림도넛95g(냉장) | M49: =M19 -> 36 | Q49: =Q19 -> 0 | T49: =T19 -> 0 | W49: =W19 -> 0 | AA49: =AA19 -> 46312
E50: =E20 -> 성수310)솔티우유크림소금빵95g(냉장) | M50: =M20 -> 33 | Q50: =Q20 -> 15 | T50: =T20 -> 0 | W50: =W20 -> 15 | AA50: =AA20 -> 46312
E51: =E21 -> 성수310)저당생크림롤우유80g(냉장) | M51: =M21 -> 72 | Q51: =Q21 -> 9 | T51: =T21 -> 0 | W51: =W21 -> 9 | AA51: =AA21 -> 46313
E52: =E22 -> 성수310)피스타치오크림소금빵95g(냉장) | M52: =M22 -> 33 | Q52: =Q22 -> 13 | T52: =T22 -> 0 | W52: =W22 -> 13 | AA52: =AA22 -> 46312
E53: =E23 -> 엠즈)상하치즈크림치즈카스테라110g(냉장) | M53: =M23 -> 46 | Q53: =Q23 -> 0 | T53: =T23 -> 0 | W53: =W23 -> 0 | AA53: =AA23 -> 46313
E54: =E24 -> 엠즈)자개케이크우유크림110g(냉장) | M54: =M24 -> 72 | Q54: =Q24 -> 1 | T54: =T24 -> 0 | W54: =W24 -> 1 | AA54: =AA24 -> 46312
E55: =E25 -> 엠즈)자개케이크인절미맛크림110g(냉장) | M55: =M25 -> 72 | Q55: =Q25 -> 0 | T55: =T25 -> 0 | W55: =W25 -> 0 | AA55: =AA25 -> 46312
B57: =B27 -> 총수량 | M57: =M27 -> 116
B58: =B28 -> 3자물류 (더원물류) 담당자 박병선이사 010-4448-1456 | W58: =W28 -> 강원특별자치도 원주시 호저면 주산리 298,1층

Sheet 김해(2)
B1: 김해2(저온)
B2: 거 래 명 세 표 (공급받는자 보관용)
B4: 공 급 받 는 자 | C4: 등록번호 | Q4: 공 급 자 | R4: 등록번호 | V4: 865-86-02243
C6: 상 호 (법인명) | G6: (이마트24) | L6: 김해센터(저온) | R6: 상 호 (법인명) | V6: 엠즈베이커스 | AB6: 성 명 | AD6: 조성형
C8: 사업장 주 소 | G8: 경상남도 김해시 진례면 테크노밸리로 193-28 | R8: 사업장 주 소 | V8: 경기도 평택시 지위면 진위서로 63
C10: 합계금액 (VAT포함) | R10: 업 태 | V10: 제조업 | AB10: 종 목 | AD10: 빵류,초콜릿 및 과자류
B12: 년 | C12: 월 | D12: 일 | E12: 품 목 | M12: 입수 | Q12: 총수량 | T12: 박스 | W12: 낱개수량 | AA12: 비고
B13: ='원주(날짜변경!!)'!$B$13 -> 46307 | E13: UBE)우베크림도넛90g(냉장) | M13: 36 | Q13: =IFERROR(VLOOKUP($B$1,엠즈베이커스발주량!A:AB,2,FALSE),0) -> 0 | T13: =IFERROR(ROUNDDOWN(Q13/M13,0),"") -> 0 | W13: =IFERROR(Q13-(T13*M13),"") -> 0 | AA13: =$B$13+5 -> 46312
E14: 구황작물)밤크림소금빵95g(냉장) | M14: 33 | Q14: =IFERROR(VLOOKUP($B$1,엠즈베이커스발주량!A:AB,3,FALSE),0) -> 16 | T14: =IFERROR(ROUNDDOWN(Q14/M14,0),"") -> 0 | W14: =IFERROR(Q14-(T14*M14),"") -> 16 | AA14: =$B$13+5 -> 46312
E15: 리니지클래식)쫀득멜론빵85g(냉장) | M15: 36 | Q15: =IFERROR(VLOOKUP($B$1,엠즈베이커스발주량!A:AB,4,FALSE),0) -> 0 | T15: =IFERROR(ROUNDDOWN(Q15/M15,0),"") -> 0 | W15: =IFERROR(Q15-(T15*M15),"") -> 0 | AA15: =$B$13+5 -> 46312
E16: 매일)딥초콜릿케이크105g | M16: 72 | Q16: =IFERROR(VLOOKUP($B$1,엠즈베이커스발주량!A:AB,5,FALSE),0) -> 27 | T16: =IFERROR(ROUNDDOWN(Q16/M16,0),"") -> 0 | W16: =IFERROR(Q16-(T16*M16),"") -> 27 | AA16: =$B$13+5 -> 46312
E17: 매일우유)우유모찌롤105g | M17: 72 | Q17: =IFERROR(VLOOKUP($B$1,엠즈베이커스발주량!A:AB,6,FALSE),0) -> 13 | T17: =IFERROR(ROUNDDOWN(Q17/M17,0),"") -> 0 | W17: =IFERROR(Q17-(T17*M17),"") -> 13 | AA17: =$B$13+5 -> 46312
E18: 매일우유)초코모찌롤105g | M18: 72 | Q18: =IFERROR(VLOOKUP($B$1,엠즈베이커스발주량!A:AB,7,FALSE),0) -> 12 | T18: =IFERROR(ROUNDDOWN(Q18/M18,0),"") -> 0 | W18: =IFERROR(Q18-(T18*M18),"") -> 12 | AA18: =$B$13+5 -> 46312
E19: 브레드이발소)우유크림도넛95g(냉장) | M19: 36 | Q19: =IFERROR(VLOOKUP($B$1,엠즈베이커스발주량!A:AB,8,FALSE),0) -> 1 | T19: =IFERROR(ROUNDDOWN(Q19/M19,0),"") -> 0 | W19: =IFERROR(Q19-(T19*M19),"") -> 1 | AA19: =$B$13+5 -> 46312
E20: 성수310)솔티우유크림소금빵95g(냉장) | M20: 33 | Q20: =IFERROR(VLOOKUP($B$1,엠즈베이커스발주량!A:AB,9,FALSE),0) -> 21 | T20: =IFERROR(ROUNDDOWN(Q20/M20,0),"") -> 0 | W20: =IFERROR(Q20-(T20*M20),"") -> 21 | AA20: =$B$13+5 -> 46312
E21: 성수310)저당생크림롤우유80g(냉장) | M21: 72 | Q21: =IFERROR(VLOOKUP($B$1,엠즈베이커스발주량!A:AB,10,FALSE),0) -> 4 | T21: =IFERROR(ROUNDDOWN(Q21/M21,0),"") -> 0 | W21: =IFERROR(Q21-(T21*M21),"") -> 4 | AA21: =$B$13+6 -> 46313
E22: 성수310)피스타치오크림소금빵95g(냉장) | M22: 33 | Q22: =IFERROR(VLOOKUP($B$1,엠즈베이커스발주량!A:AB,11,FALSE),0) -> 15 | T22: =IFERROR(ROUNDDOWN(Q22/M22,0),"") -> 0 | W22: =IFERROR(Q22-(T22*M22),"") -> 15 | AA22: =$B$13+5 -> 46312
E23: 엠즈)상하치즈크림치즈카스테라110g(냉장) | M23: 46 | Q23: =IFERROR(VLOOKUP($B$1,엠즈베이커스발주량!A:AB,12,FALSE),0) -> 2 | T23: =IFERROR(ROUNDDOWN(Q23/M23,0),"") -> 0 | W23: =IFERROR(Q23-(T23*M23),"") -> 2 | AA23: =$B$13+6 -> 46313
E24: 엠즈)자개케이크우유크림110g(냉장) | M24: 72 | Q24: =IFERROR(VLOOKUP($B$1,엠즈베이커스발주량!A:AB,13,FALSE),0) -> 0 | T24: =IFERROR(ROUNDDOWN(Q24/M24,0),"") -> 0 | W24: =IFERROR(Q24-(T24*M24),"") -> 0 | AA24: =$B$13+5 -> 46312
E25: 엠즈)자개케이크인절미맛크림110g(냉장) | M25: 72 | Q25: =IFERROR(VLOOKUP($B$1,엠즈베이커스발주량!A:AB,14,FALSE),0) -> 0 | T25: =IFERROR(ROUNDDOWN(Q25/M25,0),"") -> 0 | W25: =IFERROR(Q25-(T25*M25),"") -> 0 | AA25: =$B$13+5 -> 46312
B27: 총수량 | M27: =SUM(Q13:S26) -> 111
B28: 3자물류 (더원물류) 담당자 박병선이사 010-4448-1456 | W28: 경상남도 김해시 진례면 테크노밸리로 193-28 TEL 070-4398-2825
B32: 거 래 명 세 표 (공급자 보관용)
B34: 공 급 받 는 자 | C34: =C4 -> 등록번호 | Q34: 공 급 자 | R34: 등록번호 | V34: =V4 -> 865-86-02243
C36: =C6 -> 상 호 (법인명) | G36: =G6 -> (이마트24) | L36: =L6 -> 김해센터(저온) | R36: 상 호 (법인명) | V36: =V6 -> 엠즈베이커스 | AB36: 성 명 | AD36: =AD6 -> 조성형
C38: 사업장 주 소 | G38: =G8 -> 경상남도 김해시 진례면 테크노밸리로 193-28 | R38: 사업장 주 소 | V38: =V8 -> 경기도 평택시 지위면 진위서로 63
C40: 합계금액 (VAT포함) | R40: 업 태 | V40: =V10 -> 제조업 | AB40: 종 목 | AD40: =AD10 -> 빵류,초콜릿 및 과자류
B42: 년 | C42: 월 | D42: 일 | E42: 품 목 | M42: 입수 | Q42: 총수량 | T42: 박스 | W42: 낱개수량 | AA42: 비고
B43: =B13 -> 46307 | E43: =E13 -> UBE)우베크림도넛90g(냉장) | M43: =M13 -> 36 | Q43: =Q13 -> 0 | T43: =T13 -> 0 | W43: =W13 -> 0 | AA43: =AA13 -> 46312
E44: =E14 -> 구황작물)밤크림소금빵95g(냉장) | M44: =M14 -> 33 | Q44: =Q14 -> 16 | T44: =T14 -> 0 | W44: =W14 -> 16 | AA44: =AA14 -> 46312
E45: =E15 -> 리니지클래식)쫀득멜론빵85g(냉장) | M45: =M15 -> 36 | Q45: =Q15 -> 0 | T45: =T15 -> 0 | W45: =W15 -> 0 | AA45: =AA15 -> 46312
E46: =E16 -> 매일)딥초콜릿케이크105g | M46: =M16 -> 72 | Q46: =Q16 -> 27 | T46: =T16 -> 0 | W46: =W16 -> 27 | AA46: =AA16 -> 46312
E47: =E17 -> 매일우유)우유모찌롤105g | M47: =M17 -> 72 | Q47: =Q17 -> 13 | T47: =T17 -> 0 | W47: =W17 -> 13 | AA47: =AA17 -> 46312
E48: =E18 -> 매일우유)초코모찌롤105g | M48: =M18 -> 72 | Q48: =Q18 -> 12 | T48: =T18 -> 0 | W48: =W18 -> 12 | AA48: =AA18 -> 46312
E49: =E19 -> 브레드이발소)우유크림도넛95g(냉장) | M49: =M19 -> 36 | Q49: =Q19 -> 1 | T49: =T19 -> 0 | W49: =W19 -> 1 | AA49: =AA19 -> 46312
E50: =E20 -> 성수310)솔티우유크림소금빵95g(냉장) | M50: =M20 -> 33 | Q50: =Q20 -> 21 | T50: =T20 -> 0 | W50: =W20 -> 21 | AA50: =AA20 -> 46312
E51: =E21 -> 성수310)저당생크림롤우유80g(냉장) | M51: =M21 -> 72 | Q51: =Q21 -> 4 | T51: =T21 -> 0 | W51: =W21 -> 4 | AA51: =AA21 -> 46313
E52: =E22 -> 성수310)피스타치오크림소금빵95g(냉장) | M52: =M22 -> 33 | Q52: =Q22 -> 15 | T52: =T22 -> 0 | W52: =W22 -> 15 | AA52: =AA22 -> 46312
E53: =E23 -> 엠즈)상하치즈크림치즈카스테라110g(냉장) | M53: =M23 -> 46 | Q53: =Q23 -> 2 | T53: =T23 -> 0 | W53: =W23 -> 2 | AA53: =AA23 -> 46313
E54: =E24 -> 엠즈)자개케이크우유크림110g(냉장) | M54: =M24 -> 72 | Q54: =Q24 -> 0 | T54: =T24 -> 0 | W54: =W24 -> 0 | AA54: =AA24 -> 46312
E55: =E25 -> 엠즈)자개케이크인절미맛크림110g(냉장) | M55: =M25 -> 72 | Q55: =Q25 -> 0 | T55: =T25 -> 0 | W55: =W25 -> 0 | AA55: =AA25 -> 46312
B57: 총수량 | M57: =M27 -> 111
B58: =B28 -> 3자물류 (더원물류) 담당자 박병선이사 010-4448-1456 | W58: =W28 -> 경상남도 김해시 진례면 테크노밸리로 193-28 TEL 070-4398-2825

Sheet 양산 (2)
B1: 양산2(저온)
B2: 거 래 명 세 표 (공급받는자 보관용)
B4: 공 급 받 는 자 | C4: 등록번호 | Q4: 공 급 자 | R4: 등록번호 | V4: 865-86-02243
C6: 상 호 (법인명) | G6: (이마트24) | L6: 양산센터(저온) | R6: 상 호 (법인명) | V6: 엠즈베이커스 | AB6: 성 명 | AD6: 조성형
C8: 사업장 주 소 | G8: 경상남도 양산시 산막공단북3길 25(산막동 313-4) | R8: 사업장 주 소 | V8: 경기도 평택시 지위면 진위서로 63
C10: 합계금액 (VAT포함) | R10: 업 태 | V10: 제조업 | AB10: 종 목 | AD10: 빵류,초콜릿 및 과자류
B12: 년 | C12: 월 | D12: 일 | E12: 품 목 | M12: 입수 | Q12: 총수량 | T12: 박스 | W12: 낱개수량 | AA12: 비고
B13: ='원주(날짜변경!!)'!$B$13 -> 46307 | E13: UBE)우베크림도넛90g(냉장) | M13: 36 | Q13: =IFERROR(VLOOKUP($B$1,엠즈베이커스발주량!A:AB,2,FALSE),0) -> 0 | T13: =IFERROR(ROUNDDOWN(Q13/M13,0),"") -> 0 | W13: =IFERROR(Q13-(T13*M13),"") -> 0 | AA13: =$B$13+5 -> 46312
E14: 구황작물)밤크림소금빵95g(냉장) | M14: 33 | Q14: =IFERROR(VLOOKUP($B$1,엠즈베이커스발주량!A:AB,3,FALSE),0) -> 67 | T14: =IFERROR(ROUNDDOWN(Q14/M14,0),"") -> 2 | W14: =IFERROR(Q14-(T14*M14),"") -> 1 | AA14: =$B$13+5 -> 46312
E15: 리니지클래식)쫀득멜론빵85g(냉장) | M15: 36 | Q15: =IFERROR(VLOOKUP($B$1,엠즈베이커스발주량!A:AB,4,FALSE),0) -> 0 | T15: =IFERROR(ROUNDDOWN(Q15/M15,0),"") -> 0 | W15: =IFERROR(Q15-(T15*M15),"") -> 0 | AA15: =$B$13+5 -> 46312
E16: 매일)딥초콜릿케이크105g | M16: 72 | Q16: =IFERROR(VLOOKUP($B$1,엠즈베이커스발주량!A:AB,5,FALSE),0) -> 58 | T16: =IFERROR(ROUNDDOWN(Q16/M16,0),"") -> 0 | W16: =IFERROR(Q16-(T16*M16),"") -> 58 | AA16: =$B$13+5 -> 46312
E17: 매일우유)우유모찌롤105g | M17: 72 | Q17: =IFERROR(VLOOKUP($B$1,엠즈베이커스발주량!A:AB,6,FALSE),0) -> 60 | T17: =IFERROR(ROUNDDOWN(Q17/M17,0),"") -> 0 | W17: =IFERROR(Q17-(T17*M17),"") -> 60 | AA17: =$B$13+5 -> 46312
E18: 매일우유)초코모찌롤105g | M18: 72 | Q18: =IFERROR(VLOOKUP($B$1,엠즈베이커스발주량!A:AB,7,FALSE),0) -> 41 | T18: =IFERROR(ROUNDDOWN(Q18/M18,0),"") -> 0 | W18: =IFERROR(Q18-(T18*M18),"") -> 41 | AA18: =$B$13+5 -> 46312
E19: 브레드이발소)우유크림도넛95g(냉장) | M19: 36 | Q19: =IFERROR(VLOOKUP($B$1,엠즈베이커스발주량!A:AB,8,FALSE),0) -> 3 | T19: =IFERROR(ROUNDDOWN(Q19/M19,0),"") -> 0 | W19: =IFERROR(Q19-(T19*M19),"") -> 3 | AA19: =$B$13+5 -> 46312
E20: 성수310)솔티우유크림소금빵95g(냉장) | M20: 33 | Q20: =IFERROR(VLOOKUP($B$1,엠즈베이커스발주량!A:AB,9,FALSE),0) -> 54 | T20: =IFERROR(ROUNDDOWN(Q20/M20,0),"") -> 1 | W20: =IFERROR(Q20-(T20*M20),"") -> 21 | AA20: =$B$13+5 -> 46312
E21: 성수310)저당생크림롤우유80g(냉장) | M21: 72 | Q21: =IFERROR(VLOOKUP($B$1,엠즈베이커스발주량!A:AB,10,FALSE),0) -> 22 | T21: =IFERROR(ROUNDDOWN(Q21/M21,0),"") -> 0 | W21: =IFERROR(Q21-(T21*M21),"") -> 22 | AA21: =$B$13+6 -> 46313
E22: 성수310)피스타치오크림소금빵95g(냉장) | M22: 33 | Q22: =IFERROR(VLOOKUP($B$1,엠즈베이커스발주량!A:AB,11,FALSE),0) -> 51 | T22: =IFERROR(ROUNDDOWN(Q22/M22,0),"") -> 1 | W22: =IFERROR(Q22-(T22*M22),"") -> 18 | AA22: =$B$13+5 -> 46312
E23: 엠즈)상하치즈크림치즈카스테라110g(냉장) | M23: 46 | Q23: =IFERROR(VLOOKUP($B$1,엠즈베이커스발주량!A:AB,12,FALSE),0) -> 1 | T23: =IFERROR(ROUNDDOWN(Q23/M23,0),"") -> 0 | W23: =IFERROR(Q23-(T23*M23),"") -> 1 | AA23: =$B$13+6 -> 46313
E24: 엠즈)자개케이크우유크림110g(냉장) | M24: 72 | Q24: =IFERROR(VLOOKUP($B$1,엠즈베이커스발주량!A:AB,13,FALSE),0) -> 0 | T24: =IFERROR(ROUNDDOWN(Q24/M24,0),"") -> 0 | W24: =IFERROR(Q24-(T24*M24),"") -> 0 | AA24: =$B$13+5 -> 46312
E25: 엠즈)자개케이크인절미맛크림110g(냉장) | M25: 72 | Q25: =IFERROR(VLOOKUP($B$1,엠즈베이커스발주량!A:AB,14,FALSE),0) -> 1 | T25: =IFERROR(ROUNDDOWN(Q25/M25,0),"") -> 0 | W25: =IFERROR(Q25-(T25*M25),"") -> 1 | AA25: =$B$13+5 -> 46312
B27: 총수량 | M27: =SUM(Q13:S26) -> 358
B28: 3자물류 (더원물류) 담당자 박병선이사 010-4448-1456 | W28: =G8 -> 경상남도 양산시 산막공단북3길 25(산막동 313-4)
B32: 거 래 명 세 표 (공급자 보관용)
B34: 공 급 받 는 자 | C34: =C4 -> 등록번호 | Q34: 공 급 자 | R34: 등록번호 | V34: =V4 -> 865-86-02243
C36: =C6 -> 상 호 (법인명) | G36: =G6 -> (이마트24) | L36: =L6 -> 양산센터(저온) | R36: 상 호 (법인명) | V36: =V6 -> 엠즈베이커스 | AB36: 성 명 | AD36: =AD6 -> 조성형
C38: 사업장 주 소 | G38: =G8 -> 경상남도 양산시 산막공단북3길 25(산막동 313-4) | R38: 사업장 주 소 | V38: =V8 -> 경기도 평택시 지위면 진위서로 63
C40: 합계금액 (VAT포함) | R40: 업 태 | V40: =V10 -> 제조업 | AB40: 종 목 | AD40: =AD10 -> 빵류,초콜릿 및 과자류
B42: 년 | C42: 월 | D42: 일 | E42: 품 목 | M42: 입수 | Q42: 총수량 | T42: 박스 | W42: 낱개수량 | AA42: 비고
B43: =B13 -> 46307 | E43: =E13 -> UBE)우베크림도넛90g(냉장) | M43: =M13 -> 36 | Q43: =Q13 -> 0 | T43: =T13 -> 0 | W43: =W13 -> 0 | AA43: =AA13 -> 46312
E44: =E14 -> 구황작물)밤크림소금빵95g(냉장) | M44: =M14 -> 33 | Q44: =Q14 -> 67 | T44: =T14 -> 2 | W44: =W14 -> 1 | AA44: =AA14 -> 46312
E45: =E15 -> 리니지클래식)쫀득멜론빵85g(냉장) | M45: =M15 -> 36 | Q45: =Q15 -> 0 | T45: =T15 -> 0 | W45: =W15 -> 0 | AA45: =AA15 -> 46312
E46: =E16 -> 매일)딥초콜릿케이크105g | M46: =M16 -> 72 | Q46: =Q16 -> 58 | T46: =T16 -> 0 | W46: =W16 -> 58 | AA46: =AA16 -> 46312
E47: =E17 -> 매일우유)우유모찌롤105g | M47: =M17 -> 72 | Q47: =Q17 -> 60 | T47: =T17 -> 0 | W47: =W17 -> 60 | AA47: =AA17 -> 46312
E48: =E18 -> 매일우유)초코모찌롤105g | M48: =M18 -> 72 | Q48: =Q18 -> 41 | T48: =T18 -> 0 | W48: =W18 -> 41 | AA48: =AA18 -> 46312
E49: =E19 -> 브레드이발소)우유크림도넛95g(냉장) | M49: =M19 -> 36 | Q49: =Q19 -> 3 | T49: =T19 -> 0 | W49: =W19 -> 3 | AA49: =AA19 -> 46312
E50: =E20 -> 성수310)솔티우유크림소금빵95g(냉장) | M50: =M20 -> 33 | Q50: =Q20 -> 54 | T50: =T20 -> 1 | W50: =W20 -> 21 | AA50: =AA20 -> 46312
E51: =E21 -> 성수310)저당생크림롤우유80g(냉장) | M51: =M21 -> 72 | Q51: =Q21 -> 22 | T51: =T21 -> 0 | W51: =W21 -> 22 | AA51: =AA21 -> 46313
E52: =E22 -> 성수310)피스타치오크림소금빵95g(냉장) | M52: =M22 -> 33 | Q52: =Q22 -> 51 | T52: =T22 -> 1 | W52: =W22 -> 18 | AA52: =AA22 -> 46312
E53: =E23 -> 엠즈)상하치즈크림치즈카스테라110g(냉장) | M53: =M23 -> 46 | Q53: =Q23 -> 1 | T53: =T23 -> 0 | W53: =W23 -> 1 | AA53: =AA23 -> 46313
E54: =E24 -> 엠즈)자개케이크우유크림110g(냉장) | M54: =M24 -> 72 | Q54: =Q24 -> 0 | T54: =T24 -> 0 | W54: =W24 -> 0 | AA54: =AA24 -> 46312
E55: =E25 -> 엠즈)자개케이크인절미맛크림110g(냉장) | M55: =M25 -> 72 | Q55: =Q25 -> 1 | T55: =T25 -> 0 | W55: =W25 -> 1 | AA55: =AA25 -> 46312
B57: 총수량 | M57: =M27 -> 358
B58: =B28 -> 3자물류 (더원물류) 담당자 박병선이사 010-4448-1456 | W58: =W28 -> 경상남도 양산시 산막공단북3길 25(산막동 313-4)

Sheet 세종 (2)
B1: 세종2(저온)
B2: 거 래 명 세 표 (공급받는자 보관용)
B4: 공 급 받 는 자 | C4: 등록번호 | Q4: 공 급 자 | R4: 등록번호 | V4: 865-86-02243
C6: 상 호 (법인명) | G6: (이마트24) | L6: 세종센터(저온) | R6: 상 호 (법인명) | V6: 엠즈베이커스 | AB6: 성 명 | AD6: 조성형
C8: 사업장 주 소 | G8: 세종특별자치시 연동면 응암리 925 E동 | R8: 사업장 주 소 | V8: 경기도 평택시 지위면 진위서로 63
C10: 합계금액 (VAT포함) | R10: 업 태 | V10: 제조업 | AB10: 종 목 | AD10: 빵류,초콜릿 및 과자류
B12: 년 | C12: 월 | D12: 일 | E12: 품 목 | M12: 입수 | Q12: 총수량 | T12: 박스 | W12: 낱개수량 | AA12: 비고
B13: ='원주(날짜변경!!)'!$B$13 -> 46307 | E13: UBE)우베크림도넛90g(냉장) | M13: 36 | Q13: =IFERROR(VLOOKUP($B$1,엠즈베이커스발주량!A:AB,2,FALSE),0) -> 0 | T13: =IFERROR(ROUNDDOWN(Q13/M13,0),"") -> 0 | W13: =IFERROR(Q13-(T13*M13),"") -> 0 | AA13: =$B$13+5 -> 46312
E14: 구황작물)밤크림소금빵95g(냉장) | M14: 33 | Q14: =IFERROR(VLOOKUP($B$1,엠즈베이커스발주량!A:AB,3,FALSE),0) -> 58 | T14: =IFERROR(ROUNDDOWN(Q14/M14,0),"") -> 1 | W14: =IFERROR(Q14-(T14*M14),"") -> 25 | AA14: =$B$13+5 -> 46312
E15: 리니지클래식)쫀득멜론빵85g(냉장) | M15: 36 | Q15: =IFERROR(VLOOKUP($B$1,엠즈베이커스발주량!A:AB,4,FALSE),0) -> 0 | T15: =IFERROR(ROUNDDOWN(Q15/M15,0),"") -> 0 | W15: =IFERROR(Q15-(T15*M15),"") -> 0 | AA15: =$B$13+5 -> 46312
E16: 매일)딥초콜릿케이크105g | M16: 72 | Q16: =IFERROR(VLOOKUP($B$1,엠즈베이커스발주량!A:AB,5,FALSE),0) -> 62 | T16: =IFERROR(ROUNDDOWN(Q16/M16,0),"") -> 0 | W16: =IFERROR(Q16-(T16*M16),"") -> 62 | AA16: =$B$13+5 -> 46312
E17: 매일우유)우유모찌롤105g | M17: 72 | Q17: =IFERROR(VLOOKUP($B$1,엠즈베이커스발주량!A:AB,6,FALSE),0) -> 36 | T17: =IFERROR(ROUNDDOWN(Q17/M17,0),"") -> 0 | W17: =IFERROR(Q17-(T17*M17),"") -> 36 | AA17: =$B$13+5 -> 46312
E18: 매일우유)초코모찌롤105g | M18: 72 | Q18: =IFERROR(VLOOKUP($B$1,엠즈베이커스발주량!A:AB,7,FALSE),0) -> 33 | T18: =IFERROR(ROUNDDOWN(Q18/M18,0),"") -> 0 | W18: =IFERROR(Q18-(T18*M18),"") -> 33 | AA18: =$B$13+5 -> 46312
E19: 브레드이발소)우유크림도넛95g(냉장) | M19: 36 | Q19: =IFERROR(VLOOKUP($B$1,엠즈베이커스발주량!A:AB,8,FALSE),0) -> 6 | T19: =IFERROR(ROUNDDOWN(Q19/M19,0),"") -> 0 | W19: =IFERROR(Q19-(T19*M19),"") -> 6 | AA19: =$B$13+5 -> 46312
E20: 성수310)솔티우유크림소금빵95g(냉장) | M20: 33 | Q20: =IFERROR(VLOOKUP($B$1,엠즈베이커스발주량!A:AB,9,FALSE),0) -> 60 | T20: =IFERROR(ROUNDDOWN(Q20/M20,0),"") -> 1 | W20: =IFERROR(Q20-(T20*M20),"") -> 27 | AA20: =$B$13+5 -> 46312
E21: 성수310)저당생크림롤우유80g(냉장) | M21: 72 | Q21: =IFERROR(VLOOKUP($B$1,엠즈베이커스발주량!A:AB,10,FALSE),0) -> 21 | T21: =IFERROR(ROUNDDOWN(Q21/M21,0),"") -> 0 | W21: =IFERROR(Q21-(T21*M21),"") -> 21 | AA21: =$B$13+6 -> 46313
E22: 성수310)피스타치오크림소금빵95g(냉장) | M22: 33 | Q22: =IFERROR(VLOOKUP($B$1,엠즈베이커스발주량!A:AB,11,FALSE),0) -> 40 | T22: =IFERROR(ROUNDDOWN(Q22/M22,0),"") -> 1 | W22: =IFERROR(Q22-(T22*M22),"") -> 7 | AA22: =$B$13+5 -> 46312
E23: 엠즈)상하치즈크림치즈카스테라110g(냉장) | M23: 46 | Q23: =IFERROR(VLOOKUP($B$1,엠즈베이커스발주량!A:AB,12,FALSE),0) -> 2 | T23: =IFERROR(ROUNDDOWN(Q23/M23,0),"") -> 0 | W23: =IFERROR(Q23-(T23*M23),"") -> 2 | AA23: =$B$13+6 -> 46313
E24: 엠즈)자개케이크우유크림110g(냉장) | M24: 72 | Q24: =IFERROR(VLOOKUP($B$1,엠즈베이커스발주량!A:AB,13,FALSE),0) -> 2 | T24: =IFERROR(ROUNDDOWN(Q24/M24,0),"") -> 0 | W24: =IFERROR(Q24-(T24*M24),"") -> 2 | AA24: =$B$13+5 -> 46312
E25: 엠즈)자개케이크인절미맛크림110g(냉장) | M25: 72 | Q25: =IFERROR(VLOOKUP($B$1,엠즈베이커스발주량!A:AB,14,FALSE),0) -> 0 | T25: =IFERROR(ROUNDDOWN(Q25/M25,0),"") -> 0 | W25: =IFERROR(Q25-(T25*M25),"") -> 0 | AA25: =$B$13+5 -> 46312
B27: 총수량 | M27: =SUM(Q13:S26) -> 320
B28: 3자물류 (더원물류) 담당자 박병선이사 010-4448-1456 | W28: 세종특별자치시 연동면 응암리 925 E동 허승현 대리 044-862-4400
B32: 거 래 명 세 표 (공급자 보관용)
B34: 공 급 받 는 자 | C34: =C4 -> 등록번호 | Q34: 공 급 자 | R34: 등록번호 | V34: =V4 -> 865-86-02243
C36: =C6 -> 상 호 (법인명) | G36: =G6 -> (이마트24) | L36: =L6 -> 세종센터(저온) | R36: 상 호 (법인명) | V36: =V6 -> 엠즈베이커스 | AB36: 성 명 | AD36: =AD6 -> 조성형
C38: 사업장 주 소 | G38: =G8 -> 세종특별자치시 연동면 응암리 925 E동 | R38: 사업장 주 소 | V38: =V8 -> 경기도 평택시 지위면 진위서로 63
C40: 합계금액 (VAT포함) | R40: 업 태 | V40: =V10 -> 제조업 | AB40: 종 목 | AD40: =AD10 -> 빵류,초콜릿 및 과자류
B42: 년 | C42: 월 | D42: 일 | E42: 품 목 | M42: 입수 | Q42: 총수량 | T42: 박스 | W42: 낱개수량 | AA42: 비고
B43: 년 | C43: 월 | D43: 일 | E43: 품 목 | M43: 입수 | Q43: 총수량 | T43: 박스 | W43: 낱개수량 | AA43: 비고
B44: =B13 -> 46307 | E44: =E13 -> UBE)우베크림도넛90g(냉장) | M44: =M13 -> 36 | Q44: =Q13 -> 0 | T44: =T13 -> 0 | W44: =W13 -> 0 | AA44: =AA13 -> 46312
E45: =E14 -> 구황작물)밤크림소금빵95g(냉장) | M45: =M14 -> 33 | Q45: =Q14 -> 58 | T45: =T14 -> 1 | W45: =W14 -> 25 | AA45: =AA14 -> 46312
E46: =E15 -> 리니지클래식)쫀득멜론빵85g(냉장) | M46: =M15 -> 36 | Q46: =Q15 -> 0 | T46: =T15 -> 0 | W46: =W15 -> 0 | AA46: =AA15 -> 46312
E47: =E16 -> 매일)딥초콜릿케이크105g | M47: =M16 -> 72 | Q47: =Q16 -> 62 | T47: =T16 -> 0 | W47: =W16 -> 62 | AA47: =AA16 -> 46312
E48: =E17 -> 매일우유)우유모찌롤105g | M48: =M17 -> 72 | Q48: =Q17 -> 36 | T48: =T17 -> 0 | W48: =W17 -> 36 | AA48: =AA17 -> 46312
E49: =E18 -> 매일우유)초코모찌롤105g | M49: =M18 -> 72 | Q49: =Q18 -> 33 | T49: =T18 -> 0 | W49: =W18 -> 33 | AA49: =AA18 -> 46312
E50: =E19 -> 브레드이발소)우유크림도넛95g(냉장) | M50: =M19 -> 36 | Q50: =Q19 -> 6 | T50: =T19 -> 0 | W50: =W19 -> 6 | AA50: =AA19 -> 46312
E51: =E20 -> 성수310)솔티우유크림소금빵95g(냉장) | M51: =M20 -> 33 | Q51: =Q20 -> 60 | T51: =T20 -> 1 | W51: =W20 -> 27 | AA51: =AA20 -> 46312
E52: =E21 -> 성수310)저당생크림롤우유80g(냉장) | M52: =M21 -> 72 | Q52: =Q21 -> 21 | T52: =T21 -> 0 | W52: =W21 -> 21 | AA52: =AA21 -> 46313
E53: =E22 -> 성수310)피스타치오크림소금빵95g(냉장) | M53: =M22 -> 33 | Q53: =Q22 -> 40 | T53: =T22 -> 1 | W53: =W22 -> 7 | AA53: =AA22 -> 46312
E54: =E23 -> 엠즈)상하치즈크림치즈카스테라110g(냉장) | M54: =M23 -> 46 | Q54: =Q23 -> 2 | T54: =T23 -> 0 | W54: =W23 -> 2 | AA54: =AA23 -> 46313
E55: =E24 -> 엠즈)자개케이크우유크림110g(냉장) | M55: =M24 -> 72 | Q55: =Q24 -> 2 | T55: =T24 -> 0 | W55: =W24 -> 2 | AA55: =AA24 -> 46312
E56: =E25 -> 엠즈)자개케이크인절미맛크림110g(냉장) | M56: =M25 -> 72 | Q56: =Q25 -> 0 | T56: =T25 -> 0 | W56: =W25 -> 0 | AA56: =AA25 -> 46312
B58: 총수량 | M58: =M27 -> 320
B59: =B28 -> 3자물류 (더원물류) 담당자 박병선이사 010-4448-1456 | W59: =W28 -> 세종특별자치시 연동면 응암리 925 E동 허승현 대리 044-862-4400

Sheet 장성 (2)
B1: 장성2(저온)
B2: 거 래 명 세 표 (공급받는자 보관용)
B4: 공 급 받 는 자 | C4: 등록번호 | Q4: 공 급 자 | R4: 등록번호 | V4: 865-86-02243
C6: 상 호 (법인명) | G6: (이마트24) | L6: 장성센터(저온) | R6: 상 호 (법인명) | V6: 엠즈베이커스 | AB6: 성 명 | AD6: 조성형
C8: 사업장 주 소 | G8: 전라남도 장성군 황룡면 황룡리 44-2 2층 | R8: 사업장 주 소 | V8: 경기도 평택시 지위면 진위서로 63
C10: 합계금액 (VAT포함) | R10: 업 태 | V10: 제조업 | AB10: 종 목 | AD10: 빵류,초콜릿 및 과자류
B12: 년 | C12: 월 | D12: 일 | E12: 품 목 | M12: 입수 | Q12: 총수량 | T12: 박스 | W12: 낱개수량 | AA12: 비고
B13: ='원주(날짜변경!!)'!$B$13 -> 46307 | E13: UBE)우베크림도넛90g(냉장) | M13: 36 | Q13: =IFERROR(VLOOKUP($B$1,엠즈베이커스발주량!A:AB,2,FALSE),0) -> 0 | T13: =IFERROR(ROUNDDOWN(Q13/M13,0),"") -> 0 | W13: =IFERROR(Q13-(T13*M13),"") -> 0 | AA13: =$B$13+5 -> 46312
E14: 구황작물)밤크림소금빵95g(냉장) | M14: 33 | Q14: =IFERROR(VLOOKUP($B$1,엠즈베이커스발주량!A:AB,3,FALSE),0) -> 54 | T14: =IFERROR(ROUNDDOWN(Q14/M14,0),"") -> 1 | W14: =IFERROR(Q14-(T14*M14),"") -> 21 | AA14: =$B$13+5 -> 46312
E15: 리니지클래식)쫀득멜론빵85g(냉장) | M15: 36 | Q15: =IFERROR(VLOOKUP($B$1,엠즈베이커스발주량!A:AB,4,FALSE),0) -> 0 | T15: =IFERROR(ROUNDDOWN(Q15/M15,0),"") -> 0 | W15: =IFERROR(Q15-(T15*M15),"") -> 0 | AA15: =$B$13+5 -> 46312
E16: 매일)딥초콜릿케이크105g | M16: 72 | Q16: =IFERROR(VLOOKUP($B$1,엠즈베이커스발주량!A:AB,5,FALSE),0) -> 51 | T16: =IFERROR(ROUNDDOWN(Q16/M16,0),"") -> 0 | W16: =IFERROR(Q16-(T16*M16),"") -> 51 | AA16: =$B$13+5 -> 46312
E17: 매일우유)우유모찌롤105g | M17: 72 | Q17: =IFERROR(VLOOKUP($B$1,엠즈베이커스발주량!A:AB,6,FALSE),0) -> 43 | T17: =IFERROR(ROUNDDOWN(Q17/M17,0),"") -> 0 | W17: =IFERROR(Q17-(T17*M17),"") -> 43 | AA17: =$B$13+5 -> 46312
E18: 매일우유)초코모찌롤105g | M18: 72 | Q18: =IFERROR(VLOOKUP($B$1,엠즈베이커스발주량!A:AB,7,FALSE),0) -> 30 | T18: =IFERROR(ROUNDDOWN(Q18/M18,0),"") -> 0 | W18: =IFERROR(Q18-(T18*M18),"") -> 30 | AA18: =$B$13+5 -> 46312
E19: 브레드이발소)우유크림도넛95g(냉장) | M19: 36 | Q19: =IFERROR(VLOOKUP($B$1,엠즈베이커스발주량!A:AB,8,FALSE),0) -> 3 | T19: =IFERROR(ROUNDDOWN(Q19/M19,0),"") -> 0 | W19: =IFERROR(Q19-(T19*M19),"") -> 3 | AA19: =$B$13+5 -> 46312
E20: 성수310)솔티우유크림소금빵95g(냉장) | M20: 33 | Q20: =IFERROR(VLOOKUP($B$1,엠즈베이커스발주량!A:AB,9,FALSE),0) -> 57 | T20: =IFERROR(ROUNDDOWN(Q20/M20,0),"") -> 1 | W20: =IFERROR(Q20-(T20*M20),"") -> 24 | AA20: =$B$13+5 -> 46312
E21: 성수310)저당생크림롤우유80g(냉장) | M21: 72 | Q21: =IFERROR(VLOOKUP($B$1,엠즈베이커스발주량!A:AB,10,FALSE),0) -> 15 | T21: =IFERROR(ROUNDDOWN(Q21/M21,0),"") -> 0 | W21: =IFERROR(Q21-(T21*M21),"") -> 15 | AA21: =$B$13+6 -> 46313
E22: 성수310)피스타치오크림소금빵95g(냉장) | M22: 33 | Q22: =IFERROR(VLOOKUP($B$1,엠즈베이커스발주량!A:AB,11,FALSE),0) -> 38 | T22: =IFERROR(ROUNDDOWN(Q22/M22,0),"") -> 1 | W22: =IFERROR(Q22-(T22*M22),"") -> 5 | AA22: =$B$13+5 -> 46312
E23: 엠즈)상하치즈크림치즈카스테라110g(냉장) | M23: 46 | Q23: =IFERROR(VLOOKUP($B$1,엠즈베이커스발주량!A:AB,12,FALSE),0) -> 5 | T23: =IFERROR(ROUNDDOWN(Q23/M23,0),"") -> 0 | W23: =IFERROR(Q23-(T23*M23),"") -> 5 | AA23: =$B$13+6 -> 46313
E24: 엠즈)자개케이크우유크림110g(냉장) | M24: 72 | Q24: =IFERROR(VLOOKUP($B$1,엠즈베이커스발주량!A:AB,13,FALSE),0) -> 3 | T24: =IFERROR(ROUNDDOWN(Q24/M24,0),"") -> 0 | W24: =IFERROR(Q24-(T24*M24),"") -> 3 | AA24: =$B$13+5 -> 46312
E25: 엠즈)자개케이크인절미맛크림110g(냉장) | M25: 72 | Q25: =IFERROR(VLOOKUP($B$1,엠즈베이커스발주량!A:AB,14,FALSE),0) -> 2 | T25: =IFERROR(ROUNDDOWN(Q25/M25,0),"") -> 0 | W25: =IFERROR(Q25-(T25*M25),"") -> 2 | AA25: =$B$13+5 -> 46312
B27: 총수량 | M27: =SUM(Q13:S26) -> 301
B28: 3자물류 (더원물류) 담당자 박병선이사 010-4448-1456 | W28: =G8 -> 전라남도 장성군 황룡면 황룡리 44-2 2층
B32: 거 래 명 세 표 (공급자 보관용)
B34: 공 급 받 는 자 | C34: =C4 -> 등록번호 | Q34: 공 급 자 | R34: 등록번호 | V34: =V4 -> 865-86-02243
C36: =C6 -> 상 호 (법인명) | G36: =G6 -> (이마트24) | L36: =L6 -> 장성센터(저온) | R36: 상 호 (법인명) | V36: =V6 -> 엠즈베이커스 | AB36: 성 명 | AD36: =AD6 -> 조성형
C38: 사업장 주 소 | G38: =G8 -> 전라남도 장성군 황룡면 황룡리 44-2 2층 | R38: 사업장 주 소 | V38: =V8 -> 경기도 평택시 지위면 진위서로 63
C40: 합계금액 (VAT포함) | R40: 업 태 | V40: =V10 -> 제조업 | AB40: 종 목 | AD40: =AD10 -> 빵류,초콜릿 및 과자류
B42: 년 | C42: 월 | D42: 일 | E42: 품 목 | M42: 입수 | Q42: 총수량 | T42: 박스 | W42: 낱개수량 | AA42: 비고
B43: =B13 -> 46307 | E43: =E13 -> UBE)우베크림도넛90g(냉장) | M43: =M13 -> 36 | Q43: =Q13 -> 0 | T43: =T13 -> 0 | W43: =W13 -> 0 | AA43: =AA13 -> 46312
E44: =E14 -> 구황작물)밤크림소금빵95g(냉장) | M44: =M14 -> 33 | Q44: =Q14 -> 54 | T44: =T14 -> 1 | W44: =W14 -> 21 | AA44: =AA14 -> 46312
E45: =E15 -> 리니지클래식)쫀득멜론빵85g(냉장) | M45: =M15 -> 36 | Q45: =Q15 -> 0 | T45: =T15 -> 0 | W45: =W15 -> 0 | AA45: =AA15 -> 46312
E46: =E16 -> 매일)딥초콜릿케이크105g | M46: =M16 -> 72 | Q46: =Q16 -> 51 | T46: =T16 -> 0 | W46: =W16 -> 51 | AA46: =AA16 -> 46312
E47: =E17 -> 매일우유)우유모찌롤105g | M47: =M17 -> 72 | Q47: =Q17 -> 43 | T47: =T17 -> 0 | W47: =W17 -> 43 | AA47: =AA17 -> 46312
E48: =E18 -> 매일우유)초코모찌롤105g | M48: =M18 -> 72 | Q48: =Q18 -> 30 | T48: =T18 -> 0 | W48: =W18 -> 30 | AA48: =AA18 -> 46312
E49: =E19 -> 브레드이발소)우유크림도넛95g(냉장) | M49: =M19 -> 36 | Q49: =Q19 -> 3 | T49: =T19 -> 0 | W49: =W19 -> 3 | AA49: =AA19 -> 46312
E50: =E20 -> 성수310)솔티우유크림소금빵95g(냉장) | M50: =M20 -> 33 | Q50: =Q20 -> 57 | T50: =T20 -> 1 | W50: =W20 -> 24 | AA50: =AA20 -> 46312
E51: =E21 -> 성수310)저당생크림롤우유80g(냉장) | M51: =M21 -> 72 | Q51: =Q21 -> 15 | T51: =T21 -> 0 | W51: =W21 -> 15 | AA51: =AA21 -> 46313
E52: =E22 -> 성수310)피스타치오크림소금빵95g(냉장) | M52: =M22 -> 33 | Q52: =Q22 -> 38 | T52: =T22 -> 1 | W52: =W22 -> 5 | AA52: =AA22 -> 46312
E53: =E23 -> 엠즈)상하치즈크림치즈카스테라110g(냉장) | M53: =M23 -> 46 | Q53: =Q23 -> 5 | T53: =T23 -> 0 | W53: =W23 -> 5 | AA53: =AA23 -> 46313
E54: =E24 -> 엠즈)자개케이크우유크림110g(냉장) | M54: =M24 -> 72 | Q54: =Q24 -> 3 | T54: =T24 -> 0 | W54: =W24 -> 3 | AA54: =AA24 -> 46312
E55: =E25 -> 엠즈)자개케이크인절미맛크림110g(냉장) | M55: =M25 -> 72 | Q55: =Q25 -> 2 | T55: =T25 -> 0 | W55: =W25 -> 2 | AA55: =AA25 -> 46312
B57: 총수량 | M57: =M27 -> 301
B58: =B28 -> 3자물류 (더원물류) 담당자 박병선이사 010-4448-1456 | W58: =W28 -> 전라남도 장성군 황룡면 황룡리 44-2 2층

Sheet 김천2
B1: 김천2(저온)
B2: 거 래 명 세 표 (공급받는자 보관용)
B4: 공 급 받 는 자 | C4: 등록번호 | Q4: 공 급 자 | R4: 등록번호 | V4: 865-86-02243
C6: 상 호 (법인명) | G6: (이마트24) | L6: 김천센터(저온) | R6: 상 호 (법인명) | V6: 엠즈베이커스 | AB6: 성 명 | AD6: 조성형
C8: 사업장 주 소 | G8: 경상북도 김천시 어모면 옥율리 212 | R8: 사업장 주 소 | V8: 경기도 평택시 지위면 진위서로 63
C10: 합계금액 (VAT포함) | R10: 업 태 | V10: 제조업 | AB10: 종 목 | AD10: 빵류,초콜릿 및 과자류
B12: 년 | C12: 월 | D12: 일 | E12: 품 목 | M12: 입수 | Q12: 총수량 | T12: 박스 | W12: 낱개수량 | AA12: 비고
B13: ='원주(날짜변경!!)'!$B$13 -> 46307 | E13: UBE)우베크림도넛90g(냉장) | M13: 36 | Q13: =IFERROR(VLOOKUP($B$1,엠즈베이커스발주량!A:AB,2,FALSE),0) -> 0 | T13: =IFERROR(ROUNDDOWN(Q13/M13,0),"") -> 0 | W13: =IFERROR(Q13-(T13*M13),"") -> 0 | AA13: =$B$13+5 -> 46312
E14: 구황작물)밤크림소금빵95g(냉장) | M14: 33 | Q14: =IFERROR(VLOOKUP($B$1,엠즈베이커스발주량!A:AB,3,FALSE),0) -> 23 | T14: =IFERROR(ROUNDDOWN(Q14/M14,0),"") -> 0 | W14: =IFERROR(Q14-(T14*M14),"") -> 23 | AA14: =$B$13+5 -> 46312
E15: 리니지클래식)쫀득멜론빵85g(냉장) | M15: 36 | Q15: =IFERROR(VLOOKUP($B$1,엠즈베이커스발주량!A:AB,4,FALSE),0) -> 0 | T15: =IFERROR(ROUNDDOWN(Q15/M15,0),"") -> 0 | W15: =IFERROR(Q15-(T15*M15),"") -> 0 | AA15: =$B$13+5 -> 46312
E16: 매일)딥초콜릿케이크105g | M16: 72 | Q16: =IFERROR(VLOOKUP($B$1,엠즈베이커스발주량!A:AB,5,FALSE),0) -> 29 | T16: =IFERROR(ROUNDDOWN(Q16/M16,0),"") -> 0 | W16: =IFERROR(Q16-(T16*M16),"") -> 29 | AA16: =$B$13+5 -> 46312
E17: 매일우유)우유모찌롤105g | M17: 72 | Q17: =IFERROR(VLOOKUP($B$1,엠즈베이커스발주량!A:AB,6,FALSE),0) -> 18 | T17: =IFERROR(ROUNDDOWN(Q17/M17,0),"") -> 0 | W17: =IFERROR(Q17-(T17*M17),"") -> 18 | AA17: =$B$13+5 -> 46312
E18: 매일우유)초코모찌롤105g | M18: 72 | Q18: =IFERROR(VLOOKUP($B$1,엠즈베이커스발주량!A:AB,7,FALSE),0) -> 11 | T18: =IFERROR(ROUNDDOWN(Q18/M18,0),"") -> 0 | W18: =IFERROR(Q18-(T18*M18),"") -> 11 | AA18: =$B$13+5 -> 46312
E19: 브레드이발소)우유크림도넛95g(냉장) | M19: 36 | Q19: =IFERROR(VLOOKUP($B$1,엠즈베이커스발주량!A:AB,8,FALSE),0) -> 5 | T19: =IFERROR(ROUNDDOWN(Q19/M19,0),"") -> 0 | W19: =IFERROR(Q19-(T19*M19),"") -> 5 | AA19: =$B$13+5 -> 46312
E20: 성수310)솔티우유크림소금빵95g(냉장) | M20: 33 | Q20: =IFERROR(VLOOKUP($B$1,엠즈베이커스발주량!A:AB,9,FALSE),0) -> 26 | T20: =IFERROR(ROUNDDOWN(Q20/M20,0),"") -> 0 | W20: =IFERROR(Q20-(T20*M20),"") -> 26 | AA20: =$B$13+5 -> 46312
E21: 성수310)저당생크림롤우유80g(냉장) | M21: 72 | Q21: =IFERROR(VLOOKUP($B$1,엠즈베이커스발주량!A:AB,10,FALSE),0) -> 12 | T21: =IFERROR(ROUNDDOWN(Q21/M21,0),"") -> 0 | W21: =IFERROR(Q21-(T21*M21),"") -> 12 | AA21: =$B$13+6 -> 46313
E22: 성수310)피스타치오크림소금빵95g(냉장) | M22: 33 | Q22: =IFERROR(VLOOKUP($B$1,엠즈베이커스발주량!A:AB,11,FALSE),0) -> 26 | T22: =IFERROR(ROUNDDOWN(Q22/M22,0),"") -> 0 | W22: =IFERROR(Q22-(T22*M22),"") -> 26 | AA22: =$B$13+5 -> 46312
E23: 엠즈)상하치즈크림치즈카스테라110g(냉장) | M23: 46 | Q23: =IFERROR(VLOOKUP($B$1,엠즈베이커스발주량!A:AB,12,FALSE),0) -> 1 | T23: =IFERROR(ROUNDDOWN(Q23/M23,0),"") -> 0 | W23: =IFERROR(Q23-(T23*M23),"") -> 1 | AA23: =$B$13+6 -> 46313
E24: 엠즈)자개케이크우유크림110g(냉장) | M24: 72 | Q24: =IFERROR(VLOOKUP($B$1,엠즈베이커스발주량!A:AB,13,FALSE),0) -> 0 | T24: =IFERROR(ROUNDDOWN(Q24/M24,0),"") -> 0 | W24: =IFERROR(Q24-(T24*M24),"") -> 0 | AA24: =$B$13+5 -> 46312
E25: 엠즈)자개케이크인절미맛크림110g(냉장) | M25: 72 | Q25: =IFERROR(VLOOKUP($B$1,엠즈베이커스발주량!A:AB,14,FALSE),0) -> 0 | T25: =IFERROR(ROUNDDOWN(Q25/M25,0),"") -> 0 | W25: =IFERROR(Q25-(T25*M25),"") -> 0 | AA25: =$B$13+5 -> 46312
B27: 총수량 | M27: =SUM(Q13:S26) -> 151
B28: 3자물류 (더원물류) 담당자 박병선이사 010-4448-1456 | W28: =G8 -> 경상북도 김천시 어모면 옥율리 212
B32: 거 래 명 세 표 (공급자 보관용)
B34: 공 급 받 는 자 | C34: =C4 -> 등록번호 | Q34: 공 급 자 | R34: 등록번호 | V34: =V4 -> 865-86-02243
C36: =C6 -> 상 호 (법인명) | G36: =G6 -> (이마트24) | L36: =L6 -> 김천센터(저온) | R36: 상 호 (법인명) | V36: =V6 -> 엠즈베이커스 | AB36: 성 명 | AD36: =AD6 -> 조성형
C38: 사업장 주 소 | G38: =G8 -> 경상북도 김천시 어모면 옥율리 212 | R38: 사업장 주 소 | V38: =V8 -> 경기도 평택시 지위면 진위서로 63
C40: 합계금액 (VAT포함) | R40: 업 태 | V40: =V10 -> 제조업 | AB40: 종 목 | AD40: =AD10 -> 빵류,초콜릿 및 과자류
B42: 년 | C42: 월 | D42: 일 | E42: 품 목 | M42: 입수 | Q42: 총수량 | T42: 박스 | W42: 낱개수량 | AA42: 비고
B43: =B13 -> 46307 | E43: =E13 -> UBE)우베크림도넛90g(냉장) | M43: =M13 -> 36 | Q43: =Q13 -> 0 | T43: =T13 -> 0 | W43: =W13 -> 0 | AA43: =AA13 -> 46312
E44: =E14 -> 구황작물)밤크림소금빵95g(냉장) | M44: =M14 -> 33 | Q44: =Q14 -> 23 | T44: =T14 -> 0 | W44: =W14 -> 23 | AA44: =AA14 -> 46312
E45: =E15 -> 리니지클래식)쫀득멜론빵85g(냉장) | M45: =M15 -> 36 | Q45: =Q15 -> 0 | T45: =T15 -> 0 | W45: =W15 -> 0 | AA45: =AA15 -> 46312
E46: =E16 -> 매일)딥초콜릿케이크105g | M46: =M16 -> 72 | Q46: =Q16 -> 29 | T46: =T16 -> 0 | W46: =W16 -> 29 | AA46: =AA16 -> 46312
E47: =E17 -> 매일우유)우유모찌롤105g | M47: =M17 -> 72 | Q47: =Q17 -> 18 | T47: =T17 -> 0 | W47: =W17 -> 18 | AA47: =AA17 -> 46312
E48: =E18 -> 매일우유)초코모찌롤105g | M48: =M18 -> 72 | Q48: =Q18 -> 11 | T48: =T18 -> 0 | W48: =W18 -> 11 | AA48: =AA18 -> 46312
E49: =E19 -> 브레드이발소)우유크림도넛95g(냉장) | M49: =M19 -> 36 | Q49: =Q19 -> 5 | T49: =T19 -> 0 | W49: =W19 -> 5 | AA49: =AA19 -> 46312
E50: =E20 -> 성수310)솔티우유크림소금빵95g(냉장) | M50: =M20 -> 33 | Q50: =Q20 -> 26 | T50: =T20 -> 0 | W50: =W20 -> 26 | AA50: =AA20 -> 46312
E51: =E21 -> 성수310)저당생크림롤우유80g(냉장) | M51: =M21 -> 72 | Q51: =Q21 -> 12 | T51: =T21 -> 0 | W51: =W21 -> 12 | AA51: =AA21 -> 46313
E52: =E22 -> 성수310)피스타치오크림소금빵95g(냉장) | M52: =M22 -> 33 | Q52: =Q22 -> 26 | T52: =T22 -> 0 | W52: =W22 -> 26 | AA52: =AA22 -> 46312
E53: =E23 -> 엠즈)상하치즈크림치즈카스테라110g(냉장) | M53: =M23 -> 46 | Q53: =Q23 -> 1 | T53: =T23 -> 0 | W53: =W23 -> 1 | AA53: =AA23 -> 46313
E54: =E24 -> 엠즈)자개케이크우유크림110g(냉장) | M54: =M24 -> 72 | Q54: =Q24 -> 0 | T54: =T24 -> 0 | W54: =W24 -> 0 | AA54: =AA24 -> 46312
E55: =E25 -> 엠즈)자개케이크인절미맛크림110g(냉장) | M55: =M25 -> 72 | Q55: =Q25 -> 0 | T55: =T25 -> 0 | W55: =W25 -> 0 | AA55: =AA25 -> 46312
B57: 총수량 | M57: =M27 -> 151
B58: =B28 -> 3자물류 (더원물류) 담당자 박병선이사 010-4448-1456 | W58: =W28 -> 경상북도 김천시 어모면 옥율리 212

Sheet 경산(2)
B1: 경산2(저온)
B2: 거 래 명 세 표 (공급받는자 보관용)
B4: 공 급 받 는 자 | C4: 등록번호 | Q4: 공 급 자 | R4: 등록번호 | V4: 865-86-02243
C6: 상 호 (법인명) | G6: (이마트24) | L6: 경산센터(저온) | R6: 상 호 (법인명) | V6: 엠즈베이커스 | AB6: 성 명 | AD6: 조성형
C8: 사업장 주 소 | G8: 경상북도 경산시 압량읍 가야로 20 | R8: 사업장 주 소 | V8: 경기도 평택시 지위면 진위서로 63
C10: 합계금액 (VAT포함) | R10: 업 태 | V10: 제조업 | AB10: 종 목 | AD10: 빵류,초콜릿 및 과자류
B12: 년 | C12: 월 | D12: 일 | E12: 품 목 | M12: 입수 | Q12: 총수량 | T12: 박스 | W12: 낱개수량 | AA12: 비고
B13: ='원주(날짜변경!!)'!$B$13 -> 46307 | E13: UBE)우베크림도넛90g(냉장) | M13: 36 | Q13: =IFERROR(VLOOKUP($B$1,엠즈베이커스발주량!A:AB,2,FALSE),0) -> 0 | T13: =IFERROR(ROUNDDOWN(Q13/M13,0),"") -> 0 | W13: =IFERROR(Q13-(T13*M13),"") -> 0 | AA13: =$B$13+5 -> 46312
E14: 구황작물)밤크림소금빵95g(냉장) | M14: 33 | Q14: =IFERROR(VLOOKUP($B$1,엠즈베이커스발주량!A:AB,3,FALSE),0) -> 15 | T14: =IFERROR(ROUNDDOWN(Q14/M14,0),"") -> 0 | W14: =IFERROR(Q14-(T14*M14),"") -> 15 | AA14: =$B$13+5 -> 46312
E15: 리니지클래식)쫀득멜론빵85g(냉장) | M15: 36 | Q15: =IFERROR(VLOOKUP($B$1,엠즈베이커스발주량!A:AB,4,FALSE),0) -> 0 | T15: =IFERROR(ROUNDDOWN(Q15/M15,0),"") -> 0 | W15: =IFERROR(Q15-(T15*M15),"") -> 0 | AA15: =$B$13+5 -> 46312
E16: 매일)딥초콜릿케이크105g | M16: 72 | Q16: =IFERROR(VLOOKUP($B$1,엠즈베이커스발주량!A:AB,5,FALSE),0) -> 18 | T16: =IFERROR(ROUNDDOWN(Q16/M16,0),"") -> 0 | W16: =IFERROR(Q16-(T16*M16),"") -> 18 | AA16: =$B$13+5 -> 46312
E17: 매일우유)우유모찌롤105g | M17: 72 | Q17: =IFERROR(VLOOKUP($B$1,엠즈베이커스발주량!A:AB,6,FALSE),0) -> 14 | T17: =IFERROR(ROUNDDOWN(Q17/M17,0),"") -> 0 | W17: =IFERROR(Q17-(T17*M17),"") -> 14 | AA17: =$B$13+5 -> 46312
E18: 매일우유)초코모찌롤105g | M18: 72 | Q18: =IFERROR(VLOOKUP($B$1,엠즈베이커스발주량!A:AB,7,FALSE),0) -> 12 | T18: =IFERROR(ROUNDDOWN(Q18/M18,0),"") -> 0 | W18: =IFERROR(Q18-(T18*M18),"") -> 12 | AA18: =$B$13+5 -> 46312
E19: 브레드이발소)우유크림도넛95g(냉장) | M19: 36 | Q19: =IFERROR(VLOOKUP($B$1,엠즈베이커스발주량!A:AB,8,FALSE),0) -> 3 | T19: =IFERROR(ROUNDDOWN(Q19/M19,0),"") -> 0 | W19: =IFERROR(Q19-(T19*M19),"") -> 3 | AA19: =$B$13+5 -> 46312
E20: 성수310)솔티우유크림소금빵95g(냉장) | M20: 33 | Q20: =IFERROR(VLOOKUP($B$1,엠즈베이커스발주량!A:AB,9,FALSE),0) -> 23 | T20: =IFERROR(ROUNDDOWN(Q20/M20,0),"") -> 0 | W20: =IFERROR(Q20-(T20*M20),"") -> 23 | AA20: =$B$13+5 -> 46312
E21: 성수310)저당생크림롤우유80g(냉장) | M21: 72 | Q21: =IFERROR(VLOOKUP($B$1,엠즈베이커스발주량!A:AB,10,FALSE),0) -> 4 | T21: =IFERROR(ROUNDDOWN(Q21/M21,0),"") -> 0 | W21: =IFERROR(Q21-(T21*M21),"") -> 4 | AA21: =$B$13+6 -> 46313
E22: 성수310)피스타치오크림소금빵95g(냉장) | M22: 33 | Q22: =IFERROR(VLOOKUP($B$1,엠즈베이커스발주량!A:AB,11,FALSE),0) -> 15 | T22: =IFERROR(ROUNDDOWN(Q22/M22,0),"") -> 0 | W22: =IFERROR(Q22-(T22*M22),"") -> 15 | AA22: =$B$13+5 -> 46312
E23: 엠즈)상하치즈크림치즈카스테라110g(냉장) | M23: 46 | Q23: =IFERROR(VLOOKUP($B$1,엠즈베이커스발주량!A:AB,12,FALSE),0) -> 0 | T23: =IFERROR(ROUNDDOWN(Q23/M23,0),"") -> 0 | W23: =IFERROR(Q23-(T23*M23),"") -> 0 | AA23: =$B$13+6 -> 46313
E24: 엠즈)자개케이크우유크림110g(냉장) | M24: 72 | Q24: =IFERROR(VLOOKUP($B$1,엠즈베이커스발주량!A:AB,13,FALSE),0) -> 0 | T24: =IFERROR(ROUNDDOWN(Q24/M24,0),"") -> 0 | W24: =IFERROR(Q24-(T24*M24),"") -> 0 | AA24: =$B$13+5 -> 46312
E25: 엠즈)자개케이크인절미맛크림110g(냉장) | M25: 72 | Q25: =IFERROR(VLOOKUP($B$1,엠즈베이커스발주량!A:AB,14,FALSE),0) -> 0 | T25: =IFERROR(ROUNDDOWN(Q25/M25,0),"") -> 0 | W25: =IFERROR(Q25-(T25*M25),"") -> 0 | AA25: =$B$13+5 -> 46312
B27: 총수량 | M27: =SUM(Q13:S26) -> 104
B28: 3자물류 (더원물류) 담당자 박병선이사 010-4448-1456 | W28: =G8 -> 경상북도 경산시 압량읍 가야로 20
B32: 거 래 명 세 표 (공급자 보관용)
B34: 공 급 받 는 자 | C34: =C4 -> 등록번호 | Q34: 공 급 자 | R34: 등록번호 | V34: =V4 -> 865-86-02243
C36: =C6 -> 상 호 (법인명) | G36: =G6 -> (이마트24) | L36: =L6 -> 경산센터(저온) | R36: 상 호 (법인명) | V36: =V6 -> 엠즈베이커스 | AB36: 성 명 | AD36: =AD6 -> 조성형
C38: 사업장 주 소 | G38: =G8 -> 경상북도 경산시 압량읍 가야로 20 | R38: 사업장 주 소 | V38: =V8 -> 경기도 평택시 지위면 진위서로 63
C40: 합계금액 (VAT포함) | R40: 업 태 | V40: =V10 -> 제조업 | AB40: 종 목 | AD40: =AD10 -> 빵류,초콜릿 및 과자류
B42: 년 | C42: 월 | D42: 일 | E42: 품 목 | M42: 입수 | Q42: 총수량 | T42: 박스 | W42: 낱개수량 | AA42: 비고
B43: =B13 -> 46307 | E43: =E13 -> UBE)우베크림도넛90g(냉장) | M43: =M13 -> 36 | Q43: =Q13 -> 0 | T43: =T13 -> 0 | W43: =W13 -> 0 | AA43: =AA13 -> 46312
E44: =E14 -> 구황작물)밤크림소금빵95g(냉장) | M44: =M14 -> 33 | Q44: =Q14 -> 15 | T44: =T14 -> 0 | W44: =W14 -> 15 | AA44: =AA14 -> 46312
E45: =E15 -> 리니지클래식)쫀득멜론빵85g(냉장) | M45: =M15 -> 36 | Q45: =Q15 -> 0 | T45: =T15 -> 0 | W45: =W15 -> 0 | AA45: =AA15 -> 46312
E46: =E16 -> 매일)딥초콜릿케이크105g | M46: =M16 -> 72 | Q46: =Q16 -> 18 | T46: =T16 -> 0 | W46: =W16 -> 18 | AA46: =AA16 -> 46312
E47: =E17 -> 매일우유)우유모찌롤105g | M47: =M17 -> 72 | Q47: =Q17 -> 14 | T47: =T17 -> 0 | W47: =W17 -> 14 | AA47: =AA17 -> 46312
E48: =E18 -> 매일우유)초코모찌롤105g | M48: =M18 -> 72 | Q48: =Q18 -> 12 | T48: =T18 -> 0 | W48: =W18 -> 12 | AA48: =AA18 -> 46312
E49: =E19 -> 브레드이발소)우유크림도넛95g(냉장) | M49: =M19 -> 36 | Q49: =Q19 -> 3 | T49: =T19 -> 0 | W49: =W19 -> 3 | AA49: =AA19 -> 46312
E50: =E20 -> 성수310)솔티우유크림소금빵95g(냉장) | M50: =M20 -> 33 | Q50: =Q20 -> 23 | T50: =T20 -> 0 | W50: =W20 -> 23 | AA50: =AA20 -> 46312
E51: =E21 -> 성수310)저당생크림롤우유80g(냉장) | M51: =M21 -> 72 | Q51: =Q21 -> 4 | T51: =T21 -> 0 | W51: =W21 -> 4 | AA51: =AA21 -> 46313
E52: =E22 -> 성수310)피스타치오크림소금빵95g(냉장) | M52: =M22 -> 33 | Q52: =Q22 -> 15 | T52: =T22 -> 0 | W52: =W22 -> 15 | AA52: =AA22 -> 46312
E53: =E23 -> 엠즈)상하치즈크림치즈카스테라110g(냉장) | M53: =M23 -> 46 | Q53: =Q23 -> 0 | T53: =T23 -> 0 | W53: =W23 -> 0 | AA53: =AA23 -> 46313
E54: =E24 -> 엠즈)자개케이크우유크림110g(냉장) | M54: =M24 -> 72 | Q54: =Q24 -> 0 | T54: =T24 -> 0 | W54: =W24 -> 0 | AA54: =AA24 -> 46312
E55: =E25 -> 엠즈)자개케이크인절미맛크림110g(냉장) | M55: =M25 -> 72 | Q55: =Q25 -> 0 | T55: =T25 -> 0 | W55: =W25 -> 0 | AA55: =AA25 -> 46312
B57: 총수량 | M57: =M27 -> 104
B58: =B28 -> 3자물류 (더원물류) 담당자 박병선이사 010-4448-1456 | W58: =W28 -> 경상북도 경산시 압량읍 가야로 20

Sheet 화성 (2)
B1: 화성2(저온)
B2: 거 래 명 세 표 (공급받는자 보관용)
B4: 공 급 받 는 자 | C4: 등록번호 | Q4: 공 급 자 | R4: 등록번호 | V4: 865-86-02243
C6: 상 호 (법인명) | G6: (이마트24) | L6: 화성센터(저온) | R6: 상 호 (법인명) | V6: 엠즈베이커스 | AB6: 성 명 | AD6: 조성형
C8: 사업장 주 소 | G8: 경기 화성시 초록로 103 | R8: 사업장 주 소 | V8: 경기도 평택시 지위면 진위서로 63
C10: 합계금액 (VAT포함) | R10: 업 태 | V10: 제조업 | AB10: 종 목 | AD10: 빵류,초콜릿 및 과자류
B12: 년 | C12: 월 | D12: 일 | E12: 품 목 | M12: 입수 | Q12: 총수량 | T12: 박스 | W12: 낱개수량 | AA12: 비고
B13: ='원주(날짜변경!!)'!$B$13 -> 46307 | E13: UBE)우베크림도넛90g(냉장) | M13: 36 | Q13: =IFERROR(VLOOKUP($B$1,엠즈베이커스발주량!A:AB,2,FALSE),0) -> 0 | T13: =IFERROR(ROUNDDOWN(Q13/M13,0),"") -> 0 | W13: =IFERROR(Q13-(T13*M13),"") -> 0 | AA13: =$B$13+5 -> 46312
E14: 구황작물)밤크림소금빵95g(냉장) | M14: 33 | Q14: =IFERROR(VLOOKUP($B$1,엠즈베이커스발주량!A:AB,3,FALSE),0) -> 36 | T14: =IFERROR(ROUNDDOWN(Q14/M14,0),"") -> 1 | W14: =IFERROR(Q14-(T14*M14),"") -> 3 | AA14: =$B$13+5 -> 46312
E15: 리니지클래식)쫀득멜론빵85g(냉장) | M15: 36 | Q15: =IFERROR(VLOOKUP($B$1,엠즈베이커스발주량!A:AB,4,FALSE),0) -> 0 | T15: =IFERROR(ROUNDDOWN(Q15/M15,0),"") -> 0 | W15: =IFERROR(Q15-(T15*M15),"") -> 0 | AA15: =$B$13+5 -> 46312
E16: 매일)딥초콜릿케이크105g | M16: 72 | Q16: =IFERROR(VLOOKUP($B$1,엠즈베이커스발주량!A:AB,5,FALSE),0) -> 39 | T16: =IFERROR(ROUNDDOWN(Q16/M16,0),"") -> 0 | W16: =IFERROR(Q16-(T16*M16),"") -> 39 | AA16: =$B$13+5 -> 46312
E17: 매일우유)우유모찌롤105g | M17: 72 | Q17: =IFERROR(VLOOKUP($B$1,엠즈베이커스발주량!A:AB,6,FALSE),0) -> 24 | T17: =IFERROR(ROUNDDOWN(Q17/M17,0),"") -> 0 | W17: =IFERROR(Q17-(T17*M17),"") -> 24 | AA17: =$B$13+5 -> 46312
E18: 매일우유)초코모찌롤105g | M18: 72 | Q18: =IFERROR(VLOOKUP($B$1,엠즈베이커스발주량!A:AB,7,FALSE),0) -> 19 | T18: =IFERROR(ROUNDDOWN(Q18/M18,0),"") -> 0 | W18: =IFERROR(Q18-(T18*M18),"") -> 19 | AA18: =$B$13+5 -> 46312
E19: 브레드이발소)우유크림도넛95g(냉장) | M19: 36 | Q19: =IFERROR(VLOOKUP($B$1,엠즈베이커스발주량!A:AB,8,FALSE),0) -> 1 | T19: =IFERROR(ROUNDDOWN(Q19/M19,0),"") -> 0 | W19: =IFERROR(Q19-(T19*M19),"") -> 1 | AA19: =$B$13+5 -> 46312
E20: 성수310)솔티우유크림소금빵95g(냉장) | M20: 33 | Q20: =IFERROR(VLOOKUP($B$1,엠즈베이커스발주량!A:AB,9,FALSE),0) -> 29 | T20: =IFERROR(ROUNDDOWN(Q20/M20,0),"") -> 0 | W20: =IFERROR(Q20-(T20*M20),"") -> 29 | AA20: =$B$13+5 -> 46312
E21: 성수310)저당생크림롤우유80g(냉장) | M21: 72 | Q21: =IFERROR(VLOOKUP($B$1,엠즈베이커스발주량!A:AB,10,FALSE),0) -> 14 | T21: =IFERROR(ROUNDDOWN(Q21/M21,0),"") -> 0 | W21: =IFERROR(Q21-(T21*M21),"") -> 14 | AA21: =$B$13+6 -> 46313
E22: 성수310)피스타치오크림소금빵95g(냉장) | M22: 33 | Q22: =IFERROR(VLOOKUP($B$1,엠즈베이커스발주량!A:AB,11,FALSE),0) -> 38 | T22: =IFERROR(ROUNDDOWN(Q22/M22,0),"") -> 1 | W22: =IFERROR(Q22-(T22*M22),"") -> 5 | AA22: =$B$13+5 -> 46312
E23: 엠즈)상하치즈크림치즈카스테라110g(냉장) | M23: 46 | Q23: =IFERROR(VLOOKUP($B$1,엠즈베이커스발주량!A:AB,12,FALSE),0) -> 3 | T23: =IFERROR(ROUNDDOWN(Q23/M23,0),"") -> 0 | W23: =IFERROR(Q23-(T23*M23),"") -> 3 | AA23: =$B$13+6 -> 46313
E24: 엠즈)자개케이크우유크림110g(냉장) | M24: 72 | Q24: =IFERROR(VLOOKUP($B$1,엠즈베이커스발주량!A:AB,13,FALSE),0) -> 2 | T24: =IFERROR(ROUNDDOWN(Q24/M24,0),"") -> 0 | W24: =IFERROR(Q24-(T24*M24),"") -> 2 | AA24: =$B$13+5 -> 46312
E25: 엠즈)자개케이크인절미맛크림110g(냉장) | M25: 72 | Q25: =IFERROR(VLOOKUP($B$1,엠즈베이커스발주량!A:AB,14,FALSE),0) -> 0 | T25: =IFERROR(ROUNDDOWN(Q25/M25,0),"") -> 0 | W25: =IFERROR(Q25-(T25*M25),"") -> 0 | AA25: =$B$13+5 -> 46312
B27: 총수량 | M27: =SUM(Q13:S26) -> 205
B28: 3자물류 (더원물류) 담당자 박병선이사 010-4448-1456 | W28: 경기 화성시 초록로 103 오민수 대리 031-8077-2407
B32: 거 래 명 세 표 (공급자 보관용)
B34: 공 급 받 는 자 | C34: =C4 -> 등록번호 | Q34: 공 급 자 | R34: 등록번호 | V34: =V4 -> 865-86-02243
C36: =C6 -> 상 호 (법인명) | G36: =G6 -> (이마트24) | L36: =L6 -> 화성센터(저온) | R36: 상 호 (법인명) | V36: =V6 -> 엠즈베이커스 | AB36: 성 명 | AD36: =AD6 -> 조성형
C38: 사업장 주 소 | G38: =G8 -> 경기 화성시 초록로 103 | R38: 사업장 주 소 | V38: =V8 -> 경기도 평택시 지위면 진위서로 63
C40: 합계금액 (VAT포함) | R40: 업 태 | V40: =V10 -> 제조업 | AB40: 종 목 | AD40: =AD10 -> 빵류,초콜릿 및 과자류
B42: 년 | C42: 월 | D42: 일 | E42: 품 목 | M42: 입수 | Q42: 총수량 | T42: 박스 | W42: 낱개수량 | AA42: 비고
B43: =B13 -> 46307 | E43: =E13 -> UBE)우베크림도넛90g(냉장) | M43: =M13 -> 36 | Q43: =Q13 -> 0 | T43: =T13 -> 0 | W43: =W13 -> 0 | AA43: =AA13 -> 46312
E44: =E14 -> 구황작물)밤크림소금빵95g(냉장) | M44: =M14 -> 33 | Q44: =Q14 -> 36 | T44: =T14 -> 1 | W44: =W14 -> 3 | AA44: =AA14 -> 46312
E45: =E15 -> 리니지클래식)쫀득멜론빵85g(냉장) | M45: =M15 -> 36 | Q45: =Q15 -> 0 | T45: =T15 -> 0 | W45: =W15 -> 0 | AA45: =AA15 -> 46312
E46: =E16 -> 매일)딥초콜릿케이크105g | M46: =M16 -> 72 | Q46: =Q16 -> 39 | T46: =T16 -> 0 | W46: =W16 -> 39 | AA46: =AA16 -> 46312
E47: =E17 -> 매일우유)우유모찌롤105g | M47: =M17 -> 72 | Q47: =Q17 -> 24 | T47: =T17 -> 0 | W47: =W17 -> 24 | AA47: =AA17 -> 46312
E48: =E18 -> 매일우유)초코모찌롤105g | M48: =M18 -> 72 | Q48: =Q18 -> 19 | T48: =T18 -> 0 | W48: =W18 -> 19 | AA48: =AA18 -> 46312
E49: =E19 -> 브레드이발소)우유크림도넛95g(냉장) | M49: =M19 -> 36 | Q49: =Q19 -> 1 | T49: =T19 -> 0 | W49: =W19 -> 1 | AA49: =AA19 -> 46312
E50: =E20 -> 성수310)솔티우유크림소금빵95g(냉장) | M50: =M20 -> 33 | Q50: =Q20 -> 29 | T50: =T20 -> 0 | W50: =W20 -> 29 | AA50: =AA20 -> 46312
E51: =E21 -> 성수310)저당생크림롤우유80g(냉장) | M51: =M21 -> 72 | Q51: =Q21 -> 14 | T51: =T21 -> 0 | W51: =W21 -> 14 | AA51: =AA21 -> 46313
E52: =E22 -> 성수310)피스타치오크림소금빵95g(냉장) | M52: =M22 -> 33 | Q52: =Q22 -> 38 | T52: =T22 -> 1 | W52: =W22 -> 5 | AA52: =AA22 -> 46312
E53: =E23 -> 엠즈)상하치즈크림치즈카스테라110g(냉장) | M53: =M23 -> 46 | Q53: =Q23 -> 3 | T53: =T23 -> 0 | W53: =W23 -> 3 | AA53: =AA23 -> 46313
E54: =E24 -> 엠즈)자개케이크우유크림110g(냉장) | M54: =M24 -> 72 | Q54: =Q24 -> 2 | T54: =T24 -> 0 | W54: =W24 -> 2 | AA54: =AA24 -> 46312
E55: =E25 -> 엠즈)자개케이크인절미맛크림110g(냉장) | M55: =M25 -> 72 | Q55: =Q25 -> 0 | T55: =T25 -> 0 | W55: =W25 -> 0 | AA55: =AA25 -> 46312
B57: 총수량 | M57: =M27 -> 205
B58: =B28 -> 3자물류 (더원물류) 담당자 박병선이사 010-4448-1456 | W58: =W28 -> 경기 화성시 초록로 103 오민수 대리 031-8077-2407

Sheet 청라(2)
B1: 청라2(저온)
B2: 거 래 명 세 표 (공급받는자 보관용)
B4: 공 급 받 는 자 | C4: 등록번호 | Q4: 공 급 자 | R4: 등록번호 | V4: 865-86-02243
C6: 상 호 (법인명) | G6: (이마트24) | L6: 청라센터(저온) | R6: 상 호 (법인명) | V6: 엠즈베이커스 | AB6: 성 명 | AD6: 조성형
C8: 사업장 주 소 | G8: 인천광역시 서구 북항로120번길 55, 청라로지스틱스센터3, 9층 | R8: 사업장 주 소 | V8: 경기도 평택시 지위면 진위서로 63
C10: 합계금액 (VAT포함) | R10: 업 태 | V10: 제조업 | AB10: 종 목 | AD10: 빵류,초콜릿 및 과자류
B12: 년 | C12: 월 | D12: 일 | E12: 품 목 | M12: 입수 | Q12: 총수량 | T12: 박스 | W12: 낱개수량 | AA12: 비고
B13: ='원주(날짜변경!!)'!$B$13 -> 46307 | E13: UBE)우베크림도넛90g(냉장) | M13: 36 | Q13: =IFERROR(VLOOKUP($B$1,엠즈베이커스발주량!A:AB,2,FALSE),0) -> 0 | T13: =IFERROR(ROUNDDOWN(Q13/M13,0),"") -> 0 | W13: =IFERROR(Q13-(T13*M13),"") -> 0 | AA13: =$B$13+5 -> 46312
E14: 구황작물)밤크림소금빵95g(냉장) | M14: 33 | Q14: =IFERROR(VLOOKUP($B$1,엠즈베이커스발주량!A:AB,3,FALSE),0) -> 45 | T14: =IFERROR(ROUNDDOWN(Q14/M14,0),"") -> 1 | W14: =IFERROR(Q14-(T14*M14),"") -> 12 | AA14: =$B$13+5 -> 46312
E15: 리니지클래식)쫀득멜론빵85g(냉장) | M15: 36 | Q15: =IFERROR(VLOOKUP($B$1,엠즈베이커스발주량!A:AB,4,FALSE),0) -> 0 | T15: =IFERROR(ROUNDDOWN(Q15/M15,0),"") -> 0 | W15: =IFERROR(Q15-(T15*M15),"") -> 0 | AA15: =$B$13+5 -> 46312
E16: 매일)딥초콜릿케이크105g | M16: 72 | Q16: =IFERROR(VLOOKUP($B$1,엠즈베이커스발주량!A:AB,5,FALSE),0) -> 55 | T16: =IFERROR(ROUNDDOWN(Q16/M16,0),"") -> 0 | W16: =IFERROR(Q16-(T16*M16),"") -> 55 | AA16: =$B$13+5 -> 46312
E17: 매일우유)우유모찌롤105g | M17: 72 | Q17: =IFERROR(VLOOKUP($B$1,엠즈베이커스발주량!A:AB,6,FALSE),0) -> 40 | T17: =IFERROR(ROUNDDOWN(Q17/M17,0),"") -> 0 | W17: =IFERROR(Q17-(T17*M17),"") -> 40 | AA17: =$B$13+5 -> 46312
E18: 매일우유)초코모찌롤105g | M18: 72 | Q18: =IFERROR(VLOOKUP($B$1,엠즈베이커스발주량!A:AB,7,FALSE),0) -> 32 | T18: =IFERROR(ROUNDDOWN(Q18/M18,0),"") -> 0 | W18: =IFERROR(Q18-(T18*M18),"") -> 32 | AA18: =$B$13+5 -> 46312
E19: 브레드이발소)우유크림도넛95g(냉장) | M19: 36 | Q19: =IFERROR(VLOOKUP($B$1,엠즈베이커스발주량!A:AB,8,FALSE),0) -> 4 | T19: =IFERROR(ROUNDDOWN(Q19/M19,0),"") -> 0 | W19: =IFERROR(Q19-(T19*M19),"") -> 4 | AA19: =$B$13+5 -> 46312
E20: 성수310)솔티우유크림소금빵95g(냉장) | M20: 33 | Q20: =IFERROR(VLOOKUP($B$1,엠즈베이커스발주량!A:AB,9,FALSE),0) -> 56 | T20: =IFERROR(ROUNDDOWN(Q20/M20,0),"") -> 1 | W20: =IFERROR(Q20-(T20*M20),"") -> 23 | AA20: =$B$13+5 -> 46312
E21: 성수310)저당생크림롤우유80g(냉장) | M21: 72 | Q21: =IFERROR(VLOOKUP($B$1,엠즈베이커스발주량!A:AB,10,FALSE),0) -> 20 | T21: =IFERROR(ROUNDDOWN(Q21/M21,0),"") -> 0 | W21: =IFERROR(Q21-(T21*M21),"") -> 20 | AA21: =$B$13+6 -> 46313
E22: 성수310)피스타치오크림소금빵95g(냉장) | M22: 33 | Q22: =IFERROR(VLOOKUP($B$1,엠즈베이커스발주량!A:AB,11,FALSE),0) -> 52 | T22: =IFERROR(ROUNDDOWN(Q22/M22,0),"") -> 1 | W22: =IFERROR(Q22-(T22*M22),"") -> 19 | AA22: =$B$13+5 -> 46312
E23: 엠즈)상하치즈크림치즈카스테라110g(냉장) | M23: 46 | Q23: =IFERROR(VLOOKUP($B$1,엠즈베이커스발주량!A:AB,12,FALSE),0) -> 1 | T23: =IFERROR(ROUNDDOWN(Q23/M23,0),"") -> 0 | W23: =IFERROR(Q23-(T23*M23),"") -> 1 | AA23: =$B$13+6 -> 46313
E24: 엠즈)자개케이크우유크림110g(냉장) | M24: 72 | Q24: =IFERROR(VLOOKUP($B$1,엠즈베이커스발주량!A:AB,13,FALSE),0) -> 1 | T24: =IFERROR(ROUNDDOWN(Q24/M24,0),"") -> 0 | W24: =IFERROR(Q24-(T24*M24),"") -> 1 | AA24: =$B$13+5 -> 46312
E25: 엠즈)자개케이크인절미맛크림110g(냉장) | M25: 72 | Q25: =IFERROR(VLOOKUP($B$1,엠즈베이커스발주량!A:AB,14,FALSE),0) -> 0 | T25: =IFERROR(ROUNDDOWN(Q25/M25,0),"") -> 0 | W25: =IFERROR(Q25-(T25*M25),"") -> 0 | AA25: =$B$13+5 -> 46312
B27: 총수량 | M27: =SUM(Q13:S26) -> 306
B28: 3자물류 (더원물류) 담당자 박병선이사 010-4448-1456 | W28: 인천광역시 서구 북항로120번길 55, 청라로지스틱스센터3, 9층 02)437-0500
B32: 거 래 명 세 표 (공급자 보관용)
B34: 공 급 받 는 자 | C34: =C4 -> 등록번호 | Q34: 공 급 자 | R34: 등록번호 | V34: =V4 -> 865-86-02243
C36: =C6 -> 상 호 (법인명) | G36: =G6 -> (이마트24) | L36: =L6 -> 청라센터(저온) | R36: 상 호 (법인명) | V36: =V6 -> 엠즈베이커스 | AB36: 성 명 | AD36: =AD6 -> 조성형
C38: 사업장 주 소 | G38: =G8 -> 인천광역시 서구 북항로120번길 55, 청라로지스틱스센터3, 9층 | R38: 사업장 주 소 | V38: =V8 -> 경기도 평택시 지위면 진위서로 63
C40: 합계금액 (VAT포함) | R40: 업 태 | V40: =V10 -> 제조업 | AB40: 종 목 | AD40: =AD10 -> 빵류,초콜릿 및 과자류
B42: 년 | C42: 월 | D42: 일 | E42: 품 목 | M42: 입수 | Q42: 총수량 | T42: 박스 | W42: 낱개수량 | AA42: 비고
B43: =B13 -> 46307 | E43: =E13 -> UBE)우베크림도넛90g(냉장) | M43: =M13 -> 36 | Q43: =Q13 -> 0 | T43: =T13 -> 0 | W43: =W13 -> 0 | AA43: =AA13 -> 46312
E44: =E14 -> 구황작물)밤크림소금빵95g(냉장) | M44: =M14 -> 33 | Q44: =Q14 -> 45 | T44: =T14 -> 1 | W44: =W14 -> 12 | AA44: =AA14 -> 46312
E45: =E15 -> 리니지클래식)쫀득멜론빵85g(냉장) | M45: =M15 -> 36 | Q45: =Q15 -> 0 | T45: =T15 -> 0 | W45: =W15 -> 0 | AA45: =AA15 -> 46312
E46: =E16 -> 매일)딥초콜릿케이크105g | M46: =M16 -> 72 | Q46: =Q16 -> 55 | T46: =T16 -> 0 | W46: =W16 -> 55 | AA46: =AA16 -> 46312
E47: =E17 -> 매일우유)우유모찌롤105g | M47: =M17 -> 72 | Q47: =Q17 -> 40 | T47: =T17 -> 0 | W47: =W17 -> 40 | AA47: =AA17 -> 46312
E48: =E18 -> 매일우유)초코모찌롤105g | M48: =M18 -> 72 | Q48: =Q18 -> 32 | T48: =T18 -> 0 | W48: =W18 -> 32 | AA48: =AA18 -> 46312
E49: =E19 -> 브레드이발소)우유크림도넛95g(냉장) | M49: =M19 -> 36 | Q49: =Q19 -> 4 | T49: =T19 -> 0 | W49: =W19 -> 4 | AA49: =AA19 -> 46312
E50: =E20 -> 성수310)솔티우유크림소금빵95g(냉장) | M50: =M20 -> 33 | Q50: =Q20 -> 56 | T50: =T20 -> 1 | W50: =W20 -> 23 | AA50: =AA20 -> 46312
E51: =E21 -> 성수310)저당생크림롤우유80g(냉장) | M51: =M21 -> 72 | Q51: =Q21 -> 20 | T51: =T21 -> 0 | W51: =W21 -> 20 | AA51: =AA21 -> 46313
E52: =E22 -> 성수310)피스타치오크림소금빵95g(냉장) | M52: =M22 -> 33 | Q52: =Q22 -> 52 | T52: =T22 -> 1 | W52: =W22 -> 19 | AA52: =AA22 -> 46312
E53: =E23 -> 엠즈)상하치즈크림치즈카스테라110g(냉장) | M53: =M23 -> 46 | Q53: =Q23 -> 1 | T53: =T23 -> 0 | W53: =W23 -> 1 | AA53: =AA23 -> 46313
E54: =E24 -> 엠즈)자개케이크우유크림110g(냉장) | M54: =M24 -> 72 | Q54: =Q24 -> 1 | T54: =T24 -> 0 | W54: =W24 -> 1 | AA54: =AA24 -> 46312
E55: =E25 -> 엠즈)자개케이크인절미맛크림110g(냉장) | M55: =M25 -> 72 | Q55: =Q25 -> 0 | T55: =T25 -> 0 | W55: =W25 -> 0 | AA55: =AA25 -> 46312
B57: 총수량 | M57: =M27 -> 306
B58: =B28 -> 3자물류 (더원물류) 담당자 박병선이사 010-4448-1456 | W58: =W28 -> 인천광역시 서구 북항로120번길 55, 청라로지스틱스센터3, 9층 02)437-0500

Sheet 평택 (2)
B1: 평택2(저온)
B2: 거 래 명 세 표 (공급받는자 보관용)
B4: 공 급 받 는 자 | C4: 등록번호 | Q4: 공 급 자 | R4: 등록번호 | V4: 865-86-02243
C6: 상 호 (법인명) | G6: (이마트24) | L6: 평택센터(저온) | R6: 상 호 (법인명) | V6: 엠즈베이커스 | AB6: 성 명 | AD6: 조성형
C8: 사업장 주 소 | G8: 경기도 평택시 진위면 마산8로10, 진위물류센터 창고동 1층 | R8: 사업장 주 소 | V8: 경기도 평택시 지위면 진위서로 63
C10: 합계금액 (VAT포함) | R10: 업 태 | V10: 제조업 | AB10: 종 목 | AD10: 빵류,초콜릿 및 과자류
B12: 년 | C12: 월 | D12: 일 | E12: 품 목 | M12: 입수 | Q12: 총수량 | T12: 박스 | W12: 낱개수량 | AA12: 비고
B13: ='원주(날짜변경!!)'!$B$13 -> 46307 | E13: UBE)우베크림도넛90g(냉장) | M13: 36 | Q13: =IFERROR(VLOOKUP($B$1,엠즈베이커스발주량!A:AB,2,FALSE),0) -> 0 | T13: =IFERROR(ROUNDDOWN(Q13/M13,0),"") -> 0 | W13: =IFERROR(Q13-(T13*M13),"") -> 0 | AA13: =$B$13+5 -> 46312
E14: 구황작물)밤크림소금빵95g(냉장) | M14: 33 | Q14: =IFERROR(VLOOKUP($B$1,엠즈베이커스발주량!A:AB,3,FALSE),0) -> 24 | T14: =IFERROR(ROUNDDOWN(Q14/M14,0),"") -> 0 | W14: =IFERROR(Q14-(T14*M14),"") -> 24 | AA14: =$B$13+5 -> 46312
E15: 리니지클래식)쫀득멜론빵85g(냉장) | M15: 36 | Q15: =IFERROR(VLOOKUP($B$1,엠즈베이커스발주량!A:AB,4,FALSE),0) -> 0 | T15: =IFERROR(ROUNDDOWN(Q15/M15,0),"") -> 0 | W15: =IFERROR(Q15-(T15*M15),"") -> 0 | AA15: =$B$13+5 -> 46312
E16: 매일)딥초콜릿케이크105g | M16: 72 | Q16: =IFERROR(VLOOKUP($B$1,엠즈베이커스발주량!A:AB,5,FALSE),0) -> 28 | T16: =IFERROR(ROUNDDOWN(Q16/M16,0),"") -> 0 | W16: =IFERROR(Q16-(T16*M16),"") -> 28 | AA16: =$B$13+5 -> 46312
E17: 매일우유)우유모찌롤105g | M17: 72 | Q17: =IFERROR(VLOOKUP($B$1,엠즈베이커스발주량!A:AB,6,FALSE),0) -> 20 | T17: =IFERROR(ROUNDDOWN(Q17/M17,0),"") -> 0 | W17: =IFERROR(Q17-(T17*M17),"") -> 20 | AA17: =$B$13+5 -> 46312
E18: 매일우유)초코모찌롤105g | M18: 72 | Q18: =IFERROR(VLOOKUP($B$1,엠즈베이커스발주량!A:AB,7,FALSE),0) -> 6 | T18: =IFERROR(ROUNDDOWN(Q18/M18,0),"") -> 0 | W18: =IFERROR(Q18-(T18*M18),"") -> 6 | AA18: =$B$13+5 -> 46312
E19: 브레드이발소)우유크림도넛95g(냉장) | M19: 36 | Q19: =IFERROR(VLOOKUP($B$1,엠즈베이커스발주량!A:AB,8,FALSE),0) -> 3 | T19: =IFERROR(ROUNDDOWN(Q19/M19,0),"") -> 0 | W19: =IFERROR(Q19-(T19*M19),"") -> 3 | AA19: =$B$13+5 -> 46312
E20: 성수310)솔티우유크림소금빵95g(냉장) | M20: 33 | Q20: =IFERROR(VLOOKUP($B$1,엠즈베이커스발주량!A:AB,9,FALSE),0) -> 20 | T20: =IFERROR(ROUNDDOWN(Q20/M20,0),"") -> 0 | W20: =IFERROR(Q20-(T20*M20),"") -> 20 | AA20: =$B$13+5 -> 46312
E21: 성수310)저당생크림롤우유80g(냉장) | M21: 72 | Q21: =IFERROR(VLOOKUP($B$1,엠즈베이커스발주량!A:AB,10,FALSE),0) -> 8 | T21: =IFERROR(ROUNDDOWN(Q21/M21,0),"") -> 0 | W21: =IFERROR(Q21-(T21*M21),"") -> 8 | AA21: =$B$13+6 -> 46313
E22: 성수310)피스타치오크림소금빵95g(냉장) | M22: 33 | Q22: =IFERROR(VLOOKUP($B$1,엠즈베이커스발주량!A:AB,11,FALSE),0) -> 29 | T22: =IFERROR(ROUNDDOWN(Q22/M22,0),"") -> 0 | W22: =IFERROR(Q22-(T22*M22),"") -> 29 | AA22: =$B$13+5 -> 46312
E23: 엠즈)상하치즈크림치즈카스테라110g(냉장) | M23: 46 | Q23: =IFERROR(VLOOKUP($B$1,엠즈베이커스발주량!A:AB,12,FALSE),0) -> 0 | T23: =IFERROR(ROUNDDOWN(Q23/M23,0),"") -> 0 | W23: =IFERROR(Q23-(T23*M23),"") -> 0 | AA23: =$B$13+6 -> 46313
E24: 엠즈)자개케이크우유크림110g(냉장) | M24: 72 | Q24: =IFERROR(VLOOKUP($B$1,엠즈베이커스발주량!A:AB,13,FALSE),0) -> 0 | T24: =IFERROR(ROUNDDOWN(Q24/M24,0),"") -> 0 | W24: =IFERROR(Q24-(T24*M24),"") -> 0 | AA24: =$B$13+5 -> 46312
E25: 엠즈)자개케이크인절미맛크림110g(냉장) | M25: 72 | Q25: =IFERROR(VLOOKUP($B$1,엠즈베이커스발주량!A:AB,14,FALSE),0) -> 1 | T25: =IFERROR(ROUNDDOWN(Q25/M25,0),"") -> 0 | W25: =IFERROR(Q25-(T25*M25),"") -> 1 | AA25: =$B$13+5 -> 46312
B27: 총수량 | M27: =SUM(Q13:S26) -> 139
B28: 3자물류 (더원물류) 담당자 박병선이사 010-4448-1456 | W28: 경기도 평택시 진위면 마산8로10, 진위물류센터 창고동 1층 강민구 대리 031-663-9260
B32: 거 래 명 세 표 (공급자 보관용)
B34: 공 급 받 는 자 | C34: =C4 -> 등록번호 | Q34: 공 급 자 | R34: 등록번호 | V34: =V4 -> 865-86-02243
C36: =C6 -> 상 호 (법인명) | G36: =G6 -> (이마트24) | L36: =L6 -> 평택센터(저온) | R36: 상 호 (법인명) | V36: =V6 -> 엠즈베이커스 | AB36: 성 명 | AD36: =AD6 -> 조성형
C38: 사업장 주 소 | G38: =G8 -> 경기도 평택시 진위면 마산8로10, 진위물류센터 창고동 1층 | R38: 사업장 주 소 | V38: =V8 -> 경기도 평택시 지위면 진위서로 63
C40: 합계금액 (VAT포함) | R40: 업 태 | V40: =V10 -> 제조업 | AB40: 종 목 | AD40: =AD10 -> 빵류,초콜릿 및 과자류
B42: 년 | C42: 월 | D42: 일 | E42: 품 목 | M42: 입수 | Q42: 총수량 | T42: 박스 | W42: 낱개수량 | AA42: 비고
B43: =B13 -> 46307 | E43: =E13 -> UBE)우베크림도넛90g(냉장) | M43: =M13 -> 36 | Q43: =Q13 -> 0 | T43: =T13 -> 0 | W43: =W13 -> 0 | AA43: =AA13 -> 46312
E44: =E14 -> 구황작물)밤크림소금빵95g(냉장) | M44: =M14 -> 33 | Q44: =Q14 -> 24 | T44: =T14 -> 0 | W44: =W14 -> 24 | AA44: =AA14 -> 46312
E45: =E15 -> 리니지클래식)쫀득멜론빵85g(냉장) | M45: =M15 -> 36 | Q45: =Q15 -> 0 | T45: =T15 -> 0 | W45: =W15 -> 0 | AA45: =AA15 -> 46312
E46: =E16 -> 매일)딥초콜릿케이크105g | M46: =M16 -> 72 | Q46: =Q16 -> 28 | T46: =T16 -> 0 | W46: =W16 -> 28 | AA46: =AA16 -> 46312
E47: =E17 -> 매일우유)우유모찌롤105g | M47: =M17 -> 72 | Q47: =Q17 -> 20 | T47: =T17 -> 0 | W47: =W17 -> 20 | AA47: =AA17 -> 46312
E48: =E18 -> 매일우유)초코모찌롤105g | M48: =M18 -> 72 | Q48: =Q18 -> 6 | T48: =T18 -> 0 | W48: =W18 -> 6 | AA48: =AA18 -> 46312
E49: =E19 -> 브레드이발소)우유크림도넛95g(냉장) | M49: =M19 -> 36 | Q49: =Q19 -> 3 | T49: =T19 -> 0 | W49: =W19 -> 3 | AA49: =AA19 -> 46312
E50: =E20 -> 성수310)솔티우유크림소금빵95g(냉장) | M50: =M20 -> 33 | Q50: =Q20 -> 20 | T50: =T20 -> 0 | W50: =W20 -> 20 | AA50: =AA20 -> 46312
E51: =E21 -> 성수310)저당생크림롤우유80g(냉장) | M51: =M21 -> 72 | Q51: =Q21 -> 8 | T51: =T21 -> 0 | W51: =W21 -> 8 | AA51: =AA21 -> 46313
E52: =E22 -> 성수310)피스타치오크림소금빵95g(냉장) | M52: =M22 -> 33 | Q52: =Q22 -> 29 | T52: =T22 -> 0 | W52: =W22 -> 29 | AA52: =AA22 -> 46312
E53: =E23 -> 엠즈)상하치즈크림치즈카스테라110g(냉장) | M53: =M23 -> 46 | Q53: =Q23 -> 0 | T53: =T23 -> 0 | W53: =W23 -> 0 | AA53: =AA23 -> 46313
E54: =E24 -> 엠즈)자개케이크우유크림110g(냉장) | M54: =M24 -> 72 | Q54: =Q24 -> 0 | T54: =T24 -> 0 | W54: =W24 -> 0 | AA54: =AA24 -> 46312
E55: =E25 -> 엠즈)자개케이크인절미맛크림110g(냉장) | M55: =M25 -> 72 | Q55: =Q25 -> 1 | T55: =T25 -> 0 | W55: =W25 -> 1 | AA55: =AA25 -> 46312
B57: 총수량 | M57: =M27 -> 139
B58: =B28 -> 3자물류 (더원물류) 담당자 박병선이사 010-4448-1456 | W58: =W28 -> 경기도 평택시 진위면 마산8로10, 진위물류센터 창고동 1층 강민구 대리 031-663-9260

Sheet 포천 (2)
B1: 포천2(저온)
B2: 거 래 명 세 표 (공급받는자 보관용)
B4: 공 급 받 는 자 | C4: 등록번호 | Q4: 공 급 자 | R4: 등록번호 | V4: 865-86-02243
C6: 상 호 (법인명) | G6: (이마트24) | L6: 포천센터(저온) | R6: 상 호 (법인명) | V6: 엠즈베이커스 | AB6: 성 명 | AD6: 조성형
C8: 사업장 주 소 | G8: 경기도 포천시 설운동 477,B2F | R8: 사업장 주 소 | V8: 경기도 평택시 지위면 진위서로 63
C10: 합계금액 (VAT포함) | R10: 업 태 | V10: 제조업 | AB10: 종 목 | AD10: 빵류,초콜릿 및 과자류
B12: 년 | C12: 월 | D12: 일 | E12: 품 목 | M12: 입수 | Q12: 총수량 | T12: 박스 | W12: 낱개수량 | AA12: 비고
B13: ='원주(날짜변경!!)'!$B$13 -> 46307 | E13: UBE)우베크림도넛90g(냉장) | M13: 36 | Q13: =IFERROR(VLOOKUP($B$1,엠즈베이커스발주량!A:AB,2,FALSE),0) -> 0 | T13: =IFERROR(ROUNDDOWN(Q13/M13,0),"") -> 0 | W13: =IFERROR(Q13-(T13*M13),"") -> 0 | AA13: =$B$13+5 -> 46312
E14: 구황작물)밤크림소금빵95g(냉장) | M14: 33 | Q14: =IFERROR(VLOOKUP($B$1,엠즈베이커스발주량!A:AB,3,FALSE),0) -> 78 | T14: =IFERROR(ROUNDDOWN(Q14/M14,0),"") -> 2 | W14: =IFERROR(Q14-(T14*M14),"") -> 12 | AA14: =$B$13+5 -> 46312
E15: 리니지클래식)쫀득멜론빵85g(냉장) | M15: 36 | Q15: =IFERROR(VLOOKUP($B$1,엠즈베이커스발주량!A:AB,4,FALSE),0) -> 0 | T15: =IFERROR(ROUNDDOWN(Q15/M15,0),"") -> 0 | W15: =IFERROR(Q15-(T15*M15),"") -> 0 | AA15: =$B$13+5 -> 46312
E16: 매일)딥초콜릿케이크105g | M16: 72 | Q16: =IFERROR(VLOOKUP($B$1,엠즈베이커스발주량!A:AB,5,FALSE),0) -> 113 | T16: =IFERROR(ROUNDDOWN(Q16/M16,0),"") -> 1 | W16: =IFERROR(Q16-(T16*M16),"") -> 41 | AA16: =$B$13+5 -> 46312
E17: 매일우유)우유모찌롤105g | M17: 72 | Q17: =IFERROR(VLOOKUP($B$1,엠즈베이커스발주량!A:AB,6,FALSE),0) -> 83 | T17: =IFERROR(ROUNDDOWN(Q17/M17,0),"") -> 1 | W17: =IFERROR(Q17-(T17*M17),"") -> 11 | AA17: =$B$13+5 -> 46312
E18: 매일우유)초코모찌롤105g | M18: 72 | Q18: =IFERROR(VLOOKUP($B$1,엠즈베이커스발주량!A:AB,7,FALSE),0) -> 67 | T18: =IFERROR(ROUNDDOWN(Q18/M18,0),"") -> 0 | W18: =IFERROR(Q18-(T18*M18),"") -> 67 | AA18: =$B$13+5 -> 46312
E19: 브레드이발소)우유크림도넛95g(냉장) | M19: 36 | Q19: =IFERROR(VLOOKUP($B$1,엠즈베이커스발주량!A:AB,8,FALSE),0) -> 7 | T19: =IFERROR(ROUNDDOWN(Q19/M19,0),"") -> 0 | W19: =IFERROR(Q19-(T19*M19),"") -> 7 | AA19: =$B$13+5 -> 46312
E20: 성수310)솔티우유크림소금빵95g(냉장) | M20: 33 | Q20: =IFERROR(VLOOKUP($B$1,엠즈베이커스발주량!A:AB,9,FALSE),0) -> 62 | T20: =IFERROR(ROUNDDOWN(Q20/M20,0),"") -> 1 | W20: =IFERROR(Q20-(T20*M20),"") -> 29 | AA20: =$B$13+5 -> 46312
E21: 성수310)저당생크림롤우유80g(냉장) | M21: 72 | Q21: =IFERROR(VLOOKUP($B$1,엠즈베이커스발주량!A:AB,10,FALSE),0) -> 51 | T21: =IFERROR(ROUNDDOWN(Q21/M21,0),"") -> 0 | W21: =IFERROR(Q21-(T21*M21),"") -> 51 | AA21: =$B$13+6 -> 46313
E22: 성수310)피스타치오크림소금빵95g(냉장) | M22: 33 | Q22: =IFERROR(VLOOKUP($B$1,엠즈베이커스발주량!A:AB,11,FALSE),0) -> 80 | T22: =IFERROR(ROUNDDOWN(Q22/M22,0),"") -> 2 | W22: =IFERROR(Q22-(T22*M22),"") -> 14 | AA22: =$B$13+5 -> 46312
E23: 엠즈)상하치즈크림치즈카스테라110g(냉장) | M23: 46 | Q23: =IFERROR(VLOOKUP($B$1,엠즈베이커스발주량!A:AB,12,FALSE),0) -> 3 | T23: =IFERROR(ROUNDDOWN(Q23/M23,0),"") -> 0 | W23: =IFERROR(Q23-(T23*M23),"") -> 3 | AA23: =$B$13+6 -> 46313
E24: 엠즈)자개케이크우유크림110g(냉장) | M24: 72 | Q24: =IFERROR(VLOOKUP($B$1,엠즈베이커스발주량!A:AB,13,FALSE),0) -> 2 | T24: =IFERROR(ROUNDDOWN(Q24/M24,0),"") -> 0 | W24: =IFERROR(Q24-(T24*M24),"") -> 2 | AA24: =$B$13+5 -> 46312
E25: 엠즈)자개케이크인절미맛크림110g(냉장) | M25: 72 | Q25: =IFERROR(VLOOKUP($B$1,엠즈베이커스발주량!A:AB,14,FALSE),0) -> 3 | T25: =IFERROR(ROUNDDOWN(Q25/M25,0),"") -> 0 | W25: =IFERROR(Q25-(T25*M25),"") -> 3 | AA25: =$B$13+5 -> 46312
B27: 총수량 | M27: =SUM(Q13:S26) -> 549
B28: 3자물류 (더원물류) 담당자 박병선이사 010-4448-1456 | W28: 경기도 포천시 설운동 477,B2F 031-543-2486
B32: 거 래 명 세 표 (공급자 보관용)
B34: 공 급 받 는 자 | C34: =C4 -> 등록번호 | Q34: 공 급 자 | R34: 등록번호 | V34: =V4 -> 865-86-02243
C36: =C6 -> 상 호 (법인명) | G36: =G6 -> (이마트24) | L36: =L6 -> 포천센터(저온) | R36: 상 호 (법인명) | V36: =V6 -> 엠즈베이커스 | AB36: 성 명 | AD36: =AD6 -> 조성형
C38: 사업장 주 소 | G38: =G8 -> 경기도 포천시 설운동 477,B2F | R38: 사업장 주 소 | V38: =V8 -> 경기도 평택시 지위면 진위서로 63
C40: 합계금액 (VAT포함) | R40: 업 태 | V40: =V10 -> 제조업 | AB40: 종 목 | AD40: =AD10 -> 빵류,초콜릿 및 과자류
B42: 년 | C42: 월 | D42: 일 | E42: 품 목 | M42: 입수 | Q42: 총수량 | T42: 박스 | W42: 낱개수량 | AA42: 비고
B43: =B13 -> 46307 | E43: =E13 -> UBE)우베크림도넛90g(냉장) | M43: =M13 -> 36 | Q43: =Q13 -> 0 | T43: =T13 -> 0 | W43: =W13 -> 0 | AA43: =AA13 -> 46312
E44: =E14 -> 구황작물)밤크림소금빵95g(냉장) | M44: =M14 -> 33 | Q44: =Q14 -> 78 | T44: =T14 -> 2 | W44: =W14 -> 12 | AA44: =AA14 -> 46312
E45: =E15 -> 리니지클래식)쫀득멜론빵85g(냉장) | M45: =M15 -> 36 | Q45: =Q15 -> 0 | T45: =T15 -> 0 | W45: =W15 -> 0 | AA45: =AA15 -> 46312
E46: =E16 -> 매일)딥초콜릿케이크105g | M46: =M16 -> 72 | Q46: =Q16 -> 113 | T46: =T16 -> 1 | W46: =W16 -> 41 | AA46: =AA16 -> 46312
E47: =E17 -> 매일우유)우유모찌롤105g | M47: =M17 -> 72 | Q47: =Q17 -> 83 | T47: =T17 -> 1 | W47: =W17 -> 11 | AA47: =AA17 -> 46312
E48: =E18 -> 매일우유)초코모찌롤105g | M48: =M18 -> 72 | Q48: =Q18 -> 67 | T48: =T18 -> 0 | W48: =W18 -> 67 | AA48: =AA18 -> 46312
E49: =E19 -> 브레드이발소)우유크림도넛95g(냉장) | M49: =M19 -> 36 | Q49: =Q19 -> 7 | T49: =T19 -> 0 | W49: =W19 -> 7 | AA49: =AA19 -> 46312
E50: =E20 -> 성수310)솔티우유크림소금빵95g(냉장) | M50: =M20 -> 33 | Q50: =Q20 -> 62 | T50: =T20 -> 1 | W50: =W20 -> 29 | AA50: =AA20 -> 46312
E51: =E21 -> 성수310)저당생크림롤우유80g(냉장) | M51: =M21 -> 72 | Q51: =Q21 -> 51 | T51: =T21 -> 0 | W51: =W21 -> 51 | AA51: =AA21 -> 46313
E52: =E22 -> 성수310)피스타치오크림소금빵95g(냉장) | M52: =M22 -> 33 | Q52: =Q22 -> 80 | T52: =T22 -> 2 | W52: =W22 -> 14 | AA52: =AA22 -> 46312
E53: =E23 -> 엠즈)상하치즈크림치즈카스테라110g(냉장) | M53: =M23 -> 46 | Q53: =Q23 -> 3 | T53: =T23 -> 0 | W53: =W23 -> 3 | AA53: =AA23 -> 46313
E54: =E24 -> 엠즈)자개케이크우유크림110g(냉장) | M54: =M24 -> 72 | Q54: =Q24 -> 2 | T54: =T24 -> 0 | W54: =W24 -> 2 | AA54: =AA24 -> 46312
E55: =E25 -> 엠즈)자개케이크인절미맛크림110g(냉장) | M55: =M25 -> 72 | Q55: =Q25 -> 3 | T55: =T25 -> 0 | W55: =W25 -> 3 | AA55: =AA25 -> 46312
B57: 총수량 | M57: =M27 -> 549
B58: =B28 -> 3자물류 (더원물류) 담당자 박병선이사 010-4448-1456 | W58: =W28 -> 경기도 포천시 설운동 477,B2F 031-543-2486

Sheet 양지 (2)
B1: 양지2(저온)
B2: 거 래 명 세 표 (공급받는자 보관용)
B4: 공 급 받 는 자 | C4: 등록번호 | Q4: 공 급 자 | R4: 등록번호 | V4: 865-86-02243
C6: 상 호 (법인명) | G6: (이마트24) | L6: 양지센터(저온) | R6: 상 호 (법인명) | V6: 엠즈베이커스 | AB6: 성 명 | AD6: 조성형
C8: 사업장 주 소 | G8: 경기도 용인시 처인구 양지면 제일리 453-7 | R8: 사업장 주 소 | V8: 경기도 평택시 지위면 진위서로 63
C10: 합계금액 (VAT포함) | R10: 업 태 | V10: 제조업 | AB10: 종 목 | AD10: 빵류,초콜릿 및 과자류
B12: 년 | C12: 월 | D12: 일 | E12: 품 목 | M12: 입수 | Q12: 총수량 | T12: 박스 | W12: 낱개수량 | AA12: 비고
B13: ='원주(날짜변경!!)'!$B$13 -> 46307 | E13: UBE)우베크림도넛90g(냉장) | M13: 36 | Q13: =IFERROR(VLOOKUP($B$1,엠즈베이커스발주량!A:AB,2,FALSE),0) -> 0 | T13: =IFERROR(ROUNDDOWN(Q13/M13,0),"") -> 0 | W13: =IFERROR(Q13-(T13*M13),"") -> 0 | AA13: =$B$13+5 -> 46312
E14: 구황작물)밤크림소금빵95g(냉장) | M14: 33 | Q14: =IFERROR(VLOOKUP($B$1,엠즈베이커스발주량!A:AB,3,FALSE),0) -> 72 | T14: =IFERROR(ROUNDDOWN(Q14/M14,0),"") -> 2 | W14: =IFERROR(Q14-(T14*M14),"") -> 6 | AA14: =$B$13+5 -> 46312
E15: 리니지클래식)쫀득멜론빵85g(냉장) | M15: 36 | Q15: =IFERROR(VLOOKUP($B$1,엠즈베이커스발주량!A:AB,4,FALSE),0) -> 0 | T15: =IFERROR(ROUNDDOWN(Q15/M15,0),"") -> 0 | W15: =IFERROR(Q15-(T15*M15),"") -> 0 | AA15: =$B$13+5 -> 46312
E16: 매일)딥초콜릿케이크105g | M16: 72 | Q16: =IFERROR(VLOOKUP($B$1,엠즈베이커스발주량!A:AB,5,FALSE),0) -> 61 | T16: =IFERROR(ROUNDDOWN(Q16/M16,0),"") -> 0 | W16: =IFERROR(Q16-(T16*M16),"") -> 61 | AA16: =$B$13+5 -> 46312
E17: 매일우유)우유모찌롤105g | M17: 72 | Q17: =IFERROR(VLOOKUP($B$1,엠즈베이커스발주량!A:AB,6,FALSE),0) -> 50 | T17: =IFERROR(ROUNDDOWN(Q17/M17,0),"") -> 0 | W17: =IFERROR(Q17-(T17*M17),"") -> 50 | AA17: =$B$13+5 -> 46312
E18: 매일우유)초코모찌롤105g | M18: 72 | Q18: =IFERROR(VLOOKUP($B$1,엠즈베이커스발주량!A:AB,7,FALSE),0) -> 31 | T18: =IFERROR(ROUNDDOWN(Q18/M18,0),"") -> 0 | W18: =IFERROR(Q18-(T18*M18),"") -> 31 | AA18: =$B$13+5 -> 46312
E19: 브레드이발소)우유크림도넛95g(냉장) | M19: 36 | Q19: =IFERROR(VLOOKUP($B$1,엠즈베이커스발주량!A:AB,8,FALSE),0) -> 2 | T19: =IFERROR(ROUNDDOWN(Q19/M19,0),"") -> 0 | W19: =IFERROR(Q19-(T19*M19),"") -> 2 | AA19: =$B$13+5 -> 46312
E20: 성수310)솔티우유크림소금빵95g(냉장) | M20: 33 | Q20: =IFERROR(VLOOKUP($B$1,엠즈베이커스발주량!A:AB,9,FALSE),0) -> 80 | T20: =IFERROR(ROUNDDOWN(Q20/M20,0),"") -> 2 | W20: =IFERROR(Q20-(T20*M20),"") -> 14 | AA20: =$B$13+5 -> 46312
E21: 성수310)저당생크림롤우유80g(냉장) | M21: 72 | Q21: =IFERROR(VLOOKUP($B$1,엠즈베이커스발주량!A:AB,10,FALSE),0) -> 24 | T21: =IFERROR(ROUNDDOWN(Q21/M21,0),"") -> 0 | W21: =IFERROR(Q21-(T21*M21),"") -> 24 | AA21: =$B$13+6 -> 46313
E22: 성수310)피스타치오크림소금빵95g(냉장) | M22: 33 | Q22: =IFERROR(VLOOKUP($B$1,엠즈베이커스발주량!A:AB,11,FALSE),0) -> 62 | T22: =IFERROR(ROUNDDOWN(Q22/M22,0),"") -> 1 | W22: =IFERROR(Q22-(T22*M22),"") -> 29 | AA22: =$B$13+5 -> 46312
E23: 엠즈)상하치즈크림치즈카스테라110g(냉장) | M23: 46 | Q23: =IFERROR(VLOOKUP($B$1,엠즈베이커스발주량!A:AB,12,FALSE),0) -> 1 | T23: =IFERROR(ROUNDDOWN(Q23/M23,0),"") -> 0 | W23: =IFERROR(Q23-(T23*M23),"") -> 1 | AA23: =$B$13+6 -> 46313
E24: 엠즈)자개케이크우유크림110g(냉장) | M24: 72 | Q24: =IFERROR(VLOOKUP($B$1,엠즈베이커스발주량!A:AB,13,FALSE),0) -> 12 | T24: =IFERROR(ROUNDDOWN(Q24/M24,0),"") -> 0 | W24: =IFERROR(Q24-(T24*M24),"") -> 12 | AA24: =$B$13+5 -> 46312
E25: 엠즈)자개케이크인절미맛크림110g(냉장) | M25: 72 | Q25: =IFERROR(VLOOKUP($B$1,엠즈베이커스발주량!A:AB,14,FALSE),0) -> 12 | T25: =IFERROR(ROUNDDOWN(Q25/M25,0),"") -> 0 | W25: =IFERROR(Q25-(T25*M25),"") -> 12 | AA25: =$B$13+5 -> 46312
B27: 총수량 | M27: =SUM(Q13:S26) -> 407
B28: 3자물류 (더원물류) 담당자 박병선이사 010-4448-1456 | W28: 경기도 용인시 처인구 양지면 제일리 453-7 박영범 주임 031-8027-2080
B32: 거 래 명 세 표 (공급자 보관용)
B34: 공 급 받 는 자 | C34: =C4 -> 등록번호 | Q34: 공 급 자 | R34: 등록번호 | V34: =V4 -> 865-86-02243
C36: =C6 -> 상 호 (법인명) | G36: =G6 -> (이마트24) | L36: =L6 -> 양지센터(저온) | R36: 상 호 (법인명) | V36: =V6 -> 엠즈베이커스 | AB36: 성 명 | AD36: =AD6 -> 조성형
C38: 사업장 주 소 | G38: =G8 -> 경기도 용인시 처인구 양지면 제일리 453-7 | R38: 사업장 주 소 | V38: =V8 -> 경기도 평택시 지위면 진위서로 63
C40: 합계금액 (VAT포함) | R40: 업 태 | V40: =V10 -> 제조업 | AB40: 종 목 | AD40: =AD10 -> 빵류,초콜릿 및 과자류
B42: 년 | C42: 월 | D42: 일 | E42: 품 목 | M42: 입수 | Q42: 총수량 | T42: 박스 | W42: 낱개수량 | AA42: 비고
B43: =B13 -> 46307 | E43: =E13 -> UBE)우베크림도넛90g(냉장) | M43: =M13 -> 36 | Q43: =Q13 -> 0 | T43: =T13 -> 0 | W43: =W13 -> 0 | AA43: =AA13 -> 46312
E44: =E14 -> 구황작물)밤크림소금빵95g(냉장) | M44: =M14 -> 33 | Q44: =Q14 -> 72 | T44: =T14 -> 2 | W44: =W14 -> 6 | AA44: =AA14 -> 46312
E45: =E15 -> 리니지클래식)쫀득멜론빵85g(냉장) | M45: =M15 -> 36 | Q45: =Q15 -> 0 | T45: =T15 -> 0 | W45: =W15 -> 0 | AA45: =AA15 -> 46312
E46: =E16 -> 매일)딥초콜릿케이크105g | M46: =M16 -> 72 | Q46: =Q16 -> 61 | T46: =T16 -> 0 | W46: =W16 -> 61 | AA46: =AA16 -> 46312
E47: =E17 -> 매일우유)우유모찌롤105g | M47: =M17 -> 72 | Q47: =Q17 -> 50 | T47: =T17 -> 0 | W47: =W17 -> 50 | AA47: =AA17 -> 46312
E48: =E18 -> 매일우유)초코모찌롤105g | M48: =M18 -> 72 | Q48: =Q18 -> 31 | T48: =T18 -> 0 | W48: =W18 -> 31 | AA48: =AA18 -> 46312
E49: =E19 -> 브레드이발소)우유크림도넛95g(냉장) | M49: =M19 -> 36 | Q49: =Q19 -> 2 | T49: =T19 -> 0 | W49: =W19 -> 2 | AA49: =AA19 -> 46312
E50: =E20 -> 성수310)솔티우유크림소금빵95g(냉장) | M50: =M20 -> 33 | Q50: =Q20 -> 80 | T50: =T20 -> 2 | W50: =W20 -> 14 | AA50: =AA20 -> 46312
E51: =E21 -> 성수310)저당생크림롤우유80g(냉장) | M51: =M21 -> 72 | Q51: =Q21 -> 24 | T51: =T21 -> 0 | W51: =W21 -> 24 | AA51: =AA21 -> 46313
E52: =E22 -> 성수310)피스타치오크림소금빵95g(냉장) | M52: =M22 -> 33 | Q52: =Q22 -> 62 | T52: =T22 -> 1 | W52: =W22 -> 29 | AA52: =AA22 -> 46312
E53: =E23 -> 엠즈)상하치즈크림치즈카스테라110g(냉장) | M53: =M23 -> 46 | Q53: =Q23 -> 1 | T53: =T23 -> 0 | W53: =W23 -> 1 | AA53: =AA23 -> 46313
E54: =E24 -> 엠즈)자개케이크우유크림110g(냉장) | M54: =M24 -> 72 | Q54: =Q24 -> 12 | T54: =T24 -> 0 | W54: =W24 -> 12 | AA54: =AA24 -> 46312
E55: =E25 -> 엠즈)자개케이크인절미맛크림110g(냉장) | M55: =M25 -> 72 | Q55: =Q25 -> 12 | T55: =T25 -> 0 | W55: =W25 -> 12 | AA55: =AA25 -> 46312
B57: 총수량 | M57: =M27 -> 407
B58: =B28 -> 3자물류 (더원물류) 담당자 박병선이사 010-4448-1456 | W58: =W28 -> 경기도 용인시 처인구 양지면 제일리 453-7 박영범 주임 031-8027-2080

Sheet 뚠뚠피벗발주량(재고)
B1: 열 레이블
A2: 행 레이블 | B2: 뚠뚠)키리모찌돈코츠라멘195g | C2: 총합계
A3: 양산2(저온)
A4: 장성2(저온)
A5: 세종2(저온)
A6: 김천2(저온)
A7: 경산2(저온)
A8: 화성2(저온)
A9: 청라2(저온)
A10: 포천2(저온)
A11: 양지2(저온)
A12: 총합계

Sheet 원주
B1: 원주2(저온)
B2: 거 래 명 세 표 (공급받는자 보관용)
B4: 공 급 받 는 자 | C4: 등록번호 | Q4: 공 급 자 | R4: 등록번호 | V4: 679-88-01778
C6: 상 호 (법인명) | G6: (이마트24) | L6: 원주센터(저온) | R6: 상 호 (법인명) | V6: 뚠뚠푸드 | AB6: 성 명 | AD6: 배진형
C8: 사업장 주 소 | G8: 강원특별자치도 원주시 호저면 주산리 298,1층 | R8: 사업장 주 소 | V8: 인천광역시 남동구 남동동로 195(고잔동)
C10: 합계금액 (VAT포함) | R10: 업 태 | V10: 제조업 | AB10: 종 목 | AD10: 식품
B12: 년 | C12: 월 | D12: 일 | E12: 품 목 | M12: 입수 | Q12: 총수량 | T12: 박스 | W12: 낱개수량 | AA12: 비고
B13: ='원주 (20)'!B13 -> 45950 | E13: 뚠뚠)키리모찌돈코츠라멘195g | M13: 24 | Q13: =IFERROR(VLOOKUP($B$1,'뚠뚠피벗발주량(재고)'!A:BX,2,FALSE),0) -> 0 | T13: =IFERROR(ROUNDDOWN(Q13/M13,0),"") -> 0 | W13: =IFERROR(Q13-(T13*M13),"") -> 0 | AA13: 25.11.15
B20: 총수량 | M20: =SUM(Q13:S19) -> 0
B21: 3자물류 (더원물류) 담당자 박병선이사 010-4448-1456 | W21: =G8 -> 강원특별자치도 원주시 호저면 주산리 298,1층
B25: 거 래 명 세 표 (공급자 보관용)
B27: 공 급 받 는 자 | C27: =C4 -> 등록번호 | Q27: 공 급 자 | R27: 등록번호 | V27: =V4 -> 679-88-01778
C29: =C6 -> 상 호 (법인명) | G29: =G6 -> (이마트24) | L29: =L6 -> 원주센터(저온) | R29: 상 호 (법인명) | V29: =V6 -> 뚠뚠푸드 | AB29: 성 명 | AD29: =AD6 -> 배진형
C31: 사업장 주 소 | G31: =G8 -> 강원특별자치도 원주시 호저면 주산리 298,1층 | R31: 사업장 주 소 | V31: =V8 -> 인천광역시 남동구 남동동로 195(고잔동)
C33: 합계금액 (VAT포함) | R33: 업 태 | V33: =V10 -> 제조업 | AB33: =AB10 -> 종 목 | AD33: =AD10 -> 식품
B35: 년 | C35: 월 | D35: 일 | E35: 품 목 | M35: 입수 | Q35: 총수량 | T35: 박스 | W35: 낱개수량 | AA35: 비고
B36: =B13 -> 45950 | E36: =E13 -> 뚠뚠)키리모찌돈코츠라멘195g | M36: =M13 -> 24 | Q36: =Q13 -> 0 | T36: =T13 -> 0 | W36: =W13 -> 0 | AA36: =AA13 -> 25.11.15
B42: =B20 -> 총수량 | M42: =M20 -> 0
B43: =B21 -> 3자물류 (더원물류) 담당자 박병선이사 010-4448-1456 | W43: =W21 -> 강원특별자치도 원주시 호저면 주산리 298,1층

Sheet 김해
B1: 김해2(저온)
B2: 거 래 명 세 표 (공급받는자 보관용)
B4: 공 급 받 는 자 | C4: 등록번호 | Q4: 공 급 자 | R4: 등록번호 | V4: 679-88-01778
C6: 상 호 (법인명) | G6: (이마트24) | L6: 김해센터(저온) | R6: 상 호 (법인명) | V6: 뚠뚠푸드 | AB6: 성 명 | AD6: 배진형
C8: 사업장 주 소 | G8: 경상남도 김해시 진례면 테크노밸리로 193-28 | R8: 사업장 주 소 | V8: 인천광역시 남동구 남동동로 195(고잔동)
C10: 합계금액 (VAT포함) | R10: 업 태 | V10: 제조업 | AB10: 종 목 | AD10: 식품
B12: 년 | C12: 월 | D12: 일 | E12: 품 목 | M12: 입수 | Q12: 총수량 | T12: 박스 | W12: 낱개수량 | AA12: 비고
B13: ='원주 (20)'!B13 -> 45950 | E13: 뚠뚠)키리모찌돈코츠라멘195g | M13: 24 | Q13: =IFERROR(VLOOKUP($B$1,'뚠뚠피벗발주량(재고)'!A:BX,2,FALSE),0) -> 0 | T13: =IFERROR(ROUNDDOWN(Q13/M13,0),"") -> 0 | W13: =IFERROR(Q13-(T13*M13),"") -> 0 | AA13: 25.11.15
B20: 총수량 | M20: =SUM(Q13:S19) -> 0
B21: 3자물류 (더원물류) 담당자 박병선이사 010-4448-1456 | W21: 경상남도 김해시 진례면 테크노밸리로 193-28 TEL 070-4398-2825
B25: 거 래 명 세 표 (공급자 보관용)
B27: 공 급 받 는 자 | C27: =C4 -> 등록번호 | Q27: 공 급 자 | R27: 등록번호 | V27: =V4 -> 679-88-01778
C29: =C6 -> 상 호 (법인명) | G29: =G6 -> (이마트24) | L29: =L6 -> 김해센터(저온) | R29: 상 호 (법인명) | V29: =V6 -> 뚠뚠푸드 | AB29: 성 명 | AD29: =AD6 -> 배진형
C31: 사업장 주 소 | G31: =G8 -> 경상남도 김해시 진례면 테크노밸리로 193-28 | R31: 사업장 주 소 | V31: =V8 -> 인천광역시 남동구 남동동로 195(고잔동)
C33: 합계금액 (VAT포함) | R33: 업 태 | V33: =V10 -> 제조업 | AB33: =AB10 -> 종 목 | AD33: =AD10 -> 식품
B35: 년 | C35: 월 | D35: 일 | E35: 품 목 | M35: 입수 | Q35: 총수량 | T35: 박스 | W35: 낱개수량 | AA35: 비고
B36: =B13 -> 45950 | E36: =E13 -> 뚠뚠)키리모찌돈코츠라멘195g | M36: =M13 -> 24 | Q36: =Q13 -> 0 | T36: =T13 -> 0 | W36: =W13 -> 0 | AA36: =AA13 -> 25.11.15
B42: =B20 -> 총수량 | M42: =M20 -> 0
B43: =B21 -> 3자물류 (더원물류) 담당자 박병선이사 010-4448-1456 | W43: =W21 -> 경상남도 김해시 진례면 테크노밸리로 193-28 TEL 070-4398-2825

Sheet 양산
B1: 양산2(저온)
B2: 거 래 명 세 표 (공급받는자 보관용)
B4: 공 급 받 는 자 | C4: 등록번호 | Q4: 공 급 자 | R4: 등록번호 | V4: 679-88-01778
C6: 상 호 (법인명) | G6: (이마트24) | L6: 양산센터(저온) | R6: 상 호 (법인명) | V6: 뚠뚠푸드 | AB6: 성 명 | AD6: 배진형
C8: 사업장 주 소 | G8: 경상남도 양산시 산막공단북3길 25(산막동 313-4) | R8: 사업장 주 소 | V8: 인천광역시 남동구 남동동로 195(고잔동)
C10: 합계금액 (VAT포함) | R10: 업 태 | V10: 제조업 | AB10: 종 목 | AD10: 식품
B12: 년 | C12: 월 | D12: 일 | E12: 품 목 | M12: 입수 | Q12: 총수량 | T12: 박스 | W12: 낱개수량 | AA12: 비고
B13: ='원주 (20)'!B13 -> 45950 | E13: 뚠뚠)키리모찌돈코츠라멘195g | M13: 24 | Q13: =IFERROR(VLOOKUP($B$1,'뚠뚠피벗발주량(재고)'!A:BX,2,FALSE),0) -> 0 | T13: =IFERROR(ROUNDDOWN(Q13/M13,0),"") -> 0 | W13: =IFERROR(Q13-(T13*M13),"") -> 0 | AA13: 25.11.15
B20: 총수량 | M20: =SUM(Q13:S19) -> 0
B21: 3자물류 (더원물류) 담당자 박병선이사 010-4448-1456 | W21: =G8 -> 경상남도 양산시 산막공단북3길 25(산막동 313-4)
B25: 거 래 명 세 표 (공급자 보관용)
B27: 공 급 받 는 자 | C27: =C4 -> 등록번호 | Q27: 공 급 자 | R27: 등록번호 | V27: =V4 -> 679-88-01778
C29: =C6 -> 상 호 (법인명) | G29: =G6 -> (이마트24) | L29: =L6 -> 양산센터(저온) | R29: 상 호 (법인명) | V29: =V6 -> 뚠뚠푸드 | AB29: 성 명 | AD29: =AD6 -> 배진형
C31: 사업장 주 소 | G31: =G8 -> 경상남도 양산시 산막공단북3길 25(산막동 313-4) | R31: 사업장 주 소 | V31: =V8 -> 인천광역시 남동구 남동동로 195(고잔동)
C33: 합계금액 (VAT포함) | R33: 업 태 | V33: =V10 -> 제조업 | AB33: =AB10 -> 종 목 | AD33: =AD10 -> 식품
B35: 년 | C35: 월 | D35: 일 | E35: 품 목 | M35: 입수 | Q35: 총수량 | T35: 박스 | W35: 낱개수량 | AA35: 비고
B36: =B13 -> 45950 | E36: =E13 -> 뚠뚠)키리모찌돈코츠라멘195g | M36: =M13 -> 24 | Q36: =Q13 -> 0 | T36: =T13 -> 0 | W36: =W13 -> 0 | AA36: =AA13 -> 25.11.15
B42: =B20 -> 총수량 | M42: =M20 -> 0
B43: =B21 -> 3자물류 (더원물류) 담당자 박병선이사 010-4448-1456 | W43: =W21 -> 경상남도 양산시 산막공단북3길 25(산막동 313-4)

Sheet 세종
B1: 세종2(저온)
B2: 거 래 명 세 표 (공급받는자 보관용)
B4: 공 급 받 는 자 | C4: 등록번호 | Q4: 공 급 자 | R4: 등록번호 | V4: 679-88-01778
C6: 상 호 (법인명) | G6: (이마트24) | L6: 세종센터(저온) | R6: 상 호 (법인명) | V6: 뚠뚠푸드 | AB6: 성 명 | AD6: 배진형
C8: 사업장 주 소 | G8: 세종특별자치시 연동면 응암리 925 E동 | R8: 사업장 주 소 | V8: 인천광역시 남동구 남동동로 195(고잔동)
C10: 합계금액 (VAT포함) | R10: 업 태 | V10: 제조업 | AB10: 종 목 | AD10: 식품
B12: 년 | C12: 월 | D12: 일 | E12: 품 목 | M12: 입수 | Q12: 총수량 | T12: 박스 | W12: 낱개수량 | AA12: 비고
B13: ='원주 (20)'!B13 -> 45950 | E13: 뚠뚠)키리모찌돈코츠라멘195g | M13: 24 | Q13: =IFERROR(VLOOKUP($B$1,'뚠뚠피벗발주량(재고)'!A:BX,2,FALSE),0) -> 0 | T13: =IFERROR(ROUNDDOWN(Q13/M13,0),"") -> 0 | W13: =IFERROR(Q13-(T13*M13),"") -> 0 | AA13: 25.11.15
B20: 총수량 | M20: =SUM(Q13:S19) -> 0
B21: 3자물류 (더원물류) 담당자 박병선이사 010-4448-1456 | W21: 세종특별자치시 연동면 응암리 925 E동 허승현 대리 044-862-4400
B25: 거 래 명 세 표 (공급자 보관용)
B27: 공 급 받 는 자 | C27: =C4 -> 등록번호 | Q27: 공 급 자 | R27: 등록번호 | V27: =V4 -> 679-88-01778
C29: =C6 -> 상 호 (법인명) | G29: =G6 -> (이마트24) | L29: =L6 -> 세종센터(저온) | R29: 상 호 (법인명) | V29: =V6 -> 뚠뚠푸드 | AB29: 성 명 | AD29: =AD6 -> 배진형
C31: 사업장 주 소 | G31: =G8 -> 세종특별자치시 연동면 응암리 925 E동 | R31: 사업장 주 소 | V31: =V8 -> 인천광역시 남동구 남동동로 195(고잔동)
C33: 합계금액 (VAT포함) | R33: 업 태 | V33: =V10 -> 제조업 | AB33: =AB10 -> 종 목 | AD33: =AD10 -> 식품
B35: 년 | C35: 월 | D35: 일 | E35: 품 목 | M35: 입수 | Q35: 총수량 | T35: 박스 | W35: 낱개수량 | AA35: 비고
B36: =B13 -> 45950 | E36: =E13 -> 뚠뚠)키리모찌돈코츠라멘195g | M36: =M13 -> 24 | Q36: =Q13 -> 0 | T36: =T13 -> 0 | W36: =W13 -> 0 | AA36: =AA13 -> 25.11.15
B42: =B20 -> 총수량 | M42: =M20 -> 0
B43: =B21 -> 3자물류 (더원물류) 담당자 박병선이사 010-4448-1456 | W43: =W21 -> 세종특별자치시 연동면 응암리 925 E동 허승현 대리 044-862-4400

Sheet 장성
B1: 장성2(저온)
B2: 거 래 명 세 표 (공급받는자 보관용)
B4: 공 급 받 는 자 | C4: 등록번호 | Q4: 공 급 자 | R4: 등록번호 | V4: 679-88-01778
C6: 상 호 (법인명) | G6: (이마트24) | L6: 장성센터(저온) | R6: 상 호 (법인명) | V6: 뚠뚠푸드 | AB6: 성 명 | AD6: 배진형
C8: 사업장 주 소 | G8: 전라남도 장성군 황룡면 황룡리 44-2 2층 | R8: 사업장 주 소 | V8: 인천광역시 남동구 남동동로 195(고잔동)
C10: 합계금액 (VAT포함) | R10: 업 태 | V10: 제조업 | AB10: 종 목 | AD10: 식품
B12: 년 | C12: 월 | D12: 일 | E12: 품 목 | M12: 입수 | Q12: 총수량 | T12: 박스 | W12: 낱개수량 | AA12: 비고
B13: ='원주 (20)'!B13 -> 45950 | E13: 뚠뚠)키리모찌돈코츠라멘195g | M13: 24 | Q13: =IFERROR(VLOOKUP($B$1,'뚠뚠피벗발주량(재고)'!A:BX,2,FALSE),0) -> 0 | T13: =IFERROR(ROUNDDOWN(Q13/M13,0),"") -> 0 | W13: =IFERROR(Q13-(T13*M13),"") -> 0 | AA13: 25.11.15
B20: 총수량 | M20: =SUM(Q13:S19) -> 0
B21: 3자물류 (더원물류) 담당자 박병선이사 010-4448-1456 | W21: =G8 -> 전라남도 장성군 황룡면 황룡리 44-2 2층
B25: 거 래 명 세 표 (공급자 보관용)
B27: 공 급 받 는 자 | C27: =C4 -> 등록번호 | Q27: 공 급 자 | R27: 등록번호 | V27: =V4 -> 679-88-01778
C29: =C6 -> 상 호 (법인명) | G29: =G6 -> (이마트24) | L29: =L6 -> 장성센터(저온) | R29: 상 호 (법인명) | V29: =V6 -> 뚠뚠푸드 | AB29: 성 명 | AD29: =AD6 -> 배진형
C31: 사업장 주 소 | G31: =G8 -> 전라남도 장성군 황룡면 황룡리 44-2 2층 | R31: 사업장 주 소 | V31: =V8 -> 인천광역시 남동구 남동동로 195(고잔동)
C33: 합계금액 (VAT포함) | R33: 업 태 | V33: =V10 -> 제조업 | AB33: =AB10 -> 종 목 | AD33: =AD10 -> 식품
B35: 년 | C35: 월 | D35: 일 | E35: 품 목 | M35: 입수 | Q35: 총수량 | T35: 박스 | W35: 낱개수량 | AA35: 비고
B36: =B13 -> 45950 | E36: =E13 -> 뚠뚠)키리모찌돈코츠라멘195g | M36: =M13 -> 24 | Q36: =Q13 -> 0 | T36: =T13 -> 0 | W36: =W13 -> 0 | AA36: =AA13 -> 25.11.15
B42: =B20 -> 총수량 | M42: =M20 -> 0
B43: =B21 -> 3자물류 (더원물류) 담당자 박병선이사 010-4448-1456 | W43: =W21 -> 전라남도 장성군 황룡면 황룡리 44-2 2층

Sheet 김천
B1: 김천2(저온)
B2: 거 래 명 세 표 (공급받는자 보관용)
B4: 공 급 받 는 자 | C4: 등록번호 | Q4: 공 급 자 | R4: 등록번호 | V4: 679-88-01778
C6: 상 호 (법인명) | G6: (이마트24) | L6: 김천센터(저온) | R6: 상 호 (법인명) | V6: 뚠뚠푸드 | AB6: 성 명 | AD6: 배진형
C8: 사업장 주 소 | G8: 경상북도 김천시 어모면 옥율리 212 | R8: 사업장 주 소 | V8: 인천광역시 남동구 남동동로 195(고잔동)
C10: 합계금액 (VAT포함) | R10: 업 태 | V10: 제조업 | AB10: 종 목 | AD10: 식품
B12: 년 | C12: 월 | D12: 일 | E12: 품 목 | M12: 입수 | Q12: 총수량 | T12: 박스 | W12: 낱개수량 | AA12: 비고
B13: ='원주 (20)'!B13 -> 45950 | E13: 뚠뚠)키리모찌돈코츠라멘195g | M13: 24 | Q13: =IFERROR(VLOOKUP($B$1,'뚠뚠피벗발주량(재고)'!A:BX,2,FALSE),0) -> 0 | T13: =IFERROR(ROUNDDOWN(Q13/M13,0),"") -> 0 | W13: =IFERROR(Q13-(T13*M13),"") -> 0 | AA13: 25.11.15
B20: 총수량 | M20: =SUM(Q13:S19) -> 0
B21: 3자물류 (더원물류) 담당자 박병선이사 010-4448-1456 | W21: =G8 -> 경상북도 김천시 어모면 옥율리 212
B25: 거 래 명 세 표 (공급자 보관용)
B27: 공 급 받 는 자 | C27: =C4 -> 등록번호 | Q27: 공 급 자 | R27: 등록번호 | V27: =V4 -> 679-88-01778
C29: =C6 -> 상 호 (법인명) | G29: =G6 -> (이마트24) | L29: =L6 -> 김천센터(저온) | R29: 상 호 (법인명) | V29: =V6 -> 뚠뚠푸드 | AB29: 성 명 | AD29: =AD6 -> 배진형
C31: 사업장 주 소 | G31: =G8 -> 경상북도 김천시 어모면 옥율리 212 | R31: 사업장 주 소 | V31: =V8 -> 인천광역시 남동구 남동동로 195(고잔동)
C33: 합계금액 (VAT포함) | R33: 업 태 | V33: =V10 -> 제조업 | AB33: =AB10 -> 종 목 | AD33: =AD10 -> 식품
B35: 년 | C35: 월 | D35: 일 | E35: 품 목 | M35: 입수 | Q35: 총수량 | T35: 박스 | W35: 낱개수량 | AA35: 비고
B36: =B13 -> 45950 | E36: =E13 -> 뚠뚠)키리모찌돈코츠라멘195g | M36: =M13 -> 24 | Q36: =Q13 -> 0 | T36: =T13 -> 0 | W36: =W13 -> 0 | AA36: =AA13 -> 25.11.15
B42: =B20 -> 총수량 | M42: =M20 -> 0
B43: =B21 -> 3자물류 (더원물류) 담당자 박병선이사 010-4448-1456 | W43: =W21 -> 경상북도 김천시 어모면 옥율리 212

Sheet 경산
B1: 경산2(저온)
B2: 거 래 명 세 표 (공급받는자 보관용)
B4: 공 급 받 는 자 | C4: 등록번호 | Q4: 공 급 자 | R4: 등록번호 | V4: 679-88-01778
C6: 상 호 (법인명) | G6: (이마트24) | L6: 경산센터(저온) | R6: 상 호 (법인명) | V6: 뚠뚠푸드 | AB6: 성 명 | AD6: 배진형
C8: 사업장 주 소 | G8: 경상북도 경산시 압량읍 가야로 20 | R8: 사업장 주 소 | V8: 인천광역시 남동구 남동동로 195(고잔동)
C10: 합계금액 (VAT포함) | R10: 업 태 | V10: 제조업 | AB10: 종 목 | AD10: 식품
B12: 년 | C12: 월 | D12: 일 | E12: 품 목 | M12: 입수 | Q12: 총수량 | T12: 박스 | W12: 낱개수량 | AA12: 비고
B13: ='원주 (20)'!B13 -> 45950 | E13: 뚠뚠)키리모찌돈코츠라멘195g | M13: 24 | Q13: =IFERROR(VLOOKUP($B$1,'뚠뚠피벗발주량(재고)'!A:BX,2,FALSE),0) -> 0 | T13: =IFERROR(ROUNDDOWN(Q13/M13,0),"") -> 0 | W13: =IFERROR(Q13-(T13*M13),"") -> 0 | AA13: 25.11.15
B20: 총수량 | M20: =SUM(Q13:S19) -> 0
B21: 3자물류 (더원물류) 담당자 박병선이사 010-4448-1456 | W21: =G8 -> 경상북도 경산시 압량읍 가야로 20
B25: 거 래 명 세 표 (공급자 보관용)
B27: 공 급 받 는 자 | C27: =C4 -> 등록번호 | Q27: 공 급 자 | R27: 등록번호 | V27: =V4 -> 679-88-01778
C29: =C6 -> 상 호 (법인명) | G29: =G6 -> (이마트24) | L29: =L6 -> 경산센터(저온) | R29: 상 호 (법인명) | V29: =V6 -> 뚠뚠푸드 | AB29: 성 명 | AD29: =AD6 -> 배진형
C31: 사업장 주 소 | G31: =G8 -> 경상북도 경산시 압량읍 가야로 20 | R31: 사업장 주 소 | V31: =V8 -> 인천광역시 남동구 남동동로 195(고잔동)
C33: 합계금액 (VAT포함) | R33: 업 태 | V33: =V10 -> 제조업 | AB33: =AB10 -> 종 목 | AD33: =AD10 -> 식품
B35: 년 | C35: 월 | D35: 일 | E35: 품 목 | M35: 입수 | Q35: 총수량 | T35: 박스 | W35: 낱개수량 | AA35: 비고
B36: =B13 -> 45950 | E36: =E13 -> 뚠뚠)키리모찌돈코츠라멘195g | M36: =M13 -> 24 | Q36: =Q13 -> 0 | T36: =T13 -> 0 | W36: =W13 -> 0 | AA36: =AA13 -> 25.11.15
B42: =B20 -> 총수량 | M42: =M20 -> 0
B43: =B21 -> 3자물류 (더원물류) 담당자 박병선이사 010-4448-1456 | W43: =W21 -> 경상북도 경산시 압량읍 가야로 20

Sheet 화성
B1: 화성2(저온)
B2: 거 래 명 세 표 (공급받는자 보관용)
B4: 공 급 받 는 자 | C4: 등록번호 | Q4: 공 급 자 | R4: 등록번호 | V4: 679-88-01778
C6: 상 호 (법인명) | G6: (이마트24) | L6: 화성센터(저온) | R6: 상 호 (법인명) | V6: 뚠뚠푸드 | AB6: 성 명 | AD6: 배진형
C8: 사업장 주 소 | G8: 경기 화성시 초록로 103 | R8: 사업장 주 소 | V8: 인천광역시 남동구 남동동로 195(고잔동)
C10: 합계금액 (VAT포함) | R10: 업 태 | V10: 제조업 | AB10: 종 목 | AD10: 식품
B12: 년 | C12: 월 | D12: 일 | E12: 품 목 | M12: 입수 | Q12: 총수량 | T12: 박스 | W12: 낱개수량 | AA12: 비고
B13: ='원주 (20)'!B13 -> 45950 | E13: 뚠뚠)키리모찌돈코츠라멘195g | M13: 24 | Q13: =IFERROR(VLOOKUP($B$1,'뚠뚠피벗발주량(재고)'!A:BX,2,FALSE),0) -> 0 | T13: =IFERROR(ROUNDDOWN(Q13/M13,0),"") -> 0 | W13: =IFERROR(Q13-(T13*M13),"") -> 0 | AA13: 25.11.15
B20: 총수량 | M20: =SUM(Q13:S19) -> 0
B21: 3자물류 (더원물류) 담당자 박병선이사 010-4448-1456 | W21: 경기 화성시 초록로 103 오민수 대리 031-8077-2407
B25: 거 래 명 세 표 (공급자 보관용)
B27: 공 급 받 는 자 | C27: =C4 -> 등록번호 | Q27: 공 급 자 | R27: 등록번호 | V27: =V4 -> 679-88-01778
C29: =C6 -> 상 호 (법인명) | G29: =G6 -> (이마트24) | L29: =L6 -> 화성센터(저온) | R29: 상 호 (법인명) | V29: =V6 -> 뚠뚠푸드 | AB29: 성 명 | AD29: =AD6 -> 배진형
C31: 사업장 주 소 | G31: =G8 -> 경기 화성시 초록로 103 | R31: 사업장 주 소 | V31: =V8 -> 인천광역시 남동구 남동동로 195(고잔동)
C33: 합계금액 (VAT포함) | R33: 업 태 | V33: =V10 -> 제조업 | AB33: =AB10 -> 종 목 | AD33: =AD10 -> 식품
B35: 년 | C35: 월 | D35: 일 | E35: 품 목 | M35: 입수 | Q35: 총수량 | T35: 박스 | W35: 낱개수량 | AA35: 비고
B36: =B13 -> 45950 | E36: =E13 -> 뚠뚠)키리모찌돈코츠라멘195g | M36: =M13 -> 24 | Q36: =Q13 -> 0 | T36: =T13 -> 0 | W36: =W13 -> 0 | AA36: =AA13 -> 25.11.15
B42: =B20 -> 총수량 | M42: =M20 -> 0
B43: =B21 -> 3자물류 (더원물류) 담당자 박병선이사 010-4448-1456 | W43: =W21 -> 경기 화성시 초록로 103 오민수 대리 031-8077-2407

Sheet 청라
B1: 청라2(저온)
B2: 거 래 명 세 표 (공급받는자 보관용)
B4: 공 급 받 는 자 | C4: 등록번호 | Q4: 공 급 자 | R4: 등록번호 | V4: 679-88-01778
C6: 상 호 (법인명) | G6: (이마트24) | L6: 청라센터(저온) | R6: 상 호 (법인명) | V6: 뚠뚠푸드 | AB6: 성 명 | AD6: 배진형
C8: 사업장 주 소 | G8: 인천광역시 서구 북항로120번길 55, 청라로지스틱스센터3, 9층 | R8: 사업장 주 소 | V8: 인천광역시 남동구 남동동로 195(고잔동)
C10: 합계금액 (VAT포함) | R10: 업 태 | V10: 제조업 | AB10: 종 목 | AD10: 식품
B12: 년 | C12: 월 | D12: 일 | E12: 품 목 | M12: 입수 | Q12: 총수량 | T12: 박스 | W12: 낱개수량 | AA12: 비고
B13: ='원주 (20)'!B13 -> 45950 | E13: 뚠뚠)키리모찌돈코츠라멘195g | M13: 24 | Q13: =IFERROR(VLOOKUP($B$1,'뚠뚠피벗발주량(재고)'!A:BX,2,FALSE),0) -> 0 | T13: =IFERROR(ROUNDDOWN(Q13/M13,0),"") -> 0 | W13: =IFERROR(Q13-(T13*M13),"") -> 0 | AA13: 25.11.15
B20: 총수량 | M20: =SUM(Q13:S19) -> 0
B21: 3자물류 (더원물류) 담당자 박병선이사 010-4448-1456 | W21: 인천광역시 서구 북항로120번길 55, 청라로지스틱스센터3, 9층 02)437-0500
B25: 거 래 명 세 표 (공급자 보관용)
B27: 공 급 받 는 자 | C27: =C4 -> 등록번호 | Q27: 공 급 자 | R27: 등록번호 | V27: =V4 -> 679-88-01778
C29: =C6 -> 상 호 (법인명) | G29: =G6 -> (이마트24) | L29: =L6 -> 청라센터(저온) | R29: 상 호 (법인명) | V29: =V6 -> 뚠뚠푸드 | AB29: 성 명 | AD29: =AD6 -> 배진형
C31: 사업장 주 소 | G31: =G8 -> 인천광역시 서구 북항로120번길 55, 청라로지스틱스센터3, 9층 | R31: 사업장 주 소 | V31: =V8 -> 인천광역시 남동구 남동동로 195(고잔동)
C33: 합계금액 (VAT포함) | R33: 업 태 | V33: =V10 -> 제조업 | AB33: =AB10 -> 종 목 | AD33: =AD10 -> 식품
B35: 년 | C35: 월 | D35: 일 | E35: 품 목 | M35: 입수 | Q35: 총수량 | T35: 박스 | W35: 낱개수량 | AA35: 비고
B36: =B13 -> 45950 | E36: =E13 -> 뚠뚠)키리모찌돈코츠라멘195g | M36: =M13 -> 24 | Q36: =Q13 -> 0 | T36: =T13 -> 0 | W36: =W13 -> 0 | AA36: =AA13 -> 25.11.15
B42: =B20 -> 총수량 | M42: =M20 -> 0
B43: =B21 -> 3자물류 (더원물류) 담당자 박병선이사 010-4448-1456 | W43: =W21 -> 인천광역시 서구 북항로120번길 55, 청라로지스틱스센터3, 9층 02)437-0500

Sheet 평택
B1: 평택2(저온)
B2: 거 래 명 세 표 (공급받는자 보관용)
B4: 공 급 받 는 자 | C4: 등록번호 | Q4: 공 급 자 | R4: 등록번호 | V4: 679-88-01778
C6: 상 호 (법인명) | G6: (이마트24) | L6: 평택센터(저온) | R6: 상 호 (법인명) | V6: 뚠뚠푸드 | AB6: 성 명 | AD6: 배진형
C8: 사업장 주 소 | G8: 경기도 평택시 진위면 마산8로10, 진위물류센터 창고동 1층 | R8: 사업장 주 소 | V8: 인천광역시 남동구 남동동로 195(고잔동)
C10: 합계금액 (VAT포함) | R10: 업 태 | V10: 제조업 | AB10: 종 목 | AD10: 식품
B12: 년 | C12: 월 | D12: 일 | E12: 품 목 | M12: 입수 | Q12: 총수량 | T12: 박스 | W12: 낱개수량 | AA12: 비고
B13: ='원주 (20)'!B13 -> 45950 | E13: 뚠뚠)키리모찌돈코츠라멘195g | M13: 24 | Q13: =IFERROR(VLOOKUP($B$1,'뚠뚠피벗발주량(재고)'!A:BX,2,FALSE),0) -> 0 | T13: =IFERROR(ROUNDDOWN(Q13/M13,0),"") -> 0 | W13: =IFERROR(Q13-(T13*M13),"") -> 0 | AA13: 25.11.15
B20: 총수량 | M20: =SUM(Q13:S19) -> 0
B21: 3자물류 (더원물류) 담당자 박병선이사 010-4448-1456 | W21: 경기도 평택시 진위면 마산8로10, 진위물류센터 창고동 1층 강민구 대리 031-663-9260
B25: 거 래 명 세 표 (공급자 보관용)
B27: 공 급 받 는 자 | C27: =C4 -> 등록번호 | Q27: 공 급 자 | R27: 등록번호 | V27: =V4 -> 679-88-01778
C29: =C6 -> 상 호 (법인명) | G29: =G6 -> (이마트24) | L29: =L6 -> 평택센터(저온) | R29: 상 호 (법인명) | V29: =V6 -> 뚠뚠푸드 | AB29: 성 명 | AD29: =AD6 -> 배진형
C31: 사업장 주 소 | G31: =G8 -> 경기도 평택시 진위면 마산8로10, 진위물류센터 창고동 1층 | R31: 사업장 주 소 | V31: =V8 -> 인천광역시 남동구 남동동로 195(고잔동)
C33: 합계금액 (VAT포함) | R33: 업 태 | V33: =V10 -> 제조업 | AB33: =AB10 -> 종 목 | AD33: =AD10 -> 식품
B35: 년 | C35: 월 | D35: 일 | E35: 품 목 | M35: 입수 | Q35: 총수량 | T35: 박스 | W35: 낱개수량 | AA35: 비고
B36: =B13 -> 45950 | E36: =E13 -> 뚠뚠)키리모찌돈코츠라멘195g | M36: =M13 -> 24 | Q36: =Q13 -> 0 | T36: =T13 -> 0 | W36: =W13 -> 0 | AA36: =AA13 -> 25.11.15
B42: =B20 -> 총수량 | M42: =M20 -> 0
B43: =B21 -> 3자물류 (더원물류) 담당자 박병선이사 010-4448-1456 | W43: =W21 -> 경기도 평택시 진위면 마산8로10, 진위물류센터 창고동 1층 강민구 대리 031-663-9260

Sheet 포천
B1: 포천2(저온)
B2: 거 래 명 세 표 (공급받는자 보관용)
B4: 공 급 받 는 자 | C4: 등록번호 | Q4: 공 급 자 | R4: 등록번호 | V4: 679-88-01778
C6: 상 호 (법인명) | G6: (이마트24) | L6: 포천센터(저온) | R6: 상 호 (법인명) | V6: 뚠뚠푸드 | AB6: 성 명 | AD6: 배진형
C8: 사업장 주 소 | G8: 경기도 포천시 설운동 477,B2F | R8: 사업장 주 소 | V8: 인천광역시 남동구 남동동로 195(고잔동)
C10: 합계금액 (VAT포함) | R10: 업 태 | V10: 제조업 | AB10: 종 목 | AD10: 식품
B12: 년 | C12: 월 | D12: 일 | E12: 품 목 | M12: 입수 | Q12: 총수량 | T12: 박스 | W12: 낱개수량 | AA12: 비고
B13: ='원주 (20)'!B13 -> 45950 | E13: 뚠뚠)키리모찌돈코츠라멘195g | M13: 24 | Q13: =IFERROR(VLOOKUP($B$1,'뚠뚠피벗발주량(재고)'!A:BX,2,FALSE),0) -> 0 | T13: =IFERROR(ROUNDDOWN(Q13/M13,0),"") -> 0 | W13: =IFERROR(Q13-(T13*M13),"") -> 0 | AA13: 25.11.15
B20: 총수량 | M20: =SUM(Q13:S19) -> 0
B21: 3자물류 (더원물류) 담당자 박병선이사 010-4448-1456 | W21: 경기도 포천시 설운동 477,B2F 031-543-2486
B25: 거 래 명 세 표 (공급자 보관용)
B27: 공 급 받 는 자 | C27: =C4 -> 등록번호 | Q27: 공 급 자 | R27: 등록번호 | V27: =V4 -> 679-88-01778
C29: =C6 -> 상 호 (법인명) | G29: =G6 -> (이마트24) | L29: =L6 -> 포천센터(저온) | R29: 상 호 (법인명) | V29: =V6 -> 뚠뚠푸드 | AB29: 성 명 | AD29: =AD6 -> 배진형
C31: 사업장 주 소 | G31: =G8 -> 경기도 포천시 설운동 477,B2F | R31: 사업장 주 소 | V31: =V8 -> 인천광역시 남동구 남동동로 195(고잔동)
C33: 합계금액 (VAT포함) | R33: 업 태 | V33: =V10 -> 제조업 | AB33: =AB10 -> 종 목 | AD33: =AD10 -> 식품
B35: 년 | C35: 월 | D35: 일 | E35: 품 목 | M35: 입수 | Q35: 총수량 | T35: 박스 | W35: 낱개수량 | AA35: 비고
B36: =B13 -> 45950 | E36: =E13 -> 뚠뚠)키리모찌돈코츠라멘195g | M36: =M13 -> 24 | Q36: =Q13 -> 0 | T36: =T13 -> 0 | W36: =W13 -> 0 | AA36: =AA13 -> 25.11.15
B42: =B20 -> 총수량 | M42: =M20 -> 0
B43: =B21 -> 3자물류 (더원물류) 담당자 박병선이사 010-4448-1456 | W43: =W21 -> 경기도 포천시 설운동 477,B2F 031-543-2486

Sheet 양지
B1: 양지2(저온)
B2: 거 래 명 세 표 (공급받는자 보관용)
B4: 공 급 받 는 자 | C4: 등록번호 | Q4: 공 급 자 | R4: 등록번호 | V4: 679-88-01778
C6: 상 호 (법인명) | G6: (이마트24) | L6: 양지센터(저온) | R6: 상 호 (법인명) | V6: 뚠뚠푸드 | AB6: 성 명 | AD6: 배진형
C8: 사업장 주 소 | G8: 경기도 용인시 처인구 양지면 제일리 453-7 | R8: 사업장 주 소 | V8: 인천광역시 남동구 남동동로 195(고잔동)
C10: 합계금액 (VAT포함) | R10: 업 태 | V10: 제조업 | AB10: 종 목 | AD10: 식품
B12: 년 | C12: 월 | D12: 일 | E12: 품 목 | M12: 입수 | Q12: 총수량 | T12: 박스 | W12: 낱개수량 | AA12: 비고
B13: ='원주 (20)'!B13 -> 45950 | E13: 뚠뚠)키리모찌돈코츠라멘195g | M13: 24 | Q13: =IFERROR(VLOOKUP($B$1,'뚠뚠피벗발주량(재고)'!A:BX,2,FALSE),0) -> 0 | T13: =IFERROR(ROUNDDOWN(Q13/M13,0),"") -> 0 | W13: =IFERROR(Q13-(T13*M13),"") -> 0 | AA13: 25.11.15
B20: 총수량 | M20: =SUM(Q13:S19) -> 0
B21: 3자물류 (더원물류) 담당자 박병선이사 010-4448-1456 | W21: 경기도 용인시 처인구 양지면 제일리 453-7 박영범 주임 031-8027-2080
B25: 거 래 명 세 표 (공급자 보관용)
B27: 공 급 받 는 자 | C27: =C4 -> 등록번호 | Q27: 공 급 자 | R27: 등록번호 | V27: =V4 -> 679-88-01778
C29: =C6 -> 상 호 (법인명) | G29: =G6 -> (이마트24) | L29: =L6 -> 양지센터(저온) | R29: 상 호 (법인명) | V29: =V6 -> 뚠뚠푸드 | AB29: 성 명 | AD29: =AD6 -> 배진형
C31: 사업장 주 소 | G31: =G8 -> 경기도 용인시 처인구 양지면 제일리 453-7 | R31: 사업장 주 소 | V31: =V8 -> 인천광역시 남동구 남동동로 195(고잔동)
C33: 합계금액 (VAT포함) | R33: 업 태 | V33: =V10 -> 제조업 | AB33: =AB10 -> 종 목 | AD33: =AD10 -> 식품
B35: 년 | C35: 월 | D35: 일 | E35: 품 목 | M35: 입수 | Q35: 총수량 | T35: 박스 | W35: 낱개수량 | AA35: 비고
B36: =B13 -> 45950 | E36: =E13 -> 뚠뚠)키리모찌돈코츠라멘195g | M36: =M13 -> 24 | Q36: =Q13 -> 0 | T36: =T13 -> 0 | W36: =W13 -> 0 | AA36: =AA13 -> 25.11.15
B42: =B20 -> 총수량 | M42: =M20 -> 0
B43: =B21 -> 3자물류 (더원물류) 담당자 박병선이사 010-4448-1456 | W43: =W21 -> 경기도 용인시 처인구 양지면 제일리 453-7 박영범 주임 031-8027-2080

Sheet 스윗밸런스피벗발주량
A1: 10/12 | B1: 열 레이블
A2: 행 레이블 | B2: 랩)그릴드닭가슴살샐러드랩200g | C2: 랩)스파이시랜치치킨샐러드랩195g | E2: 랩)체다치즈치킨너겟샐러드랩200g | F2: 스윗)그릴드닭가슴살메밀면샐러드2편 | G2: 스윗)오일파스타샐러드2편 | H2: 스윗)참깨메밀면샐러드2편 | I2: 총합계
A3: 원주2(저온) | B3: 5 | C3: 10 | E3: 6 | I3: 21
A4: 김해2(저온) | B4: 9 | C4: 5 | E4: 5 | G4: 1 | I4: 20
A5: 양산2(저온) | B5: 14 | C5: 8 | E5: 7 | F5: 1 | G5: 1 | H5: 1 | I5: 32
A6: 세종2(저온) | B6: 21 | C6: 24 | E6: 18 | G6: 10 | I6: 73
A7: 장성2(저온) | B7: 8 | C7: 13 | E7: 8 | F7: 3 | G7: 2 | I7: 34
A8: 김천2(저온) | B8: 4 | C8: 6 | E8: 6 | F8: 1 | H8: 1 | I8: 18
A9: 경산2(저온) | B9: 8 | C9: 10 | E9: 7 | F9: 2 | G9: 1 | H9: 1 | I9: 29
A10: 화성2(저온) | B10: 12 | C10: 10 | E10: 6 | F10: 1 | I10: 29
A11: 청라2(저온) | B11: 23 | C11: 22 | E11: 28 | F11: 7 | H11: 1 | I11: 81
A12: 평택2(저온) | B12: 14 | C12: 8 | E12: 4 | I12: 26
A13: 포천2(저온) | B13: 58 | C13: 57 | E13: 47 | F13: 16 | G13: 4 | H13: 3 | I13: 185
A14: 양지2(저온) | B14: 28 | C14: 41 | E14: 35 | F14: 9 | G14: 5 | H14: 10 | I14: 128
A15: 총합계 | B15: 204 | C15: 214 | E15: 177 | F15: 40 | G15: 24 | H15: 17 | I15: 676

Sheet 원주 (4)
B1: 원주2(저온)
B2: 거 래 명 세 표 (공급받는자 보관용)
B4: 공 급 받 는 자 | C4: 등록번호 | Q4: 공 급 자 | R4: 등록번호 | V4: 397-85-00686
C6: 상 호 (법인명) | G6: (이마트24) | L6: 원주센터(저온) | R6: 상 호 (법인명) | V6: 스윗밸런스랩 | AB6: 성 명 | AD6: 이윤성,장지만
C8: 사업장 주 소 | G8: 강원특별자치도 원주시 호저면 주산리 298,1층 | R8: 사업장 주 소 | V8: 경기도 성남시 중원구 둔촌대로388번길 20(상대원동)
C10: 합계금액 (VAT포함) | R10: 업 태 | V10: 제조업 | AB10: 종 목 | AD10: 식품가공외
B12: 년 | C12: 월 | D12: 일 | E12: 품 목 | M12: 입수 | Q12: 총수량 | T12: 박스 | W12: 낱개수량 | AA12: 비고
B13: ='원주(날짜변경!!)'!$B$13 -> 46307 | E13: 랩)그릴드닭가슴살샐러드랩200g | M13: 24 | Q13: =IFERROR(VLOOKUP(B1,스윗밸런스피벗발주량!A:CT,2,FALSE),0) -> 5 | T13: =IFERROR(ROUNDDOWN(Q13/M13,0),"") -> 0 | W13: =IFERROR(Q13-(T13*M13),"") -> 5 | AA13: =B13+3 -> 46310
E14: 랩)스파이시랜치치킨샐러드랩195g | M14: 24 | Q14: =IFERROR(VLOOKUP(B1,스윗밸런스피벗발주량!A:CT,3,FALSE),0) -> 10 | T14: =IFERROR(ROUNDDOWN(Q14/M14,0),"") -> 0 | W14: =IFERROR(Q14-(T14*M14),"") -> 10 | AA14: =B13+3 -> 46310
E15: 랩)체다치즈치킨너겟샐러드랩(사전예약) | M15: 24 | Q15: =IFERROR(VLOOKUP(B1,스윗밸런스피벗발주량!A:CT,4,FALSE),0) -> 0 | T15: =IFERROR(ROUNDDOWN(Q15/M15,0),"") -> 0 | W15: =IFERROR(Q15-(T15*M15),"") -> 0 | AA15: =B13+3 -> 46310
E16: 랩)체다치즈치킨너겟샐러드랩200g | M16: 24 | Q16: =IFERROR(VLOOKUP(B1,스윗밸런스피벗발주량!A:CT,5,FALSE),0) -> 6 | T16: =IFERROR(ROUNDDOWN(Q16/M16,0),"") -> 0 | W16: =IFERROR(Q16-(T16*M16),"") -> 6 | AA16: =B13+3 -> 46310
E17: 스윗)그릴드닭가슴살메밀면샐러드2편 | M17: 36 | Q17: =IFERROR(VLOOKUP(B1,스윗밸런스피벗발주량!A:CT,6,FALSE),0) -> 0 | T17: =IFERROR(ROUNDDOWN(Q17/M17,0),"") -> 0 | W17: =IFERROR(Q17-(T17*M17),"") -> 0 | AA17: =B13+3 -> 46310
E18: 스윗)오일파스타샐러드2편 | M18: 36 | Q18: =IFERROR(VLOOKUP(B1,스윗밸런스피벗발주량!A:CT,7,FALSE),0) -> 0 | T18: =IFERROR(ROUNDDOWN(Q18/M18,0),"") -> 0 | W18: =IFERROR(Q18-(T18*M18),"") -> 0 | AA18: =B13+3 -> 46310
E19: 스윗)참깨메밀면샐러드2편 | M19: 36 | Q19: =IFERROR(VLOOKUP(B1,스윗밸런스피벗발주량!A:CT,8,FALSE),0) -> 0 | T19: =IFERROR(ROUNDDOWN(Q19/M19,0),"") -> 0 | W19: =IFERROR(Q19-(T19*M19),"") -> 0 | AA19: =B13+3 -> 46310
B21: 총수량 | M21: =SUM(Q13:S20) -> 21
B22: 3자물류 (더원물류) 담당자 박병선이사 010-4448-1456 | W22: =G8 -> 강원특별자치도 원주시 호저면 주산리 298,1층
B26: 거 래 명 세 표 (공급자 보관용)
B28: 공 급 받 는 자 | C28: =C4 -> 등록번호 | Q28: 공 급 자 | R28: 등록번호 | V28: =V4 -> 397-85-00686
C30: =C6 -> 상 호 (법인명) | G30: =G6 -> (이마트24) | L30: =L6 -> 원주센터(저온) | R30: 상 호 (법인명) | V30: =V6 -> 스윗밸런스랩 | AB30: 성 명 | AD30: =AD6 -> 이윤성,장지만
C32: 사업장 주 소 | G32: =G8 -> 강원특별자치도 원주시 호저면 주산리 298,1층 | R32: 사업장 주 소 | V32: =V8 -> 경기도 성남시 중원구 둔촌대로388번길 20(상대원동)
C34: 합계금액 (VAT포함) | R34: 업 태 | V34: =V10 -> 제조업 | AB34: 종 목 | AD34: =AD10 -> 식품가공외
B36: 년 | C36: 월 | D36: 일 | E36: 품 목 | M36: 입수 | Q36: 총수량 | T36: 박스 | W36: 낱개수량 | AA36: 비고
B37: =B13 -> 46307 | E37: =E13 -> 랩)그릴드닭가슴살샐러드랩200g | M37: =M13 -> 24 | Q37: =Q13 -> 5 | T37: =T13 -> 0 | W37: =W13 -> 5 | AA37: =AA13 -> 46310
E38: =E14 -> 랩)스파이시랜치치킨샐러드랩195g | M38: =M14 -> 24 | Q38: =Q14 -> 10 | T38: =T14 -> 0 | W38: =W14 -> 10 | AA38: =AA14 -> 46310
E39: =E15 -> 랩)체다치즈치킨너겟샐러드랩(사전예약) | M39: =M15 -> 24 | Q39: =Q15 -> 0 | T39: =T15 -> 0 | W39: =W15 -> 0 | AA39: =AA15 -> 46310
E40: =E16 -> 랩)체다치즈치킨너겟샐러드랩200g | M40: =M16 -> 24 | Q40: =Q16 -> 6 | T40: =T16 -> 0 | W40: =W16 -> 6 | AA40: =AA16 -> 46310
E41: =E17 -> 스윗)그릴드닭가슴살메밀면샐러드2편 | M41: =M17 -> 36 | Q41: =Q17 -> 0 | T41: =T17 -> 0 | W41: =W17 -> 0 | AA41: =AA17 -> 46310
E42: =E18 -> 스윗)오일파스타샐러드2편 | M42: =M18 -> 36 | Q42: =Q18 -> 0 | T42: =T18 -> 0 | W42: =W18 -> 0 | AA42: =AA18 -> 46310
E43: =E19 -> 스윗)참깨메밀면샐러드2편 | M43: =M19 -> 36 | Q43: =Q19 -> 0 | T43: =T19 -> 0 | W43: =W19 -> 0 | AA43: =AA19 -> 46310
B44: =B21 -> 총수량 | M44: =SUM(Q37:S43) -> 21
B45: =B22 -> 3자물류 (더원물류) 담당자 박병선이사 010-4448-1456 | W45: =W22 -> 강원특별자치도 원주시 호저면 주산리 298,1층

Sheet 김해 (4)
B1: 김해2(저온)
B2: 거 래 명 세 표 (공급받는자 보관용)
B4: 공 급 받 는 자 | C4: 등록번호 | Q4: 공 급 자 | R4: 등록번호 | V4: 397-85-00686
C6: 상 호 (법인명) | G6: (이마트24) | L6: 김해센터(저온) | R6: 상 호 (법인명) | V6: 스윗밸런스랩 | AB6: 성 명 | AD6: 이윤성,장지만
C8: 사업장 주 소 | G8: 경상남도 김해시 진례면 테크노밸리로 193-28 | R8: 사업장 주 소 | V8: 경기도 성남시 중원구 둔촌대로388번길 20(상대원동)
C10: 합계금액 (VAT포함) | R10: 업 태 | V10: 제조업 | AB10: 종 목 | AD10: 식품가공외
B12: 년 | C12: 월 | D12: 일 | E12: 품 목 | M12: 입수 | Q12: 총수량 | T12: 박스 | W12: 낱개수량 | AA12: 비고
B13: ='원주(날짜변경!!)'!$B$13 -> 46307 | E13: 랩)그릴드닭가슴살샐러드랩200g | M13: 24 | Q13: =IFERROR(VLOOKUP(B1,스윗밸런스피벗발주량!A:CT,2,FALSE),0) -> 9 | T13: =IFERROR(ROUNDDOWN(Q13/M13,0),"") -> 0 | W13: =IFERROR(Q13-(T13*M13),"") -> 9 | AA13: =B13+3 -> 46310
E14: 랩)스파이시랜치치킨샐러드랩195g | M14: 24 | Q14: =IFERROR(VLOOKUP(B1,스윗밸런스피벗발주량!A:CT,3,FALSE),0) -> 5 | T14: =IFERROR(ROUNDDOWN(Q14/M14,0),"") -> 0 | W14: =IFERROR(Q14-(T14*M14),"") -> 5 | AA14: =B13+3 -> 46310
E15: 랩)체다치즈치킨너겟샐러드랩(사전예약) | M15: 24 | Q15: =IFERROR(VLOOKUP(B1,스윗밸런스피벗발주량!A:CT,4,FALSE),0) -> 0 | T15: =IFERROR(ROUNDDOWN(Q15/M15,0),"") -> 0 | W15: =IFERROR(Q15-(T15*M15),"") -> 0 | AA15: =B13+3 -> 46310
E16: 랩)체다치즈치킨너겟샐러드랩200g | M16: 24 | Q16: =IFERROR(VLOOKUP(B1,스윗밸런스피벗발주량!A:CT,5,FALSE),0) -> 5 | T16: =IFERROR(ROUNDDOWN(Q16/M16,0),"") -> 0 | W16: =IFERROR(Q16-(T16*M16),"") -> 5 | AA16: =B13+3 -> 46310
E17: 스윗)그릴드닭가슴살메밀면샐러드2편 | M17: 36 | Q17: =IFERROR(VLOOKUP(B1,스윗밸런스피벗발주량!A:CT,6,FALSE),0) -> 0 | T17: =IFERROR(ROUNDDOWN(Q17/M17,0),"") -> 0 | W17: =IFERROR(Q17-(T17*M17),"") -> 0 | AA17: =B13+3 -> 46310
E18: 스윗)오일파스타샐러드2편 | M18: 36 | Q18: =IFERROR(VLOOKUP(B1,스윗밸런스피벗발주량!A:CT,7,FALSE),0) -> 1 | T18: =IFERROR(ROUNDDOWN(Q18/M18,0),"") -> 0 | W18: =IFERROR(Q18-(T18*M18),"") -> 1 | AA18: =B13+3 -> 46310
E19: 스윗)참깨메밀면샐러드2편 | M19: 36 | Q19: =IFERROR(VLOOKUP(B1,스윗밸런스피벗발주량!A:CT,8,FALSE),0) -> 0 | T19: =IFERROR(ROUNDDOWN(Q19/M19,0),"") -> 0 | W19: =IFERROR(Q19-(T19*M19),"") -> 0 | AA19: =B13+3 -> 46310
B21: 총수량 | M21: =SUM(Q13:S20) -> 20
B22: 3자물류 (더원물류) 담당자 박병선이사 010-4448-1456 | W22: =G8 -> 경상남도 김해시 진례면 테크노밸리로 193-28
B26: 거 래 명 세 표 (공급자 보관용)
B28: 공 급 받 는 자 | C28: =C4 -> 등록번호 | Q28: 공 급 자 | R28: 등록번호 | V28: =V4 -> 397-85-00686
C30: =C6 -> 상 호 (법인명) | G30: =G6 -> (이마트24) | L30: =L6 -> 김해센터(저온) | R30: 상 호 (법인명) | V30: =V6 -> 스윗밸런스랩 | AB30: 성 명 | AD30: =AD6 -> 이윤성,장지만
C32: 사업장 주 소 | G32: =G8 -> 경상남도 김해시 진례면 테크노밸리로 193-28 | R32: 사업장 주 소 | V32: =V8 -> 경기도 성남시 중원구 둔촌대로388번길 20(상대원동)
C34: 합계금액 (VAT포함) | R34: 업 태 | V34: =V10 -> 제조업 | AB34: 종 목 | AD34: =AD10 -> 식품가공외
B36: 년 | C36: 월 | D36: 일 | E36: 품 목 | M36: 입수 | Q36: 총수량 | T36: 박스 | W36: 낱개수량 | AA36: 비고
B37: =B13 -> 46307 | E37: =E13 -> 랩)그릴드닭가슴살샐러드랩200g | M37: =M13 -> 24 | Q37: =Q13 -> 9 | T37: =T13 -> 0 | W37: =W13 -> 9 | AA37: =AA13 -> 46310
E38: =E14 -> 랩)스파이시랜치치킨샐러드랩195g | M38: =M14 -> 24 | Q38: =Q14 -> 5 | T38: =T14 -> 0 | W38: =W14 -> 5 | AA38: =AA14 -> 46310
E39: =E15 -> 랩)체다치즈치킨너겟샐러드랩(사전예약) | M39: =M15 -> 24 | Q39: =Q15 -> 0 | T39: =T15 -> 0 | W39: =W15 -> 0 | AA39: =AA15 -> 46310
E40: =E16 -> 랩)체다치즈치킨너겟샐러드랩200g | M40: =M16 -> 24 | Q40: =Q16 -> 5 | T40: =T16 -> 0 | W40: =W16 -> 5 | AA40: =AA16 -> 46310
E41: =E17 -> 스윗)그릴드닭가슴살메밀면샐러드2편 | M41: =M17 -> 36 | Q41: =Q17 -> 0 | T41: =T17 -> 0 | W41: =W17 -> 0 | AA41: =AA17 -> 46310
E42: =E18 -> 스윗)오일파스타샐러드2편 | M42: =M18 -> 36 | Q42: =Q18 -> 1 | T42: =T18 -> 0 | W42: =W18 -> 1 | AA42: =AA18 -> 46310
E43: =E19 -> 스윗)참깨메밀면샐러드2편 | M43: =M19 -> 36 | Q43: =Q19 -> 0 | T43: =T19 -> 0 | W43: =W19 -> 0 | AA43: =AA19 -> 46310
B44: =B21 -> 총수량 | M44: =SUM(Q37:S43) -> 20
B45: =B22 -> 3자물류 (더원물류) 담당자 박병선이사 010-4448-1456 | W45: =W22 -> 경상남도 김해시 진례면 테크노밸리로 193-28

Sheet 양산 (4)
B1: 양산2(저온)
B2: 거 래 명 세 표 (공급받는자 보관용)
B4: 공 급 받 는 자 | C4: 등록번호 | Q4: 공 급 자 | R4: 등록번호 | V4: 397-85-00686
C6: 상 호 (법인명) | G6: (이마트24) | L6: 양산센터(저온) | R6: 상 호 (법인명) | V6: 스윗밸런스랩 | AB6: 성 명 | AD6: 이윤성,장지만
C8: 사업장 주 소 | G8: 경상남도 양산시 산막공단북3길 25(산막동 313-4) | R8: 사업장 주 소 | V8: 경기도 성남시 중원구 둔촌대로388번길 20(상대원동)
C10: 합계금액 (VAT포함) | R10: 업 태 | V10: 제조업 | AB10: 종 목 | AD10: 식품가공외
B12: 년 | C12: 월 | D12: 일 | E12: 품 목 | M12: 입수 | Q12: 총수량 | T12: 박스 | W12: 낱개수량 | AA12: 비고
B13: ='원주(날짜변경!!)'!$B$13 -> 46307 | E13: 랩)그릴드닭가슴살샐러드랩200g | M13: 24 | Q13: =IFERROR(VLOOKUP(B1,스윗밸런스피벗발주량!A:CT,2,FALSE),0) -> 14 | T13: =IFERROR(ROUNDDOWN(Q13/M13,0),"") -> 0 | W13: =IFERROR(Q13-(T13*M13),"") -> 14 | AA13: =B13+3 -> 46310
E14: 랩)스파이시랜치치킨샐러드랩195g | M14: 24 | Q14: =IFERROR(VLOOKUP(B1,스윗밸런스피벗발주량!A:CT,3,FALSE),0) -> 8 | T14: =IFERROR(ROUNDDOWN(Q14/M14,0),"") -> 0 | W14: =IFERROR(Q14-(T14*M14),"") -> 8 | AA14: =B13+3 -> 46310
E15: 랩)체다치즈치킨너겟샐러드랩(사전예약) | M15: 24 | Q15: =IFERROR(VLOOKUP(B1,스윗밸런스피벗발주량!A:CT,4,FALSE),0) -> 0 | T15: =IFERROR(ROUNDDOWN(Q15/M15,0),"") -> 0 | W15: =IFERROR(Q15-(T15*M15),"") -> 0 | AA15: =B13+3 -> 46310
E16: 랩)체다치즈치킨너겟샐러드랩200g | M16: 24 | Q16: =IFERROR(VLOOKUP(B1,스윗밸런스피벗발주량!A:CT,5,FALSE),0) -> 7 | T16: =IFERROR(ROUNDDOWN(Q16/M16,0),"") -> 0 | W16: =IFERROR(Q16-(T16*M16),"") -> 7 | AA16: =B13+3 -> 46310
E17: 스윗)그릴드닭가슴살메밀면샐러드2편 | M17: 36 | Q17: =IFERROR(VLOOKUP(B1,스윗밸런스피벗발주량!A:CT,6,FALSE),0) -> 1 | T17: =IFERROR(ROUNDDOWN(Q17/M17,0),"") -> 0 | W17: =IFERROR(Q17-(T17*M17),"") -> 1 | AA17: =B13+3 -> 46310
E18: 스윗)오일파스타샐러드2편 | M18: 36 | Q18: =IFERROR(VLOOKUP(B1,스윗밸런스피벗발주량!A:CT,7,FALSE),0) -> 1 | T18: =IFERROR(ROUNDDOWN(Q18/M18,0),"") -> 0 | W18: =IFERROR(Q18-(T18*M18),"") -> 1 | AA18: =B13+3 -> 46310
E19: 스윗)참깨메밀면샐러드2편 | M19: 36 | Q19: =IFERROR(VLOOKUP(B1,스윗밸런스피벗발주량!A:CT,8,FALSE),0) -> 1 | T19: =IFERROR(ROUNDDOWN(Q19/M19,0),"") -> 0 | W19: =IFERROR(Q19-(T19*M19),"") -> 1 | AA19: =B13+3 -> 46310
B21: 총수량 | M21: =SUM(Q13:S20) -> 32
B22: 3자물류 (더원물류) 담당자 박병선이사 010-4448-1456 | W22: =G8 -> 경상남도 양산시 산막공단북3길 25(산막동 313-4)
B26: 거 래 명 세 표 (공급자 보관용)
B28: 공 급 받 는 자 | C28: =C4 -> 등록번호 | Q28: 공 급 자 | R28: 등록번호 | V28: =V4 -> 397-85-00686
C30: =C6 -> 상 호 (법인명) | G30: =G6 -> (이마트24) | L30: =L6 -> 양산센터(저온) | R30: 상 호 (법인명) | V30: =V6 -> 스윗밸런스랩 | AB30: 성 명 | AD30: =AD6 -> 이윤성,장지만
C32: 사업장 주 소 | G32: =G8 -> 경상남도 양산시 산막공단북3길 25(산막동 313-4) | R32: 사업장 주 소 | V32: =V8 -> 경기도 성남시 중원구 둔촌대로388번길 20(상대원동)
C34: 합계금액 (VAT포함) | R34: 업 태 | V34: =V10 -> 제조업 | AB34: 종 목 | AD34: =AD10 -> 식품가공외
B36: 년 | C36: 월 | D36: 일 | E36: 품 목 | M36: 입수 | Q36: 총수량 | T36: 박스 | W36: 낱개수량 | AA36: 비고
B37: =B13 -> 46307 | E37: =E13 -> 랩)그릴드닭가슴살샐러드랩200g | M37: =M13 -> 24 | Q37: =Q13 -> 14 | T37: =T13 -> 0 | W37: =W13 -> 14 | AA37: =AA13 -> 46310
E38: =E14 -> 랩)스파이시랜치치킨샐러드랩195g | M38: =M14 -> 24 | Q38: =Q14 -> 8 | T38: =T14 -> 0 | W38: =W14 -> 8 | AA38: =AA14 -> 46310
E39: =E15 -> 랩)체다치즈치킨너겟샐러드랩(사전예약) | M39: =M15 -> 24 | Q39: =Q15 -> 0 | T39: =T15 -> 0 | W39: =W15 -> 0 | AA39: =AA15 -> 46310
E40: =E16 -> 랩)체다치즈치킨너겟샐러드랩200g | M40: =M16 -> 24 | Q40: =Q16 -> 7 | T40: =T16 -> 0 | W40: =W16 -> 7 | AA40: =AA16 -> 46310
E41: =E17 -> 스윗)그릴드닭가슴살메밀면샐러드2편 | M41: =M17 -> 36 | Q41: =Q17 -> 1 | T41: =T17 -> 0 | W41: =W17 -> 1 | AA41: =AA17 -> 46310
E42: =E18 -> 스윗)오일파스타샐러드2편 | M42: =M18 -> 36 | Q42: =Q18 -> 1 | T42: =T18 -> 0 | W42: =W18 -> 1 | AA42: =AA18 -> 46310
E43: =E19 -> 스윗)참깨메밀면샐러드2편 | M43: =M19 -> 36 | Q43: =Q19 -> 1 | T43: =T19 -> 0 | W43: =W19 -> 1 | AA43: =AA19 -> 46310
B44: =B21 -> 총수량 | M44: =SUM(Q37:S43) -> 32
B45: =B22 -> 3자물류 (더원물류) 담당자 박병선이사 010-4448-1456 | W45: =W22 -> 경상남도 양산시 산막공단북3길 25(산막동 313-4)

Sheet 세종 (4)
B1: 세종2(저온)
B2: 거 래 명 세 표 (공급받는자 보관용)
B4: 공 급 받 는 자 | C4: 등록번호 | Q4: 공 급 자 | R4: 등록번호 | V4: 397-85-00686
C6: 상 호 (법인명) | G6: (이마트24) | L6: 세종센터(저온) | R6: 상 호 (법인명) | V6: 스윗밸런스랩 | AB6: 성 명 | AD6: 이윤성,장지만
C8: 사업장 주 소 | G8: 세종특별자치시 연동면 응암리 925 E동 | R8: 사업장 주 소 | V8: 경기도 성남시 중원구 둔촌대로388번길 20(상대원동)
C10: 합계금액 (VAT포함) | R10: 업 태 | V10: 제조업 | AB10: 종 목 | AD10: 식품가공외
B12: 년 | C12: 월 | D12: 일 | E12: 품 목 | M12: 입수 | Q12: 총수량 | T12: 박스 | W12: 낱개수량 | AA12: 비고
B13: ='원주(날짜변경!!)'!$B$13 -> 46307 | E13: 랩)그릴드닭가슴살샐러드랩200g | M13: 24 | Q13: =IFERROR(VLOOKUP(B1,스윗밸런스피벗발주량!A:CT,2,FALSE),0) -> 21 | T13: =IFERROR(ROUNDDOWN(Q13/M13,0),"") -> 0 | W13: =IFERROR(Q13-(T13*M13),"") -> 21 | AA13: =B13+3 -> 46310
E14: 랩)스파이시랜치치킨샐러드랩195g | M14: 24 | Q14: =IFERROR(VLOOKUP(B1,스윗밸런스피벗발주량!A:CT,3,FALSE),0) -> 24 | T14: =IFERROR(ROUNDDOWN(Q14/M14,0),"") -> 1 | W14: =IFERROR(Q14-(T14*M14),"") -> 0 | AA14: =B13+3 -> 46310
E15: 랩)체다치즈치킨너겟샐러드랩(사전예약) | M15: 24 | Q15: =IFERROR(VLOOKUP(B1,스윗밸런스피벗발주량!A:CT,4,FALSE),0) -> 0 | T15: =IFERROR(ROUNDDOWN(Q15/M15,0),"") -> 0 | W15: =IFERROR(Q15-(T15*M15),"") -> 0 | AA15: =B13+3 -> 46310
E16: 랩)체다치즈치킨너겟샐러드랩200g | M16: 24 | Q16: =IFERROR(VLOOKUP(B1,스윗밸런스피벗발주량!A:CT,5,FALSE),0) -> 18 | T16: =IFERROR(ROUNDDOWN(Q16/M16,0),"") -> 0 | W16: =IFERROR(Q16-(T16*M16),"") -> 18 | AA16: =B13+3 -> 46310
E17: 스윗)그릴드닭가슴살메밀면샐러드2편 | M17: 36 | Q17: =IFERROR(VLOOKUP(B1,스윗밸런스피벗발주량!A:CT,6,FALSE),0) -> 0 | T17: =IFERROR(ROUNDDOWN(Q17/M17,0),"") -> 0 | W17: =IFERROR(Q17-(T17*M17),"") -> 0 | AA17: =B13+3 -> 46310
E18: 스윗)오일파스타샐러드2편 | M18: 36 | Q18: =IFERROR(VLOOKUP(B1,스윗밸런스피벗발주량!A:CT,7,FALSE),0) -> 10 | T18: =IFERROR(ROUNDDOWN(Q18/M18,0),"") -> 0 | W18: =IFERROR(Q18-(T18*M18),"") -> 10 | AA18: =B13+3 -> 46310
E19: 스윗)참깨메밀면샐러드2편 | M19: 36 | Q19: =IFERROR(VLOOKUP(B1,스윗밸런스피벗발주량!A:CT,8,FALSE),0) -> 0 | T19: =IFERROR(ROUNDDOWN(Q19/M19,0),"") -> 0 | W19: =IFERROR(Q19-(T19*M19),"") -> 0 | AA19: =B13+3 -> 46310
B21: 총수량 | M21: =SUM(Q13:S20) -> 73
B22: 3자물류 (더원물류) 담당자 박병선이사 010-4448-1456 | W22: =G8 -> 세종특별자치시 연동면 응암리 925 E동
B26: 거 래 명 세 표 (공급자 보관용)
B28: 공 급 받 는 자 | C28: =C4 -> 등록번호 | Q28: 공 급 자 | R28: 등록번호 | V28: =V4 -> 397-85-00686
C30: =C6 -> 상 호 (법인명) | G30: =G6 -> (이마트24) | L30: =L6 -> 세종센터(저온) | R30: 상 호 (법인명) | V30: =V6 -> 스윗밸런스랩 | AB30: 성 명 | AD30: =AD6 -> 이윤성,장지만
C32: 사업장 주 소 | G32: =G8 -> 세종특별자치시 연동면 응암리 925 E동 | R32: 사업장 주 소 | V32: =V8 -> 경기도 성남시 중원구 둔촌대로388번길 20(상대원동)
C34: 합계금액 (VAT포함) | R34: 업 태 | V34: =V10 -> 제조업 | AB34: 종 목 | AD34: =AD10 -> 식품가공외
B36: 년 | C36: 월 | D36: 일 | E36: 품 목 | M36: 입수 | Q36: 총수량 | T36: 박스 | W36: 낱개수량 | AA36: 비고
B37: =B13 -> 46307 | E37: =E13 -> 랩)그릴드닭가슴살샐러드랩200g | M37: =M13 -> 24 | Q37: =Q13 -> 21 | T37: =T13 -> 0 | W37: =W13 -> 21 | AA37: =AA13 -> 46310
E38: =E14 -> 랩)스파이시랜치치킨샐러드랩195g | M38: =M14 -> 24 | Q38: =Q14 -> 24 | T38: =T14 -> 1 | W38: =W14 -> 0 | AA38: =AA14 -> 46310
E39: =E15 -> 랩)체다치즈치킨너겟샐러드랩(사전예약) | M39: =M15 -> 24 | Q39: =Q15 -> 0 | T39: =T15 -> 0 | W39: =W15 -> 0 | AA39: =AA15 -> 46310
E40: =E16 -> 랩)체다치즈치킨너겟샐러드랩200g | M40: =M16 -> 24 | Q40: =Q16 -> 18 | T40: =T16 -> 0 | W40: =W16 -> 18 | AA40: =AA16 -> 46310
E41: =E17 -> 스윗)그릴드닭가슴살메밀면샐러드2편 | M41: =M17 -> 36 | Q41: =Q17 -> 0 | T41: =T17 -> 0 | W41: =W17 -> 0 | AA41: =AA17 -> 46310
E42: =E18 -> 스윗)오일파스타샐러드2편 | M42: =M18 -> 36 | Q42: =Q18 -> 10 | T42: =T18 -> 0 | W42: =W18 -> 10 | AA42: =AA18 -> 46310
E43: =E19 -> 스윗)참깨메밀면샐러드2편 | M43: =M19 -> 36 | Q43: =Q19 -> 0 | T43: =T19 -> 0 | W43: =W19 -> 0 | AA43: =AA19 -> 46310
B44: =B21 -> 총수량 | M44: =SUM(Q37:S43) -> 73
B45: =B22 -> 3자물류 (더원물류) 담당자 박병선이사 010-4448-1456 | W45: =W22 -> 세종특별자치시 연동면 응암리 925 E동

Sheet 장성 (13)
B1: 장성2(저온)
B2: 거 래 명 세 표 (공급받는자 보관용)
B4: 공 급 받 는 자 | C4: 등록번호 | Q4: 공 급 자 | R4: 등록번호 | V4: 397-85-00686
C6: 상 호 (법인명) | G6: (이마트24) | L6: 장성센터(저온) | R6: 상 호 (법인명) | V6: 스윗밸런스랩 | AB6: 성 명 | AD6: 이윤성,장지만
C8: 사업장 주 소 | G8: 전라남도 장성군 황룡면 황룡리 44-2 2층 | R8: 사업장 주 소 | V8: 경기도 성남시 중원구 둔촌대로388번길 20(상대원동)
C10: 합계금액 (VAT포함) | R10: 업 태 | V10: 제조업 | AB10: 종 목 | AD10: 식품가공외
B12: 년 | C12: 월 | D12: 일 | E12: 품 목 | M12: 입수 | Q12: 총수량 | T12: 박스 | W12: 낱개수량 | AA12: 비고
B13: ='원주(날짜변경!!)'!$B$13 -> 46307 | E13: 랩)그릴드닭가슴살샐러드랩200g | M13: 24 | Q13: =IFERROR(VLOOKUP(B1,스윗밸런스피벗발주량!A:CT,2,FALSE),0) -> 8 | T13: =IFERROR(ROUNDDOWN(Q13/M13,0),"") -> 0 | W13: =IFERROR(Q13-(T13*M13),"") -> 8 | AA13: =B13+3 -> 46310
E14: 랩)스파이시랜치치킨샐러드랩195g | M14: 24 | Q14: =IFERROR(VLOOKUP(B1,스윗밸런스피벗발주량!A:CT,3,FALSE),0) -> 13 | T14: =IFERROR(ROUNDDOWN(Q14/M14,0),"") -> 0 | W14: =IFERROR(Q14-(T14*M14),"") -> 13 | AA14: =B13+3 -> 46310
E15: 랩)체다치즈치킨너겟샐러드랩(사전예약) | M15: 24 | Q15: =IFERROR(VLOOKUP(B1,스윗밸런스피벗발주량!A:CT,4,FALSE),0) -> 0 | T15: =IFERROR(ROUNDDOWN(Q15/M15,0),"") -> 0 | W15: =IFERROR(Q15-(T15*M15),"") -> 0 | AA15: =B13+3 -> 46310
E16: 랩)체다치즈치킨너겟샐러드랩200g | M16: 24 | Q16: =IFERROR(VLOOKUP(B1,스윗밸런스피벗발주량!A:CT,5,FALSE),0) -> 8 | T16: =IFERROR(ROUNDDOWN(Q16/M16,0),"") -> 0 | W16: =IFERROR(Q16-(T16*M16),"") -> 8 | AA16: =B13+3 -> 46310
E17: 스윗)그릴드닭가슴살메밀면샐러드2편 | M17: 36 | Q17: =IFERROR(VLOOKUP(B1,스윗밸런스피벗발주량!A:CT,6,FALSE),0) -> 3 | T17: =IFERROR(ROUNDDOWN(Q17/M17,0),"") -> 0 | W17: =IFERROR(Q17-(T17*M17),"") -> 3 | AA17: =B13+3 -> 46310
E18: 스윗)오일파스타샐러드2편 | M18: 36 | Q18: =IFERROR(VLOOKUP(B1,스윗밸런스피벗발주량!A:CT,7,FALSE),0) -> 2 | T18: =IFERROR(ROUNDDOWN(Q18/M18,0),"") -> 0 | W18: =IFERROR(Q18-(T18*M18),"") -> 2 | AA18: =B13+3 -> 46310
E19: 스윗)참깨메밀면샐러드2편 | M19: 36 | Q19: =IFERROR(VLOOKUP(B1,스윗밸런스피벗발주량!A:CT,8,FALSE),0) -> 0 | T19: =IFERROR(ROUNDDOWN(Q19/M19,0),"") -> 0 | W19: =IFERROR(Q19-(T19*M19),"") -> 0 | AA19: =B13+3 -> 46310
B21: 총수량 | M21: =SUM(Q13:S20) -> 34
B22: 3자물류 (더원물류) 담당자 박병선이사 010-4448-1456 | W22: =G8 -> 전라남도 장성군 황룡면 황룡리 44-2 2층
B26: 거 래 명 세 표 (공급자 보관용)
B28: 공 급 받 는 자 | C28: =C4 -> 등록번호 | Q28: 공 급 자 | R28: 등록번호 | V28: =V4 -> 397-85-00686
C30: =C6 -> 상 호 (법인명) | G30: =G6 -> (이마트24) | L30: =L6 -> 장성센터(저온) | R30: 상 호 (법인명) | V30: =V6 -> 스윗밸런스랩 | AB30: 성 명 | AD30: =AD6 -> 이윤성,장지만
C32: 사업장 주 소 | G32: =G8 -> 전라남도 장성군 황룡면 황룡리 44-2 2층 | R32: 사업장 주 소 | V32: =V8 -> 경기도 성남시 중원구 둔촌대로388번길 20(상대원동)
C34: 합계금액 (VAT포함) | R34: 업 태 | V34: =V10 -> 제조업 | AB34: 종 목 | AD34: =AD10 -> 식품가공외
B36: 년 | C36: 월 | D36: 일 | E36: 품 목 | M36: 입수 | Q36: 총수량 | T36: 박스 | W36: 낱개수량 | AA36: 비고
B37: =B13 -> 46307 | E37: =E13 -> 랩)그릴드닭가슴살샐러드랩200g | M37: =M13 -> 24 | Q37: =Q13 -> 8 | T37: =T13 -> 0 | W37: =W13 -> 8 | AA37: =AA13 -> 46310
E38: =E14 -> 랩)스파이시랜치치킨샐러드랩195g | M38: =M14 -> 24 | Q38: =Q14 -> 13 | T38: =T14 -> 0 | W38: =W14 -> 13 | AA38: =AA14 -> 46310
E39: =E15 -> 랩)체다치즈치킨너겟샐러드랩(사전예약) | M39: =M15 -> 24 | Q39: =Q15 -> 0 | T39: =T15 -> 0 | W39: =W15 -> 0 | AA39: =AA15 -> 46310
E40: =E16 -> 랩)체다치즈치킨너겟샐러드랩200g | M40: =M16 -> 24 | Q40: =Q16 -> 8 | T40: =T16 -> 0 | W40: =W16 -> 8 | AA40: =AA16 -> 46310
E41: =E17 -> 스윗)그릴드닭가슴살메밀면샐러드2편 | M41: =M17 -> 36 | Q41: =Q17 -> 3 | T41: =T17 -> 0 | W41: =W17 -> 3 | AA41: =AA17 -> 46310
E42: =E18 -> 스윗)오일파스타샐러드2편 | M42: =M18 -> 36 | Q42: =Q18 -> 2 | T42: =T18 -> 0 | W42: =W18 -> 2 | AA42: =AA18 -> 46310
E43: =E19 -> 스윗)참깨메밀면샐러드2편 | M43: =M19 -> 36 | Q43: =Q19 -> 0 | T43: =T19 -> 0 | W43: =W19 -> 0 | AA43: =AA19 -> 46310
B44: =B21 -> 총수량 | M44: =SUM(Q37:S43) -> 34
B45: =B22 -> 3자물류 (더원물류) 담당자 박병선이사 010-4448-1456 | W45: =W22 -> 전라남도 장성군 황룡면 황룡리 44-2 2층

Sheet 김천3 (2)
B1: 김천2(저온)
B2: 거 래 명 세 표 (공급받는자 보관용)
B4: 공 급 받 는 자 | C4: 등록번호 | Q4: 공 급 자 | R4: 등록번호 | V4: 397-85-00686
C6: 상 호 (법인명) | G6: (이마트24) | L6: 김천센터(저온) | R6: 상 호 (법인명) | V6: 스윗밸런스랩 | AB6: 성 명 | AD6: 이윤성,장지만
C8: 사업장 주 소 | G8: 경상북도 김천시 어모면 옥율리 212 | R8: 사업장 주 소 | V8: 경기도 성남시 중원구 둔촌대로388번길 20(상대원동)
C10: 합계금액 (VAT포함) | R10: 업 태 | V10: 제조업 | AB10: 종 목 | AD10: 식품가공외
B12: 년 | C12: 월 | D12: 일 | E12: 품 목 | M12: 입수 | Q12: 총수량 | T12: 박스 | W12: 낱개수량 | AA12: 비고
B13: ='원주(날짜변경!!)'!$B$13 -> 46307 | E13: 랩)그릴드닭가슴살샐러드랩200g | M13: 24 | Q13: =IFERROR(VLOOKUP(B1,스윗밸런스피벗발주량!A:CT,2,FALSE),0) -> 4 | T13: =IFERROR(ROUNDDOWN(Q13/M13,0),"") -> 0 | W13: =IFERROR(Q13-(T13*M13),"") -> 4 | AA13: =B13+3 -> 46310
E14: 랩)스파이시랜치치킨샐러드랩195g | M14: 24 | Q14: =IFERROR(VLOOKUP(B1,스윗밸런스피벗발주량!A:CT,3,FALSE),0) -> 6 | T14: =IFERROR(ROUNDDOWN(Q14/M14,0),"") -> 0 | W14: =IFERROR(Q14-(T14*M14),"") -> 6 | AA14: =B13+3 -> 46310
E15: 랩)체다치즈치킨너겟샐러드랩(사전예약) | M15: 24 | Q15: =IFERROR(VLOOKUP(B1,스윗밸런스피벗발주량!A:CT,4,FALSE),0) -> 0 | T15: =IFERROR(ROUNDDOWN(Q15/M15,0),"") -> 0 | W15: =IFERROR(Q15-(T15*M15),"") -> 0 | AA15: =B13+3 -> 46310
E16: 랩)체다치즈치킨너겟샐러드랩200g | M16: 24 | Q16: =IFERROR(VLOOKUP(B1,스윗밸런스피벗발주량!A:CT,5,FALSE),0) -> 6 | T16: =IFERROR(ROUNDDOWN(Q16/M16,0),"") -> 0 | W16: =IFERROR(Q16-(T16*M16),"") -> 6 | AA16: =B13+3 -> 46310
E17: 스윗)그릴드닭가슴살메밀면샐러드2편 | M17: 36 | Q17: =IFERROR(VLOOKUP(B1,스윗밸런스피벗발주량!A:CT,6,FALSE),0) -> 1 | T17: =IFERROR(ROUNDDOWN(Q17/M17,0),"") -> 0 | W17: =IFERROR(Q17-(T17*M17),"") -> 1 | AA17: =B13+3 -> 46310
E18: 스윗)오일파스타샐러드2편 | M18: 36 | Q18: =IFERROR(VLOOKUP(B1,스윗밸런스피벗발주량!A:CT,7,FALSE),0) -> 0 | T18: =IFERROR(ROUNDDOWN(Q18/M18,0),"") -> 0 | W18: =IFERROR(Q18-(T18*M18),"") -> 0 | AA18: =B13+3 -> 46310
E19: 스윗)참깨메밀면샐러드2편 | M19: 36 | Q19: =IFERROR(VLOOKUP(B1,스윗밸런스피벗발주량!A:CT,8,FALSE),0) -> 1 | T19: =IFERROR(ROUNDDOWN(Q19/M19,0),"") -> 0 | W19: =IFERROR(Q19-(T19*M19),"") -> 1 | AA19: =B13+3 -> 46310
B21: 총수량 | M21: =SUM(Q13:S20) -> 18
B22: 3자물류 (더원물류) 담당자 박병선이사 010-4448-1456 | W22: =G8 -> 경상북도 김천시 어모면 옥율리 212
B26: 거 래 명 세 표 (공급자 보관용)
B28: 공 급 받 는 자 | C28: =C4 -> 등록번호 | Q28: 공 급 자 | R28: 등록번호 | V28: =V4 -> 397-85-00686
C30: =C6 -> 상 호 (법인명) | G30: =G6 -> (이마트24) | L30: =L6 -> 김천센터(저온) | R30: 상 호 (법인명) | V30: =V6 -> 스윗밸런스랩 | AB30: 성 명 | AD30: =AD6 -> 이윤성,장지만
C32: 사업장 주 소 | G32: =G8 -> 경상북도 김천시 어모면 옥율리 212 | R32: 사업장 주 소 | V32: =V8 -> 경기도 성남시 중원구 둔촌대로388번길 20(상대원동)
C34: 합계금액 (VAT포함) | R34: 업 태 | V34: =V10 -> 제조업 | AB34: 종 목 | AD34: =AD10 -> 식품가공외
B36: 년 | C36: 월 | D36: 일 | E36: 품 목 | M36: 입수 | Q36: 총수량 | T36: 박스 | W36: 낱개수량 | AA36: 비고
B37: =B13 -> 46307 | E37: =E13 -> 랩)그릴드닭가슴살샐러드랩200g | M37: =M13 -> 24 | Q37: =Q13 -> 4 | T37: =T13 -> 0 | W37: =W13 -> 4 | AA37: =AA13 -> 46310
E38: =E14 -> 랩)스파이시랜치치킨샐러드랩195g | M38: =M14 -> 24 | Q38: =Q14 -> 6 | T38: =T14 -> 0 | W38: =W14 -> 6 | AA38: =AA14 -> 46310
E39: =E15 -> 랩)체다치즈치킨너겟샐러드랩(사전예약) | M39: =M15 -> 24 | Q39: =Q15 -> 0 | T39: =T15 -> 0 | W39: =W15 -> 0 | AA39: =AA15 -> 46310
E40: =E16 -> 랩)체다치즈치킨너겟샐러드랩200g | M40: =M16 -> 24 | Q40: =Q16 -> 6 | T40: =T16 -> 0 | W40: =W16 -> 6 | AA40: =AA16 -> 46310
E41: =E17 -> 스윗)그릴드닭가슴살메밀면샐러드2편 | M41: =M17 -> 36 | Q41: =Q17 -> 1 | T41: =T17 -> 0 | W41: =W17 -> 1 | AA41: =AA17 -> 46310
E42: =E18 -> 스윗)오일파스타샐러드2편 | M42: =M18 -> 36 | Q42: =Q18 -> 0 | T42: =T18 -> 0 | W42: =W18 -> 0 | AA42: =AA18 -> 46310
E43: =E19 -> 스윗)참깨메밀면샐러드2편 | M43: =M19 -> 36 | Q43: =Q19 -> 1 | T43: =T19 -> 0 | W43: =W19 -> 1 | AA43: =AA19 -> 46310
B44: =B21 -> 총수량 | M44: =SUM(Q37:S43) -> 18
B45: =B22 -> 3자물류 (더원물류) 담당자 박병선이사 010-4448-1456 | W45: =W22 -> 경상북도 김천시 어모면 옥율리 212

Sheet 경산(4)
B1: 경산2(저온)
B2: 거 래 명 세 표 (공급받는자 보관용)
B4: 공 급 받 는 자 | C4: 등록번호 | Q4: 공 급 자 | R4: 등록번호 | V4: 397-85-00686
C6: 상 호 (법인명) | G6: (이마트24) | L6: 경산센터(저온) | R6: 상 호 (법인명) | V6: 스윗밸런스랩 | AB6: 성 명 | AD6: 이윤성,장지만
C8: 사업장 주 소 | G8: 경상북도 경산시 압량읍 가야로 20 | R8: 사업장 주 소 | V8: 경기도 성남시 중원구 둔촌대로388번길 20(상대원동)
C10: 합계금액 (VAT포함) | R10: 업 태 | V10: 제조업 | AB10: 종 목 | AD10: 식품가공외
B12: 년 | C12: 월 | D12: 일 | E12: 품 목 | M12: 입수 | Q12: 총수량 | T12: 박스 | W12: 낱개수량 | AA12: 비고
B13: ='원주(날짜변경!!)'!$B$13 -> 46307 | E13: 랩)그릴드닭가슴살샐러드랩200g | M13: 24 | Q13: =IFERROR(VLOOKUP(B1,스윗밸런스피벗발주량!A:CT,2,FALSE),0) -> 8 | T13: =IFERROR(ROUNDDOWN(Q13/M13,0),"") -> 0 | W13: =IFERROR(Q13-(T13*M13),"") -> 8 | AA13: =B13+3 -> 46310
E14: 랩)스파이시랜치치킨샐러드랩195g | M14: 24 | Q14: =IFERROR(VLOOKUP(B1,스윗밸런스피벗발주량!A:CT,3,FALSE),0) -> 10 | T14: =IFERROR(ROUNDDOWN(Q14/M14,0),"") -> 0 | W14: =IFERROR(Q14-(T14*M14),"") -> 10 | AA14: =B13+3 -> 46310
E15: 랩)체다치즈치킨너겟샐러드랩(사전예약) | M15: 24 | Q15: =IFERROR(VLOOKUP(B1,스윗밸런스피벗발주량!A:CT,4,FALSE),0) -> 0 | T15: =IFERROR(ROUNDDOWN(Q15/M15,0),"") -> 0 | W15: =IFERROR(Q15-(T15*M15),"") -> 0 | AA15: =B13+3 -> 46310
E16: 랩)체다치즈치킨너겟샐러드랩200g | M16: 24 | Q16: =IFERROR(VLOOKUP(B1,스윗밸런스피벗발주량!A:CT,5,FALSE),0) -> 7 | T16: =IFERROR(ROUNDDOWN(Q16/M16,0),"") -> 0 | W16: =IFERROR(Q16-(T16*M16),"") -> 7 | AA16: =B13+3 -> 46310
E17: 스윗)그릴드닭가슴살메밀면샐러드2편 | M17: 36 | Q17: =IFERROR(VLOOKUP(B1,스윗밸런스피벗발주량!A:CT,6,FALSE),0) -> 2 | T17: =IFERROR(ROUNDDOWN(Q17/M17,0),"") -> 0 | W17: =IFERROR(Q17-(T17*M17),"") -> 2 | AA17: =B13+3 -> 46310
E18: 스윗)오일파스타샐러드2편 | M18: 36 | Q18: =IFERROR(VLOOKUP(B1,스윗밸런스피벗발주량!A:CT,7,FALSE),0) -> 1 | T18: =IFERROR(ROUNDDOWN(Q18/M18,0),"") -> 0 | W18: =IFERROR(Q18-(T18*M18),"") -> 1 | AA18: =B13+3 -> 46310
E19: 스윗)참깨메밀면샐러드2편 | M19: 36 | Q19: =IFERROR(VLOOKUP(B1,스윗밸런스피벗발주량!A:CT,8,FALSE),0) -> 1 | T19: =IFERROR(ROUNDDOWN(Q19/M19,0),"") -> 0 | W19: =IFERROR(Q19-(T19*M19),"") -> 1 | AA19: =B13+3 -> 46310
B21: 총수량 | M21: =SUM(Q13:S20) -> 29
B22: 3자물류 (더원물류) 담당자 박병선이사 010-4448-1456 | W22: =G8 -> 경상북도 경산시 압량읍 가야로 20
B26: 거 래 명 세 표 (공급자 보관용)
B28: 공 급 받 는 자 | C28: =C4 -> 등록번호 | Q28: 공 급 자 | R28: 등록번호 | V28: =V4 -> 397-85-00686
C30: =C6 -> 상 호 (법인명) | G30: =G6 -> (이마트24) | L30: =L6 -> 경산센터(저온) | R30: 상 호 (법인명) | V30: =V6 -> 스윗밸런스랩 | AB30: 성 명 | AD30: =AD6 -> 이윤성,장지만
C32: 사업장 주 소 | G32: =G8 -> 경상북도 경산시 압량읍 가야로 20 | R32: 사업장 주 소 | V32: =V8 -> 경기도 성남시 중원구 둔촌대로388번길 20(상대원동)
C34: 합계금액 (VAT포함) | R34: 업 태 | V34: =V10 -> 제조업 | AB34: 종 목 | AD34: =AD10 -> 식품가공외
B36: 년 | C36: 월 | D36: 일 | E36: 품 목 | M36: 입수 | Q36: 총수량 | T36: 박스 | W36: 낱개수량 | AA36: 비고
B37: =B13 -> 46307 | E37: =E13 -> 랩)그릴드닭가슴살샐러드랩200g | M37: =M13 -> 24 | Q37: =Q13 -> 8 | T37: =T13 -> 0 | W37: =W13 -> 8 | AA37: =AA13 -> 46310
E38: =E14 -> 랩)스파이시랜치치킨샐러드랩195g | M38: =M14 -> 24 | Q38: =Q14 -> 10 | T38: =T14 -> 0 | W38: =W14 -> 10 | AA38: =AA14 -> 46310
E39: =E15 -> 랩)체다치즈치킨너겟샐러드랩(사전예약) | M39: =M15 -> 24 | Q39: =Q15 -> 0 | T39: =T15 -> 0 | W39: =W15 -> 0 | AA39: =AA15 -> 46310
E40: =E16 -> 랩)체다치즈치킨너겟샐러드랩200g | M40: =M16 -> 24 | Q40: =Q16 -> 7 | T40: =T16 -> 0 | W40: =W16 -> 7 | AA40: =AA16 -> 46310
E41: =E17 -> 스윗)그릴드닭가슴살메밀면샐러드2편 | M41: =M17 -> 36 | Q41: =Q17 -> 2 | T41: =T17 -> 0 | W41: =W17 -> 2 | AA41: =AA17 -> 46310
E42: =E18 -> 스윗)오일파스타샐러드2편 | M42: =M18 -> 36 | Q42: =Q18 -> 1 | T42: =T18 -> 0 | W42: =W18 -> 1 | AA42: =AA18 -> 46310
E43: =E19 -> 스윗)참깨메밀면샐러드2편 | M43: =M19 -> 36 | Q43: =Q19 -> 1 | T43: =T19 -> 0 | W43: =W19 -> 1 | AA43: =AA19 -> 46310
B44: =B21 -> 총수량 | M44: =SUM(Q37:S43) -> 29
B45: =B22 -> 3자물류 (더원물류) 담당자 박병선이사 010-4448-1456 | W45: =W22 -> 경상북도 경산시 압량읍 가야로 20

Sheet 화성 (4)
B1: 화성2(저온)
B2: 거 래 명 세 표 (공급받는자 보관용)
B4: 공 급 받 는 자 | C4: 등록번호 | Q4: 공 급 자 | R4: 등록번호 | V4: 397-85-00686
C6: 상 호 (법인명) | G6: (이마트24) | L6: 화성센터(저온) | R6: 상 호 (법인명) | V6: 스윗밸런스랩 | AB6: 성 명 | AD6: 이윤성,장지만
C8: 사업장 주 소 | G8: 경기 화성시 초록로 103 | R8: 사업장 주 소 | V8: 경기도 성남시 중원구 둔촌대로388번길 20(상대원동)
C10: 합계금액 (VAT포함) | R10: 업 태 | V10: 제조업 | AB10: 종 목 | AD10: 식품가공외
B12: 년 | C12: 월 | D12: 일 | E12: 품 목 | M12: 입수 | Q12: 총수량 | T12: 박스 | W12: 낱개수량 | AA12: 비고
B13: ='원주(날짜변경!!)'!$B$13 -> 46307 | E13: 랩)그릴드닭가슴살샐러드랩200g | M13: 24 | Q13: =IFERROR(VLOOKUP(B1,스윗밸런스피벗발주량!A:CT,2,FALSE),0) -> 12 | T13: =IFERROR(ROUNDDOWN(Q13/M13,0),"") -> 0 | W13: =IFERROR(Q13-(T13*M13),"") -> 12 | AA13: =B13+3 -> 46310
E14: 랩)스파이시랜치치킨샐러드랩195g | M14: 24 | Q14: =IFERROR(VLOOKUP(B1,스윗밸런스피벗발주량!A:CT,3,FALSE),0) -> 10 | T14: =IFERROR(ROUNDDOWN(Q14/M14,0),"") -> 0 | W14: =IFERROR(Q14-(T14*M14),"") -> 10 | AA14: =B13+3 -> 46310
E15: 랩)체다치즈치킨너겟샐러드랩(사전예약) | M15: 24 | Q15: =IFERROR(VLOOKUP(B1,스윗밸런스피벗발주량!A:CT,4,FALSE),0) -> 0 | T15: =IFERROR(ROUNDDOWN(Q15/M15,0),"") -> 0 | W15: =IFERROR(Q15-(T15*M15),"") -> 0 | AA15: =B13+3 -> 46310
E16: 랩)체다치즈치킨너겟샐러드랩200g | M16: 24 | Q16: =IFERROR(VLOOKUP(B1,스윗밸런스피벗발주량!A:CT,5,FALSE),0) -> 6 | T16: =IFERROR(ROUNDDOWN(Q16/M16,0),"") -> 0 | W16: =IFERROR(Q16-(T16*M16),"") -> 6 | AA16: =B13+3 -> 46310
E17: 스윗)그릴드닭가슴살메밀면샐러드2편 | M17: 36 | Q17: =IFERROR(VLOOKUP(B1,스윗밸런스피벗발주량!A:CT,6,FALSE),0) -> 1 | T17: =IFERROR(ROUNDDOWN(Q17/M17,0),"") -> 0 | W17: =IFERROR(Q17-(T17*M17),"") -> 1 | AA17: =B13+3 -> 46310
E18: 스윗)오일파스타샐러드2편 | M18: 36 | Q18: =IFERROR(VLOOKUP(B1,스윗밸런스피벗발주량!A:CT,7,FALSE),0) -> 0 | T18: =IFERROR(ROUNDDOWN(Q18/M18,0),"") -> 0 | W18: =IFERROR(Q18-(T18*M18),"") -> 0 | AA18: =B13+3 -> 46310
E19: 스윗)참깨메밀면샐러드2편 | M19: 36 | Q19: =IFERROR(VLOOKUP(B1,스윗밸런스피벗발주량!A:CT,8,FALSE),0) -> 0 | T19: =IFERROR(ROUNDDOWN(Q19/M19,0),"") -> 0 | W19: =IFERROR(Q19-(T19*M19),"") -> 0 | AA19: =B13+3 -> 46310
B21: 총수량 | M21: =SUM(Q13:S20) -> 29
B22: 3자물류 (더원물류) 담당자 박병선이사 010-4448-1456 | W22: =G8 -> 경기 화성시 초록로 103
B26: 거 래 명 세 표 (공급자 보관용)
B28: 공 급 받 는 자 | C28: =C4 -> 등록번호 | Q28: 공 급 자 | R28: 등록번호 | V28: =V4 -> 397-85-00686
C30: =C6 -> 상 호 (법인명) | G30: =G6 -> (이마트24) | L30: =L6 -> 화성센터(저온) | R30: 상 호 (법인명) | V30: =V6 -> 스윗밸런스랩 | AB30: 성 명 | AD30: =AD6 -> 이윤성,장지만
C32: 사업장 주 소 | G32: =G8 -> 경기 화성시 초록로 103 | R32: 사업장 주 소 | V32: =V8 -> 경기도 성남시 중원구 둔촌대로388번길 20(상대원동)
C34: 합계금액 (VAT포함) | R34: 업 태 | V34: =V10 -> 제조업 | AB34: 종 목 | AD34: =AD10 -> 식품가공외
B36: 년 | C36: 월 | D36: 일 | E36: 품 목 | M36: 입수 | Q36: 총수량 | T36: 박스 | W36: 낱개수량 | AA36: 비고
B37: =B13 -> 46307 | E37: =E13 -> 랩)그릴드닭가슴살샐러드랩200g | M37: =M13 -> 24 | Q37: =Q13 -> 12 | T37: =T13 -> 0 | W37: =W13 -> 12 | AA37: =AA13 -> 46310
E38: =E14 -> 랩)스파이시랜치치킨샐러드랩195g | M38: =M14 -> 24 | Q38: =Q14 -> 10 | T38: =T14 -> 0 | W38: =W14 -> 10 | AA38: =AA14 -> 46310
E39: =E15 -> 랩)체다치즈치킨너겟샐러드랩(사전예약) | M39: =M15 -> 24 | Q39: =Q15 -> 0 | T39: =T15 -> 0 | W39: =W15 -> 0 | AA39: =AA15 -> 46310
E40: =E16 -> 랩)체다치즈치킨너겟샐러드랩200g | M40: =M16 -> 24 | Q40: =Q16 -> 6 | T40: =T16 -> 0 | W40: =W16 -> 6 | AA40: =AA16 -> 46310
E41: =E17 -> 스윗)그릴드닭가슴살메밀면샐러드2편 | M41: =M17 -> 36 | Q41: =Q17 -> 1 | T41: =T17 -> 0 | W41: =W17 -> 1 | AA41: =AA17 -> 46310
E42: =E18 -> 스윗)오일파스타샐러드2편 | M42: =M18 -> 36 | Q42: =Q18 -> 0 | T42: =T18 -> 0 | W42: =W18 -> 0 | AA42: =AA18 -> 46310
E43: =E19 -> 스윗)참깨메밀면샐러드2편 | M43: =M19 -> 36 | Q43: =Q19 -> 0 | T43: =T19 -> 0 | W43: =W19 -> 0 | AA43: =AA19 -> 46310
B44: =B21 -> 총수량 | M44: =SUM(Q37:S43) -> 29
B45: =B22 -> 3자물류 (더원물류) 담당자 박병선이사 010-4448-1456 | W45: =W22 -> 경기 화성시 초록로 103

Sheet 청라 (4)
B1: 청라2(저온)
B2: 거 래 명 세 표 (공급받는자 보관용)
B4: 공 급 받 는 자 | C4: 등록번호 | Q4: 공 급 자 | R4: 등록번호 | V4: 397-85-00686
C6: 상 호 (법인명) | G6: (이마트24) | L6: 청라센터(저온) | R6: 상 호 (법인명) | V6: 스윗밸런스랩 | AB6: 성 명 | AD6: 이윤성,장지만
C8: 사업장 주 소 | G8: 인천광역시 서구 북항로120번길 55, 청라로지스틱스센터3, 9층 | R8: 사업장 주 소 | V8: 경기도 성남시 중원구 둔촌대로388번길 20(상대원동)
C10: 합계금액 (VAT포함) | R10: 업 태 | V10: 제조업 | AB10: 종 목 | AD10: 식품가공외
B12: 년 | C12: 월 | D12: 일 | E12: 품 목 | M12: 입수 | Q12: 총수량 | T12: 박스 | W12: 낱개수량 | AA12: 비고
B13: ='원주(날짜변경!!)'!$B$13 -> 46307 | E13: 랩)그릴드닭가슴살샐러드랩200g | M13: 24 | Q13: =IFERROR(VLOOKUP(B1,스윗밸런스피벗발주량!A:CT,2,FALSE),0) -> 23 | T13: =IFERROR(ROUNDDOWN(Q13/M13,0),"") -> 0 | W13: =IFERROR(Q13-(T13*M13),"") -> 23 | AA13: =B13+3 -> 46310
E14: 랩)스파이시랜치치킨샐러드랩195g | M14: 24 | Q14: =IFERROR(VLOOKUP(B1,스윗밸런스피벗발주량!A:CT,3,FALSE),0) -> 22 | T14: =IFERROR(ROUNDDOWN(Q14/M14,0),"") -> 0 | W14: =IFERROR(Q14-(T14*M14),"") -> 22 | AA14: =B13+3 -> 46310
E15: 랩)체다치즈치킨너겟샐러드랩(사전예약) | M15: 24 | Q15: =IFERROR(VLOOKUP(B1,스윗밸런스피벗발주량!A:CT,4,FALSE),0) -> 0 | T15: =IFERROR(ROUNDDOWN(Q15/M15,0),"") -> 0 | W15: =IFERROR(Q15-(T15*M15),"") -> 0 | AA15: =B13+3 -> 46310
E16: 랩)체다치즈치킨너겟샐러드랩200g | M16: 24 | Q16: =IFERROR(VLOOKUP(B1,스윗밸런스피벗발주량!A:CT,5,FALSE),0) -> 28 | T16: =IFERROR(ROUNDDOWN(Q16/M16,0),"") -> 1 | W16: =IFERROR(Q16-(T16*M16),"") -> 4 | AA16: =B13+3 -> 46310
E17: 스윗)그릴드닭가슴살메밀면샐러드2편 | M17: 36 | Q17: =IFERROR(VLOOKUP(B1,스윗밸런스피벗발주량!A:CT,6,FALSE),0) -> 7 | T17: =IFERROR(ROUNDDOWN(Q17/M17,0),"") -> 0 | W17: =IFERROR(Q17-(T17*M17),"") -> 7 | AA17: =B13+3 -> 46310
