Workbook

Sheet 발주량
A1: 10/14 | C1: 열 레이블
A2: 10/15납품 | C2: 네이쳐)수박스무디 | E2: 딸기바나나스무디 | F2: 딸기블루베리망고스무디 | G2: 망고바나나스무디 | H2: 총합계
A3: VV16 (주)지에스리테일원주일배 | E3: 15 | H3: 15
A4: VV95 (주)지에스리테일신광주저온 | F4: 15 | H4: 15
A5: VV83 지에스리테일경산저온 | C5: 36 | H5: 36
A6: VV63 ㈜지에스리테일고양일배센터 | G6: 15 | H6: 15
A7: VV62 (주)지에스리테일김포2일배 | F7: 15 | H7: 15 | Y7: 28.04.20
A8: VV85 지에스리테일신오산1저온 | G8: 15 | H8: 15 | Y8: 28.04.28
A9: VV53 (주)지에스리테일송파일배 | C9: 24 | E9: 15 | H9: 39
A10: 총합계 | C10: 60 | E10: 30 | F10: 30 | G10: 30 | H10: 150

Sheet 원주 날짜만 바꿔 주세요
B2: 거 래 명 세 표 (공급받는자 보관용)
B4: 공 급 받 는 자 | C4: 등록번호 | G4: VV16 (주)지에스리테일원주일배 | Q4: 공 급 자 | R4: 등록번호 | V4: 129-86-29530
C6: 상 호 (법인명) | G6: 원주센터 | R6: 상 호 (법인명) | V6: ㈜네이쳐앤휴먼지피 | AB6: 성 명 | AD6: 강혜완
C8: 사업장 주 소 | G8: 강원도 원주시 문막읍 원문로 2570 | R8: 사업장 주 소 | V8: 경기 성남 분당 황새울로311번길 14, 801호
C10: 합계금액 (VAT포함) | R10: 업 태 | V10: 제조 | AB10: 종 목 | AD10: 임가공외
B12: 년 | C12: 월 | D12: 일 | E12: 품 목 | M12: 입수 | R12: 수량 | V12: 박스 | AA12: 비고
B13: 46310 | E13: 그린스무디 | M13: 15 | R13: =IFERROR(VLOOKUP(G4,발주량!A:CN,2,FALSE),0) -> 0 | V13: =R13/M13 -> 0 | AA13: 28.07.30
E14: 네이쳐)수박스무디 | M14: 12 | R14: =IFERROR(VLOOKUP(G4,발주량!A:CN,3,FALSE),0) -> 0 | V14: =R14/M14 -> 0 | AA14: 27.09.06
E15: 네이쳐)카페라떼스무디 | M15: 12 | R15: =IFERROR(VLOOKUP(G4,발주량!A:CN,4,FALSE),0) -> 0 | V15: =R15/M15 -> 0 | AA15: 27.09.16
E16: 딸기바나나스무디 | M16: 15 | R16: =IFERROR(VLOOKUP(G4,발주량!A:CN,5,FALSE),0) -> 15 | V16: =R16/M16 -> 1 | AA16: 28.10.01
E17: 딸기블루베리망고스무디 | M17: 15 | R17: =IFERROR(VLOOKUP(G4,발주량!A:CN,6,FALSE),0) -> 0 | V17: =R17/M17 -> 0 | AA17: 28.10.06
E18: 망고바나나스무디 | M18: 15 | R18: =IFERROR(VLOOKUP(G4,발주량!A:CN,7,FALSE),0) -> 0 | V18: =R18/M18 -> 0 | AA18: 28.10.01
B24: 총수량 | R24: =SUM(R13:U23) -> 15 | V24: =SUM(V13:Z23) -> 1
B25: 3자물류 (더원물류) 담당자 박병선이사 010-4448-1456 | W25: =G8 -> 강원도 원주시 문막읍 원문로 2570
B29: 거 래 명 세 표 (공급자 보관용)
B31: 공 급 받 는 자 | C31: =C4 -> 등록번호 | G31: =G4 -> VV16 (주)지에스리테일원주일배 | Q31: 공 급 자 | R31: 등록번호 | V31: =V4 -> 129-86-29530
C33: =C6 -> 상 호 (법인명) | G33: =G6 -> 원주센터 | R33: 상 호 (법인명) | V33: =V6 -> ㈜네이쳐앤휴먼지피 | AB33: 성 명 | AD33: =AD6 -> 강혜완
C35: 사업장 주 소 | G35: =G8 -> 강원도 원주시 문막읍 원문로 2570 | R35: 사업장 주 소 | V35: =V8 -> 경기 성남 분당 황새울로311번길 14, 801호
C37: 합계금액 (VAT포함) | R37: 업 태 | V37: =V10 -> 제조 | AB37: 종 목 | AD37: =AD10 -> 임가공외
B39: 년 | C39: 월 | D39: 일 | E39: 품 목 | M39: 입수 | R39: =R12 -> 수량 | V39: 박스 | AA39: 비고
B40: =B13 -> 46310 | E40: =E13 -> 그린스무디 | M40: =M13 -> 15 | R40: =R13 -> 0 | V40: =V13 -> 0 | AA40: =AA13 -> 28.07.30
E41: =E14 -> 네이쳐)수박스무디 | M41: =M14 -> 12 | R41: =R14 -> 0 | V41: =V14 -> 0 | AA41: =AA14 -> 27.09.06
E42: =E15 -> 네이쳐)카페라떼스무디 | M42: =M15 -> 12 | R42: =R15 -> 0 | V42: =V15 -> 0 | AA42: =AA15 -> 27.09.16
E43: =E16 -> 딸기바나나스무디 | M43: =M16 -> 15 | R43: =R16 -> 15 | V43: =V16 -> 1 | AA43: =AA16 -> 28.10.01
E44: =E17 -> 딸기블루베리망고스무디 | M44: =M17 -> 15 | R44: =R17 -> 0 | V44: =V17 -> 0 | AA44: =AA17 -> 28.10.06
E45: =E18 -> 망고바나나스무디 | M45: =M18 -> 15 | R45: =R18 -> 0 | V45: =V18 -> 0 | AA45: =AA18 -> 28.10.01
B51: =B24 -> 총수량 | R51: =R24 -> 15 | V51: =V24 -> 1
B52: =B25 -> 3자물류 (더원물류) 담당자 박병선이사 010-4448-1456 | W52: =W25 -> 강원도 원주시 문막읍 원문로 2570

Sheet 강릉(현장전달)
B2: 거 래 명 세 표 (공급받는자 보관용)
B4: 공 급 받 는 자 | C4: 등록번호 | G4: VV69 ㈜지에스리테일강릉일배센터 | Q4: 공 급 자 | R4: 등록번호 | V4: 129-86-29530
C6: 상 호 (법인명) | G6: 강릉센터 | R6: 상 호 (법인명) | V6: ㈜네이쳐앤휴먼지피 | AB6: 성 명 | AD6: 강혜완
C8: 사업장 주 소 | G8: 강원 강릉시 회산로 171-117 | R8: 사업장 주 소 | V8: 경기 성남 분당 황새울로311번길 14, 801호
C10: 합계금액 (VAT포함) | R10: 업 태 | V10: 제조 | AB10: 종 목 | AD10: 임가공외
B12: 년 | C12: 월 | D12: 일 | E12: 품 목 | M12: 입수 | R12: 수량 | V12: 박스 | AA12: 비고
B13: ='원주 날짜만 바꿔 주세요'!$B$13 -> 46310 | E13: 그린스무디 | M13: 15 | R13: =IFERROR(VLOOKUP(G4,발주량!A:CN,2,FALSE),0) -> 0 | V13: =R13/M13 -> 0 | AA13: 28.07.30
E14: 네이쳐)수박스무디 | M14: 12 | R14: =IFERROR(VLOOKUP(G4,발주량!A:CN,3,FALSE),0) -> 0 | V14: =R14/M14 -> 0 | AA14: 27.09.06
E15: 네이쳐)카페라떼스무디 | M15: 12 | R15: =IFERROR(VLOOKUP(G4,발주량!A:CN,4,FALSE),0) -> 0 | V15: =R15/M15 -> 0 | AA15: 27.09.16
E16: 딸기바나나스무디 | M16: 15 | R16: =IFERROR(VLOOKUP(G4,발주량!A:CN,5,FALSE),0) -> 0 | V16: =R16/M16 -> 0 | AA16: 28.10.01
E17: 딸기블루베리망고스무디 | M17: 15 | R17: =IFERROR(VLOOKUP(G4,발주량!A:CN,6,FALSE),0) -> 0 | V17: =R17/M17 -> 0 | AA17: 28.10.06
E18: 망고바나나스무디 | M18: 15 | R18: =IFERROR(VLOOKUP(G4,발주량!A:CN,7,FALSE),0) -> 0 | V18: =R18/M18 -> 0 | AA18: 28.10.01
B24: 총수량 | R24: =SUM(R13:U23) -> 0 | V24: =SUM(V13:Z23) -> 0
B25: 3자물류 (더원물류) 담당자 박병선이사 010-4448-1456 | W25: =G8 -> 강원 강릉시 회산로 171-117
B29: 거 래 명 세 표 (공급자 보관용)
B31: 공 급 받 는 자 | C31: =C4 -> 등록번호 | G31: =G4 -> VV69 ㈜지에스리테일강릉일배센터 | Q31: 공 급 자 | R31: 등록번호 | V31: =V4 -> 129-86-29530
C33: =C6 -> 상 호 (법인명) | G33: =G6 -> 강릉센터 | R33: 상 호 (법인명) | V33: =V6 -> ㈜네이쳐앤휴먼지피 | AB33: 성 명 | AD33: =AD6 -> 강혜완
C35: 사업장 주 소 | G35: =G8 -> 강원 강릉시 회산로 171-117 | R35: 사업장 주 소 | V35: =V8 -> 경기 성남 분당 황새울로311번길 14, 801호
C37: 합계금액 (VAT포함) | R37: 업 태 | V37: =V10 -> 제조 | AB37: 종 목 | AD37: =AD10 -> 임가공외
B39: 년 | C39: 월 | D39: 일 | E39: 품 목 | M39: 입수 | R39: =R12 -> 수량 | V39: 박스 | AA39: 비고
B40: =B13 -> 46310 | E40: =E13 -> 그린스무디 | M40: =M13 -> 15 | R40: =R13 -> 0 | V40: =V13 -> 0 | AA40: =AA13 -> 28.07.30
E41: =E14 -> 네이쳐)수박스무디 | M41: =M14 -> 12 | R41: =R14 -> 0 | V41: =V14 -> 0 | AA41: =AA14 -> 27.09.06
E42: =E15 -> 네이쳐)카페라떼스무디 | M42: =M15 -> 12 | R42: =R15 -> 0 | V42: =V15 -> 0 | AA42: =AA15 -> 27.09.16
E43: =E16 -> 딸기바나나스무디 | M43: =M16 -> 15 | R43: =R16 -> 0 | V43: =V16 -> 0 | AA43: =AA16 -> 28.10.01
E44: =E17 -> 딸기블루베리망고스무디 | M44: =M17 -> 15 | R44: =R17 -> 0 | V44: =V17 -> 0 | AA44: =AA17 -> 28.10.06
E45: =E18 -> 망고바나나스무디 | M45: =M18 -> 15 | R45: =R18 -> 0 | V45: =V18 -> 0 | AA45: =AA18 -> 28.10.01
B51: =B24 -> 총수량 | R51: =R24 -> 0 | V51: =V24 -> 0
B52: =B25 -> 3자물류 (더원물류) 담당자 박병선이사 010-4448-1456 | W52: =W25 -> 강원 강릉시 회산로 171-117

Sheet 김해(경남)
B2: 거 래 명 세 표 (공급받는자 보관용)
B4: 공 급 받 는 자 | C4: 등록번호 | G4: VV57 (주)지에스리테일김해일배 | Q4: 공 급 자 | R4: 등록번호 | V4: 129-86-29530
C6: 상 호 (법인명) | G6: 김해센터 | R6: 상 호 (법인명) | V6: ㈜네이쳐앤휴먼지피 | AB6: 성 명 | AD6: 강혜완
C8: 사업장 주 소 | G8: 경상남도 김해시 상동로 680-77 | R8: 사업장 주 소 | V8: 경기 성남 분당 황새울로311번길 14, 801호
C10: 합계금액 (VAT포함) | R10: 업 태 | V10: 제조 | AB10: 종 목 | AD10: 임가공외
B12: 년 | C12: 월 | D12: 일 | E12: 품 목 | M12: 입수 | R12: 수량 | V12: 박스 | AA12: 비고
B13: ='원주 날짜만 바꿔 주세요'!$B$13 -> 46310 | E13: 그린스무디 | M13: 15 | R13: =IFERROR(VLOOKUP(G4,발주량!A:CN,2,FALSE),0) -> 0 | V13: =R13/M13 -> 0 | AA13: 28.07.30
E14: 네이쳐)수박스무디 | M14: 12 | R14: =IFERROR(VLOOKUP(G4,발주량!A:CN,3,FALSE),0) -> 0 | V14: =R14/M14 -> 0 | AA14: 27.09.06
E15: 네이쳐)카페라떼스무디 | M15: 12 | R15: =IFERROR(VLOOKUP(G4,발주량!A:CN,4,FALSE),0) -> 0 | V15: =R15/M15 -> 0 | AA15: 27.09.12
E16: 딸기바나나스무디 | M16: 15 | R16: =IFERROR(VLOOKUP(G4,발주량!A:CN,5,FALSE),0) -> 0 | V16: =R16/M16 -> 0 | AA16: 28.10.01
E17: 딸기블루베리망고스무디 | M17: 15 | R17: =IFERROR(VLOOKUP(G4,발주량!A:CN,6,FALSE),0) -> 0 | V17: =R17/M17 -> 0 | AA17: 28.09.17
E18: 망고바나나스무디 | M18: 15 | R18: =IFERROR(VLOOKUP(G4,발주량!A:CN,7,FALSE),0) -> 0 | V18: =R18/M18 -> 0 | AA18: 28.09.20
B24: 총수량 | R24: =SUM(R13:U23) -> 0 | V24: =SUM(V13:Z23) -> 0
B25: 3자물류 (더원물류) 담당자 박병선이사 010-4448-1456 | W25: =G8 -> 경상남도 김해시 상동로 680-77
B29: 거 래 명 세 표 (공급자 보관용)
B31: 공 급 받 는 자 | C31: =C4 -> 등록번호 | G31: =G4 -> VV57 (주)지에스리테일김해일배 | Q31: 공 급 자 | R31: 등록번호 | V31: =V4 -> 129-86-29530
C33: =C6 -> 상 호 (법인명) | G33: =G6 -> 김해센터 | R33: 상 호 (법인명) | V33: =V6 -> ㈜네이쳐앤휴먼지피 | AB33: 성 명 | AD33: =AD6 -> 강혜완
C35: 사업장 주 소 | G35: =G8 -> 경상남도 김해시 상동로 680-77 | R35: 사업장 주 소 | V35: =V8 -> 경기 성남 분당 황새울로311번길 14, 801호
C37: 합계금액 (VAT포함) | R37: 업 태 | V37: =V10 -> 제조 | AB37: 종 목 | AD37: =AD10 -> 임가공외
B39: 년 | C39: 월 | D39: 일 | E39: 품 목 | M39: 입수 | R39: =R12 -> 수량 | V39: 박스 | AA39: 비고
B40: =B13 -> 46310 | E40: =E13 -> 그린스무디 | M40: =M13 -> 15 | R40: =R13 -> 0 | V40: =V13 -> 0 | AA40: =AA13 -> 28.07.30
E41: =E14 -> 네이쳐)수박스무디 | M41: =M14 -> 12 | R41: =R14 -> 0 | V41: =V14 -> 0 | AA41: =AA14 -> 27.09.06
E42: =E15 -> 네이쳐)카페라떼스무디 | M42: =M15 -> 12 | R42: =R15 -> 0 | V42: =V15 -> 0 | AA42: =AA15 -> 27.09.12
E43: =E16 -> 딸기바나나스무디 | M43: =M16 -> 15 | R43: =R16 -> 0 | V43: =V16 -> 0 | AA43: =AA16 -> 28.10.01
E44: =E17 -> 딸기블루베리망고스무디 | M44: =M17 -> 15 | R44: =R17 -> 0 | V44: =V17 -> 0 | AA44: =AA17 -> 28.09.17
E45: =E18 -> 망고바나나스무디 | M45: =M18 -> 15 | R45: =R18 -> 0 | V45: =V18 -> 0 | AA45: =AA18 -> 28.09.20
B51: =B24 -> 총수량 | R51: =R24 -> 0 | V51: =V24 -> 0
B52: =B25 -> 3자물류 (더원물류) 담당자 박병선이사 010-4448-1456 | W52: =W25 -> 경상남도 김해시 상동로 680-77

Sheet 진주
B2: 거 래 명 세 표 (공급받는자 보관용)
B4: 공 급 받 는 자 | C4: 등록번호 | G4: VV25 (주)지에스리테일진주일배 | Q4: 공 급 자 | R4: 등록번호 | V4: 129-86-29530
C6: 상 호 (법인명) | G6: 진주센터 | R6: 상 호 (법인명) | V6: ㈜네이쳐앤휴먼지피 | AB6: 성 명 | AD6: 강혜완
C8: 사업장 주 소 | G8: 경상남도 진주시 정촌면 화개천로 40 | R8: 사업장 주 소 | V8: 경기 성남 분당 황새울로311번길 14, 801호
C10: 합계금액 (VAT포함) | R10: 업 태 | V10: 제조 | AB10: 종 목 | AD10: 임가공외
B12: 년 | C12: 월 | D12: 일 | E12: 품 목 | M12: 입수 | R12: 수량 | V12: 박스 | AA12: 비고
B13: ='원주 날짜만 바꿔 주세요'!$B$13 -> 46310 | E13: 그린스무디 | M13: 15 | R13: =IFERROR(VLOOKUP(G4,발주량!A:CN,2,FALSE),0) -> 0 | V13: =R13/M13 -> 0 | AA13: 28.07.30
E14: 네이쳐)수박스무디 | M14: 12 | R14: =IFERROR(VLOOKUP(G4,발주량!A:CN,3,FALSE),0) -> 0 | V14: =R14/M14 -> 0 | AA14: 27.09.06
E15: 네이쳐)카페라떼스무디 | M15: 12 | R15: =IFERROR(VLOOKUP(G4,발주량!A:CN,4,FALSE),0) -> 0 | V15: =R15/M15 -> 0 | AA15: 27.09.12
E16: 딸기바나나스무디 | M16: 15 | R16: =IFERROR(VLOOKUP(G4,발주량!A:CN,5,FALSE),0) -> 0 | V16: =R16/M16 -> 0 | AA16: 28.10.01
E17: 딸기블루베리망고스무디 | M17: 15 | R17: =IFERROR(VLOOKUP(G4,발주량!A:CN,6,FALSE),0) -> 0 | V17: =R17/M17 -> 0 | AA17: 28.09.17
E18: 망고바나나스무디 | M18: 15 | R18: =IFERROR(VLOOKUP(G4,발주량!A:CN,7,FALSE),0) -> 0 | V18: =R18/M18 -> 0 | AA18: 28.09.20
B24: 총수량 | R24: =SUM(R13:U23) -> 0 | V24: =SUM(V13:Z23) -> 0
B25: 3자물류 (더원물류) 담당자 박병선이사 010-4448-1456 | W25: =G8 -> 경상남도 진주시 정촌면 화개천로 40
B29: 거 래 명 세 표 (공급자 보관용)
B31: 공 급 받 는 자 | C31: =C4 -> 등록번호 | G31: =G4 -> VV25 (주)지에스리테일진주일배 | Q31: 공 급 자 | R31: 등록번호 | V31: =V4 -> 129-86-29530
C33: =C6 -> 상 호 (법인명) | G33: =G6 -> 진주센터 | R33: 상 호 (법인명) | V33: =V6 -> ㈜네이쳐앤휴먼지피 | AB33: 성 명 | AD33: =AD6 -> 강혜완
C35: 사업장 주 소 | G35: =G8 -> 경상남도 진주시 정촌면 화개천로 40 | R35: 사업장 주 소 | V35: =V8 -> 경기 성남 분당 황새울로311번길 14, 801호
C37: 합계금액 (VAT포함) | R37: 업 태 | V37: =V10 -> 제조 | AB37: 종 목 | AD37: =AD10 -> 임가공외
B39: 년 | C39: 월 | D39: 일 | E39: 품 목 | M39: 입수 | R39: =R12 -> 수량 | V39: 박스 | AA39: 비고
B40: =B13 -> 46310 | E40: =E13 -> 그린스무디 | M40: =M13 -> 15 | R40: =R13 -> 0 | V40: =V13 -> 0 | AA40: =AA13 -> 28.07.30
E41: =E14 -> 네이쳐)수박스무디 | M41: =M14 -> 12 | R41: =R14 -> 0 | V41: =V14 -> 0 | AA41: =AA14 -> 27.09.06
E42: =E15 -> 네이쳐)카페라떼스무디 | M42: =M15 -> 12 | R42: =R15 -> 0 | V42: =V15 -> 0 | AA42: =AA15 -> 27.09.12
E43: =E16 -> 딸기바나나스무디 | M43: =M16 -> 15 | R43: =R16 -> 0 | V43: =V16 -> 0 | AA43: =AA16 -> 28.10.01
E44: =E17 -> 딸기블루베리망고스무디 | M44: =M17 -> 15 | R44: =R17 -> 0 | V44: =V17 -> 0 | AA44: =AA17 -> 28.09.17
E45: =E18 -> 망고바나나스무디 | M45: =M18 -> 15 | R45: =R18 -> 0 | V45: =V18 -> 0 | AA45: =AA18 -> 28.09.20
B51: =B24 -> 총수량 | R51: =R24 -> 0 | V51: =V24 -> 0
B52: =B25 -> 3자물류 (더원물류) 담당자 박병선이사 010-4448-1456 | W52: =W25 -> 경상남도 진주시 정촌면 화개천로 40

Sheet 공주
B2: 거 래 명 세 표 (공급받는자 보관용)
B4: 공 급 받 는 자 | C4: 등록번호 | G4: VV04 (주)지에스리테일공주일배 | Q4: 공 급 자 | R4: 등록번호 | V4: 129-86-29530
C6: 상 호 (법인명) | G6: 공주센터 | R6: 상 호 (법인명) | V6: ㈜네이쳐앤휴먼지피 | AB6: 성 명 | AD6: 강혜완
C8: 사업장 주 소 | G8: 충청남도 공주시 월미동 월미농공단지길 55 | R8: 사업장 주 소 | V8: 경기 성남 분당 황새울로311번길 14, 801호
C10: 합계금액 (VAT포함) | R10: 업 태 | V10: 제조 | AB10: 종 목 | AD10: 임가공외
B12: 년 | C12: 월 | D12: 일 | E12: 품 목 | M12: 입수 | R12: 수량 | V12: 박스 | AA12: 비고
B13: ='원주 날짜만 바꿔 주세요'!$B$13 -> 46310 | E13: 그린스무디 | M13: 15 | R13: =IFERROR(VLOOKUP(G4,발주량!A:CN,2,FALSE),0) -> 0 | V13: =R13/M13 -> 0 | AA13: 28.07.30
E14: 네이쳐)수박스무디 | M14: 12 | R14: =IFERROR(VLOOKUP(G4,발주량!A:CN,3,FALSE),0) -> 0 | V14: =R14/M14 -> 0 | AA14: 27.09.06
E15: 네이쳐)카페라떼스무디 | M15: 12 | R15: =IFERROR(VLOOKUP(G4,발주량!A:CN,4,FALSE),0) -> 0 | V15: =R15/M15 -> 0 | AA15: 27.09.16
E16: 딸기바나나스무디 | M16: 15 | R16: =IFERROR(VLOOKUP(G4,발주량!A:CN,5,FALSE),0) -> 0 | V16: =R16/M16 -> 0 | AA16: 28.10.01
E17: 딸기블루베리망고스무디 | M17: 15 | R17: =IFERROR(VLOOKUP(G4,발주량!A:CN,6,FALSE),0) -> 0 | V17: =R17/M17 -> 0 | AA17: 28.10.06
E18: 망고바나나스무디 | M18: 15 | R18: =IFERROR(VLOOKUP(G4,발주량!A:CN,7,FALSE),0) -> 0 | V18: =R18/M18 -> 0 | AA18: 28.10.01
B24: 총수량 | R24: =SUM(R13:U23) -> 0 | V24: =SUM(V13:Z23) -> 0
B25: 3자물류 (더원물류) 담당자 박병선이사 010-4448-1456 | W25: =G8 -> 충청남도 공주시 월미동 월미농공단지길 55
B29: 거 래 명 세 표 (공급자 보관용)
B31: 공 급 받 는 자 | C31: =C4 -> 등록번호 | G31: =G4 -> VV04 (주)지에스리테일공주일배 | Q31: 공 급 자 | R31: 등록번호 | V31: =V4 -> 129-86-29530
C33: =C6 -> 상 호 (법인명) | G33: =G6 -> 공주센터 | R33: 상 호 (법인명) | V33: =V6 -> ㈜네이쳐앤휴먼지피 | AB33: 성 명 | AD33: =AD6 -> 강혜완
C35: 사업장 주 소 | G35: =G8 -> 충청남도 공주시 월미동 월미농공단지길 55 | R35: 사업장 주 소 | V35: =V8 -> 경기 성남 분당 황새울로311번길 14, 801호
C37: 합계금액 (VAT포함) | R37: 업 태 | V37: =V10 -> 제조 | AB37: 종 목 | AD37: =AD10 -> 임가공외
B39: 년 | C39: 월 | D39: 일 | E39: 품 목 | M39: 입수 | R39: =R12 -> 수량 | V39: 박스 | AA39: 비고
B40: =B13 -> 46310 | E40: =E13 -> 그린스무디 | M40: =M13 -> 15 | R40: =R13 -> 0 | V40: =V13 -> 0 | AA40: =AA13 -> 28.07.30
E41: =E14 -> 네이쳐)수박스무디 | M41: =M14 -> 12 | R41: =R14 -> 0 | V41: =V14 -> 0 | AA41: =AA14 -> 27.09.06
E42: =E15 -> 네이쳐)카페라떼스무디 | M42: =M15 -> 12 | R42: =R15 -> 0 | V42: =V15 -> 0 | AA42: =AA15 -> 27.09.16
E43: =E16 -> 딸기바나나스무디 | M43: =M16 -> 15 | R43: =R16 -> 0 | V43: =V16 -> 0 | AA43: =AA16 -> 28.10.01
E44: =E17 -> 딸기블루베리망고스무디 | M44: =M17 -> 15 | R44: =R17 -> 0 | V44: =V17 -> 0 | AA44: =AA17 -> 28.10.06
E45: =E18 -> 망고바나나스무디 | M45: =M18 -> 15 | R45: =R18 -> 0 | V45: =V18 -> 0 | AA45: =AA18 -> 28.10.01
B51: =B24 -> 총수량 | R51: =R24 -> 0 | V51: =V24 -> 0
B52: =B25 -> 3자물류 (더원물류) 담당자 박병선이사 010-4448-1456 | W52: =W25 -> 충청남도 공주시 월미동 월미농공단지길 55

Sheet 청주
B2: 거 래 명 세 표 (공급받는자 보관용)
B4: 공 급 받 는 자 | C4: 등록번호 | G4: VV34 (주)지에스리테일청주일배 | Q4: 공 급 자 | R4: 등록번호 | V4: 129-86-29530
C6: 상 호 (법인명) | G6: 청주센터 | R6: 상 호 (법인명) | V6: ㈜네이쳐앤휴먼지피 | AB6: 성 명 | AD6: 강혜완
C8: 사업장 주 소 | G8: 충청북도 청주시 서원구 청남로 801 | R8: 사업장 주 소 | V8: 경기 성남 분당 황새울로311번길 14, 801호
C10: 합계금액 (VAT포함) | R10: 업 태 | V10: 제조 | AB10: 종 목 | AD10: 임가공외
B12: 년 | C12: 월 | D12: 일 | E12: 품 목 | M12: 입수 | R12: 수량 | V12: 박스 | AA12: 비고
B13: ='원주 날짜만 바꿔 주세요'!$B$13 -> 46310 | E13: 그린스무디 | M13: 15 | R13: =IFERROR(VLOOKUP(G4,발주량!A:CN,2,FALSE),0) -> 0 | V13: =R13/M13 -> 0 | AA13: 28.07.30
E14: 네이쳐)수박스무디 | M14: 12 | R14: =IFERROR(VLOOKUP(G4,발주량!A:CN,3,FALSE),0) -> 0 | V14: =R14/M14 -> 0 | AA14: 27.09.06
E15: 네이쳐)카페라떼스무디 | M15: 12 | R15: =IFERROR(VLOOKUP(G4,발주량!A:CN,4,FALSE),0) -> 0 | V15: =R15/M15 -> 0 | AA15: 27.09.16
E16: 딸기바나나스무디 | M16: 15 | R16: =IFERROR(VLOOKUP(G4,발주량!A:CN,5,FALSE),0) -> 0 | V16: =R16/M16 -> 0 | AA16: 28.10.01
E17: 딸기블루베리망고스무디 | M17: 15 | R17: =IFERROR(VLOOKUP(G4,발주량!A:CN,6,FALSE),0) -> 0 | V17: =R17/M17 -> 0 | AA17: 28.10.06
E18: 망고바나나스무디 | M18: 15 | R18: =IFERROR(VLOOKUP(G4,발주량!A:CN,7,FALSE),0) -> 0 | V18: =R18/M18 -> 0 | AA18: 28.10.01
B24: 총수량 | R24: =SUM(R13:U23) -> 0 | V24: =SUM(V13:Z23) -> 0
B25: 3자물류 (더원물류) 담당자 박병선이사 010-4448-1456 | W25: =G8 -> 충청북도 청주시 서원구 청남로 801
B29: 거 래 명 세 표 (공급자 보관용)
B31: 공 급 받 는 자 | C31: =C4 -> 등록번호 | G31: =G4 -> VV34 (주)지에스리테일청주일배 | Q31: 공 급 자 | R31: 등록번호 | V31: =V4 -> 129-86-29530
C33: =C6 -> 상 호 (법인명) | G33: =G6 -> 청주센터 | R33: 상 호 (법인명) | V33: =V6 -> ㈜네이쳐앤휴먼지피 | AB33: 성 명 | AD33: =AD6 -> 강혜완
C35: 사업장 주 소 | G35: =G8 -> 충청북도 청주시 서원구 청남로 801 | R35: 사업장 주 소 | V35: =V8 -> 경기 성남 분당 황새울로311번길 14, 801호
C37: 합계금액 (VAT포함) | R37: 업 태 | V37: =V10 -> 제조 | AB37: 종 목 | AD37: =AD10 -> 임가공외
B39: 년 | C39: 월 | D39: 일 | E39: 품 목 | M39: 입수 | R39: =R12 -> 수량 | V39: 박스 | AA39: 비고
B40: =B13 -> 46310 | E40: =E13 -> 그린스무디 | M40: =M13 -> 15 | R40: =R13 -> 0 | V40: =V13 -> 0 | AA40: =AA13 -> 28.07.30
E41: =E14 -> 네이쳐)수박스무디 | M41: =M14 -> 12 | R41: =R14 -> 0 | V41: =V14 -> 0 | AA41: =AA14 -> 27.09.06
E42: =E15 -> 네이쳐)카페라떼스무디 | M42: =M15 -> 12 | R42: =R15 -> 0 | V42: =V15 -> 0 | AA42: =AA15 -> 27.09.16
E43: =E16 -> 딸기바나나스무디 | M43: =M16 -> 15 | R43: =R16 -> 0 | V43: =V16 -> 0 | AA43: =AA16 -> 28.10.01
E44: =E17 -> 딸기블루베리망고스무디 | M44: =M17 -> 15 | R44: =R17 -> 0 | V44: =V17 -> 0 | AA44: =AA17 -> 28.10.06
E45: =E18 -> 망고바나나스무디 | M45: =M18 -> 15 | R45: =R18 -> 0 | V45: =V18 -> 0 | AA45: =AA18 -> 28.10.01
B51: =B24 -> 총수량 | R51: =R24 -> 0 | V51: =V24 -> 0
B52: =B25 -> 3자물류 (더원물류) 담당자 박병선이사 010-4448-1456 | W52: =W25 -> 충청북도 청주시 서원구 청남로 801

Sheet 해인
B2: 거 래 명 세 표 (공급받는자 보관용)
B4: 공 급 받 는 자 | C4: 등록번호 | G4: VV20 (주)지에스리테일(해인CVS) | Q4: 공 급 자 | R4: 등록번호 | V4: 129-86-29530
C6: 상 호 (법인명) | G6: 해인센터 | R6: 상 호 (법인명) | V6: ㈜네이쳐앤휴먼지피 | AB6: 성 명 | AD6: 강혜완
C8: 사업장 주 소 | G8: 경상남도 김해시 주촌면 서부로 1293번길 29 | R8: 사업장 주 소 | V8: 경기 성남 분당 황새울로311번길 14, 801호
C10: 합계금액 (VAT포함) | R10: 업 태 | V10: 제조 | AB10: 종 목 | AD10: 임가공외
B12: 년 | C12: 월 | D12: 일 | E12: 품 목 | M12: 입수 | R12: 수량 | V12: 박스 | AA12: 비고
B13: ='원주 날짜만 바꿔 주세요'!$B$13 -> 46310 | E13: 그린스무디 | M13: 15 | R13: =IFERROR(VLOOKUP(G4,발주량!A:CN,2,FALSE),0) -> 0 | V13: =R13/M13 -> 0 | AA13: 28.07.30
E14: 네이쳐)수박스무디 | M14: 12 | R14: =IFERROR(VLOOKUP(G4,발주량!A:CN,3,FALSE),0) -> 0 | V14: =R14/M14 -> 0 | AA14: 27.09.06
E15: 네이쳐)카페라떼스무디 | M15: 12 | R15: =IFERROR(VLOOKUP(G4,발주량!A:CN,4,FALSE),0) -> 0 | V15: =R15/M15 -> 0 | AA15: 27.09.12
E16: 딸기바나나스무디 | M16: 15 | R16: =IFERROR(VLOOKUP(G4,발주량!A:CN,5,FALSE),0) -> 0 | V16: =R16/M16 -> 0 | AA16: 28.10.01
E17: 딸기블루베리망고스무디 | M17: 15 | R17: =IFERROR(VLOOKUP(G4,발주량!A:CN,6,FALSE),0) -> 0 | V17: =R17/M17 -> 0 | AA17: 28.09.17
E18: 망고바나나스무디 | M18: 15 | R18: =IFERROR(VLOOKUP(G4,발주량!A:CN,7,FALSE),0) -> 0 | V18: =R18/M18 -> 0 | AA18: 28.09.20
B24: 총수량 | R24: =SUM(R13:U23) -> 0 | V24: =SUM(V13:Z23) -> 0
B25: 3자물류 (더원물류) 담당자 박병선이사 010-4448-1456 | W25: =G8 -> 경상남도 김해시 주촌면 서부로 1293번길 29
B29: 거 래 명 세 표 (공급자 보관용)
B31: 공 급 받 는 자 | C31: =C4 -> 등록번호 | G31: =G4 -> VV20 (주)지에스리테일(해인CVS) | Q31: 공 급 자 | R31: 등록번호 | V31: =V4 -> 129-86-29530
C33: =C6 -> 상 호 (법인명) | G33: =G6 -> 해인센터 | R33: 상 호 (법인명) | V33: =V6 -> ㈜네이쳐앤휴먼지피 | AB33: 성 명 | AD33: =AD6 -> 강혜완
C35: 사업장 주 소 | G35: =G8 -> 경상남도 김해시 주촌면 서부로 1293번길 29 | R35: 사업장 주 소 | V35: =V8 -> 경기 성남 분당 황새울로311번길 14, 801호
C37: 합계금액 (VAT포함) | R37: 업 태 | V37: =V10 -> 제조 | AB37: 종 목 | AD37: =AD10 -> 임가공외
B39: 년 | C39: 월 | D39: 일 | E39: 품 목 | M39: 입수 | R39: =R12 -> 수량 | V39: 박스 | AA39: 비고
B40: =B13 -> 46310 | E40: =E13 -> 그린스무디 | M40: =M13 -> 15 | R40: =R13 -> 0 | V40: =V13 -> 0 | AA40: =AA13 -> 28.07.30
E41: =E14 -> 네이쳐)수박스무디 | M41: =M14 -> 12 | R41: =R14 -> 0 | V41: =V14 -> 0 | AA41: =AA14 -> 27.09.06
E42: =E15 -> 네이쳐)카페라떼스무디 | M42: =M15 -> 12 | R42: =R15 -> 0 | V42: =V15 -> 0 | AA42: =AA15 -> 27.09.12
E43: =E16 -> 딸기바나나스무디 | M43: =M16 -> 15 | R43: =R16 -> 0 | V43: =V16 -> 0 | AA43: =AA16 -> 28.10.01
E44: =E17 -> 딸기블루베리망고스무디 | M44: =M17 -> 15 | R44: =R17 -> 0 | V44: =V17 -> 0 | AA44: =AA17 -> 28.09.17
E45: =E18 -> 망고바나나스무디 | M45: =M18 -> 15 | R45: =R18 -> 0 | V45: =V18 -> 0 | AA45: =AA18 -> 28.09.20
B51: =B24 -> 총수량 | R51: =R24 -> 0 | V51: =V24 -> 0
B52: =B25 -> 3자물류 (더원물류) 담당자 박병선이사 010-4448-1456 | W52: =W25 -> 경상남도 김해시 주촌면 서부로 1293번길 29

Sheet 신제주(신제주재고사용)
B2: 거 래 명 세 표 (공급받는자 보관용)
B4: 공 급 받 는 자 | C4: 등록번호 | G4: VV92 (주)지에스리테일신제주저온 | Q4: 공 급 자 | R4: 등록번호 | V4: 129-86-29530
C6: 상 호 (법인명) | G6: 신제주센터 | R6: 상 호 (법인명) | V6: ㈜네이쳐앤휴먼지피 | AB6: 성 명 | AD6: 강혜완
C8: 사업장 주 소 | G8: 제주특별자치도 제주시 애월읍 신상로 195 | R8: 사업장 주 소 | V8: 경기 성남 분당 황새울로311번길 14, 801호
C10: 합계금액 (VAT포함) | R10: 업 태 | V10: 제조 | AB10: 종 목 | AD10: 임가공외
B12: 년 | C12: 월 | D12: 일 | E12: 품 목 | M12: 입수 | R12: 수량 | V12: 박스 | AA12: 비고
B13: ='원주 날짜만 바꿔 주세요'!$B$13 -> 46310 | E13: 그린스무디 | M13: 15 | R13: =IFERROR(VLOOKUP(G4,발주량!A:CN,2,FALSE),0) -> 0 | V13: =R13/M13 -> 0 | AA13: 28.07.30
E14: 네이쳐)수박스무디 | M14: 12 | R14: =IFERROR(VLOOKUP(G4,발주량!A:CN,3,FALSE),0) -> 0 | V14: =R14/M14 -> 0 | AA14: 27.09.06
E15: 네이쳐)카페라떼스무디 | M15: 12 | R15: =IFERROR(VLOOKUP(G4,발주량!A:CN,4,FALSE),0) -> 0 | V15: =R15/M15 -> 0 | AA15: 27.09.16
E16: 딸기바나나스무디 | M16: 15 | R16: =IFERROR(VLOOKUP(G4,발주량!A:CN,5,FALSE),0) -> 0 | V16: =R16/M16 -> 0 | AA16: 28.10.01
E17: 딸기블루베리망고스무디 | M17: 15 | R17: =IFERROR(VLOOKUP(G4,발주량!A:CN,6,FALSE),0) -> 0 | V17: =R17/M17 -> 0 | AA17: 28.10.06
E18: 망고바나나스무디 | M18: 15 | R18: =IFERROR(VLOOKUP(G4,발주량!A:CN,7,FALSE),0) -> 0 | V18: =R18/M18 -> 0 | AA18: 28.10.01
B24: 총수량 | R24: =SUM(R13:U23) -> 0 | V24: =SUM(V13:Z23) -> 0
B25: 3자물류 (더원물류) 담당자 박병선이사 010-4448-1456 | W25: =G8 -> 제주특별자치도 제주시 애월읍 신상로 195
B29: 거 래 명 세 표 (공급자 보관용)
B31: 공 급 받 는 자 | C31: =C4 -> 등록번호 | G31: =G4 -> VV92 (주)지에스리테일신제주저온 | Q31: 공 급 자 | R31: 등록번호 | V31: =V4 -> 129-86-29530
C33: =C6 -> 상 호 (법인명) | G33: =G6 -> 신제주센터 | R33: 상 호 (법인명) | V33: =V6 -> ㈜네이쳐앤휴먼지피 | AB33: 성 명 | AD33: =AD6 -> 강혜완
C35: 사업장 주 소 | G35: =G8 -> 제주특별자치도 제주시 애월읍 신상로 195 | R35: 사업장 주 소 | V35: =V8 -> 경기 성남 분당 황새울로311번길 14, 801호
C37: 합계금액 (VAT포함) | R37: 업 태 | V37: =V10 -> 제조 | AB37: 종 목 | AD37: =AD10 -> 임가공외
B39: 년 | C39: 월 | D39: 일 | E39: 품 목 | M39: 입수 | R39: =R12 -> 수량 | V39: 박스 | AA39: 비고
B40: =B13 -> 46310 | E40: =E13 -> 그린스무디 | M40: =M13 -> 15 | R40: =R13 -> 0 | V40: =V13 -> 0 | AA40: =AA13 -> 28.07.30
E41: =E14 -> 네이쳐)수박스무디 | M41: =M14 -> 12 | R41: =R14 -> 0 | V41: =V14 -> 0 | AA41: =AA14 -> 27.09.06
E42: =E15 -> 네이쳐)카페라떼스무디 | M42: =M15 -> 12 | R42: =R15 -> 0 | V42: =V15 -> 0 | AA42: =AA15 -> 27.09.16
E43: =E16 -> 딸기바나나스무디 | M43: =M16 -> 15 | R43: =R16 -> 0 | V43: =V16 -> 0 | AA43: =AA16 -> 28.10.01
E44: =E17 -> 딸기블루베리망고스무디 | M44: =M17 -> 15 | R44: =R17 -> 0 | V44: =V17 -> 0 | AA44: =AA17 -> 28.10.06
E45: =E18 -> 망고바나나스무디 | M45: =M18 -> 15 | R45: =R18 -> 0 | V45: =V18 -> 0 | AA45: =AA18 -> 28.10.01
B51: =B24 -> 총수량 | R51: =R24 -> 0 | V51: =V24 -> 0
B52: =B25 -> 3자물류 (더원물류) 담당자 박병선이사 010-4448-1456 | W52: =W25 -> 제주특별자치도 제주시 애월읍 신상로 195

Sheet 신광주(호남)
B2: 거 래 명 세 표 (공급받는자 보관용)
B4: 공 급 받 는 자 | C4: 등록번호 | G4: VV95 (주)지에스리테일신광주저온 | Q4: 공 급 자 | R4: 등록번호 | V4: 129-86-29530
C6: 상 호 (법인명) | G6: 신광주센터 | R6: 상 호 (법인명) | V6: ㈜네이쳐앤휴먼지피 | AB6: 성 명 | AD6: 강혜완
C8: 사업장 주 소 | G8: 광주광역시 광산구 평동산단7번로 1,지하2층 | R8: 사업장 주 소 | V8: 경기 성남 분당 황새울로311번길 14, 801호
C10: 합계금액 (VAT포함) | R10: 업 태 | V10: 제조 | AB10: 종 목 | AD10: 임가공외
B12: 년 | C12: 월 | D12: 일 | E12: 품 목 | M12: 입수 | R12: 수량 | V12: 박스 | AA12: 비고
B13: ='원주 날짜만 바꿔 주세요'!$B$13 -> 46310 | E13: 그린스무디 | M13: 15 | R13: =IFERROR(VLOOKUP(G4,발주량!A:CN,2,FALSE),0) -> 0 | V13: =R13/M13 -> 0 | AA13: 28.07.30
E14: 네이쳐)수박스무디 | M14: 12 | R14: =IFERROR(VLOOKUP(G4,발주량!A:CN,3,FALSE),0) -> 0 | V14: =R14/M14 -> 0 | AA14: 27.09.06
E15: 네이쳐)카페라떼스무디 | M15: 12 | R15: =IFERROR(VLOOKUP(G4,발주량!A:CN,4,FALSE),0) -> 0 | V15: =R15/M15 -> 0 | AA15: 27.09.16
E16: 딸기바나나스무디 | M16: 15 | R16: =IFERROR(VLOOKUP(G4,발주량!A:CN,5,FALSE),0) -> 0 | V16: =R16/M16 -> 0 | AA16: 28.10.01
E17: 딸기블루베리망고스무디 | M17: 15 | R17: =IFERROR(VLOOKUP(G4,발주량!A:CN,6,FALSE),0) -> 15 | V17: =R17/M17 -> 1 | AA17: 28.10.06
E18: 망고바나나스무디 | M18: 15 | R18: =IFERROR(VLOOKUP(G4,발주량!A:CN,7,FALSE),0) -> 0 | V18: =R18/M18 -> 0 | AA18: 28.10.01
B24: 총수량 | R24: =SUM(R13:U23) -> 15 | V24: =SUM(V13:Z23) -> 1
B25: 3자물류 (더원물류) 담당자 박병선이사 010-4448-1456 | W25: =G8 -> 광주광역시 광산구 평동산단7번로 1,지하2층
B29: 거 래 명 세 표 (공급자 보관용)
B31: 공 급 받 는 자 | C31: =C4 -> 등록번호 | G31: =G4 -> VV95 (주)지에스리테일신광주저온 | Q31: 공 급 자 | R31: 등록번호 | V31: =V4 -> 129-86-29530
C33: =C6 -> 상 호 (법인명) | G33: =G6 -> 신광주센터 | R33: 상 호 (법인명) | V33: =V6 -> ㈜네이쳐앤휴먼지피 | AB33: 성 명 | AD33: =AD6 -> 강혜완
C35: 사업장 주 소 | G35: =G8 -> 광주광역시 광산구 평동산단7번로 1,지하2층 | R35: 사업장 주 소 | V35: =V8 -> 경기 성남 분당 황새울로311번길 14, 801호
C37: 합계금액 (VAT포함) | R37: 업 태 | V37: =V10 -> 제조 | AB37: 종 목 | AD37: =AD10 -> 임가공외
B39: 년 | C39: 월 | D39: 일 | E39: 품 목 | M39: 입수 | R39: =R12 -> 수량 | V39: 박스 | AA39: 비고
B40: =B13 -> 46310 | E40: =E13 -> 그린스무디 | M40: =M13 -> 15 | R40: =R13 -> 0 | V40: =V13 -> 0 | AA40: =AA13 -> 28.07.30
E41: =E14 -> 네이쳐)수박스무디 | M41: =M14 -> 12 | R41: =R14 -> 0 | V41: =V14 -> 0 | AA41: =AA14 -> 27.09.06
E42: =E15 -> 네이쳐)카페라떼스무디 | M42: =M15 -> 12 | R42: =R15 -> 0 | V42: =V15 -> 0 | AA42: =AA15 -> 27.09.16
E43: =E16 -> 딸기바나나스무디 | M43: =M16 -> 15 | R43: =R16 -> 0 | V43: =V16 -> 0 | AA43: =AA16 -> 28.10.01
E44: =E17 -> 딸기블루베리망고스무디 | M44: =M17 -> 15 | R44: =R17 -> 15 | V44: =V17 -> 1 | AA44: =AA17 -> 28.10.06
E45: =E18 -> 망고바나나스무디 | M45: =M18 -> 15 | R45: =R18 -> 0 | V45: =V18 -> 0 | AA45: =AA18 -> 28.10.01
B51: =B24 -> 총수량 | R51: =R24 -> 15 | V51: =V24 -> 1
B52: =B25 -> 3자물류 (더원물류) 담당자 박병선이사 010-4448-1456 | W52: =W25 -> 광주광역시 광산구 평동산단7번로 1,지하2층

Sheet 익산
B2: 거 래 명 세 표 (공급받는자 보관용)
B4: 공 급 받 는 자 | C4: 등록번호 | G4: VV65 ㈜지에스리테일익산일배 | Q4: 공 급 자 | R4: 등록번호 | V4: 129-86-29530
C6: 상 호 (법인명) | G6: 익산센터 | R6: 상 호 (법인명) | V6: ㈜네이쳐앤휴먼지피 | AB6: 성 명 | AD6: 강혜완
C8: 사업장 주 소 | G8: 익산센터 전북특별자치도 익산시 왕궁면 광암리 6001-1 | R8: 사업장 주 소 | V8: 경기 성남 분당 황새울로311번길 14, 801호
C10: 합계금액 (VAT포함) | R10: 업 태 | V10: 제조 | AB10: 종 목 | AD10: 임가공외
B12: 년 | C12: 월 | D12: 일 | E12: 품 목 | M12: 입수 | R12: 수량 | V12: 박스 | AA12: 비고
B13: ='원주 날짜만 바꿔 주세요'!$B$13 -> 46310 | E13: 그린스무디 | M13: 15 | R13: =IFERROR(VLOOKUP(G4,발주량!A:CN,2,FALSE),0) -> 0 | V13: =R13/M13 -> 0 | AA13: 28.07.30
E14: 네이쳐)수박스무디 | M14: 12 | R14: =IFERROR(VLOOKUP(G4,발주량!A:CN,3,FALSE),0) -> 0 | V14: =R14/M14 -> 0 | AA14: 27.09.06
E15: 네이쳐)카페라떼스무디 | M15: 12 | R15: =IFERROR(VLOOKUP(G4,발주량!A:CN,4,FALSE),0) -> 0 | V15: =R15/M15 -> 0 | AA15: 27.09.16
E16: 딸기바나나스무디 | M16: 15 | R16: =IFERROR(VLOOKUP(G4,발주량!A:CN,5,FALSE),0) -> 0 | V16: =R16/M16 -> 0 | AA16: 28.10.01
E17: 딸기블루베리망고스무디 | M17: 15 | R17: =IFERROR(VLOOKUP(G4,발주량!A:CN,6,FALSE),0) -> 0 | V17: =R17/M17 -> 0 | AA17: 28.10.06
E18: 망고바나나스무디 | M18: 15 | R18: =IFERROR(VLOOKUP(G4,발주량!A:CN,7,FALSE),0) -> 0 | V18: =R18/M18 -> 0 | AA18: 28.10.01
B24: 총수량 | R24: =SUM(R13:U23) -> 0 | V24: =SUM(V13:Z23) -> 0
B25: 3자물류 (더원물류) 담당자 박병선이사 010-4448-1456 | W25: =G8 -> 익산센터 전북특별자치도 익산시 왕궁면 광암리 6001-1
B29: 거 래 명 세 표 (공급자 보관용)
B31: 공 급 받 는 자 | C31: =C4 -> 등록번호 | G31: =G4 -> VV65 ㈜지에스리테일익산일배 | Q31: 공 급 자 | R31: 등록번호 | V31: =V4 -> 129-86-29530
C33: =C6 -> 상 호 (법인명) | G33: =G6 -> 익산센터 | R33: 상 호 (법인명) | V33: =V6 -> ㈜네이쳐앤휴먼지피 | AB33: 성 명 | AD33: =AD6 -> 강혜완
C35: 사업장 주 소 | G35: =G8 -> 익산센터 전북특별자치도 익산시 왕궁면 광암리 6001-1 | R35: 사업장 주 소 | V35: =V8 -> 경기 성남 분당 황새울로311번길 14, 801호
C37: 합계금액 (VAT포함) | R37: 업 태 | V37: =V10 -> 제조 | AB37: 종 목 | AD37: =AD10 -> 임가공외
B39: 년 | C39: 월 | D39: 일 | E39: 품 목 | M39: 입수 | R39: =R12 -> 수량 | V39: 박스 | AA39: 비고
B40: =B13 -> 46310 | E40: =E13 -> 그린스무디 | M40: =M13 -> 15 | R40: =R13 -> 0 | V40: =V13 -> 0 | AA40: =AA13 -> 28.07.30
E41: =E14 -> 네이쳐)수박스무디 | M41: =M14 -> 12 | R41: =R14 -> 0 | V41: =V14 -> 0 | AA41: =AA14 -> 27.09.06
E42: =E15 -> 네이쳐)카페라떼스무디 | M42: =M15 -> 12 | R42: =R15 -> 0 | V42: =V15 -> 0 | AA42: =AA15 -> 27.09.16
E43: =E16 -> 딸기바나나스무디 | M43: =M16 -> 15 | R43: =R16 -> 0 | V43: =V16 -> 0 | AA43: =AA16 -> 28.10.01
E44: =E17 -> 딸기블루베리망고스무디 | M44: =M17 -> 15 | R44: =R17 -> 0 | V44: =V17 -> 0 | AA44: =AA17 -> 28.10.06
E45: =E18 -> 망고바나나스무디 | M45: =M18 -> 15 | R45: =R18 -> 0 | V45: =V18 -> 0 | AA45: =AA18 -> 28.10.01
B51: =B24 -> 총수량 | R51: =R24 -> 0 | V51: =V24 -> 0
B52: =B25 -> 3자물류 (더원물류) 담당자 박병선이사 010-4448-1456 | W52: =W25 -> 익산센터 전북특별자치도 익산시 왕궁면 광암리 6001-1

Sheet 경산(경북)
B2: 거 래 명 세 표 (공급받는자 보관용)
B4: 공 급 받 는 자 | C4: 등록번호 | G4: VV83 지에스리테일경산저온 | Q4: 공 급 자 | R4: 등록번호 | V4: 129-86-29530
C6: 상 호 (법인명) | G6: 경산센터 | R6: 상 호 (법인명) | V6: ㈜네이쳐앤휴먼지피 | AB6: 성 명 | AD6: 강혜완
C8: 사업장 주 소 | G8: 경상북도 경산시 진량읍 일연로 689 | R8: 사업장 주 소 | V8: 경기 성남 분당 황새울로311번길 14, 801호
C10: 합계금액 (VAT포함) | R10: 업 태 | V10: 제조 | AB10: 종 목 | AD10: 임가공외
B12: 년 | C12: 월 | D12: 일 | E12: 품 목 | M12: 입수 | R12: 수량 | V12: 박스 | AA12: 비고
B13: ='원주 날짜만 바꿔 주세요'!$B$13 -> 46310 | E13: 그린스무디 | M13: 15 | R13: =IFERROR(VLOOKUP(G4,발주량!A:CN,2,FALSE),0) -> 0 | V13: =R13/M13 -> 0 | AA13: 28.07.30
E14: 네이쳐)수박스무디 | M14: 12 | R14: =IFERROR(VLOOKUP(G4,발주량!A:CN,3,FALSE),0) -> 36 | V14: =R14/M14 -> 3 | AA14: 27.09.06
E15: 네이쳐)카페라떼스무디 | M15: 12 | R15: =IFERROR(VLOOKUP(G4,발주량!A:CN,4,FALSE),0) -> 0 | V15: =R15/M15 -> 0 | AA15: 27.09.12
E16: 딸기바나나스무디 | M16: 15 | R16: =IFERROR(VLOOKUP(G4,발주량!A:CN,5,FALSE),0) -> 0 | V16: =R16/M16 -> 0 | AA16: 28.10.01
E17: 딸기블루베리망고스무디 | M17: 15 | R17: =IFERROR(VLOOKUP(G4,발주량!A:CN,6,FALSE),0) -> 0 | V17: =R17/M17 -> 0 | AA17: 28.09.17
E18: 망고바나나스무디 | M18: 15 | R18: =IFERROR(VLOOKUP(G4,발주량!A:CN,7,FALSE),0) -> 0 | V18: =R18/M18 -> 0 | AA18: 28.09.20
B24: 총수량 | R24: =SUM(R13:U23) -> 36 | V24: =SUM(V13:Z23) -> 3
B25: 3자물류 (더원물류) 담당자 박병선이사 010-4448-1456 | W25: =G8 -> 경상북도 경산시 진량읍 일연로 689
B29: 거 래 명 세 표 (공급자 보관용)
B31: 공 급 받 는 자 | C31: =C4 -> 등록번호 | G31: =G4 -> VV83 지에스리테일경산저온 | Q31: 공 급 자 | R31: 등록번호 | V31: =V4 -> 129-86-29530
C33: =C6 -> 상 호 (법인명) | G33: =G6 -> 경산센터 | R33: 상 호 (법인명) | V33: =V6 -> ㈜네이쳐앤휴먼지피 | AB33: 성 명 | AD33: =AD6 -> 강혜완
C35: 사업장 주 소 | G35: =G8 -> 경상북도 경산시 진량읍 일연로 689 | R35: 사업장 주 소 | V35: =V8 -> 경기 성남 분당 황새울로311번길 14, 801호
C37: 합계금액 (VAT포함) | R37: 업 태 | V37: =V10 -> 제조 | AB37: 종 목 | AD37: =AD10 -> 임가공외
B39: 년 | C39: 월 | D39: 일 | E39: 품 목 | M39: 입수 | R39: =R12 -> 수량 | V39: 박스 | AA39: 비고
B40: =B13 -> 46310 | E40: =E13 -> 그린스무디 | M40: =M13 -> 15 | R40: =R13 -> 0 | V40: =V13 -> 0 | AA40: =AA13 -> 28.07.30
E41: =E14 -> 네이쳐)수박스무디 | M41: =M14 -> 12 | R41: =R14 -> 36 | V41: =V14 -> 3 | AA41: =AA14 -> 27.09.06
E42: =E15 -> 네이쳐)카페라떼스무디 | M42: =M15 -> 12 | R42: =R15 -> 0 | V42: =V15 -> 0 | AA42: =AA15 -> 27.09.12
E43: =E16 -> 딸기바나나스무디 | M43: =M16 -> 15 | R43: =R16 -> 0 | V43: =V16 -> 0 | AA43: =AA16 -> 28.10.01
E44: =E17 -> 딸기블루베리망고스무디 | M44: =M17 -> 15 | R44: =R17 -> 0 | V44: =V17 -> 0 | AA44: =AA17 -> 28.09.17
E45: =E18 -> 망고바나나스무디 | M45: =M18 -> 15 | R45: =R18 -> 0 | V45: =V18 -> 0 | AA45: =AA18 -> 28.09.20
B51: =B24 -> 총수량 | R51: =R24 -> 36 | V51: =V24 -> 3
B52: =B25 -> 3자물류 (더원물류) 담당자 박병선이사 010-4448-1456 | W52: =W25 -> 경상북도 경산시 진량읍 일연로 689

Sheet 아신
B2: 거 래 명 세 표 (공급받는자 보관용)
B4: 공 급 받 는 자 | C4: 등록번호 | G4: VV03 (주)지에스리테일(아신A) | Q4: 공 급 자 | R4: 등록번호 | V4: 129-86-29530
C6: 상 호 (법인명) | G6: 아신센터 | R6: 상 호 (법인명) | V6: ㈜네이쳐앤휴먼지피 | AB6: 성 명 | AD6: 강혜완
C8: 사업장 주 소 | G8: 경기도 용인시 기흥구 하갈로 15번길 34 | R8: 사업장 주 소 | V8: 경기 성남 분당 황새울로311번길 14, 801호
C10: 합계금액 (VAT포함) | R10: 업 태 | V10: 제조 | AB10: 종 목 | AD10: 임가공외
B12: 년 | C12: 월 | D12: 일 | E12: 품 목 | M12: 입수 | R12: 수량 | V12: 박스 | AA12: 비고
B13: ='원주 날짜만 바꿔 주세요'!$B$13 -> 46310 | E13: 그린스무디 | M13: 15 | R13: =IFERROR(VLOOKUP(G4,발주량!A:CN,2,FALSE),0) -> 0 | V13: =R13/M13 -> 0 | AA13: 28.07.30
E14: 네이쳐)수박스무디 | M14: 12 | R14: =IFERROR(VLOOKUP(G4,발주량!A:CN,3,FALSE),0) -> 0 | V14: =R14/M14 -> 0 | AA14: 27.09.06
E15: 네이쳐)카페라떼스무디 | M15: 12 | R15: =IFERROR(VLOOKUP(G4,발주량!A:CN,4,FALSE),0) -> 0 | V15: =R15/M15 -> 0 | AA15: 27.09.16
E16: 딸기바나나스무디 | M16: 15 | R16: =IFERROR(VLOOKUP(G4,발주량!A:CN,5,FALSE),0) -> 0 | V16: =R16/M16 -> 0 | AA16: 28.10.01
E17: 딸기블루베리망고스무디 | M17: 15 | R17: =IFERROR(VLOOKUP(G4,발주량!A:CN,6,FALSE),0) -> 0 | V17: =R17/M17 -> 0 | AA17: 28.10.06
E18: 망고바나나스무디 | M18: 15 | R18: =IFERROR(VLOOKUP(G4,발주량!A:CN,7,FALSE),0) -> 0 | V18: =R18/M18 -> 0 | AA18: 28.10.01
B24: 총수량 | R24: =SUM(R13:U23) -> 0 | V24: =SUM(V13:Z23) -> 0
B25: 3자물류 (더원물류) 담당자 박병선이사 010-4448-1456 | W25: =G8 -> 경기도 용인시 기흥구 하갈로 15번길 34
B29: 거 래 명 세 표 (공급자 보관용)
B31: 공 급 받 는 자 | C31: =C4 -> 등록번호 | G31: =G4 -> VV03 (주)지에스리테일(아신A) | Q31: 공 급 자 | R31: 등록번호 | V31: =V4 -> 129-86-29530
C33: =C6 -> 상 호 (법인명) | G33: =G6 -> 아신센터 | R33: 상 호 (법인명) | V33: =V6 -> ㈜네이쳐앤휴먼지피 | AB33: 성 명 | AD33: =AD6 -> 강혜완
C35: 사업장 주 소 | G35: =G8 -> 경기도 용인시 기흥구 하갈로 15번길 34 | R35: 사업장 주 소 | V35: =V8 -> 경기 성남 분당 황새울로311번길 14, 801호
C37: 합계금액 (VAT포함) | R37: 업 태 | V37: =V10 -> 제조 | AB37: 종 목 | AD37: =AD10 -> 임가공외
B39: 년 | C39: 월 | D39: 일 | E39: 품 목 | M39: 입수 | R39: =R12 -> 수량 | V39: 박스 | AA39: 비고
B40: =B13 -> 46310 | E40: =E13 -> 그린스무디 | M40: =M13 -> 15 | R40: =R13 -> 0 | V40: =V13 -> 0 | AA40: =AA13 -> 28.07.30
E41: =E14 -> 네이쳐)수박스무디 | M41: =M14 -> 12 | R41: =R14 -> 0 | V41: =V14 -> 0 | AA41: =AA14 -> 27.09.06
E42: =E15 -> 네이쳐)카페라떼스무디 | M42: =M15 -> 12 | R42: =R15 -> 0 | V42: =V15 -> 0 | AA42: =AA15 -> 27.09.16
E43: =E16 -> 딸기바나나스무디 | M43: =M16 -> 15 | R43: =R16 -> 0 | V43: =V16 -> 0 | AA43: =AA16 -> 28.10.01
E44: =E17 -> 딸기블루베리망고스무디 | M44: =M17 -> 15 | R44: =R17 -> 0 | V44: =V17 -> 0 | AA44: =AA17 -> 28.10.06
E45: =E18 -> 망고바나나스무디 | M45: =M18 -> 15 | R45: =R18 -> 0 | V45: =V18 -> 0 | AA45: =AA18 -> 28.10.01
B51: =B24 -> 총수량 | R51: =R24 -> 0 | V51: =V24 -> 0
B52: =B25 -> 3자물류 (더원물류) 담당자 박병선이사 010-4448-1456 | W52: =W25 -> 경기도 용인시 기흥구 하갈로 15번길 34

Sheet 포천
B2: 거 래 명 세 표 (공급받는자 보관용)
B4: 공 급 받 는 자 | C4: 등록번호 | G4: VV90 (주)지에스리테일포천저온 | Q4: 공 급 자 | R4: 등록번호 | V4: 129-86-29530
C6: 상 호 (법인명) | G6: 포천센터 | R6: 상 호 (법인명) | V6: ㈜네이쳐앤휴먼지피 | AB6: 성 명 | AD6: 강혜완
C8: 사업장 주 소 | G8: 경기도 포천시 설운동 477 지하 2층 | R8: 사업장 주 소 | V8: 경기 성남 분당 황새울로311번길 14, 801호
C10: 합계금액 (VAT포함) | R10: 업 태 | V10: 제조 | AB10: 종 목 | AD10: 임가공외
B12: 년 | C12: 월 | D12: 일 | E12: 품 목 | M12: 입수 | R12: 수량 | V12: 박스 | AA12: 비고
B13: ='원주 날짜만 바꿔 주세요'!$B$13 -> 46310 | E13: 그린스무디 | M13: 15 | R13: =IFERROR(VLOOKUP(G4,발주량!A:CN,2,FALSE),0) -> 0 | V13: =R13/M13 -> 0 | AA13: 28.07.30
E14: 네이쳐)수박스무디 | M14: 12 | R14: =IFERROR(VLOOKUP(G4,발주량!A:CN,3,FALSE),0) -> 0 | V14: =R14/M14 -> 0 | AA14: 27.09.06
E15: 네이쳐)카페라떼스무디 | M15: 12 | R15: =IFERROR(VLOOKUP(G4,발주량!A:CN,4,FALSE),0) -> 0 | V15: =R15/M15 -> 0 | AA15: 27.09.16
E16: 딸기바나나스무디 | M16: 15 | R16: =IFERROR(VLOOKUP(G4,발주량!A:CN,5,FALSE),0) -> 0 | V16: =R16/M16 -> 0 | AA16: 28.10.01
E17: 딸기블루베리망고스무디 | M17: 15 | R17: =IFERROR(VLOOKUP(G4,발주량!A:CN,6,FALSE),0) -> 0 | V17: =R17/M17 -> 0 | AA17: 28.10.06
E18: 망고바나나스무디 | M18: 15 | R18: =IFERROR(VLOOKUP(G4,발주량!A:CN,7,FALSE),0) -> 0 | V18: =R18/M18 -> 0 | AA18: 28.10.01
B24: 총수량 | R24: =SUM(R13:U23) -> 0 | V24: =SUM(V13:Z23) -> 0
B25: 3자물류 (더원물류) 담당자 박병선이사 010-4448-1456 | W25: =G8 -> 경기도 포천시 설운동 477 지하 2층
B29: 거 래 명 세 표 (공급자 보관용)
B31: 공 급 받 는 자 | C31: =C4 -> 등록번호 | G31: =G4 -> VV90 (주)지에스리테일포천저온 | Q31: 공 급 자 | R31: 등록번호 | V31: =V4 -> 129-86-29530
C33: =C6 -> 상 호 (법인명) | G33: =G6 -> 포천센터 | R33: 상 호 (법인명) | V33: =V6 -> ㈜네이쳐앤휴먼지피 | AB33: 성 명 | AD33: =AD6 -> 강혜완
C35: 사업장 주 소 | G35: =G8 -> 경기도 포천시 설운동 477 지하 2층 | R35: 사업장 주 소 | V35: =V8 -> 경기 성남 분당 황새울로311번길 14, 801호
C37: 합계금액 (VAT포함) | R37: 업 태 | V37: =V10 -> 제조 | AB37: 종 목 | AD37: =AD10 -> 임가공외
B39: 년 | C39: 월 | D39: 일 | E39: 품 목 | M39: 입수 | R39: =R12 -> 수량 | V39: 박스 | AA39: 비고
B40: =B13 -> 46310 | E40: =E13 -> 그린스무디 | M40: =M13 -> 15 | R40: =R13 -> 0 | V40: =V13 -> 0 | AA40: =AA13 -> 28.07.30
E41: =E14 -> 네이쳐)수박스무디 | M41: =M14 -> 12 | R41: =R14 -> 0 | V41: =V14 -> 0 | AA41: =AA14 -> 27.09.06
E42: =E15 -> 네이쳐)카페라떼스무디 | M42: =M15 -> 12 | R42: =R15 -> 0 | V42: =V15 -> 0 | AA42: =AA15 -> 27.09.16
E43: =E16 -> 딸기바나나스무디 | M43: =M16 -> 15 | R43: =R16 -> 0 | V43: =V16 -> 0 | AA43: =AA16 -> 28.10.01
E44: =E17 -> 딸기블루베리망고스무디 | M44: =M17 -> 15 | R44: =R17 -> 0 | V44: =V17 -> 0 | AA44: =AA17 -> 28.10.06
E45: =E18 -> 망고바나나스무디 | M45: =M18 -> 15 | R45: =R18 -> 0 | V45: =V18 -> 0 | AA45: =AA18 -> 28.10.01
B51: =B24 -> 총수량 | R51: =R24 -> 0 | V51: =V24 -> 0
B52: =B25 -> 3자물류 (더원물류) 담당자 박병선이사 010-4448-1456 | W52: =W25 -> 경기도 포천시 설운동 477 지하 2층

Sheet 고촌
B2: 거 래 명 세 표 (공급받는자 보관용)
B4: 공 급 받 는 자 | C4: 등록번호 | G4: VV98 (주)지에스리테일고촌저온 | Q4: 공 급 자 | R4: 등록번호 | V4: 129-86-29530
C6: 상 호 (법인명) | G6: 고촌센터 | R6: 상 호 (법인명) | V6: ㈜네이쳐앤휴먼지피 | AB6: 성 명 | AD6: 강혜완
C8: 사업장 주 소 | G8: 경기도 김포시 고촌읍 아라육로 230번길 16, 지상3층 | R8: 사업장 주 소 | V8: 경기 성남 분당 황새울로311번길 14, 801호
C10: 합계금액 (VAT포함) | R10: 업 태 | V10: 제조 | AB10: 종 목 | AD10: 임가공외
B12: 년 | C12: 월 | D12: 일 | E12: 품 목 | M12: 입수 | R12: 수량 | V12: 박스 | AA12: 비고
B13: ='원주 날짜만 바꿔 주세요'!$B$13 -> 46310 | E13: 그린스무디 | M13: 15 | R13: =IFERROR(VLOOKUP(G4,발주량!A:CN,2,FALSE),0) -> 0 | V13: =R13/M13 -> 0 | AA13: 28.07.30
E14: 네이쳐)수박스무디 | M14: 12 | R14: =IFERROR(VLOOKUP(G4,발주량!A:CN,3,FALSE),0) -> 0 | V14: =R14/M14 -> 0 | AA14: 27.09.06
E15: 네이쳐)카페라떼스무디 | M15: 12 | R15: =IFERROR(VLOOKUP(G4,발주량!A:CN,4,FALSE),0) -> 0 | V15: =R15/M15 -> 0 | AA15: 27.09.16
E16: 딸기바나나스무디 | M16: 15 | R16: =IFERROR(VLOOKUP(G4,발주량!A:CN,5,FALSE),0) -> 0 | V16: =R16/M16 -> 0 | AA16: 28.10.01
E17: 딸기블루베리망고스무디 | M17: 15 | R17: =IFERROR(VLOOKUP(G4,발주량!A:CN,6,FALSE),0) -> 0 | V17: =R17/M17 -> 0 | AA17: 28.10.06
E18: 망고바나나스무디 | M18: 15 | R18: =IFERROR(VLOOKUP(G4,발주량!A:CN,7,FALSE),0) -> 0 | V18: =R18/M18 -> 0 | AA18: 28.10.01
B24: 총수량 | R24: =SUM(R13:U23) -> 0 | V24: =SUM(V13:Z23) -> 0
B25: 3자물류 (더원물류) 담당자 박병선이사 010-4448-1456 | W25: =G8 -> 경기도 김포시 고촌읍 아라육로 230번길 16, 지상3층
B29: 거 래 명 세 표 (공급자 보관용)
B31: 공 급 받 는 자 | C31: =C4 -> 등록번호 | G31: =G4 -> VV98 (주)지에스리테일고촌저온 | Q31: 공 급 자 | R31: 등록번호 | V31: =V4 -> 129-86-29530
C33: =C6 -> 상 호 (법인명) | G33: =G6 -> 고촌센터 | R33: 상 호 (법인명) | V33: =V6 -> ㈜네이쳐앤휴먼지피 | AB33: 성 명 | AD33: =AD6 -> 강혜완
C35: 사업장 주 소 | G35: =G8 -> 경기도 김포시 고촌읍 아라육로 230번길 16, 지상3층 | R35: 사업장 주 소 | V35: =V8 -> 경기 성남 분당 황새울로311번길 14, 801호
C37: 합계금액 (VAT포함) | R37: 업 태 | V37: =V10 -> 제조 | AB37: 종 목 | AD37: =AD10 -> 임가공외
B39: 년 | C39: 월 | D39: 일 | E39: 품 목 | M39: 입수 | R39: =R12 -> 수량 | V39: 박스 | AA39: 비고
B40: =B13 -> 46310 | E40: =E13 -> 그린스무디 | M40: =M13 -> 15 | R40: =R13 -> 0 | V40: =V13 -> 0 | AA40: =AA13 -> 28.07.30
E41: =E14 -> 네이쳐)수박스무디 | M41: =M14 -> 12 | R41: =R14 -> 0 | V41: =V14 -> 0 | AA41: =AA14 -> 27.09.06
E42: =E15 -> 네이쳐)카페라떼스무디 | M42: =M15 -> 12 | R42: =R15 -> 0 | V42: =V15 -> 0 | AA42: =AA15 -> 27.09.16
E43: =E16 -> 딸기바나나스무디 | M43: =M16 -> 15 | R43: =R16 -> 0 | V43: =V16 -> 0 | AA43: =AA16 -> 28.10.01
E44: =E17 -> 딸기블루베리망고스무디 | M44: =M17 -> 15 | R44: =R17 -> 0 | V44: =V17 -> 0 | AA44: =AA17 -> 28.10.06
E45: =E18 -> 망고바나나스무디 | M45: =M18 -> 15 | R45: =R18 -> 0 | V45: =V18 -> 0 | AA45: =AA18 -> 28.10.01
B51: =B24 -> 총수량 | R51: =R24 -> 0 | V51: =V24 -> 0
B52: =B25 -> 3자물류 (더원물류) 담당자 박병선이사 010-4448-1456 | W52: =W25 -> 경기도 김포시 고촌읍 아라육로 230번길 16, 지상3층

Sheet 고양
B2: 거 래 명 세 표 (공급받는자 보관용)
B4: 공 급 받 는 자 | C4: 등록번호 | G4: VV63 ㈜지에스리테일고양일배센터 | Q4: 공 급 자 | R4: 등록번호 | V4: 129-86-29530
C6: 상 호 (법인명) | G6: 고양센터 | R6: 상 호 (법인명) | V6: ㈜네이쳐앤휴먼지피 | AB6: 성 명 | AD6: 강혜완
C8: 사업장 주 소 | G8: 경기 고양시 일산동구 사리현로 101-11 | R8: 사업장 주 소 | V8: 경기 성남 분당 황새울로311번길 14, 801호
C10: 합계금액 (VAT포함) | R10: 업 태 | V10: 제조 | AB10: 종 목 | AD10: 임가공외
B12: 년 | C12: 월 | D12: 일 | E12: 품 목 | M12: 입수 | R12: 수량 | V12: 박스 | AA12: 비고
B13: ='원주 날짜만 바꿔 주세요'!$B$13 -> 46310 | E13: 그린스무디 | M13: 15 | R13: =IFERROR(VLOOKUP(G4,발주량!A:CN,2,FALSE),0) -> 0 | V13: =R13/M13 -> 0 | AA13: 28.07.30
E14: 네이쳐)수박스무디 | M14: 12 | R14: =IFERROR(VLOOKUP(G4,발주량!A:CN,3,FALSE),0) -> 0 | V14: =R14/M14 -> 0 | AA14: 27.09.06
E15: 네이쳐)카페라떼스무디 | M15: 12 | R15: =IFERROR(VLOOKUP(G4,발주량!A:CN,4,FALSE),0) -> 0 | V15: =R15/M15 -> 0 | AA15: 27.09.16
E16: 딸기바나나스무디 | M16: 15 | R16: =IFERROR(VLOOKUP(G4,발주량!A:CN,5,FALSE),0) -> 0 | V16: =R16/M16 -> 0 | AA16: 28.10.01
E17: 딸기블루베리망고스무디 | M17: 15 | R17: =IFERROR(VLOOKUP(G4,발주량!A:CN,6,FALSE),0) -> 0 | V17: =R17/M17 -> 0 | AA17: 28.10.06
E18: 망고바나나스무디 | M18: 15 | R18: =IFERROR(VLOOKUP(G4,발주량!A:CN,7,FALSE),0) -> 15 | V18: =R18/M18 -> 1 | AA18: 28.10.01
B24: 총수량 | R24: =SUM(R13:U23) -> 15 | V24: =SUM(V13:Z23) -> 1
B25: 3자물류 (더원물류) 담당자 박병선이사 010-4448-1456 | W25: =G8 -> 경기 고양시 일산동구 사리현로 101-11
B29: 거 래 명 세 표 (공급자 보관용)
B31: 공 급 받 는 자 | C31: =C4 -> 등록번호 | G31: =G4 -> VV63 ㈜지에스리테일고양일배센터 | Q31: 공 급 자 | R31: 등록번호 | V31: =V4 -> 129-86-29530
C33: =C6 -> 상 호 (법인명) | G33: =G6 -> 고양센터 | R33: 상 호 (법인명) | V33: =V6 -> ㈜네이쳐앤휴먼지피 | AB33: 성 명 | AD33: =AD6 -> 강혜완
C35: 사업장 주 소 | G35: =G8 -> 경기 고양시 일산동구 사리현로 101-11 | R35: 사업장 주 소 | V35: =V8 -> 경기 성남 분당 황새울로311번길 14, 801호
C37: 합계금액 (VAT포함) | R37: 업 태 | V37: =V10 -> 제조 | AB37: 종 목 | AD37: =AD10 -> 임가공외
B39: 년 | C39: 월 | D39: 일 | E39: 품 목 | M39: 입수 | R39: =R12 -> 수량 | V39: 박스 | AA39: 비고
B40: =B13 -> 46310 | E40: =E13 -> 그린스무디 | M40: =M13 -> 15 | R40: =R13 -> 0 | V40: =V13 -> 0 | AA40: =AA13 -> 28.07.30
E41: =E14 -> 네이쳐)수박스무디 | M41: =M14 -> 12 | R41: =R14 -> 0 | V41: =V14 -> 0 | AA41: =AA14 -> 27.09.06
E42: =E15 -> 네이쳐)카페라떼스무디 | M42: =M15 -> 12 | R42: =R15 -> 0 | V42: =V15 -> 0 | AA42: =AA15 -> 27.09.16
E43: =E16 -> 딸기바나나스무디 | M43: =M16 -> 15 | R43: =R16 -> 0 | V43: =V16 -> 0 | AA43: =AA16 -> 28.10.01
E44: =E17 -> 딸기블루베리망고스무디 | M44: =M17 -> 15 | R44: =R17 -> 0 | V44: =V17 -> 0 | AA44: =AA17 -> 28.10.06
E45: =E18 -> 망고바나나스무디 | M45: =M18 -> 15 | R45: =R18 -> 15 | V45: =V18 -> 1 | AA45: =AA18 -> 28.10.01
B51: =B24 -> 총수량 | R51: =R24 -> 15 | V51: =V24 -> 1
B52: =B25 -> 3자물류 (더원물류) 담당자 박병선이사 010-4448-1456 | W52: =W25 -> 경기 고양시 일산동구 사리현로 101-11

Sheet 김포2
B2: 거 래 명 세 표 (공급받는자 보관용)
B4: 공 급 받 는 자 | C4: 등록번호 | G4: VV62 (주)지에스리테일김포2일배 | Q4: 공 급 자 | R4: 등록번호 | V4: 129-86-29530
C6: 상 호 (법인명) | G6: 김포2센터 | R6: 상 호 (법인명) | V6: ㈜네이쳐앤휴먼지피 | AB6: 성 명 | AD6: 강혜완
C8: 사업장 주 소 | G8: 경기도 김포시 고촌읍 아라육로57번길 108 | R8: 사업장 주 소 | V8: 경기 성남 분당 황새울로311번길 14, 801호
C10: 합계금액 (VAT포함) | R10: 업 태 | V10: 제조 | AB10: 종 목 | AD10: 임가공외
B12: 년 | C12: 월 | D12: 일 | E12: 품 목 | M12: 입수 | R12: 수량 | V12: 박스 | AA12: 비고
B13: ='원주 날짜만 바꿔 주세요'!$B$13 -> 46310 | E13: 그린스무디 | M13: 15 | R13: =IFERROR(VLOOKUP(G4,발주량!A:CN,2,FALSE),0) -> 0 | V13: =R13/M13 -> 0 | AA13: 28.07.30
E14: 네이쳐)수박스무디 | M14: 12 | R14: =IFERROR(VLOOKUP(G4,발주량!A:CN,3,FALSE),0) -> 0 | V14: =R14/M14 -> 0 | AA14: 27.09.06
E15: 네이쳐)카페라떼스무디 | M15: 12 | R15: =IFERROR(VLOOKUP(G4,발주량!A:CN,4,FALSE),0) -> 0 | V15: =R15/M15 -> 0 | AA15: 27.09.16
E16: 딸기바나나스무디 | M16: 15 | R16: =IFERROR(VLOOKUP(G4,발주량!A:CN,5,FALSE),0) -> 0 | V16: =R16/M16 -> 0 | AA16: 28.10.01
E17: 딸기블루베리망고스무디 | M17: 15 | R17: =IFERROR(VLOOKUP(G4,발주량!A:CN,6,FALSE),0) -> 15 | V17: =R17/M17 -> 1 | AA17: 28.10.06
E18: 망고바나나스무디 | M18: 15 | R18: =IFERROR(VLOOKUP(G4,발주량!A:CN,7,FALSE),0) -> 0 | V18: =R18/M18 -> 0 | AA18: 28.10.01
B24: 총수량 | R24: =SUM(R13:U23) -> 15 | V24: =SUM(V13:Z23) -> 1
B25: 3자물류 (더원물류) 담당자 박병선이사 010-4448-1456 | W25: =G8 -> 경기도 김포시 고촌읍 아라육로57번길 108
B29: 거 래 명 세 표 (공급자 보관용)
B31: 공 급 받 는 자 | C31: =C4 -> 등록번호 | G31: =G4 -> VV62 (주)지에스리테일김포2일배 | Q31: 공 급 자 | R31: 등록번호 | V31: =V4 -> 129-86-29530
C33: =C6 -> 상 호 (법인명) | G33: =G6 -> 김포2센터 | R33: 상 호 (법인명) | V33: =V6 -> ㈜네이쳐앤휴먼지피 | AB33: 성 명 | AD33: =AD6 -> 강혜완
C35: 사업장 주 소 | G35: =G8 -> 경기도 김포시 고촌읍 아라육로57번길 108 | R35: 사업장 주 소 | V35: =V8 -> 경기 성남 분당 황새울로311번길 14, 801호
C37: 합계금액 (VAT포함) | R37: 업 태 | V37: =V10 -> 제조 | AB37: 종 목 | AD37: =AD10 -> 임가공외
B39: 년 | C39: 월 | D39: 일 | E39: 품 목 | M39: 입수 | R39: =R12 -> 수량 | V39: 박스 | AA39: 비고
B40: =B13 -> 46310 | E40: =E13 -> 그린스무디 | M40: =M13 -> 15 | R40: =R13 -> 0 | V40: =V13 -> 0 | AA40: =AA13 -> 28.07.30
E41: =E14 -> 네이쳐)수박스무디 | M41: =M14 -> 12 | R41: =R14 -> 0 | V41: =V14 -> 0 | AA41: =AA14 -> 27.09.06
E42: =E15 -> 네이쳐)카페라떼스무디 | M42: =M15 -> 12 | R42: =R15 -> 0 | V42: =V15 -> 0 | AA42: =AA15 -> 27.09.16
E43: =E16 -> 딸기바나나스무디 | M43: =M16 -> 15 | R43: =R16 -> 0 | V43: =V16 -> 0 | AA43: =AA16 -> 28.10.01
E44: =E17 -> 딸기블루베리망고스무디 | M44: =M17 -> 15 | R44: =R17 -> 15 | V44: =V17 -> 1 | AA44: =AA17 -> 28.10.06
E45: =E18 -> 망고바나나스무디 | M45: =M18 -> 15 | R45: =R18 -> 0 | V45: =V18 -> 0 | AA45: =AA18 -> 28.10.01
B51: =B24 -> 총수량 | R51: =R24 -> 15 | V51: =V24 -> 1
B52: =B25 -> 3자물류 (더원물류) 담당자 박병선이사 010-4448-1456 | W52: =W25 -> 경기도 김포시 고촌읍 아라육로57번길 108

Sheet 도화
B2: 거 래 명 세 표 (공급받는자 보관용)
B4: 공 급 받 는 자 | C4: 등록번호 | G4: VV66 지에스리테일인천도화일배 | Q4: 공 급 자 | R4: 등록번호 | V4: 129-86-29530
C6: 상 호 (법인명) | G6: 도화센터 | R6: 상 호 (법인명) | V6: ㈜네이쳐앤휴먼지피 | AB6: 성 명 | AD6: 강혜완
C8: 사업장 주 소 | G8: 인천광역시 미추홀구 염전로 144번길 25 | R8: 사업장 주 소 | V8: 경기 성남 분당 황새울로311번길 14, 801호
C10: 합계금액 (VAT포함) | R10: 업 태 | V10: 제조 | AB10: 종 목 | AD10: 임가공외
B12: 년 | C12: 월 | D12: 일 | E12: 품 목 | M12: 입수 | R12: 수량 | V12: 박스 | AA12: 비고
B13: ='원주 날짜만 바꿔 주세요'!$B$13 -> 46310 | E13: 그린스무디 | M13: 15 | R13: =IFERROR(VLOOKUP(G4,발주량!A:CN,2,FALSE),0) -> 0 | V13: =R13/M13 -> 0 | AA13: 28.07.30
E14: 네이쳐)수박스무디 | M14: 12 | R14: =IFERROR(VLOOKUP(G4,발주량!A:CN,3,FALSE),0) -> 0 | V14: =R14/M14 -> 0 | AA14: 27.09.06
E15: 네이쳐)카페라떼스무디 | M15: 12 | R15: =IFERROR(VLOOKUP(G4,발주량!A:CN,4,FALSE),0) -> 0 | V15: =R15/M15 -> 0 | AA15: 27.09.16
E16: 딸기바나나스무디 | M16: 15 | R16: =IFERROR(VLOOKUP(G4,발주량!A:CN,5,FALSE),0) -> 0 | V16: =R16/M16 -> 0 | AA16: 28.10.01
E17: 딸기블루베리망고스무디 | M17: 15 | R17: =IFERROR(VLOOKUP(G4,발주량!A:CN,6,FALSE),0) -> 0 | V17: =R17/M17 -> 0 | AA17: 28.10.06
E18: 망고바나나스무디 | M18: 15 | R18: =IFERROR(VLOOKUP(G4,발주량!A:CN,7,FALSE),0) -> 0 | V18: =R18/M18 -> 0 | AA18: 28.10.01
B24: 총수량 | R24: =SUM(R13:U23) -> 0 | V24: =SUM(V13:Z23) -> 0
B25: 3자물류 (더원물류) 담당자 박병선이사 010-4448-1456 | W25: =G8 -> 인천광역시 미추홀구 염전로 144번길 25
B29: 거 래 명 세 표 (공급자 보관용)
B31: 공 급 받 는 자 | C31: =C4 -> 등록번호 | G31: =G4 -> VV66 지에스리테일인천도화일배 | Q31: 공 급 자 | R31: 등록번호 | V31: =V4 -> 129-86-29530
C33: =C6 -> 상 호 (법인명) | G33: =G6 -> 도화센터 | R33: 상 호 (법인명) | V33: =V6 -> ㈜네이쳐앤휴먼지피 | AB33: 성 명 | AD33: =AD6 -> 강혜완
C35: 사업장 주 소 | G35: =G8 -> 인천광역시 미추홀구 염전로 144번길 25 | R35: 사업장 주 소 | V35: =V8 -> 경기 성남 분당 황새울로311번길 14, 801호
C37: 합계금액 (VAT포함) | R37: 업 태 | V37: =V10 -> 제조 | AB37: 종 목 | AD37: =AD10 -> 임가공외
B39: 년 | C39: 월 | D39: 일 | E39: 품 목 | M39: 입수 | R39: =R12 -> 수량 | V39: 박스 | AA39: 비고
B40: =B13 -> 46310 | E40: =E13 -> 그린스무디 | M40: =M13 -> 15 | R40: =R13 -> 0 | V40: =V13 -> 0 | AA40: =AA13 -> 28.07.30
E41: =E14 -> 네이쳐)수박스무디 | M41: =M14 -> 12 | R41: =R14 -> 0 | V41: =V14 -> 0 | AA41: =AA14 -> 27.09.06
E42: =E15 -> 네이쳐)카페라떼스무디 | M42: =M15 -> 12 | R42: =R15 -> 0 | V42: =V15 -> 0 | AA42: =AA15 -> 27.09.16
E43: =E16 -> 딸기바나나스무디 | M43: =M16 -> 15 | R43: =R16 -> 0 | V43: =V16 -> 0 | AA43: =AA16 -> 28.10.01
E44: =E17 -> 딸기블루베리망고스무디 | M44: =M17 -> 15 | R44: =R17 -> 0 | V44: =V17 -> 0 | AA44: =AA17 -> 28.10.06
E45: =E18 -> 망고바나나스무디 | M45: =M18 -> 15 | R45: =R18 -> 0 | V45: =V18 -> 0 | AA45: =AA18 -> 28.10.01
B51: =B24 -> 총수량 | R51: =R24 -> 0 | V51: =V24 -> 0
B52: =B25 -> 3자물류 (더원물류) 담당자 박병선이사 010-4448-1456 | W52: =W25 -> 인천광역시 미추홀구 염전로 144번길 25

Sheet 발안
B2: 거 래 명 세 표 (공급받는자 보관용)
B4: 공 급 받 는 자 | C4: 등록번호 | G4: VV17 (주)지에스리테일발안일배 | Q4: 공 급 자 | R4: 등록번호 | V4: 129-86-29530
C6: 상 호 (법인명) | G6: 발안센터 | R6: 상 호 (법인명) | V6: ㈜네이쳐앤휴먼지피 | AB6: 성 명 | AD6: 강혜완
C8: 사업장 주 소 | G8: 경기도 화성시 팔탄면 온천로 118 | R8: 사업장 주 소 | V8: 경기 성남 분당 황새울로311번길 14, 801호
C10: 합계금액 (VAT포함) | R10: 업 태 | V10: 제조 | AB10: 종 목 | AD10: 임가공외
B12: 년 | C12: 월 | D12: 일 | E12: 품 목 | M12: 입수 | R12: 수량 | V12: 박스 | AA12: 비고
B13: ='원주 날짜만 바꿔 주세요'!$B$13 -> 46310 | E13: 그린스무디 | M13: 15 | R13: =IFERROR(VLOOKUP(G4,발주량!A:CN,2,FALSE),0) -> 0 | V13: =R13/M13 -> 0 | AA13: 28.07.30
E14: 네이쳐)수박스무디 | M14: 12 | R14: =IFERROR(VLOOKUP(G4,발주량!A:CN,3,FALSE),0) -> 0 | V14: =R14/M14 -> 0 | AA14: 27.09.06
E15: 네이쳐)카페라떼스무디 | M15: 12 | R15: =IFERROR(VLOOKUP(G4,발주량!A:CN,4,FALSE),0) -> 0 | V15: =R15/M15 -> 0 | AA15: 27.09.16
E16: 딸기바나나스무디 | M16: 15 | R16: =IFERROR(VLOOKUP(G4,발주량!A:CN,5,FALSE),0) -> 0 | V16: =R16/M16 -> 0 | AA16: 28.10.01
E17: 딸기블루베리망고스무디 | M17: 15 | R17: =IFERROR(VLOOKUP(G4,발주량!A:CN,6,FALSE),0) -> 0 | V17: =R17/M17 -> 0 | AA17: 28.10.06
E18: 망고바나나스무디 | M18: 15 | R18: =IFERROR(VLOOKUP(G4,발주량!A:CN,7,FALSE),0) -> 0 | V18: =R18/M18 -> 0 | AA18: 28.10.01
B24: 총수량 | R24: =SUM(R13:U23) -> 0 | V24: =SUM(V13:Z23) -> 0
B25: 3자물류 (더원물류) 담당자 박병선이사 010-4448-1456 | W25: =G8 -> 경기도 화성시 팔탄면 온천로 118
B29: 거 래 명 세 표 (공급자 보관용)
B31: 공 급 받 는 자 | C31: =C4 -> 등록번호 | G31: =G4 -> VV17 (주)지에스리테일발안일배 | Q31: 공 급 자 | R31: 등록번호 | V31: =V4 -> 129-86-29530
C33: =C6 -> 상 호 (법인명) | G33: =G6 -> 발안센터 | R33: 상 호 (법인명) | V33: =V6 -> ㈜네이쳐앤휴먼지피 | AB33: 성 명 | AD33: =AD6 -> 강혜완
C35: 사업장 주 소 | G35: =G8 -> 경기도 화성시 팔탄면 온천로 118 | R35: 사업장 주 소 | V35: =V8 -> 경기 성남 분당 황새울로311번길 14, 801호
C37: 합계금액 (VAT포함) | R37: 업 태 | V37: =V10 -> 제조 | AB37: 종 목 | AD37: =AD10 -> 임가공외
B39: 년 | C39: 월 | D39: 일 | E39: 품 목 | M39: 입수 | R39: =R12 -> 수량 | V39: 박스 | AA39: 비고
B40: =B13 -> 46310 | E40: =E13 -> 그린스무디 | M40: =M13 -> 15 | R40: =R13 -> 0 | V40: =V13 -> 0 | AA40: =AA13 -> 28.07.30
E41: =E14 -> 네이쳐)수박스무디 | M41: =M14 -> 12 | R41: =R14 -> 0 | V41: =V14 -> 0 | AA41: =AA14 -> 27.09.06
E42: =E15 -> 네이쳐)카페라떼스무디 | M42: =M15 -> 12 | R42: =R15 -> 0 | V42: =V15 -> 0 | AA42: =AA15 -> 27.09.16
E43: =E16 -> 딸기바나나스무디 | M43: =M16 -> 15 | R43: =R16 -> 0 | V43: =V16 -> 0 | AA43: =AA16 -> 28.10.01
E44: =E17 -> 딸기블루베리망고스무디 | M44: =M17 -> 15 | R44: =R17 -> 0 | V44: =V17 -> 0 | AA44: =AA17 -> 28.10.06
E45: =E18 -> 망고바나나스무디 | M45: =M18 -> 15 | R45: =R18 -> 0 | V45: =V18 -> 0 | AA45: =AA18 -> 28.10.01
B51: =B24 -> 총수량 | R51: =R24 -> 0 | V51: =V24 -> 0
B52: =B25 -> 3자물류 (더원물류) 담당자 박병선이사 010-4448-1456 | W52: =W25 -> 경기도 화성시 팔탄면 온천로 118

Sheet 송파
B2: 거 래 명 세 표 (공급받는자 보관용)
B4: 공 급 받 는 자 | C4: 등록번호 | G4: VV53 (주)지에스리테일송파일배 | Q4: 공 급 자 | R4: 등록번호 | V4: 129-86-29530
C6: 상 호 (법인명) | G6: 송파센터 | R6: 상 호 (법인명) | V6: ㈜네이쳐앤휴먼지피 | AB6: 성 명 | AD6: 강혜완
C8: 사업장 주 소 | G8: 서울특별시 송파구 송파대로 55 | R8: 사업장 주 소 | V8: 경기 성남 분당 황새울로311번길 14, 801호
C10: 합계금액 (VAT포함) | R10: 업 태 | V10: 제조 | AB10: 종 목 | AD10: 임가공외
B12: 년 | C12: 월 | D12: 일 | E12: 품 목 | M12: 입수 | R12: 수량 | V12: 박스 | AA12: 비고
B13: ='원주 날짜만 바꿔 주세요'!$B$13 -> 46310 | E13: 그린스무디 | M13: 15 | R13: =IFERROR(VLOOKUP(G4,발주량!A:CN,2,FALSE),0) -> 0 | V13: =R13/M13 -> 0 | AA13: 28.07.30
E14: 네이쳐)수박스무디 | M14: 12 | R14: =IFERROR(VLOOKUP(G4,발주량!A:CN,3,FALSE),0) -> 24 | V14: =R14/M14 -> 2 | AA14: 27.09.06
E15: 네이쳐)카페라떼스무디 | M15: 12 | R15: =IFERROR(VLOOKUP(G4,발주량!A:CN,4,FALSE),0) -> 0 | V15: =R15/M15 -> 0 | AA15: 27.09.16
E16: 딸기바나나스무디 | M16: 15 | R16: =IFERROR(VLOOKUP(G4,발주량!A:CN,5,FALSE),0) -> 15 | V16: =R16/M16 -> 1 | AA16: 28.10.01
E17: 딸기블루베리망고스무디 | M17: 15 | R17: =IFERROR(VLOOKUP(G4,발주량!A:CN,6,FALSE),0) -> 0 | V17: =R17/M17 -> 0 | AA17: 28.10.06
E18: 망고바나나스무디 | M18: 15 | R18: =IFERROR(VLOOKUP(G4,발주량!A:CN,7,FALSE),0) -> 0 | V18: =R18/M18 -> 0 | AA18: 28.10.01
B24: 총수량 | R24: =SUM(R13:U23) -> 39 | V24: =SUM(V13:Z23) -> 3
B25: 3자물류 (더원물류) 담당자 박병선이사 010-4448-1456 | W25: =G8 -> 서울특별시 송파구 송파대로 55
B29: 거 래 명 세 표 (공급자 보관용)
B31: 공 급 받 는 자 | C31: =C4 -> 등록번호 | G31: =G4 -> VV53 (주)지에스리테일송파일배 | Q31: 공 급 자 | R31: 등록번호 | V31: =V4 -> 129-86-29530
C33: =C6 -> 상 호 (법인명) | G33: =G6 -> 송파센터 | R33: 상 호 (법인명) | V33: =V6 -> ㈜네이쳐앤휴먼지피 | AB33: 성 명 | AD33: =AD6 -> 강혜완
C35: 사업장 주 소 | G35: =G8 -> 서울특별시 송파구 송파대로 55 | R35: 사업장 주 소 | V35: =V8 -> 경기 성남 분당 황새울로311번길 14, 801호
C37: 합계금액 (VAT포함) | R37: 업 태 | V37: =V10 -> 제조 | AB37: 종 목 | AD37: =AD10 -> 임가공외
B39: 년 | C39: 월 | D39: 일 | E39: 품 목 | M39: 입수 | R39: =R12 -> 수량 | V39: 박스 | AA39: 비고
B40: =B13 -> 46310 | E40: =E13 -> 그린스무디 | M40: =M13 -> 15 | R40: =R13 -> 0 | V40: =V13 -> 0 | AA40: =AA13 -> 28.07.30
E41: =E14 -> 네이쳐)수박스무디 | M41: =M14 -> 12 | R41: =R14 -> 24 | V41: =V14 -> 2 | AA41: =AA14 -> 27.09.06
E42: =E15 -> 네이쳐)카페라떼스무디 | M42: =M15 -> 12 | R42: =R15 -> 0 | V42: =V15 -> 0 | AA42: =AA15 -> 27.09.16
E43: =E16 -> 딸기바나나스무디 | M43: =M16 -> 15 | R43: =R16 -> 15 | V43: =V16 -> 1 | AA43: =AA16 -> 28.10.01
E44: =E17 -> 딸기블루베리망고스무디 | M44: =M17 -> 15 | R44: =R17 -> 0 | V44: =V17 -> 0 | AA44: =AA17 -> 28.10.06
E45: =E18 -> 망고바나나스무디 | M45: =M18 -> 15 | R45: =R18 -> 0 | V45: =V18 -> 0 | AA45: =AA18 -> 28.10.01
B51: =B24 -> 총수량 | R51: =R24 -> 39 | V51: =V24 -> 3
B52: =B25 -> 3자물류 (더원물류) 담당자 박병선이사 010-4448-1456 | W52: =W25 -> 서울특별시 송파구 송파대로 55

Sheet 곤지암
B2: 거 래 명 세 표 (공급받는자 보관용)
B4: 공 급 받 는 자 | C4: 등록번호 | G4: VV93 (주)지에스리테일곤지암센터 | Q4: 공 급 자 | R4: 등록번호 | V4: 129-86-29530
C6: 상 호 (법인명) | G6: 곤지암센터 | R6: 상 호 (법인명) | V6: ㈜네이쳐앤휴먼지피 | AB6: 성 명 | AD6: 강혜완
C8: 사업장 주 소 | G8: 경기도 곤지암읍 신대길 134-14 A동 1층 | R8: 사업장 주 소 | V8: 경기 성남 분당 황새울로311번길 14, 801호
C10: 합계금액 (VAT포함) | R10: 업 태 | V10: 제조 | AB10: 종 목 | AD10: 임가공외
B12: 년 | C12: 월 | D12: 일 | E12: 품 목 | M12: 입수 | R12: 수량 | V12: 박스 | AA12: 비고
B13: ='원주 날짜만 바꿔 주세요'!$B$13 -> 46310 | E13: 그린스무디 | M13: 15 | R13: =IFERROR(VLOOKUP(G4,발주량!A:CN,2,FALSE),0) -> 0 | V13: =R13/M13 -> 0 | AA13: 28.07.30
E14: 네이쳐)수박스무디 | M14: 12 | R14: =IFERROR(VLOOKUP(G4,발주량!A:CN,3,FALSE),0) -> 0 | V14: =R14/M14 -> 0 | AA14: 27.09.06
E15: 네이쳐)카페라떼스무디 | M15: 12 | R15: =IFERROR(VLOOKUP(G4,발주량!A:CN,4,FALSE),0) -> 0 | V15: =R15/M15 -> 0 | AA15: 27.09.16
E16: 딸기바나나스무디 | M16: 15 | R16: =IFERROR(VLOOKUP(G4,발주량!A:CN,5,FALSE),0) -> 0 | V16: =R16/M16 -> 0 | AA16: 28.10.01
E17: 딸기블루베리망고스무디 | M17: 15 | R17: =IFERROR(VLOOKUP(G4,발주량!A:CN,6,FALSE),0) -> 0 | V17: =R17/M17 -> 0 | AA17: 28.10.06
E18: 망고바나나스무디 | M18: 15 | R18: =IFERROR(VLOOKUP(G4,발주량!A:CN,7,FALSE),0) -> 0 | V18: =R18/M18 -> 0 | AA18: 28.10.01
B24: 총수량 | R24: =SUM(R13:U23) -> 0 | V24: =SUM(V13:Z23) -> 0
B25: 3자물류 (더원물류) 담당자 박병선이사 010-4448-1456 | W25: =G8 -> 경기도 곤지암읍 신대길 134-14 A동 1층
B29: 거 래 명 세 표 (공급자 보관용)
B31: 공 급 받 는 자 | C31: =C4 -> 등록번호 | G31: =G4 -> VV93 (주)지에스리테일곤지암센터 | Q31: 공 급 자 | R31: 등록번호 | V31: =V4 -> 129-86-29530
C33: =C6 -> 상 호 (법인명) | G33: =G6 -> 곤지암센터 | R33: 상 호 (법인명) | V33: =V6 -> ㈜네이쳐앤휴먼지피 | AB33: 성 명 | AD33: =AD6 -> 강혜완
C35: 사업장 주 소 | G35: =G8 -> 경기도 곤지암읍 신대길 134-14 A동 1층 | R35: 사업장 주 소 | V35: =V8 -> 경기 성남 분당 황새울로311번길 14, 801호
C37: 합계금액 (VAT포함) | R37: 업 태 | V37: =V10 -> 제조 | AB37: 종 목 | AD37: =AD10 -> 임가공외
B39: 년 | C39: 월 | D39: 일 | E39: 품 목 | M39: 입수 | R39: =R12 -> 수량 | V39: 박스 | AA39: 비고
B40: =B13 -> 46310 | E40: =E13 -> 그린스무디 | M40: =M13 -> 15 | R40: =R13 -> 0 | V40: =V13 -> 0 | AA40: =AA13 -> 28.07.30
E41: =E14 -> 네이쳐)수박스무디 | M41: =M14 -> 12 | R41: =R14 -> 0 | V41: =V14 -> 0 | AA41: =AA14 -> 27.09.06
E42: =E15 -> 네이쳐)카페라떼스무디 | M42: =M15 -> 12 | R42: =R15 -> 0 | V42: =V15 -> 0 | AA42: =AA15 -> 27.09.16
E43: =E16 -> 딸기바나나스무디 | M43: =M16 -> 15 | R43: =R16 -> 0 | V43: =V16 -> 0 | AA43: =AA16 -> 28.10.01
E44: =E17 -> 딸기블루베리망고스무디 | M44: =M17 -> 15 | R44: =R17 -> 0 | V44: =V17 -> 0 | AA44: =AA17 -> 28.10.06
E45: =E18 -> 망고바나나스무디 | M45: =M18 -> 15 | R45: =R18 -> 0 | V45: =V18 -> 0 | AA45: =AA18 -> 28.10.01
B51: =B24 -> 총수량 | R51: =R24 -> 0 | V51: =V24 -> 0
B52: =B25 -> 3자물류 (더원물류) 담당자 박병선이사 010-4448-1456 | W52: =W25 -> 경기도 곤지암읍 신대길 134-14 A동 1층

Sheet 신오산1
B2: 거 래 명 세 표 (공급받는자 보관용)
B4: 공 급 받 는 자 | C4: 등록번호 | G4: VV85 지에스리테일신오산1저온 | Q4: 공 급 자 | R4: 등록번호 | V4: 129-86-29530
C6: 상 호 (법인명) | G6: 신오산1센터 | R6: 상 호 (법인명) | V6: ㈜네이쳐앤휴먼지피 | AB6: 성 명 | AD6: 강혜완
C8: 사업장 주 소 | G8: 경기도 오산시 수목원로88번길33, 4층 | R8: 사업장 주 소 | V8: 경기 성남 분당 황새울로311번길 14, 801호
C10: 합계금액 (VAT포함) | R10: 업 태 | V10: 제조 | AB10: 종 목 | AD10: 임가공외
B12: 년 | C12: 월 | D12: 일 | E12: 품 목 | M12: 입수 | R12: 수량 | V12: 박스 | AA12: 비고
B13: ='원주 날짜만 바꿔 주세요'!$B$13 -> 46310 | E13: 그린스무디 | M13: 15 | R13: =IFERROR(VLOOKUP(G4,발주량!A:CN,2,FALSE),0) -> 0 | V13: =R13/M13 -> 0 | AA13: 28.07.30
E14: 네이쳐)수박스무디 | M14: 12 | R14: =IFERROR(VLOOKUP(G4,발주량!A:CN,3,FALSE),0) -> 0 | V14: =R14/M14 -> 0 | AA14: 27.09.06
E15: 네이쳐)카페라떼스무디 | M15: 12 | R15: =IFERROR(VLOOKUP(G4,발주량!A:CN,4,FALSE),0) -> 0 | V15: =R15/M15 -> 0 | AA15: 27.09.16
E16: 딸기바나나스무디 | M16: 15 | R16: =IFERROR(VLOOKUP(G4,발주량!A:CN,5,FALSE),0) -> 0 | V16: =R16/M16 -> 0 | AA16: 28.10.01
E17: 딸기블루베리망고스무디 | M17: 15 | R17: =IFERROR(VLOOKUP(G4,발주량!A:CN,6,FALSE),0) -> 0 | V17: =R17/M17 -> 0 | AA17: 28.10.06
E18: 망고바나나스무디 | M18: 15 | R18: =IFERROR(VLOOKUP(G4,발주량!A:CN,7,FALSE),0) -> 15 | V18: =R18/M18 -> 1 | AA18: 28.10.01
B24: 총수량 | R24: =SUM(R13:U23) -> 15 | V24: =SUM(V13:Z23) -> 1
B25: 3자물류 (더원물류) 담당자 박병선이사 010-4448-1456 | W25: 경기도 오산시 수목원로88번길33, 4층
B29: 거 래 명 세 표 (공급자 보관용)
B31: 공 급 받 는 자 | C31: =C4 -> 등록번호 | G31: =G4 -> VV85 지에스리테일신오산1저온 | Q31: 공 급 자 | R31: 등록번호 | V31: =V4 -> 129-86-29530
C33: =C6 -> 상 호 (법인명) | G33: =G6 -> 신오산1센터 | R33: 상 호 (법인명) | V33: =V6 -> ㈜네이쳐앤휴먼지피 | AB33: 성 명 | AD33: =AD6 -> 강혜완
C35: 사업장 주 소 | G35: =G8 -> 경기도 오산시 수목원로88번길33, 4층 | R35: 사업장 주 소 | V35: =V8 -> 경기 성남 분당 황새울로311번길 14, 801호
C37: 합계금액 (VAT포함) | R37: 업 태 | V37: =V10 -> 제조 | AB37: 종 목 | AD37: =AD10 -> 임가공외
B39: 년 | C39: 월 | D39: 일 | E39: 품 목 | M39: 입수 | R39: =R12 -> 수량 | V39: 박스 | AA39: 비고
B40: =B13 -> 46310 | E40: =E13 -> 그린스무디 | M40: =M13 -> 15 | R40: =R13 -> 0 | V40: =V13 -> 0 | AA40: =AA13 -> 28.07.30
E41: =E14 -> 네이쳐)수박스무디 | M41: =M14 -> 12 | R41: =R14 -> 0 | V41: =V14 -> 0 | AA41: =AA14 -> 27.09.06
E42: =E15 -> 네이쳐)카페라떼스무디 | M42: =M15 -> 12 | R42: =R15 -> 0 | V42: =V15 -> 0 | AA42: =AA15 -> 27.09.16
E43: =E16 -> 딸기바나나스무디 | M43: =M16 -> 15 | R43: =R16 -> 0 | V43: =V16 -> 0 | AA43: =AA16 -> 28.10.01
E44: =E17 -> 딸기블루베리망고스무디 | M44: =M17 -> 15 | R44: =R17 -> 0 | V44: =V17 -> 0 | AA44: =AA17 -> 28.10.06
E45: =E18 -> 망고바나나스무디 | M45: =M18 -> 15 | R45: =R18 -> 15 | V45: =V18 -> 1 | AA45: =AA18 -> 28.10.01
B51: =B24 -> 총수량 | R51: =R24 -> 15 | V51: =V24 -> 1
B52: =B25 -> 3자물류 (더원물류) 담당자 박병선이사 010-4448-1456 | W52: =W25 -> 경기도 오산시 수목원로88번길33, 4층
