Workbook

Sheet 검수장
A1: 검수 리스트
A2: 행 레이블 | B2: 껍데기 | C2: 돼지갈비 | D2: 직화불닭발 | E2: 수제치즈돈까스 | F2: 족발 | G2: 반반족보세트 | H2: 소시지콘 치즈그라탕 | I2: 샐만사)리코타닭가슴살에그 | J2: 쉬림프레몬콥샐러드 | K2: 치킨에그콥 샐러드 | L2: 케이준치킨에그샐러드 | M2: 모서리족발 (냉장) | N2: 카카오)라이언초코케이크 | O2: 직화)모둠햄부대찌개 | P2: 직화)스팸김치찌개 | Q2: 진가쭈꾸미 짬뽕 | R2: 총합계
A3: VV52 (주)지에스리테일남양주일배 | B3: =VLOOKUP(A:A,#REF!,2,0) -> #REF! | C3: =VLOOKUP(A:A,#REF!,3,0) -> #REF! | D3: =VLOOKUP(A:A,#REF!,4,0) -> #REF! | E3: =VLOOKUP(A:A,#REF!,5,0) -> #REF! | F3: =VLOOKUP(A:A,#REF!,2,0) -> #REF! | G3: =VLOOKUP(A:A,#REF!,3,0) -> #REF! | H3: =VLOOKUP(A:A,#REF!,4,0) -> #REF! | I3: =VLOOKUP(A3,#REF!,2,0) -> #REF! | J3: =VLOOKUP(A3,#REF!,3,0) -> #REF! | K3: =VLOOKUP(A:A,#REF!,4,0) -> #REF! | L3: =VLOOKUP(A3,#REF!,5,0) -> #REF! | M3: =VLOOKUP(A:A,#REF!,2,0) -> #REF! | N3: =VLOOKUP(A:A,#REF!,3,0) -> #REF! | O3: =VLOOKUP(A:A,#REF!,2,0) -> #REF! | P3: =VLOOKUP(A:A,#REF!,2,0) -> #REF! | Q3: =VLOOKUP(A:A,#REF!,2,0) -> #REF! | R3: =SUM(B3:Q3) -> #REF!
A4: VV53 (주)지에스리테일송파일배 | B4: =VLOOKUP(A:A,#REF!,2,0) -> #REF! | C4: =VLOOKUP(A:A,#REF!,3,0) -> #REF! | D4: =VLOOKUP(A:A,#REF!,4,0) -> #REF! | E4: =VLOOKUP(A:A,#REF!,5,0) -> #REF! | F4: =VLOOKUP(A:A,#REF!,2,0) -> #REF! | G4: =VLOOKUP(A:A,#REF!,3,0) -> #REF! | H4: =VLOOKUP(A:A,#REF!,4,0) -> #REF! | I4: =VLOOKUP(A4,#REF!,2,0) -> #REF! | J4: =VLOOKUP(A4,#REF!,3,0) -> #REF! | K4: =VLOOKUP(A:A,#REF!,4,0) -> #REF! | L4: =VLOOKUP(A4,#REF!,5,0) -> #REF! | M4: =VLOOKUP(A:A,#REF!,2,0) -> #REF! | N4: =VLOOKUP(A:A,#REF!,3,0) -> #REF! | O4: =VLOOKUP(A:A,#REF!,2,0) -> #REF! | P4: =VLOOKUP(A:A,#REF!,3,0) -> #REF! | Q4: =VLOOKUP(A:A,#REF!,2,0) -> #REF! | R4: =SUM(B4:Q4) -> #REF!
A5: VV55 (주)지에스리테일송파2일배 | B5: =VLOOKUP(A:A,#REF!,2,0) -> #REF! | C5: =VLOOKUP(A:A,#REF!,3,0) -> #REF! | D5: =VLOOKUP(A:A,#REF!,4,0) -> #REF! | E5: =VLOOKUP(A:A,#REF!,5,0) -> #REF! | F5: =VLOOKUP(A:A,#REF!,2,0) -> #REF! | G5: =VLOOKUP(A:A,#REF!,3,0) -> #REF! | H5: =VLOOKUP(A:A,#REF!,4,0) -> #REF! | I5: =VLOOKUP(A5,#REF!,2,0) -> #REF! | J5: =VLOOKUP(A5,#REF!,3,0) -> #REF! | K5: =VLOOKUP(A:A,#REF!,4,0) -> #REF! | L5: =VLOOKUP(A5,#REF!,5,0) -> #REF! | M5: =VLOOKUP(A:A,#REF!,2,0) -> #REF! | N5: =VLOOKUP(A:A,#REF!,3,0) -> #REF! | O5: =VLOOKUP(A:A,#REF!,2,0) -> #REF! | P5: =VLOOKUP(A:A,#REF!,3,0) -> #REF! | Q5: =VLOOKUP(A:A,#REF!,2,0) -> #REF! | R5: =SUM(B5:Q5) -> #REF!
A6: VV63 ㈜지에스리테일고양일배센터 | B6: =VLOOKUP(A:A,#REF!,2,0) -> #REF! | C6: =VLOOKUP(A:A,#REF!,3,0) -> #REF! | D6: =VLOOKUP(A:A,#REF!,4,0) -> #REF! | E6: =VLOOKUP(A:A,#REF!,5,0) -> #REF! | F6: =VLOOKUP(A:A,#REF!,2,0) -> #REF! | G6: =VLOOKUP(A:A,#REF!,3,0) -> #REF! | H6: =VLOOKUP(A:A,#REF!,4,0) -> #REF! | I6: =VLOOKUP(A6,#REF!,2,0) -> #REF! | J6: =VLOOKUP(A6,#REF!,3,0) -> #REF! | K6: =VLOOKUP(A:A,#REF!,4,0) -> #REF! | L6: =VLOOKUP(A6,#REF!,5,0) -> #REF! | M6: =VLOOKUP(A:A,#REF!,2,0) -> #REF! | N6: =VLOOKUP(A:A,#REF!,3,0) -> #REF! | O6: =VLOOKUP(A:A,#REF!,2,0) -> #REF! | P6: =VLOOKUP(A:A,#REF!,3,0) -> #REF! | Q6: =VLOOKUP(A:A,#REF!,2,0) -> #REF! | R6: =SUM(B6:Q6) -> #REF!
A7: VV64 ㈜지에스리테일고양일배2 | B7: =VLOOKUP(A:A,#REF!,2,0) -> #REF! | C7: =VLOOKUP(A:A,#REF!,3,0) -> #REF! | D7: =VLOOKUP(A:A,#REF!,4,0) -> #REF! | E7: =VLOOKUP(A:A,#REF!,5,0) -> #REF! | F7: =VLOOKUP(A:A,#REF!,2,0) -> #REF! | G7: =VLOOKUP(A:A,#REF!,3,0) -> #REF! | H7: =VLOOKUP(A:A,#REF!,4,0) -> #REF! | I7: =VLOOKUP(A7,#REF!,2,0) -> #REF! | J7: =VLOOKUP(A7,#REF!,3,0) -> #REF! | K7: =VLOOKUP(A:A,#REF!,4,0) -> #REF! | L7: =VLOOKUP(A7,#REF!,5,0) -> #REF! | M7: =VLOOKUP(A:A,#REF!,2,0) -> #REF! | N7: =VLOOKUP(A:A,#REF!,3,0) -> #REF! | O7: =VLOOKUP(A:A,#REF!,2,0) -> #REF! | P7: =VLOOKUP(A:A,#REF!,3,0) -> #REF! | Q7: =VLOOKUP(A:A,#REF!,2,0) -> #REF! | R7: =SUM(B7:Q7) -> #REF!
A8: VV62 (주)지에스리테일김포2일배 | B8: =VLOOKUP(A:A,#REF!,2,0) -> #REF! | C8: =VLOOKUP(A:A,#REF!,3,0) -> #REF! | D8: =VLOOKUP(A:A,#REF!,4,0) -> #REF! | E8: =VLOOKUP(A:A,#REF!,5,0) -> #REF! | F8: =VLOOKUP(A:A,#REF!,2,0) -> #REF! | G8: =VLOOKUP(A:A,#REF!,3,0) -> #REF! | H8: =VLOOKUP(A:A,#REF!,4,0) -> #REF! | I8: =VLOOKUP(A8,#REF!,2,0) -> #REF! | J8: =VLOOKUP(A8,#REF!,3,0) -> #REF! | K8: =VLOOKUP(A:A,#REF!,4,0) -> #REF! | L8: =VLOOKUP(A8,#REF!,5,0) -> #REF! | M8: =VLOOKUP(A:A,#REF!,2,0) -> #REF! | N8: =VLOOKUP(A:A,#REF!,3,0) -> #REF! | O8: =VLOOKUP(A:A,#REF!,2,0) -> #REF! | P8: =VLOOKUP(A:A,#REF!,3,0) -> #REF! | Q8: =VLOOKUP(A:A,#REF!,2,0) -> #REF! | R8: =SUM(B8:Q8) -> #REF!
A9: VV70 ㈜지에스리테일김포3일배 | B9: =VLOOKUP(A:A,#REF!,2,0) -> #REF! | C9: =VLOOKUP(A:A,#REF!,3,0) -> #REF! | D9: =VLOOKUP(A:A,#REF!,4,0) -> #REF! | E9: =VLOOKUP(A:A,#REF!,5,0) -> #REF! | F9: =VLOOKUP(A:A,#REF!,2,0) -> #REF! | G9: =VLOOKUP(A:A,#REF!,3,0) -> #REF! | H9: =VLOOKUP(A:A,#REF!,4,0) -> #REF! | I9: =VLOOKUP(A9,#REF!,2,0) -> #REF! | J9: =VLOOKUP(A9,#REF!,3,0) -> #REF! | K9: =VLOOKUP(A:A,#REF!,4,0) -> #REF! | L9: =VLOOKUP(A9,#REF!,5,0) -> #REF! | M9: =VLOOKUP(A:A,#REF!,2,0) -> #REF! | N9: =VLOOKUP(A:A,#REF!,3,0) -> #REF! | O9: =VLOOKUP(A:A,#REF!,2,0) -> #REF! | P9: =VLOOKUP(A:A,#REF!,3,0) -> #REF! | Q9: =VLOOKUP(A:A,#REF!,2,0) -> #REF! | R9: =SUM(B9:Q9) -> #REF!
A10: VV66 지에스리테일인천도화일배 | B10: =VLOOKUP(A:A,#REF!,2,0) -> #REF! | C10: =VLOOKUP(A:A,#REF!,3,0) -> #REF! | D10: =VLOOKUP(A:A,#REF!,4,0) -> #REF! | E10: =VLOOKUP(A:A,#REF!,5,0) -> #REF! | F10: =VLOOKUP(A:A,#REF!,2,0) -> #REF! | G10: =VLOOKUP(A:A,#REF!,3,0) -> #REF! | H10: =VLOOKUP(A:A,#REF!,4,0) -> #REF! | I10: =VLOOKUP(A10,#REF!,2,0) -> #REF! | J10: =VLOOKUP(A10,#REF!,3,0) -> #REF! | K10: =VLOOKUP(A:A,#REF!,4,0) -> #REF! | L10: =VLOOKUP(A10,#REF!,5,0) -> #REF! | M10: =VLOOKUP(A:A,#REF!,2,0) -> #REF! | N10: =VLOOKUP(A:A,#REF!,3,0) -> #REF! | O10: =VLOOKUP(A:A,#REF!,2,0) -> #REF! | P10: =VLOOKUP(A:A,#REF!,3,0) -> #REF! | Q10: =VLOOKUP(A:A,#REF!,2,0) -> #REF! | R10: =SUM(B10:Q10) -> #REF!
A11: VV67 지에스리테일인천도화2일배 | B11: =VLOOKUP(A:A,#REF!,2,0) -> #REF! | C11: =VLOOKUP(A:A,#REF!,3,0) -> #REF! | D11: =VLOOKUP(A:A,#REF!,4,0) -> #REF! | E11: =VLOOKUP(A:A,#REF!,5,0) -> #REF! | F11: =VLOOKUP(A:A,#REF!,2,0) -> #REF! | G11: =VLOOKUP(A:A,#REF!,3,0) -> #REF! | H11: =VLOOKUP(A:A,#REF!,4,0) -> #REF! | I11: =VLOOKUP(A11,#REF!,2,0) -> #REF! | J11: =VLOOKUP(A11,#REF!,3,0) -> #REF! | K11: =VLOOKUP(A:A,#REF!,4,0) -> #REF! | L11: =VLOOKUP(A11,#REF!,5,0) -> #REF! | M11: =VLOOKUP(A:A,#REF!,2,0) -> #REF! | N11: =VLOOKUP(A:A,#REF!,3,0) -> #REF! | O11: =VLOOKUP(A:A,#REF!,2,0) -> #REF! | P11: =VLOOKUP(A:A,#REF!,3,0) -> #REF! | Q11: =VLOOKUP(A:A,#REF!,2,0) -> #REF! | R11: =SUM(B11:Q11) -> #REF!
A12: VV17 (주)지에스리테일발안일배 | B12: =VLOOKUP(A:A,#REF!,2,0) -> #REF! | C12: =VLOOKUP(A:A,#REF!,3,0) -> #REF! | D12: =VLOOKUP(A:A,#REF!,4,0) -> #REF! | E12: =VLOOKUP(A:A,#REF!,5,0) -> #REF! | F12: =VLOOKUP(A:A,#REF!,2,0) -> #REF! | G12: =VLOOKUP(A:A,#REF!,3,0) -> #REF! | H12: =VLOOKUP(A:A,#REF!,4,0) -> #REF! | I12: =VLOOKUP(A12,#REF!,2,0) -> #REF! | J12: =VLOOKUP(A12,#REF!,3,0) -> #REF! | K12: =VLOOKUP(A:A,#REF!,4,0) -> #REF! | L12: =VLOOKUP(A12,#REF!,5,0) -> #REF! | M12: =VLOOKUP(A:A,#REF!,2,0) -> #REF! | N12: =VLOOKUP(A:A,#REF!,3,0) -> #REF! | O12: =VLOOKUP(A:A,#REF!,2,0) -> #REF! | P12: =VLOOKUP(A:A,#REF!,3,0) -> #REF! | Q12: =VLOOKUP(A:A,#REF!,2,0) -> #REF! | R12: =SUM(B12:Q12) -> #REF!
A13: VV71 (주)지에스리테일발안2일배 | B13: =VLOOKUP(A:A,#REF!,2,0) -> #REF! | C13: =VLOOKUP(A:A,#REF!,3,0) -> #REF! | D13: =VLOOKUP(A:A,#REF!,4,0) -> #REF! | E13: =VLOOKUP(A:A,#REF!,5,0) -> #REF! | F13: =VLOOKUP(A:A,#REF!,2,0) -> #REF! | G13: =VLOOKUP(A:A,#REF!,3,0) -> #REF! | H13: =VLOOKUP(A:A,#REF!,4,0) -> #REF! | I13: =VLOOKUP(A13,#REF!,2,0) -> #REF! | J13: =VLOOKUP(A13,#REF!,3,0) -> #REF! | K13: =VLOOKUP(A:A,#REF!,4,0) -> #REF! | L13: =VLOOKUP(A13,#REF!,5,0) -> #REF! | M13: =VLOOKUP(A:A,#REF!,2,0) -> #REF! | N13: =VLOOKUP(A:A,#REF!,3,0) -> #REF! | O13: =VLOOKUP(A:A,#REF!,2,0) -> #REF! | P13: =VLOOKUP(A:A,#REF!,3,0) -> #REF! | Q13: =VLOOKUP(A:A,#REF!,2,0) -> #REF! | R13: =SUM(B13:Q13) -> #REF!
A14: VV60 ㈜지에스리테일오산일배 | B14: =VLOOKUP(A:A,#REF!,2,0) -> #REF! | C14: =VLOOKUP(A:A,#REF!,3,0) -> #REF! | D14: =VLOOKUP(A:A,#REF!,4,0) -> #REF! | E14: =VLOOKUP(A:A,#REF!,5,0) -> #REF! | F14: =VLOOKUP(A:A,#REF!,2,0) -> #REF! | G14: =VLOOKUP(A:A,#REF!,3,0) -> #REF! | H14: =VLOOKUP(A:A,#REF!,4,0) -> #REF! | I14: =VLOOKUP(A14,#REF!,2,0) -> #REF! | J14: =VLOOKUP(A14,#REF!,3,0) -> #REF! | K14: =VLOOKUP(A:A,#REF!,4,0) -> #REF! | L14: =VLOOKUP(A14,#REF!,5,0) -> #REF! | M14: =VLOOKUP(A:A,#REF!,2,0) -> #REF! | N14: =VLOOKUP(A:A,#REF!,3,0) -> #REF! | O14: =VLOOKUP(A:A,#REF!,2,0) -> #REF! | P14: =VLOOKUP(A:A,#REF!,3,0) -> #REF! | Q14: =VLOOKUP(A:A,#REF!,2,0) -> #REF! | R14: =SUM(B14:Q14) -> #REF!
A15: VV03 (주)지에스리테일(아신A) | B15: =VLOOKUP(A:A,#REF!,2,0) -> #REF! | C15: =VLOOKUP(A:A,#REF!,3,0) -> #REF! | D15: =VLOOKUP(A:A,#REF!,4,0) -> #REF! | E15: =VLOOKUP(A:A,#REF!,5,0) -> #REF! | F15: =VLOOKUP(A:A,#REF!,2,0) -> #REF! | G15: =VLOOKUP(A:A,#REF!,3,0) -> #REF! | H15: =VLOOKUP(A:A,#REF!,4,0) -> #REF! | I15: =VLOOKUP(A15,#REF!,2,0) -> #REF! | J15: =VLOOKUP(A15,#REF!,3,0) -> #REF! | K15: =VLOOKUP(A:A,#REF!,4,0) -> #REF! | L15: =VLOOKUP(A15,#REF!,5,0) -> #REF! | M15: =VLOOKUP(A:A,#REF!,2,0) -> #REF! | N15: =VLOOKUP(A:A,#REF!,3,0) -> #REF! | O15: =VLOOKUP(A:A,#REF!,2,0) -> #REF! | P15: =VLOOKUP(A:A,#REF!,3,0) -> #REF! | Q15: =VLOOKUP(A:A,#REF!,2,0) -> #REF! | R15: =SUM(B15:Q15) -> #REF!
... A22: VV57 (주)지에스리테일김해일배 | B22: =VLOOKUP(A:A,#REF!,2,0) -> #REF! | C22: =VLOOKUP(A:A,#REF!,3,0) -> #REF! | D22: =VLOOKUP(A:A,#REF!,4,0) -> #REF! | E22: =VLOOKUP(A:A,#REF!,5,0) -> #REF! | F22: =VLOOKUP(A:A,#REF!,2,0) -> #REF! | G22: =VLOOKUP(A:A,#REF!,3,0) -> #REF! | H22: =VLOOKUP(A:A,#REF!,4,0) -> #REF! | I22: =VLOOKUP(A22,#REF!,2,0) -> #REF! | J22: =VLOOKUP(A22,#REF!,3,0) -> #REF! | K22: =VLOOKUP(A:A,#REF!,4,0) -> #REF! | L22: =VLOOKUP(A22,#REF!,5,0) -> #REF! | M22: =VLOOKUP(A:A,#REF!,2,0) -> #REF! | N22: =VLOOKUP(A:A,#REF!,3,0) -> #REF! | O22: =VLOOKUP(A:A,#REF!,2,0) -> #REF! | P22: =VLOOKUP(A:A,#REF!,3,0) -> #REF! | Q22: =VLOOKUP(A:A,#REF!,2,0) -> #REF! | R22: =SUM(B22:Q22) -> #REF!
A23: VV23 (주)지에스리테일(해인FF) | B23: =VLOOKUP(A:A,#REF!,2,0) -> #REF! | C23: =VLOOKUP(A:A,#REF!,3,0) -> #REF! | D23: =VLOOKUP(A:A,#REF!,4,0) -> #REF! | E23: =VLOOKUP(A:A,#REF!,5,0) -> #REF! | F23: =VLOOKUP(A:A,#REF!,2,0) -> #REF! | G23: =VLOOKUP(A:A,#REF!,3,0) -> #REF! | H23: =VLOOKUP(A:A,#REF!,4,0) -> #REF! | I23: =VLOOKUP(A23,#REF!,2,0) -> #REF! | J23: =VLOOKUP(A23,#REF!,3,0) -> #REF! | K23: =VLOOKUP(A:A,#REF!,4,0) -> #REF! | L23: =VLOOKUP(A23,#REF!,5,0) -> #REF! | N23: =VLOOKUP(A:A,#REF!,3,0) -> #REF! | O23: =VLOOKUP(A:A,#REF!,2,0) -> #REF! | P23: =VLOOKUP(A:A,#REF!,3,0) -> #REF! | Q23: =VLOOKUP(A:A,#REF!,2,0) -> #REF! | R23: =SUM(B23:Q23) -> #REF!
A24: VV20 (주)지에스리테일(해인CVS) | M24: =VLOOKUP(A:A,#REF!,2,0) -> #REF! | N24: =VLOOKUP(A:A,#REF!,3,0) -> #REF! | R24: =SUM(B24:Q24) -> #REF!
A25: VV50 (주)지에스리테일(제성) | B25: =VLOOKUP(A:A,#REF!,2,0) -> #REF! | C25: =VLOOKUP(A:A,#REF!,3,0) -> #REF! | D25: =VLOOKUP(A:A,#REF!,4,0) -> #REF! | E25: =VLOOKUP(A:A,#REF!,5,0) -> #REF! | F25: =IFERROR(VLOOKUP(A:A,#REF!,2,0),"0") -> 0 | G25: =VLOOKUP(A:A,#REF!,3,0) -> #REF! | H25: =VLOOKUP(A:A,#REF!,4,0) -> #REF! | I25: =VLOOKUP(A25,#REF!,2,0) -> #REF! | J25: =VLOOKUP(A25,#REF!,3,0) -> #REF! | K25: =VLOOKUP(A:A,#REF!,4,0) -> #REF! | L25: =VLOOKUP(A25,#REF!,5,0) -> #REF! | M25: =VLOOKUP(A:A,#REF!,2,0) -> #REF! | N25: =VLOOKUP(A:A,#REF!,3,0) -> #REF! | O25: =VLOOKUP(A:A,#REF!,2,0) -> #REF! | P25: =VLOOKUP(A:A,#REF!,3,0) -> #REF! | Q25: =VLOOKUP(A:A,#REF!,2,0) -> #REF! | R25: =SUM(B25:Q25) -> #REF!
A26: VV65 ㈜지에스리테일익산일배 | B26: =VLOOKUP(A:A,#REF!,2,0) -> #REF! | C26: =VLOOKUP(A:A,#REF!,3,0) -> #REF! | D26: =VLOOKUP(A:A,#REF!,4,0) -> #REF! | E26: =VLOOKUP(A:A,#REF!,5,0) -> #REF! | F26: =VLOOKUP(A:A,#REF!,2,0) -> #REF! | G26: =VLOOKUP(A:A,#REF!,3,0) -> #REF! | H26: =VLOOKUP(A:A,#REF!,4,0) -> #REF! | I26: =VLOOKUP(A26,#REF!,2,0) -> #REF! | J26: =VLOOKUP(A26,#REF!,3,0) -> #REF! | K26: =VLOOKUP(A:A,#REF!,4,0) -> #REF! | L26: =VLOOKUP(A26,#REF!,5,0) -> #REF! | M26: =VLOOKUP(A:A,#REF!,2,0) -> #REF! | N26: =VLOOKUP(A:A,#REF!,3,0) -> #REF! | O26: =VLOOKUP(A:A,#REF!,2,0) -> #REF! | P26: =VLOOKUP(A:A,#REF!,3,0) -> #REF! | Q26: =VLOOKUP(A:A,#REF!,2,0) -> #REF! | R26: =SUM(B26:Q26) -> #REF!
A27: VV11 (주)지에스리테일장성일배 | B27: =VLOOKUP(A:A,#REF!,2,0) -> #REF! | C27: =VLOOKUP(A:A,#REF!,3,0) -> #REF! | D27: =VLOOKUP(A:A,#REF!,4,0) -> #REF! | E27: =VLOOKUP(A:A,#REF!,5,0) -> #REF! | F27: =VLOOKUP(A:A,#REF!,2,0) -> #REF! | G27: =VLOOKUP(A:A,#REF!,3,0) -> #REF! | H27: =VLOOKUP(A:A,#REF!,4,0) -> #REF! | I27: =VLOOKUP(A27,#REF!,2,0) -> #REF! | J27: =VLOOKUP(A27,#REF!,3,0) -> #REF! | K27: =VLOOKUP(A:A,#REF!,4,0) -> #REF! | L27: =VLOOKUP(A27,#REF!,5,0) -> #REF! | M27: =VLOOKUP(A:A,#REF!,2,0) -> #REF! | N27: =VLOOKUP(A:A,#REF!,3,0) -> #REF! | O27: =VLOOKUP(A:A,#REF!,2,0) -> #REF! | P27: =VLOOKUP(A:A,#REF!,3,0) -> #REF! | Q27: =VLOOKUP(A:A,#REF!,2,0) -> #REF! | R27: =SUM(B27:Q27) -> #REF!
A28: VV69 ㈜지에스리테일강릉일배센터 | B28: =VLOOKUP(A:A,#REF!,2,0) -> #REF! | C28: =VLOOKUP(A:A,#REF!,3,0) -> #REF! | D28: =VLOOKUP(A:A,#REF!,4,0) -> #REF! | E28: =VLOOKUP(A:A,#REF!,5,0) -> #REF! | F28: =VLOOKUP(A:A,#REF!,2,0) -> #REF! | G28: =VLOOKUP(A:A,#REF!,3,0) -> #REF! | H28: =VLOOKUP(A:A,#REF!,4,0) -> #REF! | I28: =VLOOKUP(A28,#REF!,2,0) -> #REF! | J28: =VLOOKUP(A28,#REF!,3,0) -> #REF! | K28: =VLOOKUP(A:A,#REF!,4,0) -> #REF! | L28: =VLOOKUP(A28,#REF!,5,0) -> #REF! | M28: =VLOOKUP(A:A,#REF!,2,0) -> #REF! | N28: =VLOOKUP(A:A,#REF!,3,0) -> #REF! | O28: =VLOOKUP(A:A,#REF!,2,0) -> #REF! | P28: =VLOOKUP(A:A,#REF!,3,0) -> #REF! | Q28: =VLOOKUP(A:A,#REF!,2,0) -> #REF! | R28: =SUM(B28:Q28) -> #REF!
A29: VV25 (주)지에스리테일진주일배 | B29: =VLOOKUP(A:A,#REF!,2,0) -> #REF! | C29: =VLOOKUP(A:A,#REF!,3,0) -> #REF! | D29: =VLOOKUP(A:A,#REF!,4,0) -> #REF! | E29: =VLOOKUP(A:A,#REF!,5,0) -> #REF! | F29: =VLOOKUP(A:A,#REF!,2,0) -> #REF! | G29: =VLOOKUP(A:A,#REF!,3,0) -> #REF! | H29: =VLOOKUP(A:A,#REF!,4,0) -> #REF! | I29: =VLOOKUP(A29,#REF!,2,0) -> #REF! | J29: =VLOOKUP(A29,#REF!,3,0) -> #REF! | K29: =VLOOKUP(A:A,#REF!,4,0) -> #REF! | L29: =VLOOKUP(A29,#REF!,5,0) -> #REF! | M29: =VLOOKUP(A:A,#REF!,2,0) -> #REF! | N29: =VLOOKUP(A:A,#REF!,3,0) -> #REF! | O29: =VLOOKUP(A:A,#REF!,2,0) -> #REF! | P29: =VLOOKUP(A:A,#REF!,3,0) -> #REF! | Q29: =VLOOKUP(A:A,#REF!,2,0) -> #REF! | R29: =SUM(B29:Q29) -> #REF!
A30: 총합계 | B30: =SUM(B3:B29) -> #REF! | C30: =SUM(C3:C29) -> #REF! | D30: =SUM(D3:D29) -> #REF! | E30: =SUM(E3:E29) -> #REF! | F30: =SUM(F3:F29) -> #REF! | G30: =SUM(G3:G29) -> #REF! | H30: =SUM(H3:H29) -> #REF! | I30: =SUM(I3:I29) -> #REF! | ... R30: =SUM(R3:R29) -> #REF!

Sheet 신라명과피벗
A1: 12/17 | B1: 열 레이블
A2: 행 레이블 | B2: 리얼)모닝롤208G | C2: 총합계
A3: VV16 (주)지에스리테일원주일배
A4: VV69 ㈜지에스리테일강릉일배센터
A5: VV57 (주)지에스리테일김해일배
A6: VV58 (주)지에스리테일김해2일배
A7: VV04 (주)지에스리테일공주일배
A8: VV75 (주)지에스리테일공주2일배
A9: VV34 (주)지에스리테일청주일배
A10: VV92 (주)지에스리테일신제주저온
A11: VV25 (주)지에스리테일진주일배
A12: VV20 (주)지에스리테일(해인CVS)
A13: VV95 (주)지에스리테일신광주저온
A14: VV96 (주)지에스리테일신광주2저
... A39: 총합계

Sheet 리얼)모닝롤
A1: 디저트
A2: =TODAY() -> 46309 | B2: 신라명과 | G2: 박스 | H2: 낱개
A3: 행 레이블 | B3: 입수 | C3: 리얼)모닝롤208G | D3: 박스 | E3: 센터명 | F3: 낱개
A4: VV57 (주)지에스리테일김해일배 | B4: 10 | C4: =IFERROR(VLOOKUP(A4,신라명과피벗!A:HN,2,FALSE),0) -> 0 | D4: =IFERROR(ROUNDDOWN(C4/B4,0),"") -> 0 | E4: 김해 | F4: =IFERROR(C4-(D4*B4),"") -> 0
A5: VV58 (주)지에스리테일김해2일배 | B5: =$B$4 -> 10 | C5: =IFERROR(VLOOKUP(A5,신라명과피벗!A:HN,2,FALSE),0) -> 0 | D5: =IFERROR(ROUNDDOWN(C5/B5,0),"") -> 0 | E5: 김해2 | F5: =IFERROR(C5-(D5*B5),"") -> 0
A6: VV92 (주)지에스리테일신제주저온 | B6: =$B$4 -> 10 | C6: =IFERROR(VLOOKUP(A6,신라명과피벗!A:HN,2,FALSE),0) -> 0 | D6: =IFERROR(ROUNDDOWN(C6/B6,0),"") -> 0 | E6: 신제주 | F6: =IFERROR(C6-(D6*B6),"") -> 0
A7: VV25 (주)지에스리테일진주일배 | B7: =$B$4 -> 10 | C7: =IFERROR(VLOOKUP(A7,신라명과피벗!A:HN,2,FALSE),0) -> 0 | D7: =IFERROR(ROUNDDOWN(C7/B7,0),"") -> 0 | E7: 진주 | F7: =IFERROR(C7-(D7*B7),"") -> 0
A8: VV20 (주)지에스리테일(해인CVS) | B8: =$B$4 -> 10 | C8: =IFERROR(VLOOKUP(A8,신라명과피벗!A:HN,2,FALSE),0) -> 0 | D8: =IFERROR(ROUNDDOWN(C8/B8,0),"") -> 0 | E8: CVS | F8: =IFERROR(C8-(D8*B8),"") -> 0
A9: VV83 지에스리테일경산저온 | B9: =$B$4 -> 10 | C9: =IFERROR(VLOOKUP(A9,신라명과피벗!A:HN,2,FALSE),0) -> 0 | D9: =IFERROR(ROUNDDOWN(C9/B9,0),"") -> 0 | E9: 경산 | F9: =IFERROR(C9-(D9*B9),"") -> 0
A10: VV84 ㈜지에스리테일경산2저온 | B10: =$B$4 -> 10 | C10: =IFERROR(VLOOKUP(A10,신라명과피벗!A:HN,2,FALSE),0) -> 0 | D10: =IFERROR(ROUNDDOWN(C10/B10,0),"") -> 0 | E10: 경산2 | F10: =IFERROR(C10-(D10*B10),"") -> 0
A11: VV97 (주)지에스리테일경산3저온 | B11: =$B$4 -> 10 | C11: =IFERROR(VLOOKUP(A11,신라명과피벗!A:HN,2,FALSE),0) -> 0 | D11: =IFERROR(ROUNDDOWN(C11/B11,0),"") -> 0 | E11: 경산3 | F11: =IFERROR(C11-(D11*B11),"") -> 0
A13: 영남 합계 | B13: =B4 -> 10 | C13: =SUM($C$4:$C$11) -> 0 | D13: =IFERROR(ROUNDDOWN(C13/B13,0),"") -> 0 | F13: =IFERROR(C13-(D13*B13),"") -> 0
A15: VV95 (주)지에스리테일신광주저온 | B15: =$B$4 -> 10 | C15: =IFERROR(VLOOKUP(A15,신라명과피벗!A:HN,2,FALSE),0) -> 0 | D15: =IFERROR(ROUNDDOWN(C15/B15,0),"") -> 0 | E15: 신광주 | F15: =IFERROR(C15-(D15*B15),"") -> 0
A16: VV96 (주)지에스리테일신광주2저 | B16: =$B$4 -> 10 | C16: =IFERROR(VLOOKUP(A16,신라명과피벗!A:HN,2,FALSE),0) -> 0 | D16: =IFERROR(ROUNDDOWN(C16/B16,0),"") -> 0 | E16: 신광주2 | F16: =IFERROR(C16-(D16*B16),"") -> 0
A17: VV65 ㈜지에스리테일익산일배 | B17: =$B$4 -> 10 | C17: =IFERROR(VLOOKUP(A17,신라명과피벗!A:HN,2,FALSE),0) -> 0 | D17: =IFERROR(ROUNDDOWN(C17/B17,0),"") -> 0 | E17: 익산 | F17: =IFERROR(C17-(D17*B17),"") -> 0
A19: 호남 합계 | B19: =$B$4 -> 10 | C19: =SUM(C15:C17) -> 0 | D19: =IFERROR(ROUNDDOWN(C19/B19,0),"") -> 0 | F19: =IFERROR(C19-(D19*B19),"") -> 0
A21: VV16 (주)지에스리테일원주일배 | B21: =$B$4 -> 10 | C21: =IFERROR(VLOOKUP(A21,신라명과피벗!A:HN,2,FALSE),0) -> 0 | D21: =IFERROR(ROUNDDOWN(C21/B21,0),"") -> 0 | E21: 원주 | F21: =IFERROR(C21-(D21*B21),"") -> 0
A22: VV69 ㈜지에스리테일강릉일배센터 | B22: =$B$4 -> 10 | C22: =IFERROR(VLOOKUP(A22,신라명과피벗!A:HN,2,FALSE),0) -> 0 | D22: =IFERROR(ROUNDDOWN(C22/B22,0),"") -> 0 | E22: 강릉 | F22: =IFERROR(C22-(D22*B22),"") -> 0
A23: VV04 (주)지에스리테일공주일배 | B23: =$B$4 -> 10 | C23: =IFERROR(VLOOKUP(A23,신라명과피벗!A:HN,2,FALSE),0) -> 0 | D23: =IFERROR(ROUNDDOWN(C23/B23,0),"") -> 0 | E23: 공주 | F23: =IFERROR(C23-(D23*B23),"") -> 0
A24: VV75 (주)지에스리테일공주2일배 | B24: =$B$4 -> 10 | C24: =IFERROR(VLOOKUP(A24,신라명과피벗!A:HN,2,FALSE),0) -> 0 | D24: =IFERROR(ROUNDDOWN(C24/B24,0),"") -> 0 | E24: 공주2 | F24: =IFERROR(C24-(D24*B24),"") -> 0
A25: VV34 (주)지에스리테일청주일배 | B25: =$B$4 -> 10 | C25: =IFERROR(VLOOKUP(A25,신라명과피벗!A:HN,2,FALSE),0) -> 0 | D25: =IFERROR(ROUNDDOWN(C25/B25,0),"") -> 0 | E25: 청주 | F25: =IFERROR(C25-(D25*B25),"") -> 0
A26: VV03 (주)지에스리테일(아신A) | B26: =$B$4 -> 10 | C26: =IFERROR(VLOOKUP(A26,신라명과피벗!A:HN,2,FALSE),0) -> 0 | D26: =IFERROR(ROUNDDOWN(C26/B26,0),"") -> 0 | E26: 아신A | F26: =IFERROR(C26-(D26*B26),"") -> 0
A27: VV90 (주)지에스리테일포천저온 | B27: =$B$4 -> 10 | C27: =IFERROR(VLOOKUP(A27,신라명과피벗!A:HN,2,FALSE),0) -> 0 | D27: =IFERROR(ROUNDDOWN(C27/B27,0),"") -> 0 | E27: 포천 | F27: =IFERROR(C27-(D27*B27),"") -> 0
A28: VV91 (주)지에스리테일포천2저온 | B28: =$B$4 -> 10 | C28: =IFERROR(VLOOKUP(A28,신라명과피벗!A:HN,2,FALSE),0) -> 0 | D28: =IFERROR(ROUNDDOWN(C28/B28,0),"") -> 0 | E28: 포천2 | F28: =IFERROR(C28-(D28*B28),"") -> 0 | G28: =IFERROR(ROUNDDOWN(SUM($F$29:$F$46)/$B$4,0),"") -> 0 | H28: =IFERROR(SUM($F$29:$F$46)-($G$28*$B$4),"") -> 0
A29: VV98 (주)지에스리테일고촌저온 | B29: =$B$4 -> 10 | C29: =IFERROR(VLOOKUP(A29,신라명과피벗!A:HN,2,FALSE),0) -> 0 | D29: =IFERROR(ROUNDDOWN(C29/B29,0),"") -> 0 | E29: 고촌 | F29: =IFERROR(C29-(D29*B29),"") -> 0
A30: VV99 (주)지에스리테일고촌2저온 | B30: =$B$4 -> 10 | C30: =IFERROR(VLOOKUP(A30,신라명과피벗!A:HN,2,FALSE),0) -> 0 | D30: =IFERROR(ROUNDDOWN(C30/B30,0),"") -> 0 | E30: 고촌2 | F30: =IFERROR(C30-(D30*B30),"") -> 0
A31: VV63 ㈜지에스리테일고양일배센터 | B31: =$B$4 -> 10 | C31: =IFERROR(VLOOKUP(A31,신라명과피벗!A:HN,2,FALSE),0) -> 0 | D31: =IFERROR(ROUNDDOWN(C31/B31,0),"") -> 0 | E31: 고양 | F31: =IFERROR(C31-(D31*B31),"") -> 0
A32: VV64 ㈜지에스리테일고양일배2 | B32: =$B$4 -> 10 | C32: =IFERROR(VLOOKUP(A32,신라명과피벗!A:HN,2,FALSE),0) -> 0 | D32: =IFERROR(ROUNDDOWN(C32/B32,0),"") -> 0 | E32: 고양2 | F32: =IFERROR(C32-(D32*B32),"") -> 0
A33: VV81 (주)지에스리테일고양저온3 | B33: =$B$4 -> 10 | C33: =IFERROR(VLOOKUP(A33,신라명과피벗!A:HN,2,FALSE),0) -> 0 | D33: =IFERROR(ROUNDDOWN(C33/B33,0),"") -> 0 | E33: 고양3 | F33: =IFERROR(C33-(D33*B33),"") -> 0
A34: VV62 (주)지에스리테일김포2일배 | B34: =$B$4 -> 10 | C34: =IFERROR(VLOOKUP(A34,신라명과피벗!A:HN,2,FALSE),0) -> 0 | D34: =IFERROR(ROUNDDOWN(C34/B34,0),"") -> 0 | E34: 김포2 | F34: =IFERROR(C34-(D34*B34),"") -> 0
A35: VV70 ㈜지에스리테일김포3일배 | B35: =$B$4 -> 10 | C35: =IFERROR(VLOOKUP(A35,신라명과피벗!A:HN,2,FALSE),0) -> 0 | D35: =IFERROR(ROUNDDOWN(C35/B35,0),"") -> 0 | E35: 김포3 | F35: =IFERROR(C35-(D35*B35),"") -> 0 | G35: =IFERROR(ROUNDDOWN(SUM($F$36:$F$46)/$B$4,0),"") -> 0 | H35: =IFERROR(SUM($F$36:$F$46)-($G$35*$B$4),"") -> 0
A36: VV66 지에스리테일인천도화일배 | B36: =$B$4 -> 10 | C36: =IFERROR(VLOOKUP(A36,신라명과피벗!A:HN,2,FALSE),0) -> 0 | D36: =IFERROR(ROUNDDOWN(C36/B36,0),"") -> 0 | E36: 도화 | F36: =IFERROR(C36-(D36*B36),"") -> 0
A37: VV67 지에스리테일인천도화2일배 | B37: =$B$4 -> 10 | C37: =IFERROR(VLOOKUP(A37,신라명과피벗!A:HN,2,FALSE),0) -> 0 | D37: =IFERROR(ROUNDDOWN(C37/B37,0),"") -> 0 | E37: 도화2 | F37: =IFERROR(C37-(D37*B37),"") -> 0
A38: VV17 (주)지에스리테일발안일배 | B38: =$B$4 -> 10 | C38: =IFERROR(VLOOKUP(A38,신라명과피벗!A:HN,2,FALSE),0) -> 0 | D38: =IFERROR(ROUNDDOWN(C38/B38,0),"") -> 0 | E38: 발안 | F38: =IFERROR(C38-(D38*B38),"") -> 0
A39: VV71 (주)지에스리테일발안2일배 | B39: =$B$4 -> 10 | C39: =IFERROR(VLOOKUP(A39,신라명과피벗!A:HN,2,FALSE),0) -> 0 | D39: =IFERROR(ROUNDDOWN(C39/B39,0),"") -> 0 | E39: 발안2 | F39: =IFERROR(C39-(D39*B39),"") -> 0
A40: VV53 (주)지에스리테일송파일배 | B40: =$B$4 -> 10 | C40: =IFERROR(VLOOKUP(A40,신라명과피벗!A:HN,2,FALSE),0) -> 0 | D40: =IFERROR(ROUNDDOWN(C40/B40,0),"") -> 0 | E40: 송파 | F40: =IFERROR(C40-(D40*B40),"") -> 0
A41: VV55 (주)지에스리테일송파2일배 | B41: =$B$4 -> 10 | C41: =IFERROR(VLOOKUP(A41,신라명과피벗!A:HN,2,FALSE),0) -> 0 | D41: =IFERROR(ROUNDDOWN(C41/B41,0),"") -> 0 | E41: 송파2 | F41: =IFERROR(C41-(D41*B41),"") -> 0 | G41: =IFERROR(ROUNDDOWN(SUM($F$42:$F$46)/$B$4,0),"") -> 0 | H41: =IFERROR(SUM($F$42:$F$46)-($G$41*$B$4),"") -> 0
A42: VV93 (주)지에스리테일곤지암센터 | B42: =$B$4 -> 10 | C42: =IFERROR(VLOOKUP(A42,신라명과피벗!A:HN,2,FALSE),0) -> 0 | D42: =IFERROR(ROUNDDOWN(C42/B42,0),"") -> 0 | E42: 곤지암 | F42: =IFERROR(C42-(D42*B42),"") -> 0
A43: VV94 (주)지에스리테일곤지암2센 | B43: =$B$4 -> 10 | C43: =IFERROR(VLOOKUP(A43,신라명과피벗!A:HN,2,FALSE),0) -> 0 | D43: =IFERROR(ROUNDDOWN(C43/B43,0),"") -> 0 | E43: 곤지암2 | F43: =IFERROR(C43-(D43*B43),"") -> 0
A44: VV85 지에스리테일신오산1저온 | B44: =$B$4 -> 10 | C44: =IFERROR(VLOOKUP(A44,신라명과피벗!A:HN,2,FALSE),0) -> 0 | D44: =IFERROR(ROUNDDOWN(C44/B44,0),"") -> 0 | E44: 신오산1 | F44: =IFERROR(C44-(D44*B44),"") -> 0
A45: VV86 지에스리테일신오산2저온 | B45: =$B$4 -> 10 | C45: =IFERROR(VLOOKUP(A45,신라명과피벗!A:HN,2,FALSE),0) -> 0 | D45: =IFERROR(ROUNDDOWN(C45/B45,0),"") -> 0 | E45: 신오산2 | F45: =IFERROR(C45-(D45*B45),"") -> 0
A46: VV87 지에스리테일신오산3저온 | B46: =$B$4 -> 10 | C46: =IFERROR(VLOOKUP(A46,신라명과피벗!A:HN,2,FALSE),0) -> 0 | D46: =IFERROR(ROUNDDOWN(C46/B46,0),"") -> 0 | E46: 신오산3 | F46: =IFERROR(C46-(D46*B46),"") -> 0
A48: 수도권 합계 | B48: =B21 -> 10 | C48: =SUM($C$21:$C$46) -> 0 | D48: =IFERROR(ROUNDDOWN(C48/B48,0),"") -> 0 | F48: =IFERROR(C48-(D48*B48),"") -> 0
A50: 총합계 | B50: =$B$4 -> 10 | C50: =SUM($C$13,$C$48,$C$19) -> 0 | D50: =IFERROR(ROUNDDOWN(C50/B50,0),"") -> 0 | F50: =IFERROR(C50-(D50*B50),"") -> 0 | G50: 소분박스 | H50: 소분낱개
A51: 총 박스 수량 / 총 낱개 수량 | D51: =SUM($D$4:$D$11,$D$21:$D$46,$D$19) -> 0 | F51: =SUM($F$4:$F$11,$F$21:$F$46,$F$15:$F$18) -> 0 | G51: =IFERROR(ROUNDDOWN($F$51/$B$4,0),"") -> 0 | H51: =IFERROR($F$51-($G$51*$B$4),"") -> 0

Sheet 리치푸드 피벗
A1: 10/14 | C1: 열 레이블
A2: 10/15납품 | C2: 네이쳐)수박스무디 | E2: 딸기바나나스무디 | F2: 딸기블루베리망고스무디 | G2: 망고바나나스무디 | H2: 총합계
A3: VV16 (주)지에스리테일원주일배 | E3: 15 | H3: 15
A4: VV95 (주)지에스리테일신광주저온 | F4: 15 | H4: 15
A5: VV83 지에스리테일경산저온 | C5: 36 | H5: 36
A6: VV63 ㈜지에스리테일고양일배센터 | G6: 15 | H6: 15
A7: VV62 (주)지에스리테일김포2일배 | F7: 15 | H7: 15
A8: VV85 지에스리테일신오산1저온 | G8: 15 | H8: 15
A9: VV53 (주)지에스리테일송파일배 | C9: 24 | E9: 15 | H9: 39
A10: 총합계 | C10: 60 | E10: 30 | F10: 30 | G10: 30 | H10: 150

Sheet 그린스무디
A2: =TODAY() -> 46309 | B2: GS 네이처 _냉동 □
A3: ='리치푸드 피벗'!A2 -> 10/15납품 | B3: 입수 | C3: 그린스무디 | D3: 박스 | E3: 센터명 | F3: 낱개
A4: VV98 (주)지에스리테일고촌저온 | B4: 15 | C4: =IFERROR(VLOOKUP(A4,'리치푸드 피벗'!A:SP,2,FALSE),0) -> 0 | D4: =IFERROR(ROUNDDOWN(C4/B4,0),"") -> 0 | E4: 고촌 | F4: =IFERROR(C4-(D4*B4),"") -> 0
A5: VV93 (주)지에스리테일곤지암센터 | B5: =$B$4 -> 15 | C5: =IFERROR(VLOOKUP(A5,'리치푸드 피벗'!A:SP,2,FALSE),0) -> 0 | D5: =IFERROR(ROUNDDOWN(C5/B5,0),"") -> 0 | E5: 곤지암 | F5: =IFERROR(C5-(D5*B5),"") -> 0
A6: VV90 (주)지에스리테일포천저온 | B6: =$B$4 -> 15 | C6: =IFERROR(VLOOKUP(A6,'리치푸드 피벗'!A:SP,2,FALSE),0) -> 0 | D6: =IFERROR(ROUNDDOWN(C6/B6,0),"") -> 0 | E6: 포천 | F6: =IFERROR(C6-(D6*B6),"") -> 0
A7: VV85 지에스리테일신오산1저온 | B7: =$B$4 -> 15 | C7: =IFERROR(VLOOKUP(A7,'리치푸드 피벗'!A:SP,2,FALSE),0) -> 0 | D7: =IFERROR(ROUNDDOWN(C7/B7,0),"") -> 0 | E7: 신오산1 | F7: =IFERROR(C7-(D7*B7),"") -> 0
A8: VV04 (주)지에스리테일공주일배 | B8: =$B$4 -> 15 | C8: =IFERROR(VLOOKUP(A8,'리치푸드 피벗'!A:SP,2,FALSE),0) -> 0 | D8: =IFERROR(ROUNDDOWN(C8/B8,0),"") -> 0 | E8: 공주 | F8: =IFERROR(C8-(D8*B8),"") -> 0
A9: VV69 ㈜지에스리테일강릉일배센터 | B9: =$B$4 -> 15 | C9: =IFERROR(VLOOKUP(A9,'리치푸드 피벗'!A:SP,2,FALSE),0) -> 0 | D9: =IFERROR(ROUNDDOWN(C9/B9,0),"") -> 0 | E9: 강릉 | F9: =IFERROR(C9-(D9*B9),"") -> 0 | H9: 네이처
A10: VV66 지에스리테일인천도화일배 | B10: =$B$4 -> 15 | C10: =IFERROR(VLOOKUP(A10,'리치푸드 피벗'!A:SP,2,FALSE),0) -> 0 | D10: =IFERROR(ROUNDDOWN(C10/B10,0),"") -> 0 | E10: 도화 | F10: =IFERROR(C10-(D10*B10),"") -> 0
A11: VV63 ㈜지에스리테일고양일배센터 | B11: =$B$4 -> 15 | C11: =IFERROR(VLOOKUP(A11,'리치푸드 피벗'!A:SP,2,FALSE),0) -> 0 | D11: =IFERROR(ROUNDDOWN(C11/B11,0),"") -> 0 | E11: 고양 | F11: =IFERROR(C11-(D11*B11),"") -> 0
A12: VV62 (주)지에스리테일김포2일배 | B12: =$B$4 -> 15 | C12: =IFERROR(VLOOKUP(A12,'리치푸드 피벗'!A:SP,2,FALSE),0) -> 0 | D12: =IFERROR(ROUNDDOWN(C12/B12,0),"") -> 0 | E12: 김포2 | F12: =IFERROR(C12-(D12*B12),"") -> 0
A13: VV53 (주)지에스리테일송파일배 | B13: =$B$4 -> 15 | C13: =IFERROR(VLOOKUP(A13,'리치푸드 피벗'!A:SP,2,FALSE),0) -> 0 | D13: =IFERROR(ROUNDDOWN(C13/B13,0),"") -> 0 | E13: 송파 | F13: =IFERROR(C13-(D13*B13),"") -> 0
A14: VV34 (주)지에스리테일청주일배 | B14: =$B$4 -> 15 | C14: =IFERROR(VLOOKUP(A14,'리치푸드 피벗'!A:SP,2,FALSE),0) -> 0 | D14: =IFERROR(ROUNDDOWN(C14/B14,0),"") -> 0 | E14: 청주 | F14: =IFERROR(C14-(D14*B14),"") -> 0
A15: VV17 (주)지에스리테일발안일배 | B15: =$B$4 -> 15 | C15: =IFERROR(VLOOKUP(A15,'리치푸드 피벗'!A:SP,2,FALSE),0) -> 0 | D15: =IFERROR(ROUNDDOWN(C15/B15,0),"") -> 0 | E15: 발안 | F15: =IFERROR(C15-(D15*B15),"") -> 0
A16: VV16 (주)지에스리테일원주일배 | B16: =$B$4 -> 15 | C16: =IFERROR(VLOOKUP(A16,'리치푸드 피벗'!A:SP,2,FALSE),0) -> 0 | D16: =IFERROR(ROUNDDOWN(C16/B16,0),"") -> 0 | E16: 원주 | F16: =IFERROR(C16-(D16*B16),"") -> 0
A17: VV03 (주)지에스리테일(아신A) | B17: =$B$4 -> 15 | C17: =IFERROR(VLOOKUP(A17,'리치푸드 피벗'!A:SP,2,FALSE),0) -> 0 | D17: =IFERROR(ROUNDDOWN(C17/B17,0),"") -> 0 | E17: 아신 | F17: =IFERROR(C17-(D17*B17),"") -> 0
A19: 수도권 합계 | B19: =$B$4 -> 15 | C19: =SUM(C4:C17) -> 0 | D19: =IFERROR(ROUNDDOWN(C19/B19,0),"") -> 0 | F19: =IFERROR(C19-(D19*B19),"") -> 0
A21: VV57 (주)지에스리테일김해일배 | B21: =$B$4 -> 15 | C21: =IFERROR(VLOOKUP(A21,'리치푸드 피벗'!A:SP,2,FALSE),0) -> 0 | D21: =IFERROR(ROUNDDOWN(C21/B21,0),"") -> 0 | E21: 김해 | F21: =IFERROR(C21-(D21*B21),"") -> 0
A22: VV25 (주)지에스리테일진주일배 | B22: =$B$4 -> 15 | C22: =IFERROR(VLOOKUP(A22,'리치푸드 피벗'!A:SP,2,FALSE),0) -> 0 | D22: =IFERROR(ROUNDDOWN(C22/B22,0),"") -> 0 | E22: 진주 | F22: =IFERROR(C22-(D22*B22),"") -> 0
A23: VV20 (주)지에스리테일(해인CVS) | B23: =$B$4 -> 15 | C23: =IFERROR(VLOOKUP(A23,'리치푸드 피벗'!A:SP,2,FALSE),0) -> 0 | D23: =IFERROR(ROUNDDOWN(C23/B23,0),"") -> 0 | E23: 해인 | F23: =IFERROR(C23-(D23*B23),"") -> 0
A25: 경남(김해)합계 | B25: =$B$4 -> 15 | C25: =SUM(C21:C23) -> 0 | D25: =IFERROR(ROUNDDOWN(C25/B25,0),"") -> 0 | F25: =IFERROR(C25-(D25*B25),"") -> 0
A27: VV83 지에스리테일경산저온 | B27: =$B$4 -> 15 | C27: =IFERROR(VLOOKUP(A27,'리치푸드 피벗'!A:SP,2,FALSE),0) -> 0 | D27: =IFERROR(ROUNDDOWN(C27/B27,0),"") -> 0 | E27: 경산 | F27: =IFERROR(C27-(D27*B27),"") -> 0
A29: 경북(칠곡)합계 | B29: =$B$4 -> 15 | C29: =SUM(C27:C27) -> 0 | D29: =IFERROR(ROUNDDOWN(C29/B29,0),"") -> 0 | F29: =IFERROR(C29-(D29*B29),"") -> 0
A31: VV95 (주)지에스리테일신광주저온 | B31: =$B$4 -> 15 | C31: =IFERROR(VLOOKUP(A31,'리치푸드 피벗'!A:SP,2,FALSE),0) -> 0 | D31: =IFERROR(ROUNDDOWN(C31/B31,0),"") -> 0 | E31: 신광주 | F31: =IFERROR(C31-(D31*B31),"") -> 0
A32: VV65 ㈜지에스리테일익산일배 | B32: =$B$4 -> 15 | C32: =IFERROR(VLOOKUP(A32,'리치푸드 피벗'!A:SP,2,FALSE),0) -> 0 | D32: =IFERROR(ROUNDDOWN(C32/B32,0),"") -> 0 | E32: 익산 | F32: =IFERROR(C32-(D32*B32),"") -> 0
A34: 호남권 합계 | B34: =$B$4 -> 15 | C34: =SUM(C31:C32) -> 0 | D34: =IFERROR(ROUNDDOWN(C34/B34,0),"") -> 0 | F34: =IFERROR(C34-(D34*B34),"") -> 0
A36: VV92 (주)지에스리테일신제주저온 | B36: =$B$4 -> 15 | C36: =IFERROR(VLOOKUP(A36,'리치푸드 피벗'!A:SP,2,FALSE),0) -> 0 | D36: =IFERROR(ROUNDDOWN(C36/B36,0),"") -> 0 | E36: 신제주 | F36: =IFERROR(C36-(D36*B36),"") -> 0
A38: 총합계 | B38: =$B$4 -> 15 | C38: =SUM(C4:C17,C31:C32,C27:C27,C21:C23,C36) -> 0 | D38: =IFERROR(ROUNDDOWN(C38/B38,0),"") -> 0 | F38: =IFERROR(C38-(D38*B38),"") -> 0
A39: 총 박스/총 낱개수량 | B39: □ | D39: =SUM(D4:D17,D31:D32,D27:D27,D21:D23,D36) -> 0 | F39: =SUM(F4:F17,F31:F32,F27:F27,F21:F23,F36) -> 0
C40: =C19+C25+C29+C34+C36 -> 0
C41: =C40=C38 -> TRUE

Sheet 아미)수박스무디
A2: =TODAY() -> 46309 | B2: GS 아미 _냉동 □
A3: ='리치푸드 피벗'!A2 -> 10/15납품 | B3: 입수 | C3: 네이쳐)수박스무디 | D3: 박스 | E3: 센터명 | F3: 낱개
A4: VV98 (주)지에스리테일고촌저온 | B4: 12 | C4: =IFERROR(VLOOKUP(A4,'리치푸드 피벗'!A:SP,3,FALSE),0) -> 0 | D4: =IFERROR(ROUNDDOWN(C4/B4,0),"") -> 0 | E4: 고촌 | F4: =IFERROR(C4-(D4*B4),"") -> 0
A5: VV93 (주)지에스리테일곤지암센터 | B5: =$B$4 -> 12 | C5: =IFERROR(VLOOKUP(A5,'리치푸드 피벗'!A:SP,3,FALSE),0) -> 0 | D5: =IFERROR(ROUNDDOWN(C5/B5,0),"") -> 0 | E5: 곤지암 | F5: =IFERROR(C5-(D5*B5),"") -> 0 | H5: 아미방
A6: VV90 (주)지에스리테일포천저온 | B6: =$B$4 -> 12 | C6: =IFERROR(VLOOKUP(A6,'리치푸드 피벗'!A:SP,3,FALSE),0) -> 0 | D6: =IFERROR(ROUNDDOWN(C6/B6,0),"") -> 0 | E6: 포천 | F6: =IFERROR(C6-(D6*B6),"") -> 0
A7: VV85 지에스리테일신오산1저온 | B7: =$B$4 -> 12 | C7: =IFERROR(VLOOKUP(A7,'리치푸드 피벗'!A:SP,3,FALSE),0) -> 0 | D7: =IFERROR(ROUNDDOWN(C7/B7,0),"") -> 0 | E7: 신오산1 | F7: =IFERROR(C7-(D7*B7),"") -> 0
A8: VV04 (주)지에스리테일공주일배 | B8: =$B$4 -> 12 | C8: =IFERROR(VLOOKUP(A8,'리치푸드 피벗'!A:SP,3,FALSE),0) -> 0 | D8: =IFERROR(ROUNDDOWN(C8/B8,0),"") -> 0 | E8: 공주 | F8: =IFERROR(C8-(D8*B8),"") -> 0
A9: VV69 ㈜지에스리테일강릉일배센터 | B9: =$B$4 -> 12 | C9: =IFERROR(VLOOKUP(A9,'리치푸드 피벗'!A:SP,3,FALSE),0) -> 0 | D9: =IFERROR(ROUNDDOWN(C9/B9,0),"") -> 0 | E9: 강릉 | F9: =IFERROR(C9-(D9*B9),"") -> 0
A10: VV66 지에스리테일인천도화일배 | B10: =$B$4 -> 12 | C10: =IFERROR(VLOOKUP(A10,'리치푸드 피벗'!A:SP,3,FALSE),0) -> 0 | D10: =IFERROR(ROUNDDOWN(C10/B10,0),"") -> 0 | E10: 도화 | F10: =IFERROR(C10-(D10*B10),"") -> 0
A11: VV63 ㈜지에스리테일고양일배센터 | B11: =$B$4 -> 12 | C11: =IFERROR(VLOOKUP(A11,'리치푸드 피벗'!A:SP,3,FALSE),0) -> 0 | D11: =IFERROR(ROUNDDOWN(C11/B11,0),"") -> 0 | E11: 고양 | F11: =IFERROR(C11-(D11*B11),"") -> 0
A12: VV62 (주)지에스리테일김포2일배 | B12: =$B$4 -> 12 | C12: =IFERROR(VLOOKUP(A12,'리치푸드 피벗'!A:SP,3,FALSE),0) -> 0 | D12: =IFERROR(ROUNDDOWN(C12/B12,0),"") -> 0 | E12: 김포2 | F12: =IFERROR(C12-(D12*B12),"") -> 0
A13: VV53 (주)지에스리테일송파일배 | B13: =$B$4 -> 12 | C13: =IFERROR(VLOOKUP(A13,'리치푸드 피벗'!A:SP,3,FALSE),0) -> 24 | D13: =IFERROR(ROUNDDOWN(C13/B13,0),"") -> 2 | E13: 송파 | F13: =IFERROR(C13-(D13*B13),"") -> 0
A14: VV34 (주)지에스리테일청주일배 | B14: =$B$4 -> 12 | C14: =IFERROR(VLOOKUP(A14,'리치푸드 피벗'!A:SP,3,FALSE),0) -> 0 | D14: =IFERROR(ROUNDDOWN(C14/B14,0),"") -> 0 | E14: 청주 | F14: =IFERROR(C14-(D14*B14),"") -> 0
A15: VV17 (주)지에스리테일발안일배 | B15: =$B$4 -> 12 | C15: =IFERROR(VLOOKUP(A15,'리치푸드 피벗'!A:SP,3,FALSE),0) -> 0 | D15: =IFERROR(ROUNDDOWN(C15/B15,0),"") -> 0 | E15: 발안 | F15: =IFERROR(C15-(D15*B15),"") -> 0
A16: VV16 (주)지에스리테일원주일배 | B16: =$B$4 -> 12 | C16: =IFERROR(VLOOKUP(A16,'리치푸드 피벗'!A:SP,3,FALSE),0) -> 0 | D16: =IFERROR(ROUNDDOWN(C16/B16,0),"") -> 0 | E16: 원주 | F16: =IFERROR(C16-(D16*B16),"") -> 0
A17: VV03 (주)지에스리테일(아신A) | B17: =$B$4 -> 12 | C17: =IFERROR(VLOOKUP(A17,'리치푸드 피벗'!A:SP,3,FALSE),0) -> 0 | D17: =IFERROR(ROUNDDOWN(C17/B17,0),"") -> 0 | E17: 아신 | F17: =IFERROR(C17-(D17*B17),"") -> 0
A19: 수도권 합계 | B19: =$B$4 -> 12 | C19: =SUM(C4:C17) -> 24 | D19: =IFERROR(ROUNDDOWN(C19/B19,0),"") -> 2 | F19: =IFERROR(C19-(D19*B19),"") -> 0
A21: VV57 (주)지에스리테일김해일배 | B21: =$B$4 -> 12 | C21: =IFERROR(VLOOKUP(A21,'리치푸드 피벗'!A:SP,3,FALSE),0) -> 0 | D21: =IFERROR(ROUNDDOWN(C21/B21,0),"") -> 0 | E21: 김해 | F21: =IFERROR(C21-(D21*B21),"") -> 0
A22: VV25 (주)지에스리테일진주일배 | B22: =$B$4 -> 12 | C22: =IFERROR(VLOOKUP(A22,'리치푸드 피벗'!A:SP,3,FALSE),0) -> 0 | D22: =IFERROR(ROUNDDOWN(C22/B22,0),"") -> 0 | E22: 진주 | F22: =IFERROR(C22-(D22*B22),"") -> 0
A23: VV20 (주)지에스리테일(해인CVS) | B23: =$B$4 -> 12 | C23: =IFERROR(VLOOKUP(A23,'리치푸드 피벗'!A:SP,3,FALSE),0) -> 0 | D23: =IFERROR(ROUNDDOWN(C23/B23,0),"") -> 0 | E23: 해인 | F23: =IFERROR(C23-(D23*B23),"") -> 0
A25: 경남(김해)합계 | B25: =$B$4 -> 12 | C25: =SUM(C21:C23) -> 0 | D25: =IFERROR(ROUNDDOWN(C25/B25,0),"") -> 0 | F25: =IFERROR(C25-(D25*B25),"") -> 0
A27: VV83 지에스리테일경산저온 | B27: =$B$4 -> 12 | C27: =IFERROR(VLOOKUP(A27,'리치푸드 피벗'!A:SP,3,FALSE),0) -> 36 | D27: =IFERROR(ROUNDDOWN(C27/B27,0),"") -> 3 | E27: 경산 | F27: =IFERROR(C27-(D27*B27),"") -> 0
A29: 경북(칠곡)합계 | B29: =$B$4 -> 12 | C29: =SUM(C27:C27) -> 36 | D29: =IFERROR(ROUNDDOWN(C29/B29,0),"") -> 3 | F29: =IFERROR(C29-(D29*B29),"") -> 0
A31: VV95 (주)지에스리테일신광주저온 | B31: =$B$4 -> 12 | C31: =IFERROR(VLOOKUP(A31,'리치푸드 피벗'!A:SP,3,FALSE),0) -> 0 | D31: =IFERROR(ROUNDDOWN(C31/B31,0),"") -> 0 | E31: 신광주 | F31: =IFERROR(C31-(D31*B31),"") -> 0
A32: VV65 ㈜지에스리테일익산일배 | B32: =$B$4 -> 12 | C32: =IFERROR(VLOOKUP(A32,'리치푸드 피벗'!A:SP,3,FALSE),0) -> 0 | D32: =IFERROR(ROUNDDOWN(C32/B32,0),"") -> 0 | E32: 익산 | F32: =IFERROR(C32-(D32*B32),"") -> 0
A34: 호남권 합계 | B34: =$B$4 -> 12 | C34: =SUM(C31:C32) -> 0 | D34: =IFERROR(ROUNDDOWN(C34/B34,0),"") -> 0 | F34: =IFERROR(C34-(D34*B34),"") -> 0
A36: VV92 (주)지에스리테일신제주저온 | B36: =$B$4 -> 12 | C36: =IFERROR(VLOOKUP(A36,'리치푸드 피벗'!A:SP,3,FALSE),0) -> 0 | D36: =IFERROR(ROUNDDOWN(C36/B36,0),"") -> 0 | E36: 신제주 | F36: =IFERROR(C36-(D36*B36),"") -> 0
A38: 총합계 | B38: =$B$4 -> 12 | C38: =SUM(C4:C17,C31:C32,C27:C27,C21:C23,C36) -> 60 | D38: =IFERROR(ROUNDDOWN(C38/B38,0),"") -> 5 | F38: =IFERROR(C38-(D38*B38),"") -> 0
A39: 총 박스/총 낱개수량 | B39: □ | D39: =SUM(D4:D17,D31:D32,D27:D27,D21:D23,D36) -> 5 | F39: =SUM(F4:F17,F31:F32,F27:F27,F21:F23,F36) -> 0
C40: =C19+C25+C29+C34+C36 -> 60
C41: =C40=C38 -> TRUE

Sheet 아미)카페라떼스무디
A2: =TODAY() -> 46309 | B2: GS 아미 _냉동 □
A3: ='리치푸드 피벗'!A2 -> 10/15납품 | B3: 입수 | C3: 네이쳐)카페라떼스무디 | D3: 박스 | E3: 센터명 | F3: 낱개
A4: VV98 (주)지에스리테일고촌저온 | B4: 12 | C4: =IFERROR(VLOOKUP(A4,'리치푸드 피벗'!A:SP,4,FALSE),0) -> 0 | D4: =IFERROR(ROUNDDOWN(C4/B4,0),"") -> 0 | E4: 고촌 | F4: =IFERROR(C4-(D4*B4),"") -> 0
A5: VV93 (주)지에스리테일곤지암센터 | B5: =$B$4 -> 12 | C5: =IFERROR(VLOOKUP(A5,'리치푸드 피벗'!A:SP,4,FALSE),0) -> 0 | D5: =IFERROR(ROUNDDOWN(C5/B5,0),"") -> 0 | E5: 곤지암 | F5: =IFERROR(C5-(D5*B5),"") -> 0 | H5: 아미방
A6: VV90 (주)지에스리테일포천저온 | B6: =$B$4 -> 12 | C6: =IFERROR(VLOOKUP(A6,'리치푸드 피벗'!A:SP,4,FALSE),0) -> 0 | D6: =IFERROR(ROUNDDOWN(C6/B6,0),"") -> 0 | E6: 포천 | F6: =IFERROR(C6-(D6*B6),"") -> 0
A7: VV85 지에스리테일신오산1저온 | B7: =$B$4 -> 12 | C7: =IFERROR(VLOOKUP(A7,'리치푸드 피벗'!A:SP,4,FALSE),0) -> 0 | D7: =IFERROR(ROUNDDOWN(C7/B7,0),"") -> 0 | E7: 신오산1 | F7: =IFERROR(C7-(D7*B7),"") -> 0
A8: VV04 (주)지에스리테일공주일배 | B8: =$B$4 -> 12 | C8: =IFERROR(VLOOKUP(A8,'리치푸드 피벗'!A:SP,4,FALSE),0) -> 0 | D8: =IFERROR(ROUNDDOWN(C8/B8,0),"") -> 0 | E8: 공주 | F8: =IFERROR(C8-(D8*B8),"") -> 0
A9: VV69 ㈜지에스리테일강릉일배센터 | B9: =$B$4 -> 12 | C9: =IFERROR(VLOOKUP(A9,'리치푸드 피벗'!A:SP,4,FALSE),0) -> 0 | D9: =IFERROR(ROUNDDOWN(C9/B9,0),"") -> 0 | E9: 강릉 | F9: =IFERROR(C9-(D9*B9),"") -> 0
A10: VV66 지에스리테일인천도화일배 | B10: =$B$4 -> 12 | C10: =IFERROR(VLOOKUP(A10,'리치푸드 피벗'!A:SP,4,FALSE),0) -> 0 | D10: =IFERROR(ROUNDDOWN(C10/B10,0),"") -> 0 | E10: 도화 | F10: =IFERROR(C10-(D10*B10),"") -> 0
A11: VV63 ㈜지에스리테일고양일배센터 | B11: =$B$4 -> 12 | C11: =IFERROR(VLOOKUP(A11,'리치푸드 피벗'!A:SP,4,FALSE),0) -> 0 | D11: =IFERROR(ROUNDDOWN(C11/B11,0),"") -> 0 | E11: 고양 | F11: =IFERROR(C11-(D11*B11),"") -> 0
A12: VV62 (주)지에스리테일김포2일배 | B12: =$B$4 -> 12 | C12: =IFERROR(VLOOKUP(A12,'리치푸드 피벗'!A:SP,4,FALSE),0) -> 0 | D12: =IFERROR(ROUNDDOWN(C12/B12,0),"") -> 0 | E12: 김포2 | F12: =IFERROR(C12-(D12*B12),"") -> 0
A13: VV53 (주)지에스리테일송파일배 | B13: =$B$4 -> 12 | C13: =IFERROR(VLOOKUP(A13,'리치푸드 피벗'!A:SP,4,FALSE),0) -> 0 | D13: =IFERROR(ROUNDDOWN(C13/B13,0),"") -> 0 | E13: 송파 | F13: =IFERROR(C13-(D13*B13),"") -> 0
A14: VV34 (주)지에스리테일청주일배 | B14: =$B$4 -> 12 | C14: =IFERROR(VLOOKUP(A14,'리치푸드 피벗'!A:SP,4,FALSE),0) -> 0 | D14: =IFERROR(ROUNDDOWN(C14/B14,0),"") -> 0 | E14: 청주 | F14: =IFERROR(C14-(D14*B14),"") -> 0
A15: VV17 (주)지에스리테일발안일배 | B15: =$B$4 -> 12 | C15: =IFERROR(VLOOKUP(A15,'리치푸드 피벗'!A:SP,4,FALSE),0) -> 0 | D15: =IFERROR(ROUNDDOWN(C15/B15,0),"") -> 0 | E15: 발안 | F15: =IFERROR(C15-(D15*B15),"") -> 0
A16: VV16 (주)지에스리테일원주일배 | B16: =$B$4 -> 12 | C16: =IFERROR(VLOOKUP(A16,'리치푸드 피벗'!A:SP,4,FALSE),0) -> 0 | D16: =IFERROR(ROUNDDOWN(C16/B16,0),"") -> 0 | E16: 원주 | F16: =IFERROR(C16-(D16*B16),"") -> 0
A17: VV03 (주)지에스리테일(아신A) | B17: =$B$4 -> 12 | C17: =IFERROR(VLOOKUP(A17,'리치푸드 피벗'!A:SP,4,FALSE),0) -> 0 | D17: =IFERROR(ROUNDDOWN(C17/B17,0),"") -> 0 | E17: 아신 | F17: =IFERROR(C17-(D17*B17),"") -> 0
A19: 수도권 합계 | B19: =$B$4 -> 12 | C19: =SUM(C4:C17) -> 0 | D19: =IFERROR(ROUNDDOWN(C19/B19,0),"") -> 0 | F19: =IFERROR(C19-(D19*B19),"") -> 0
A21: VV57 (주)지에스리테일김해일배 | B21: =$B$4 -> 12 | C21: =IFERROR(VLOOKUP(A21,'리치푸드 피벗'!A:SP,4,FALSE),0) -> 0 | D21: =IFERROR(ROUNDDOWN(C21/B21,0),"") -> 0 | E21: 김해 | F21: =IFERROR(C21-(D21*B21),"") -> 0
A22: VV25 (주)지에스리테일진주일배 | B22: =$B$4 -> 12 | C22: =IFERROR(VLOOKUP(A22,'리치푸드 피벗'!A:SP,4,FALSE),0) -> 0 | D22: =IFERROR(ROUNDDOWN(C22/B22,0),"") -> 0 | E22: 진주 | F22: =IFERROR(C22-(D22*B22),"") -> 0
A23: VV20 (주)지에스리테일(해인CVS) | B23: =$B$4 -> 12 | C23: =IFERROR(VLOOKUP(A23,'리치푸드 피벗'!A:SP,4,FALSE),0) -> 0 | D23: =IFERROR(ROUNDDOWN(C23/B23,0),"") -> 0 | E23: 해인 | F23: =IFERROR(C23-(D23*B23),"") -> 0
A25: 경남(김해)합계 | B25: =$B$4 -> 12 | C25: =SUM(C21:C23) -> 0 | D25: =IFERROR(ROUNDDOWN(C25/B25,0),"") -> 0 | F25: =IFERROR(C25-(D25*B25),"") -> 0
A27: VV83 지에스리테일경산저온 | B27: =$B$4 -> 12 | C27: =IFERROR(VLOOKUP(A27,'리치푸드 피벗'!A:SP,4,FALSE),0) -> 0 | D27: =IFERROR(ROUNDDOWN(C27/B27,0),"") -> 0 | E27: 경산 | F27: =IFERROR(C27-(D27*B27),"") -> 0
A29: 경북(칠곡)합계 | B29: =$B$4 -> 12 | C29: =SUM(C27:C27) -> 0 | D29: =IFERROR(ROUNDDOWN(C29/B29,0),"") -> 0 | F29: =IFERROR(C29-(D29*B29),"") -> 0
A31: VV95 (주)지에스리테일신광주저온 | B31: =$B$4 -> 12 | C31: =IFERROR(VLOOKUP(A31,'리치푸드 피벗'!A:SP,4,FALSE),0) -> 0 | D31: =IFERROR(ROUNDDOWN(C31/B31,0),"") -> 0 | E31: 신광주 | F31: =IFERROR(C31-(D31*B31),"") -> 0
A32: VV65 ㈜지에스리테일익산일배 | B32: =$B$4 -> 12 | C32: =IFERROR(VLOOKUP(A32,'리치푸드 피벗'!A:SP,4,FALSE),0) -> 0 | D32: =IFERROR(ROUNDDOWN(C32/B32,0),"") -> 0 | E32: 익산 | F32: =IFERROR(C32-(D32*B32),"") -> 0
A34: 호남권 합계 | B34: =$B$4 -> 12 | C34: =SUM(C31:C32) -> 0 | D34: =IFERROR(ROUNDDOWN(C34/B34,0),"") -> 0 | F34: =IFERROR(C34-(D34*B34),"") -> 0
A36: VV92 (주)지에스리테일신제주저온 | B36: =$B$4 -> 12 | C36: =IFERROR(VLOOKUP(A36,'리치푸드 피벗'!A:SP,4,FALSE),0) -> 0 | D36: =IFERROR(ROUNDDOWN(C36/B36,0),"") -> 0 | E36: 신제주 | F36: =IFERROR(C36-(D36*B36),"") -> 0
A38: 총합계 | B38: =$B$4 -> 12 | C38: =SUM(C4:C17,C31:C32,C27:C27,C21:C23,C36) -> 0 | D38: =IFERROR(ROUNDDOWN(C38/B38,0),"") -> 0 | F38: =IFERROR(C38-(D38*B38),"") -> 0
A39: 총 박스/총 낱개수량 | B39: □ | D39: =SUM(D4:D17,D31:D32,D27:D27,D21:D23,D36) -> 0 | F39: =SUM(F4:F17,F31:F32,F27:F27,F21:F23,F36) -> 0
C40: =C19+C25+C29+C34+C36 -> 0
C41: =C40=C38 -> TRUE

Sheet 딸기바나나스무디
A2: =TODAY() -> 46309 | B2: GS 네이처 _냉동 □
A3: ='리치푸드 피벗'!A2 -> 10/15납품 | B3: 입수 | C3: 딸기바나나스무디 | D3: 박스 | E3: 센터명 | F3: 낱개
A4: VV98 (주)지에스리테일고촌저온 | B4: 15 | C4: =IFERROR(VLOOKUP(A4,'리치푸드 피벗'!A:SP,5,FALSE),0) -> 0 | D4: =IFERROR(ROUNDDOWN(C4/B4,0),"") -> 0 | E4: 고촌 | F4: =IFERROR(C4-(D4*B4),"") -> 0
A5: VV93 (주)지에스리테일곤지암센터 | B5: =$B$4 -> 15 | C5: =IFERROR(VLOOKUP(A5,'리치푸드 피벗'!A:SP,5,FALSE),0) -> 0 | D5: =IFERROR(ROUNDDOWN(C5/B5,0),"") -> 0 | E5: 곤지암 | F5: =IFERROR(C5-(D5*B5),"") -> 0 | H5: 네이처
A6: VV90 (주)지에스리테일포천저온 | B6: =$B$4 -> 15 | C6: =IFERROR(VLOOKUP(A6,'리치푸드 피벗'!A:SP,5,FALSE),0) -> 0 | D6: =IFERROR(ROUNDDOWN(C6/B6,0),"") -> 0 | E6: 포천 | F6: =IFERROR(C6-(D6*B6),"") -> 0
A7: VV85 지에스리테일신오산1저온 | B7: =$B$4 -> 15 | C7: =IFERROR(VLOOKUP(A7,'리치푸드 피벗'!A:SP,5,FALSE),0) -> 0 | D7: =IFERROR(ROUNDDOWN(C7/B7,0),"") -> 0 | E7: 신오산1 | F7: =IFERROR(C7-(D7*B7),"") -> 0
A8: VV04 (주)지에스리테일공주일배 | B8: =$B$4 -> 15 | C8: =IFERROR(VLOOKUP(A8,'리치푸드 피벗'!A:SP,5,FALSE),0) -> 0 | D8: =IFERROR(ROUNDDOWN(C8/B8,0),"") -> 0 | E8: 공주 | F8: =IFERROR(C8-(D8*B8),"") -> 0
A9: VV69 ㈜지에스리테일강릉일배센터 | B9: =$B$4 -> 15 | C9: =IFERROR(VLOOKUP(A9,'리치푸드 피벗'!A:SP,5,FALSE),0) -> 0 | D9: =IFERROR(ROUNDDOWN(C9/B9,0),"") -> 0 | E9: 강릉 | F9: =IFERROR(C9-(D9*B9),"") -> 0
A10: VV66 지에스리테일인천도화일배 | B10: =$B$4 -> 15 | C10: =IFERROR(VLOOKUP(A10,'리치푸드 피벗'!A:SP,5,FALSE),0) -> 0 | D10: =IFERROR(ROUNDDOWN(C10/B10,0),"") -> 0 | E10: 도화 | F10: =IFERROR(C10-(D10*B10),"") -> 0
A11: VV63 ㈜지에스리테일고양일배센터 | B11: =$B$4 -> 15 | C11: =IFERROR(VLOOKUP(A11,'리치푸드 피벗'!A:SP,5,FALSE),0) -> 0 | D11: =IFERROR(ROUNDDOWN(C11/B11,0),"") -> 0 | E11: 고양 | F11: =IFERROR(C11-(D11*B11),"") -> 0
A12: VV62 (주)지에스리테일김포2일배 | B12: =$B$4 -> 15 | C12: =IFERROR(VLOOKUP(A12,'리치푸드 피벗'!A:SP,5,FALSE),0) -> 0 | D12: =IFERROR(ROUNDDOWN(C12/B12,0),"") -> 0 | E12: 김포2 | F12: =IFERROR(C12-(D12*B12),"") -> 0
A13: VV53 (주)지에스리테일송파일배 | B13: =$B$4 -> 15 | C13: =IFERROR(VLOOKUP(A13,'리치푸드 피벗'!A:SP,5,FALSE),0) -> 15 | D13: =IFERROR(ROUNDDOWN(C13/B13,0),"") -> 1 | E13: 송파 | F13: =IFERROR(C13-(D13*B13),"") -> 0
A14: VV34 (주)지에스리테일청주일배 | B14: =$B$4 -> 15 | C14: =IFERROR(VLOOKUP(A14,'리치푸드 피벗'!A:SP,5,FALSE),0) -> 0 | D14: =IFERROR(ROUNDDOWN(C14/B14,0),"") -> 0 | E14: 청주 | F14: =IFERROR(C14-(D14*B14),"") -> 0
A15: VV17 (주)지에스리테일발안일배 | B15: =$B$4 -> 15 | C15: =IFERROR(VLOOKUP(A15,'리치푸드 피벗'!A:SP,5,FALSE),0) -> 0 | D15: =IFERROR(ROUNDDOWN(C15/B15,0),"") -> 0 | E15: 발안 | F15: =IFERROR(C15-(D15*B15),"") -> 0
A16: VV16 (주)지에스리테일원주일배 | B16: =$B$4 -> 15 | C16: =IFERROR(VLOOKUP(A16,'리치푸드 피벗'!A:SP,5,FALSE),0) -> 15 | D16: =IFERROR(ROUNDDOWN(C16/B16,0),"") -> 1 | E16: 원주 | F16: =IFERROR(C16-(D16*B16),"") -> 0
A17: VV03 (주)지에스리테일(아신A) | B17: =$B$4 -> 15 | C17: =IFERROR(VLOOKUP(A17,'리치푸드 피벗'!A:SP,5,FALSE),0) -> 0 | D17: =IFERROR(ROUNDDOWN(C17/B17,0),"") -> 0 | E17: 아신 | F17: =IFERROR(C17-(D17*B17),"") -> 0
A19: 수도권 합계 | B19: =$B$4 -> 15 | C19: =SUM(C4:C17) -> 30 | D19: =IFERROR(ROUNDDOWN(C19/B19,0),"") -> 2 | F19: =IFERROR(C19-(D19*B19),"") -> 0
A21: VV57 (주)지에스리테일김해일배 | B21: =$B$4 -> 15 | C21: =IFERROR(VLOOKUP(A21,'리치푸드 피벗'!A:SP,5,FALSE),0) -> 0 | D21: =IFERROR(ROUNDDOWN(C21/B21,0),"") -> 0 | E21: 김해 | F21: =IFERROR(C21-(D21*B21),"") -> 0
A22: VV25 (주)지에스리테일진주일배 | B22: =$B$4 -> 15 | C22: =IFERROR(VLOOKUP(A22,'리치푸드 피벗'!A:SP,5,FALSE),0) -> 0 | D22: =IFERROR(ROUNDDOWN(C22/B22,0),"") -> 0 | E22: 진주 | F22: =IFERROR(C22-(D22*B22),"") -> 0
A23: VV20 (주)지에스리테일(해인CVS) | B23: =$B$4 -> 15 | C23: =IFERROR(VLOOKUP(A23,'리치푸드 피벗'!A:SP,5,FALSE),0) -> 0 | D23: =IFERROR(ROUNDDOWN(C23/B23,0),"") -> 0 | E23: 해인 | F23: =IFERROR(C23-(D23*B23),"") -> 0
A25: 경남(김해)합계 | B25: =$B$4 -> 15 | C25: =SUM(C21:C23) -> 0 | D25: =IFERROR(ROUNDDOWN(C25/B25,0),"") -> 0 | F25: =IFERROR(C25-(D25*B25),"") -> 0
A27: VV83 지에스리테일경산저온 | B27: =$B$4 -> 15 | C27: =IFERROR(VLOOKUP(A27,'리치푸드 피벗'!A:SP,5,FALSE),0) -> 0 | D27: =IFERROR(ROUNDDOWN(C27/B27,0),"") -> 0 | E27: 경산 | F27: =IFERROR(C27-(D27*B27),"") -> 0
A29: 경북(칠곡)합계 | B29: =$B$4 -> 15 | C29: =SUM(C27:C27) -> 0 | D29: =IFERROR(ROUNDDOWN(C29/B29,0),"") -> 0 | F29: =IFERROR(C29-(D29*B29),"") -> 0
A31: VV95 (주)지에스리테일신광주저온 | B31: =$B$4 -> 15 | C31: =IFERROR(VLOOKUP(A31,'리치푸드 피벗'!A:SP,5,FALSE),0) -> 0 | D31: =IFERROR(ROUNDDOWN(C31/B31,0),"") -> 0 | E31: 신광주 | F31: =IFERROR(C31-(D31*B31),"") -> 0
A32: VV65 ㈜지에스리테일익산일배 | B32: =$B$4 -> 15 | C32: =IFERROR(VLOOKUP(A32,'리치푸드 피벗'!A:SP,5,FALSE),0) -> 0 | D32: =IFERROR(ROUNDDOWN(C32/B32,0),"") -> 0 | E32: 익산 | F32: =IFERROR(C32-(D32*B32),"") -> 0
A34: 호남권 합계 | B34: =$B$4 -> 15 | C34: =SUM(C31:C32) -> 0 | D34: =IFERROR(ROUNDDOWN(C34/B34,0),"") -> 0 | F34: =IFERROR(C34-(D34*B34),"") -> 0
A36: VV92 (주)지에스리테일신제주저온 | B36: =$B$4 -> 15 | C36: =IFERROR(VLOOKUP(A36,'리치푸드 피벗'!A:SP,5,FALSE),0) -> 0 | D36: =IFERROR(ROUNDDOWN(C36/B36,0),"") -> 0 | E36: 신제주 | F36: =IFERROR(C36-(D36*B36),"") -> 0
A38: 총합계 | B38: =$B$4 -> 15 | C38: =SUM(C4:C17,C31:C32,C27:C27,C21:C23,C36) -> 30 | D38: =IFERROR(ROUNDDOWN(C38/B38,0),"") -> 2 | F38: =IFERROR(C38-(D38*B38),"") -> 0
A39: 총 박스/총 낱개수량 | B39: □ | D39: =SUM(D4:D17,D31:D32,D27:D27,D21:D23,D36) -> 2 | F39: =SUM(F4:F17,F31:F32,F27:F27,F21:F23,F36) -> 0
C40: =C19+C25+C29+C34+C36 -> 30
C41: =C40=C38 -> TRUE

Sheet 딸기블루베리망고스무디
A2: =TODAY() -> 46309 | B2: GS 네이처 _냉동 □
A3: ='리치푸드 피벗'!A2 -> 10/15납품 | B3: 입수 | C3: 딸기블루베리망고스무디 | D3: 박스 | E3: 센터명 | F3: 낱개
A4: VV98 (주)지에스리테일고촌저온 | B4: 15 | C4: =IFERROR(VLOOKUP(A4,'리치푸드 피벗'!A:SP,6,FALSE),0) -> 0 | D4: =IFERROR(ROUNDDOWN(C4/B4,0),"") -> 0 | E4: 고촌 | F4: =IFERROR(C4-(D4*B4),"") -> 0
A5: VV93 (주)지에스리테일곤지암센터 | B5: =$B$4 -> 15 | C5: =IFERROR(VLOOKUP(A5,'리치푸드 피벗'!A:SP,6,FALSE),0) -> 0 | D5: =IFERROR(ROUNDDOWN(C5/B5,0),"") -> 0 | E5: 곤지암 | F5: =IFERROR(C5-(D5*B5),"") -> 0 | H5: 네이처
A6: VV90 (주)지에스리테일포천저온 | B6: =$B$4 -> 15 | C6: =IFERROR(VLOOKUP(A6,'리치푸드 피벗'!A:SP,6,FALSE),0) -> 0 | D6: =IFERROR(ROUNDDOWN(C6/B6,0),"") -> 0 | E6: 포천 | F6: =IFERROR(C6-(D6*B6),"") -> 0
A7: VV85 지에스리테일신오산1저온 | B7: =$B$4 -> 15 | C7: =IFERROR(VLOOKUP(A7,'리치푸드 피벗'!A:SP,6,FALSE),0) -> 0 | D7: =IFERROR(ROUNDDOWN(C7/B7,0),"") -> 0 | E7: 신오산1 | F7: =IFERROR(C7-(D7*B7),"") -> 0
A8: VV04 (주)지에스리테일공주일배 | B8: =$B$4 -> 15 | C8: =IFERROR(VLOOKUP(A8,'리치푸드 피벗'!A:SP,6,FALSE),0) -> 0 | D8: =IFERROR(ROUNDDOWN(C8/B8,0),"") -> 0 | E8: 공주 | F8: =IFERROR(C8-(D8*B8),"") -> 0
A9: VV69 ㈜지에스리테일강릉일배센터 | B9: =$B$4 -> 15 | C9: =IFERROR(VLOOKUP(A9,'리치푸드 피벗'!A:SP,6,FALSE),0) -> 0 | D9: =IFERROR(ROUNDDOWN(C9/B9,0),"") -> 0 | E9: 강릉 | F9: =IFERROR(C9-(D9*B9),"") -> 0
A10: VV66 지에스리테일인천도화일배 | B10: =$B$4 -> 15 | C10: =IFERROR(VLOOKUP(A10,'리치푸드 피벗'!A:SP,6,FALSE),0) -> 0 | D10: =IFERROR(ROUNDDOWN(C10/B10,0),"") -> 0 | E10: 도화 | F10: =IFERROR(C10-(D10*B10),"") -> 0
A11: VV63 ㈜지에스리테일고양일배센터 | B11: =$B$4 -> 15 | C11: =IFERROR(VLOOKUP(A11,'리치푸드 피벗'!A:SP,6,FALSE),0) -> 0 | D11: =IFERROR(ROUNDDOWN(C11/B11,0),"") -> 0 | E11: 고양 | F11: =IFERROR(C11-(D11*B11),"") -> 0
A12: VV62 (주)지에스리테일김포2일배 | B12: =$B$4 -> 15 | C12: =IFERROR(VLOOKUP(A12,'리치푸드 피벗'!A:SP,6,FALSE),0) -> 15 | D12: =IFERROR(ROUNDDOWN(C12/B12,0),"") -> 1 | E12: 김포2 | F12: =IFERROR(C12-(D12*B12),"") -> 0
A13: VV53 (주)지에스리테일송파일배 | B13: =$B$4 -> 15 | C13: =IFERROR(VLOOKUP(A13,'리치푸드 피벗'!A:SP,6,FALSE),0) -> 0 | D13: =IFERROR(ROUNDDOWN(C13/B13,0),"") -> 0 | E13: 송파 | F13: =IFERROR(C13-(D13*B13),"") -> 0
A14: VV34 (주)지에스리테일청주일배 | B14: =$B$4 -> 15 | C14: =IFERROR(VLOOKUP(A14,'리치푸드 피벗'!A:SP,6,FALSE),0) -> 0 | D14: =IFERROR(ROUNDDOWN(C14/B14,0),"") -> 0 | E14: 청주 | F14: =IFERROR(C14-(D14*B14),"") -> 0
A15: VV17 (주)지에스리테일발안일배 | B15: =$B$4 -> 15 | C15: =IFERROR(VLOOKUP(A15,'리치푸드 피벗'!A:SP,6,FALSE),0) -> 0 | D15: =IFERROR(ROUNDDOWN(C15/B15,0),"") -> 0 | E15: 발안 | F15: =IFERROR(C15-(D15*B15),"") -> 0
A16: VV16 (주)지에스리테일원주일배 | B16: =$B$4 -> 15 | C16: =IFERROR(VLOOKUP(A16,'리치푸드 피벗'!A:SP,6,FALSE),0) -> 0 | D16: =IFERROR(ROUNDDOWN(C16/B16,0),"") -> 0 | E16: 원주 | F16: =IFERROR(C16-(D16*B16),"") -> 0
A17: VV03 (주)지에스리테일(아신A) | B17: =$B$4 -> 15 | C17: =IFERROR(VLOOKUP(A17,'리치푸드 피벗'!A:SP,6,FALSE),0) -> 0 | D17: =IFERROR(ROUNDDOWN(C17/B17,0),"") -> 0 | E17: 아신 | F17: =IFERROR(C17-(D17*B17),"") -> 0
A19: 수도권 합계 | B19: =$B$4 -> 15 | C19: =SUM(C4:C17) -> 15 | D19: =IFERROR(ROUNDDOWN(C19/B19,0),"") -> 1 | F19: =IFERROR(C19-(D19*B19),"") -> 0
A21: VV57 (주)지에스리테일김해일배 | B21: =$B$4 -> 15 | C21: =IFERROR(VLOOKUP(A21,'리치푸드 피벗'!A:SP,6,FALSE),0) -> 0 | D21: =IFERROR(ROUNDDOWN(C21/B21,0),"") -> 0 | E21: 김해 | F21: =IFERROR(C21-(D21*B21),"") -> 0
A22: VV25 (주)지에스리테일진주일배 | B22: =$B$4 -> 15 | C22: =IFERROR(VLOOKUP(A22,'리치푸드 피벗'!A:SP,6,FALSE),0) -> 0 | D22: =IFERROR(ROUNDDOWN(C22/B22,0),"") -> 0 | E22: 진주 | F22: =IFERROR(C22-(D22*B22),"") -> 0
A23: VV20 (주)지에스리테일(해인CVS) | B23: =$B$4 -> 15 | C23: =IFERROR(VLOOKUP(A23,'리치푸드 피벗'!A:SP,6,FALSE),0) -> 0 | D23: =IFERROR(ROUNDDOWN(C23/B23,0),"") -> 0 | E23: 해인 | F23: =IFERROR(C23-(D23*B23),"") -> 0
A25: 경남(김해)합계 | B25: =$B$4 -> 15 | C25: =SUM(C21:C23) -> 0 | D25: =IFERROR(ROUNDDOWN(C25/B25,0),"") -> 0 | F25: =IFERROR(C25-(D25*B25),"") -> 0
A27: VV83 지에스리테일경산저온 | B27: =$B$4 -> 15 | C27: =IFERROR(VLOOKUP(A27,'리치푸드 피벗'!A:SP,6,FALSE),0) -> 0 | D27: =IFERROR(ROUNDDOWN(C27/B27,0),"") -> 0 | E27: 경산 | F27: =IFERROR(C27-(D27*B27),"") -> 0
A29: 경북(칠곡)합계 | B29: =$B$4 -> 15 | C29: =SUM(C27:C27) -> 0 | D29: =IFERROR(ROUNDDOWN(C29/B29,0),"") -> 0 | F29: =IFERROR(C29-(D29*B29),"") -> 0
A31: VV95 (주)지에스리테일신광주저온 | B31: =$B$4 -> 15 | C31: =IFERROR(VLOOKUP(A31,'리치푸드 피벗'!A:SP,6,FALSE),0) -> 15 | D31: =IFERROR(ROUNDDOWN(C31/B31,0),"") -> 1 | E31: 신광주 | F31: =IFERROR(C31-(D31*B31),"") -> 0
A32: VV65 ㈜지에스리테일익산일배 | B32: =$B$4 -> 15 | C32: =IFERROR(VLOOKUP(A32,'리치푸드 피벗'!A:SP,6,FALSE),0) -> 0 | D32: =IFERROR(ROUNDDOWN(C32/B32,0),"") -> 0 | E32: 익산 | F32: =IFERROR(C32-(D32*B32),"") -> 0
A34: 호남권 합계 | B34: =$B$4 -> 15 | C34: =SUM(C31:C32) -> 15 | D34: =IFERROR(ROUNDDOWN(C34/B34,0),"") -> 1 | F34: =IFERROR(C34-(D34*B34),"") -> 0
A36: VV92 (주)지에스리테일신제주저온 | B36: =$B$4 -> 15 | C36: =IFERROR(VLOOKUP(A36,'리치푸드 피벗'!A:SP,6,FALSE),0) -> 0 | D36: =IFERROR(ROUNDDOWN(C36/B36,0),"") -> 0 | E36: 신제주 | F36: =IFERROR(C36-(D36*B36),"") -> 0
A38: 총합계 | B38: =$B$4 -> 15 | C38: =SUM(C4:C17,C31:C32,C27:C27,C21:C23,C36) -> 30 | D38: =IFERROR(ROUNDDOWN(C38/B38,0),"") -> 2 | F38: =IFERROR(C38-(D38*B38),"") -> 0
A39: 총 박스/총 낱개수량 | B39: □ | D39: =SUM(D4:D17,D31:D32,D27:D27,D21:D23,D36) -> 2 | F39: =SUM(F4:F17,F31:F32,F27:F27,F21:F23,F36) -> 0
C40: =C19+C25+C29+C34+C36 -> 30
C41: =C40=C38 -> TRUE

Sheet 망고바나나스무디
A2: =TODAY() -> 46309 | B2: GS 네이처 _냉동 □
A3: ='리치푸드 피벗'!A2 -> 10/15납품 | B3: 입수 | C3: 망고바나나스무디 | D3: 박스 | E3: 센터명 | F3: 낱개
A4: VV98 (주)지에스리테일고촌저온 | B4: 15 | C4: =IFERROR(VLOOKUP(A4,'리치푸드 피벗'!A:SP,7,FALSE),0) -> 0 | D4: =IFERROR(ROUNDDOWN(C4/B4,0),"") -> 0 | E4: 고촌 | F4: =IFERROR(C4-(D4*B4),"") -> 0
A5: VV93 (주)지에스리테일곤지암센터 | B5: =$B$4 -> 15 | C5: =IFERROR(VLOOKUP(A5,'리치푸드 피벗'!A:SP,7,FALSE),0) -> 0 | D5: =IFERROR(ROUNDDOWN(C5/B5,0),"") -> 0 | E5: 곤지암 | F5: =IFERROR(C5-(D5*B5),"") -> 0 | H5: 네이처
A6: VV90 (주)지에스리테일포천저온 | B6: =$B$4 -> 15 | C6: =IFERROR(VLOOKUP(A6,'리치푸드 피벗'!A:SP,7,FALSE),0) -> 0 | D6: =IFERROR(ROUNDDOWN(C6/B6,0),"") -> 0 | E6: 포천 | F6: =IFERROR(C6-(D6*B6),"") -> 0
A7: VV85 지에스리테일신오산1저온 | B7: =$B$4 -> 15 | C7: =IFERROR(VLOOKUP(A7,'리치푸드 피벗'!A:SP,7,FALSE),0) -> 15 | D7: =IFERROR(ROUNDDOWN(C7/B7,0),"") -> 1 | E7: 신오산1 | F7: =IFERROR(C7-(D7*B7),"") -> 0
A8: VV04 (주)지에스리테일공주일배 | B8: =$B$4 -> 15 | C8: =IFERROR(VLOOKUP(A8,'리치푸드 피벗'!A:SP,7,FALSE),0) -> 0 | D8: =IFERROR(ROUNDDOWN(C8/B8,0),"") -> 0 | E8: 공주 | F8: =IFERROR(C8-(D8*B8),"") -> 0
A9: VV69 ㈜지에스리테일강릉일배센터 | B9: =$B$4 -> 15 | C9: =IFERROR(VLOOKUP(A9,'리치푸드 피벗'!A:SP,7,FALSE),0) -> 0 | D9: =IFERROR(ROUNDDOWN(C9/B9,0),"") -> 0 | E9: 강릉 | F9: =IFERROR(C9-(D9*B9),"") -> 0
A10: VV66 지에스리테일인천도화일배 | B10: =$B$4 -> 15 | C10: =IFERROR(VLOOKUP(A10,'리치푸드 피벗'!A:SP,7,FALSE),0) -> 0 | D10: =IFERROR(ROUNDDOWN(C10/B10,0),"") -> 0 | E10: 도화 | F10: =IFERROR(C10-(D10*B10),"") -> 0
A11: VV63 ㈜지에스리테일고양일배센터 | B11: =$B$4 -> 15 | C11: =IFERROR(VLOOKUP(A11,'리치푸드 피벗'!A:SP,7,FALSE),0) -> 15 | D11: =IFERROR(ROUNDDOWN(C11/B11,0),"") -> 1 | E11: 고양 | F11: =IFERROR(C11-(D11*B11),"") -> 0
A12: VV62 (주)지에스리테일김포2일배 | B12: =$B$4 -> 15 | C12: =IFERROR(VLOOKUP(A12,'리치푸드 피벗'!A:SP,7,FALSE),0) -> 0 | D12: =IFERROR(ROUNDDOWN(C12/B12,0),"") -> 0 | E12: 김포2 | F12: =IFERROR(C12-(D12*B12),"") -> 0
A13: VV53 (주)지에스리테일송파일배 | B13: =$B$4 -> 15 | C13: =IFERROR(VLOOKUP(A13,'리치푸드 피벗'!A:SP,7,FALSE),0) -> 0 | D13: =IFERROR(ROUNDDOWN(C13/B13,0),"") -> 0 | E13: 송파 | F13: =IFERROR(C13-(D13*B13),"") -> 0
A14: VV34 (주)지에스리테일청주일배 | B14: =$B$4 -> 15 | C14: =IFERROR(VLOOKUP(A14,'리치푸드 피벗'!A:SP,7,FALSE),0) -> 0 | D14: =IFERROR(ROUNDDOWN(C14/B14,0),"") -> 0 | E14: 청주 | F14: =IFERROR(C14-(D14*B14),"") -> 0
A15: VV17 (주)지에스리테일발안일배 | B15: =$B$4 -> 15 | C15: =IFERROR(VLOOKUP(A15,'리치푸드 피벗'!A:SP,7,FALSE),0) -> 0 | D15: =IFERROR(ROUNDDOWN(C15/B15,0),"") -> 0 | E15: 발안 | F15: =IFERROR(C15-(D15*B15),"") -> 0
A16: VV16 (주)지에스리테일원주일배 | B16: =$B$4 -> 15 | C16: =IFERROR(VLOOKUP(A16,'리치푸드 피벗'!A:SP,7,FALSE),0) -> 0 | D16: =IFERROR(ROUNDDOWN(C16/B16,0),"") -> 0 | E16: 원주 | F16: =IFERROR(C16-(D16*B16),"") -> 0
A17: VV03 (주)지에스리테일(아신A) | B17: =$B$4 -> 15 | C17: =IFERROR(VLOOKUP(A17,'리치푸드 피벗'!A:SP,7,FALSE),0) -> 0 | D17: =IFERROR(ROUNDDOWN(C17/B17,0),"") -> 0 | E17: 아신 | F17: =IFERROR(C17-(D17*B17),"") -> 0
A19: 수도권 합계 | B19: =$B$4 -> 15 | C19: =SUM(C4:C17) -> 30 | D19: =IFERROR(ROUNDDOWN(C19/B19,0),"") -> 2 | F19: =IFERROR(C19-(D19*B19),"") -> 0
A21: VV57 (주)지에스리테일김해일배 | B21: =$B$4 -> 15 | C21: =IFERROR(VLOOKUP(A21,'리치푸드 피벗'!A:SP,7,FALSE),0) -> 0 | D21: =IFERROR(ROUNDDOWN(C21/B21,0),"") -> 0 | E21: 김해 | F21: =IFERROR(C21-(D21*B21),"") -> 0
A22: VV25 (주)지에스리테일진주일배 | B22: =$B$4 -> 15 | C22: =IFERROR(VLOOKUP(A22,'리치푸드 피벗'!A:SP,7,FALSE),0) -> 0 | D22: =IFERROR(ROUNDDOWN(C22/B22,0),"") -> 0 | E22: 진주 | F22: =IFERROR(C22-(D22*B22),"") -> 0
A23: VV20 (주)지에스리테일(해인CVS) | B23: =$B$4 -> 15 | C23: =IFERROR(VLOOKUP(A23,'리치푸드 피벗'!A:SP,7,FALSE),0) -> 0 | D23: =IFERROR(ROUNDDOWN(C23/B23,0),"") -> 0 | E23: 해인 | F23: =IFERROR(C23-(D23*B23),"") -> 0
A25: 경남(김해)합계 | B25: =$B$4 -> 15 | C25: =SUM(C21:C23) -> 0 | D25: =IFERROR(ROUNDDOWN(C25/B25,0),"") -> 0 | F25: =IFERROR(C25-(D25*B25),"") -> 0
A27: VV83 지에스리테일경산저온 | B27: =$B$4 -> 15 | C27: =IFERROR(VLOOKUP(A27,'리치푸드 피벗'!A:SP,7,FALSE),0) -> 0 | D27: =IFERROR(ROUNDDOWN(C27/B27,0),"") -> 0 | E27: 경산 | F27: =IFERROR(C27-(D27*B27),"") -> 0
A29: 경북(칠곡)합계 | B29: =$B$4 -> 15 | C29: =SUM(C27:C27) -> 0 | D29: =IFERROR(ROUNDDOWN(C29/B29,0),"") -> 0 | F29: =IFERROR(C29-(D29*B29),"") -> 0
A31: VV95 (주)지에스리테일신광주저온 | B31: =$B$4 -> 15 | C31: =IFERROR(VLOOKUP(A31,'리치푸드 피벗'!A:SP,7,FALSE),0) -> 0 | D31: =IFERROR(ROUNDDOWN(C31/B31,0),"") -> 0 | E31: 신광주 | F31: =IFERROR(C31-(D31*B31),"") -> 0
A32: VV65 ㈜지에스리테일익산일배 | B32: =$B$4 -> 15 | C32: =IFERROR(VLOOKUP(A32,'리치푸드 피벗'!A:SP,7,FALSE),0) -> 0 | D32: =IFERROR(ROUNDDOWN(C32/B32,0),"") -> 0 | E32: 익산 | F32: =IFERROR(C32-(D32*B32),"") -> 0
A34: 호남권 합계 | B34: =$B$4 -> 15 | C34: =SUM(C31:C32) -> 0 | D34: =IFERROR(ROUNDDOWN(C34/B34,0),"") -> 0 | F34: =IFERROR(C34-(D34*B34),"") -> 0
A36: VV92 (주)지에스리테일신제주저온 | B36: =$B$4 -> 15 | C36: =IFERROR(VLOOKUP(A36,'리치푸드 피벗'!A:SP,7,FALSE),0) -> 0 | D36: =IFERROR(ROUNDDOWN(C36/B36,0),"") -> 0 | E36: 신제주 | F36: =IFERROR(C36-(D36*B36),"") -> 0
A38: 총합계 | B38: =$B$4 -> 15 | C38: =SUM(C4:C17,C31:C32,C27:C27,C21:C23,C36) -> 30 | D38: =IFERROR(ROUNDDOWN(C38/B38,0),"") -> 2 | F38: =IFERROR(C38-(D38*B38),"") -> 0
A39: 총 박스/총 낱개수량 | B39: □ | D39: =SUM(D4:D17,D31:D32,D27:D27,D21:D23,D36) -> 2 | F39: =SUM(F4:F17,F31:F32,F27:F27,F21:F23,F36) -> 0
C40: =C19+C25+C29+C34+C36 -> 30
C41: =C40=C38 -> TRUE

Sheet H2 피벗
A1: 10/14 | B1: 열 레이블
A2: 10/15 납품 | B2: 태극당)우유팥바70ML | C2: 태극당)인절미콘150ML | D2: 총합계
A3: VV16 (주)지에스리테일원주일배 | C3: 192 | D3: 192
A4: VV69 ㈜지에스리테일강릉일배센터 | B4: 600 | C4: 48 | D4: 648
A5: VV57 (주)지에스리테일김해일배 | B5: 1000 | C5: 480 | D5: 1480
A6: VV25 (주)지에스리테일진주일배 | B6: 80 | C6: 192 | D6: 272
A7: VV95 (주)지에스리테일신광주저온 | B7: 120 | C7: 264 | D7: 384
A8: VV83 지에스리테일경산저온 | B8: 1200 | C8: 384 | D8: 1584
A9: VV34 (주)지에스리테일청주일배 | C9: 48 | D9: 48
A10: VV04 (주)지에스리테일공주일배 | B10: 480 | D10: 480
A11: VV65 ㈜지에스리테일익산일배 | B11: 120 | C11: 360 | D11: 480
A12: VV03 (주)지에스리테일(아신A) | B12: 1040 | C12: 24 | D12: 1064
A13: VV63 ㈜지에스리테일고양일배센터 | B13: 600 | C13: 672 | D13: 1272
A14: VV62 (주)지에스리테일김포2일배 | B14: 200 | C14: 192 | D14: 392
A15: VV98 (주)지에스리테일고촌저온 | B15: 280 | C15: 384 | D15: 664
A16: VV90 (주)지에스리테일포천저온 | C16: 288 | D16: 288
A17: VV85 지에스리테일신오산1저온 | B17: 680 | C17: 192 | D17: 872
A18: VV66 지에스리테일인천도화일배 | B18: 80 | C18: 96 | D18: 176
A19: VV17 (주)지에스리테일발안일배 | B19: 240 | C19: 120 | D19: 360
A20: VV53 (주)지에스리테일송파일배 | B20: 1880 | C20: 528 | D20: 2408
A21: VV93 (주)지에스리테일곤지암센터 | B21: 360 | C21: 192 | D21: 552
A22: 총합계 | B22: 8960 | C22: 4656 | D22: 13616

Sheet 태극당)우유팥바70ML
A2: =TODAY() -> 46309 | B2: GS냉동 H2 □
A3: ='H2 피벗'!A2 -> 10/15 납품 | B3: 입수 | C3: 태극당)우유팥바70ML | D3: 박스 | E3: 센터명 | F3: 낱개
A4: VV98 (주)지에스리테일고촌저온 | B4: 40 | C4: =IFERROR(VLOOKUP(A4,'H2 피벗'!A:SH,2,FALSE),0) -> 280 | D4: =IFERROR(ROUNDDOWN(C4/B4,0),"") -> 7 | E4: 고촌 | F4: =IFERROR(C4-(D4*B4),"") -> 0
A5: VV93 (주)지에스리테일곤지암센터 | B5: =$B$4 -> 40 | C5: =IFERROR(VLOOKUP(A5,'H2 피벗'!A:SH,2,FALSE),0) -> 360 | D5: =IFERROR(ROUNDDOWN(C5/B5,0),"") -> 9 | E5: 곤지암 | F5: =IFERROR(C5-(D5*B5),"") -> 0
A6: VV90 (주)지에스리테일포천저온 | B6: =$B$4 -> 40 | C6: =IFERROR(VLOOKUP(A6,'H2 피벗'!A:SH,2,FALSE),0) -> 0 | D6: =IFERROR(ROUNDDOWN(C6/B6,0),"") -> 0 | E6: 포천 | F6: =IFERROR(C6-(D6*B6),"") -> 0
A7: VV85 지에스리테일신오산1저온 | B7: =$B$4 -> 40 | C7: =IFERROR(VLOOKUP(A7,'H2 피벗'!A:SH,2,FALSE),0) -> 680 | D7: =IFERROR(ROUNDDOWN(C7/B7,0),"") -> 17 | E7: 신오산1 | F7: =IFERROR(C7-(D7*B7),"") -> 0
A8: VV04 (주)지에스리테일공주일배 | B8: =$B$4 -> 40 | C8: =IFERROR(VLOOKUP(A8,'H2 피벗'!A:SH,2,FALSE),0) -> 480 | D8: =IFERROR(ROUNDDOWN(C8/B8,0),"") -> 12 | E8: 공주 | F8: =IFERROR(C8-(D8*B8),"") -> 0
A9: VV69 ㈜지에스리테일강릉일배센터 | B9: =$B$4 -> 40 | C9: =IFERROR(VLOOKUP(A9,'H2 피벗'!A:SH,2,FALSE),0) -> 600 | D9: =IFERROR(ROUNDDOWN(C9/B9,0),"") -> 15 | E9: 강릉 | F9: =IFERROR(C9-(D9*B9),"") -> 0
A10: VV66 지에스리테일인천도화일배 | B10: =$B$4 -> 40 | C10: =IFERROR(VLOOKUP(A10,'H2 피벗'!A:SH,2,FALSE),0) -> 80 | D10: =IFERROR(ROUNDDOWN(C10/B10,0),"") -> 2 | E10: 도화 | F10: =IFERROR(C10-(D10*B10),"") -> 0
A11: VV63 ㈜지에스리테일고양일배센터 | B11: =$B$4 -> 40 | C11: =IFERROR(VLOOKUP(A11,'H2 피벗'!A:SH,2,FALSE),0) -> 600 | D11: =IFERROR(ROUNDDOWN(C11/B11,0),"") -> 15 | E11: 고양 | F11: =IFERROR(C11-(D11*B11),"") -> 0
A12: VV62 (주)지에스리테일김포2일배 | B12: =$B$4 -> 40 | C12: =IFERROR(VLOOKUP(A12,'H2 피벗'!A:SH,2,FALSE),0) -> 200 | D12: =IFERROR(ROUNDDOWN(C12/B12,0),"") -> 5 | E12: 김포2 | F12: =IFERROR(C12-(D12*B12),"") -> 0
A13: VV53 (주)지에스리테일송파일배 | B13: =$B$4 -> 40 | C13: =IFERROR(VLOOKUP(A13,'H2 피벗'!A:SH,2,FALSE),0) -> 1880 | D13: =IFERROR(ROUNDDOWN(C13/B13,0),"") -> 47 | E13: 송파 | F13: =IFERROR(C13-(D13*B13),"") -> 0
A14: VV34 (주)지에스리테일청주일배 | B14: =$B$4 -> 40 | C14: =IFERROR(VLOOKUP(A14,'H2 피벗'!A:SH,2,FALSE),0) -> 0 | D14: =IFERROR(ROUNDDOWN(C14/B14,0),"") -> 0 | E14: 청주 | F14: =IFERROR(C14-(D14*B14),"") -> 0
A15: VV17 (주)지에스리테일발안일배 | B15: =$B$4 -> 40 | C15: =IFERROR(VLOOKUP(A15,'H2 피벗'!A:SH,2,FALSE),0) -> 240 | D15: =IFERROR(ROUNDDOWN(C15/B15,0),"") -> 6 | E15: 발안 | F15: =IFERROR(C15-(D15*B15),"") -> 0
A16: VV16 (주)지에스리테일원주일배 | B16: =$B$4 -> 40 | C16: =IFERROR(VLOOKUP(A16,'H2 피벗'!A:SH,2,FALSE),0) -> 0 | D16: =IFERROR(ROUNDDOWN(C16/B16,0),"") -> 0 | E16: 원주 | F16: =IFERROR(C16-(D16*B16),"") -> 0
A17: VV03 (주)지에스리테일(아신A) | B17: =$B$4 -> 40 | C17: =IFERROR(VLOOKUP(A17,'H2 피벗'!A:SH,2,FALSE),0) -> 1040 | D17: =IFERROR(ROUNDDOWN(C17/B17,0),"") -> 26 | E17: 아신 | F17: =IFERROR(C17-(D17*B17),"") -> 0
A19: 수도권 합계 | B19: =$B$4 -> 40 | C19: =SUM(C4:C17) -> 6440 | D19: =IFERROR(ROUNDDOWN(C19/B19,0),"") -> 161 | F19: =IFERROR(C19-(D19*B19),"") -> 0
A21: VV57 (주)지에스리테일김해일배 | B21: =$B$4 -> 40 | C21: =IFERROR(VLOOKUP(A21,'H2 피벗'!A:SH,2,FALSE),0) -> 1000 | D21: =IFERROR(ROUNDDOWN(C21/B21,0),"") -> 25 | E21: 김해 | F21: =IFERROR(C21-(D21*B21),"") -> 0
A22: VV25 (주)지에스리테일진주일배 | B22: =$B$4 -> 40 | C22: =IFERROR(VLOOKUP(A22,'H2 피벗'!A:SH,2,FALSE),0) -> 80 | D22: =IFERROR(ROUNDDOWN(C22/B22,0),"") -> 2 | E22: 진주 | F22: =IFERROR(C22-(D22*B22),"") -> 0
A23: VV20 (주)지에스리테일(해인CVS) | B23: =$B$4 -> 40 | C23: =IFERROR(VLOOKUP(A23,'H2 피벗'!A:SH,2,FALSE),0) -> 0 | D23: =IFERROR(ROUNDDOWN(C23/B23,0),"") -> 0 | E23: 해인 | F23: =IFERROR(C23-(D23*B23),"") -> 0
A25: 경남(김해)합계 | B25: =$B$4 -> 40 | C25: =SUM(C21:C23) -> 1080 | D25: =IFERROR(ROUNDDOWN(C25/B25,0),"") -> 27 | F25: =IFERROR(C25-(D25*B25),"") -> 0
A27: VV83 지에스리테일경산저온 | B27: =$B$4 -> 40 | C27: =IFERROR(VLOOKUP(A27,'H2 피벗'!A:SH,2,FALSE),0) -> 1200 | D27: =IFERROR(ROUNDDOWN(C27/B27,0),"") -> 30 | E27: 경산 | F27: =IFERROR(C27-(D27*B27),"") -> 0
A29: 경북(칠곡)합계 | B29: =$B$4 -> 40 | C29: =SUM(C27:C27) -> 1200 | D29: =IFERROR(ROUNDDOWN(C29/B29,0),"") -> 30 | F29: =IFERROR(C29-(D29*B29),"") -> 0
A31: VV95 (주)지에스리테일신광주저온 | B31: =$B$4 -> 40 | C31: =IFERROR(VLOOKUP(A31,'H2 피벗'!A:SH,2,FALSE),0) -> 120 | D31: =IFERROR(ROUNDDOWN(C31/B31,0),"") -> 3 | E31: 신광주 | F31: =IFERROR(C31-(D31*B31),"") -> 0
A32: VV65 ㈜지에스리테일익산일배 | B32: =$B$4 -> 40 | C32: =IFERROR(VLOOKUP(A32,'H2 피벗'!A:SH,2,FALSE),0) -> 120 | D32: =IFERROR(ROUNDDOWN(C32/B32,0),"") -> 3 | E32: 익산 | F32: =IFERROR(C32-(D32*B32),"") -> 0
A34: 호남권 합계 | B34: =$B$4 -> 40 | C34: =SUM(C31:C32) -> 240 | D34: =IFERROR(ROUNDDOWN(C34/B34,0),"") -> 6 | F34: =IFERROR(C34-(D34*B34),"") -> 0
A36: VV92 (주)지에스리테일신제주저온 | B36: =$B$4 -> 40 | C36: =IFERROR(VLOOKUP(A36,'H2 피벗'!A:SH,2,FALSE),0) -> 0 | D36: =IFERROR(ROUNDDOWN(C36/B36,0),"") -> 0 | E36: 신제주 | F36: =IFERROR(C36-(D36*B36),"") -> 0
A38: 총합계 | B38: =$B$4 -> 40 | C38: =SUM(C4:C17,C31:C32,C27:C27,C21:C23,C36) -> 8960 | D38: =IFERROR(ROUNDDOWN(C38/B38,0),"") -> 224 | F38: =IFERROR(C38-(D38*B38),"") -> 0
A39: 총 박스/총 낱개수량 | B39: □ | D39: =SUM(D4:D17,D31:D32,D27:D27,D21:D23,D36) -> 224 | F39: =SUM(F4:F17,F31:F32,F27:F27,F21:F23,F36) -> 0
C40: =C19+C25+C29+C34+C36 -> 8960
C41: =C40=C38 -> TRUE

Sheet 태극당)인절미콘150ML
A2: =TODAY() -> 46309 | B2: GS냉동 H2 □
A3: ='H2 피벗'!A2 -> 10/15 납품 | B3: 입수 | C3: 태극당)인절미콘150ML | D3: 박스 | E3: 센터명 | F3: 낱개
A4: VV98 (주)지에스리테일고촌저온 | B4: 24 | C4: =IFERROR(VLOOKUP(A4,'H2 피벗'!A:SH,3,FALSE),0) -> 384 | D4: =IFERROR(ROUNDDOWN(C4/B4,0),"") -> 16 | E4: 고촌 | F4: =IFERROR(C4-(D4*B4),"") -> 0
A5: VV93 (주)지에스리테일곤지암센터 | B5: =$B$4 -> 24 | C5: =IFERROR(VLOOKUP(A5,'H2 피벗'!A:SH,3,FALSE),0) -> 192 | D5: =IFERROR(ROUNDDOWN(C5/B5,0),"") -> 8 | E5: 곤지암 | F5: =IFERROR(C5-(D5*B5),"") -> 0
A6: VV90 (주)지에스리테일포천저온 | B6: =$B$4 -> 24 | C6: =IFERROR(VLOOKUP(A6,'H2 피벗'!A:SH,3,FALSE),0) -> 288 | D6: =IFERROR(ROUNDDOWN(C6/B6,0),"") -> 12 | E6: 포천 | F6: =IFERROR(C6-(D6*B6),"") -> 0
A7: VV85 지에스리테일신오산1저온 | B7: =$B$4 -> 24 | C7: =IFERROR(VLOOKUP(A7,'H2 피벗'!A:SH,3,FALSE),0) -> 192 | D7: =IFERROR(ROUNDDOWN(C7/B7,0),"") -> 8 | E7: 신오산1 | F7: =IFERROR(C7-(D7*B7),"") -> 0
A8: VV04 (주)지에스리테일공주일배 | B8: =$B$4 -> 24 | C8: =IFERROR(VLOOKUP(A8,'H2 피벗'!A:SH,3,FALSE),0) -> 0 | D8: =IFERROR(ROUNDDOWN(C8/B8,0),"") -> 0 | E8: 공주 | F8: =IFERROR(C8-(D8*B8),"") -> 0
A9: VV69 ㈜지에스리테일강릉일배센터 | B9: =$B$4 -> 24 | C9: =IFERROR(VLOOKUP(A9,'H2 피벗'!A:SH,3,FALSE),0) -> 48 | D9: =IFERROR(ROUNDDOWN(C9/B9,0),"") -> 2 | E9: 강릉 | F9: =IFERROR(C9-(D9*B9),"") -> 0
A10: VV66 지에스리테일인천도화일배 | B10: =$B$4 -> 24 | C10: =IFERROR(VLOOKUP(A10,'H2 피벗'!A:SH,3,FALSE),0) -> 96 | D10: =IFERROR(ROUNDDOWN(C10/B10,0),"") -> 4 | E10: 도화 | F10: =IFERROR(C10-(D10*B10),"") -> 0
A11: VV63 ㈜지에스리테일고양일배센터 | B11: =$B$4 -> 24 | C11: =IFERROR(VLOOKUP(A11,'H2 피벗'!A:SH,3,FALSE),0) -> 672 | D11: =IFERROR(ROUNDDOWN(C11/B11,0),"") -> 28 | E11: 고양 | F11: =IFERROR(C11-(D11*B11),"") -> 0
A12: VV62 (주)지에스리테일김포2일배 | B12: =$B$4 -> 24 | C12: =IFERROR(VLOOKUP(A12,'H2 피벗'!A:SH,3,FALSE),0) -> 192 | D12: =IFERROR(ROUNDDOWN(C12/B12,0),"") -> 8 | E12: 김포2 | F12: =IFERROR(C12-(D12*B12),"") -> 0
A13: VV53 (주)지에스리테일송파일배 | B13: =$B$4 -> 24 | C13: =IFERROR(VLOOKUP(A13,'H2 피벗'!A:SH,3,FALSE),0) -> 528 | D13: =IFERROR(ROUNDDOWN(C13/B13,0),"") -> 22 | E13: 송파 | F13: =IFERROR(C13-(D13*B13),"") -> 0
A14: VV34 (주)지에스리테일청주일배 | B14: =$B$4 -> 24 | C14: =IFERROR(VLOOKUP(A14,'H2 피벗'!A:SH,3,FALSE),0) -> 48 | D14: =IFERROR(ROUNDDOWN(C14/B14,0),"") -> 2 | E14: 청주 | F14: =IFERROR(C14-(D14*B14),"") -> 0
A15: VV17 (주)지에스리테일발안일배 | B15: =$B$4 -> 24 | C15: =IFERROR(VLOOKUP(A15,'H2 피벗'!A:SH,3,FALSE),0) -> 120 | D15: =IFERROR(ROUNDDOWN(C15/B15,0),"") -> 5 | E15: 발안 | F15: =IFERROR(C15-(D15*B15),"") -> 0
A16: VV16 (주)지에스리테일원주일배 | B16: =$B$4 -> 24 | C16: =IFERROR(VLOOKUP(A16,'H2 피벗'!A:SH,3,FALSE),0) -> 192 | D16: =IFERROR(ROUNDDOWN(C16/B16,0),"") -> 8 | E16: 원주 | F16: =IFERROR(C16-(D16*B16),"") -> 0
A17: VV03 (주)지에스리테일(아신A) | B17: =$B$4 -> 24 | C17: =IFERROR(VLOOKUP(A17,'H2 피벗'!A:SH,3,FALSE),0) -> 24 | D17: =IFERROR(ROUNDDOWN(C17/B17,0),"") -> 1 | E17: 아신 | F17: =IFERROR(C17-(D17*B17),"") -> 0
A19: 수도권 합계 | B19: =$B$4 -> 24 | C19: =SUM(C4:C17) -> 2976 | D19: =IFERROR(ROUNDDOWN(C19/B19,0),"") -> 124 | F19: =IFERROR(C19-(D19*B19),"") -> 0
A21: VV57 (주)지에스리테일김해일배 | B21: =$B$4 -> 24 | C21: =IFERROR(VLOOKUP(A21,'H2 피벗'!A:SH,3,FALSE),0) -> 480 | D21: =IFERROR(ROUNDDOWN(C21/B21,0),"") -> 20 | E21: 김해 | F21: =IFERROR(C21-(D21*B21),"") -> 0
A22: VV25 (주)지에스리테일진주일배 | B22: =$B$4 -> 24 | C22: =IFERROR(VLOOKUP(A22,'H2 피벗'!A:SH,3,FALSE),0) -> 192 | D22: =IFERROR(ROUNDDOWN(C22/B22,0),"") -> 8 | E22: 진주 | F22: =IFERROR(C22-(D22*B22),"") -> 0
A23: VV20 (주)지에스리테일(해인CVS) | B23: =$B$4 -> 24 | C23: =IFERROR(VLOOKUP(A23,'H2 피벗'!A:SH,3,FALSE),0) -> 0 | D23: =IFERROR(ROUNDDOWN(C23/B23,0),"") -> 0 | E23: 해인 | F23: =IFERROR(C23-(D23*B23),"") -> 0
A25: 경남(김해)합계 | B25: =$B$4 -> 24 | C25: =SUM(C21:C23) -> 672 | D25: =IFERROR(ROUNDDOWN(C25/B25,0),"") -> 28 | F25: =IFERROR(C25-(D25*B25),"") -> 0
A27: VV83 지에스리테일경산저온 | B27: =$B$4 -> 24 | C27: =IFERROR(VLOOKUP(A27,'H2 피벗'!A:SH,3,FALSE),0) -> 384 | D27: =IFERROR(ROUNDDOWN(C27/B27,0),"") -> 16 | E27: 경산 | F27: =IFERROR(C27-(D27*B27),"") -> 0
A29: 경북(칠곡)합계 | B29: =$B$4 -> 24 | C29: =SUM(C27:C27) -> 384 | D29: =IFERROR(ROUNDDOWN(C29/B29,0),"") -> 16 | F29: =IFERROR(C29-(D29*B29),"") -> 0
A31: VV95 (주)지에스리테일신광주저온 | B31: =$B$4 -> 24 | C31: =IFERROR(VLOOKUP(A31,'H2 피벗'!A:SH,3,FALSE),0) -> 264 | D31: =IFERROR(ROUNDDOWN(C31/B31,0),"") -> 11 | E31: 신광주 | F31: =IFERROR(C31-(D31*B31),"") -> 0
A32: VV65 ㈜지에스리테일익산일배 | B32: =$B$4 -> 24 | C32: =IFERROR(VLOOKUP(A32,'H2 피벗'!A:SH,3,FALSE),0) -> 360 | D32: =IFERROR(ROUNDDOWN(C32/B32,0),"") -> 15 | E32: 익산 | F32: =IFERROR(C32-(D32*B32),"") -> 0
A34: 호남권 합계 | B34: =$B$4 -> 24 | C34: =SUM(C31:C32) -> 624 | D34: =IFERROR(ROUNDDOWN(C34/B34,0),"") -> 26 | F34: =IFERROR(C34-(D34*B34),"") -> 0
A36: VV92 (주)지에스리테일신제주저온 | B36: =$B$4 -> 24 | C36: =IFERROR(VLOOKUP(A36,'H2 피벗'!A:SH,3,FALSE),0) -> 0 | D36: =IFERROR(ROUNDDOWN(C36/B36,0),"") -> 0 | E36: 신제주 | F36: =IFERROR(C36-(D36*B36),"") -> 0
A38: 총합계 | B38: =$B$4 -> 24 | C38: =SUM(C4:C17,C31:C32,C27:C27,C21:C23,C36) -> 4656 | D38: =IFERROR(ROUNDDOWN(C38/B38,0),"") -> 194 | F38: =IFERROR(C38-(D38*B38),"") -> 0
A39: 총 박스/총 낱개수량 | B39: □ | D39: =SUM(D4:D17,D31:D32,D27:D27,D21:D23,D36) -> 194 | F39: =SUM(F4:F17,F31:F32,F27:F27,F21:F23,F36) -> 0
C40: =C19+C25+C29+C34+C36 -> 4656
C41: =C40=C38 -> TRUE

Sheet 대광 피벗
A1: 10/14 | B1: 열 레이블
A2: 10/15 발주 | B2: 치킨25)매콤달콤닭강정(특수점) | C2: 치킨25)매콤달콤닭강정200G(렌) | D2: 총합계
A3: VV95 (주)지에스리테일신광주저온 | C3: 35 | D3: 35
A4: VV63 ㈜지에스리테일고양일배센터 | B4: 512 | C4: 35 | D4: 547
A5: 총합계 | B5: 512 | C5: 70 | D5: 582

Sheet 치킨25)매콤달콤닭강정(특수점)
A2: =TODAY() -> 46309 | B2: GS냉동 대광 □
A3: ='대광 피벗'!A2 -> 10/15 발주 | B3: 입수 | C3: 치킨25)매콤달콤닭강정 500G(특수점) | D3: 박스 | E3: 센터명 | F3: 낱개
A4: VV98 (주)지에스리테일고촌저온 | B4: 16 | C4: =IFERROR(VLOOKUP(A4,'대광 피벗'!A:SL,2,FALSE),0) -> 0 | D4: =IFERROR(ROUNDDOWN(C4/B4,0),"") -> 0 | E4: 고촌 | F4: =IFERROR(C4-(D4*B4),"") -> 0
A5: VV93 (주)지에스리테일곤지암센터 | B5: =$B$4 -> 16 | C5: =IFERROR(VLOOKUP(A5,'대광 피벗'!A:SL,2,FALSE),0) -> 0 | D5: =IFERROR(ROUNDDOWN(C5/B5,0),"") -> 0 | E5: 곤지암 | F5: =IFERROR(C5-(D5*B5),"") -> 0
A6: VV90 (주)지에스리테일포천저온 | B6: =$B$4 -> 16 | C6: =IFERROR(VLOOKUP(A6,'대광 피벗'!A:SL,2,FALSE),0) -> 0 | D6: =IFERROR(ROUNDDOWN(C6/B6,0),"") -> 0 | E6: 포천 | F6: =IFERROR(C6-(D6*B6),"") -> 0
A7: VV85 지에스리테일신오산1저온 | B7: =$B$4 -> 16 | C7: =IFERROR(VLOOKUP(A7,'대광 피벗'!A:SL,2,FALSE),0) -> 0 | D7: =IFERROR(ROUNDDOWN(C7/B7,0),"") -> 0 | E7: 신오산1 | F7: =IFERROR(C7-(D7*B7),"") -> 0
A8: VV04 (주)지에스리테일공주일배 | B8: =$B$4 -> 16 | C8: =IFERROR(VLOOKUP(A8,'대광 피벗'!A:SL,2,FALSE),0) -> 0 | D8: =IFERROR(ROUNDDOWN(C8/B8,0),"") -> 0 | E8: 공주 | F8: =IFERROR(C8-(D8*B8),"") -> 0
A9: VV69 ㈜지에스리테일강릉일배센터 | B9: =$B$4 -> 16 | C9: =IFERROR(VLOOKUP(A9,'대광 피벗'!A:SL,2,FALSE),0) -> 0 | D9: =IFERROR(ROUNDDOWN(C9/B9,0),"") -> 0 | E9: 강릉 | F9: =IFERROR(C9-(D9*B9),"") -> 0
A10: VV66 지에스리테일인천도화일배 | B10: =$B$4 -> 16 | C10: =IFERROR(VLOOKUP(A10,'대광 피벗'!A:SL,2,FALSE),0) -> 0 | D10: =IFERROR(ROUNDDOWN(C10/B10,0),"") -> 0 | E10: 도화 | F10: =IFERROR(C10-(D10*B10),"") -> 0
A11: VV63 ㈜지에스리테일고양일배센터 | B11: =$B$4 -> 16 | C11: =IFERROR(VLOOKUP(A11,'대광 피벗'!A:SL,2,FALSE),0) -> 512 | D11: =IFERROR(ROUNDDOWN(C11/B11,0),"") -> 32 | E11: 고양 | F11: =IFERROR(C11-(D11*B11),"") -> 0
A12: VV62 (주)지에스리테일김포2일배 | B12: =$B$4 -> 16 | C12: =IFERROR(VLOOKUP(A12,'대광 피벗'!A:SL,2,FALSE),0) -> 0 | D12: =IFERROR(ROUNDDOWN(C12/B12,0),"") -> 0 | E12: 김포2 | F12: =IFERROR(C12-(D12*B12),"") -> 0
A13: VV53 (주)지에스리테일송파일배 | B13: =$B$4 -> 16 | C13: =IFERROR(VLOOKUP(A13,'대광 피벗'!A:SL,2,FALSE),0) -> 0 | D13: =IFERROR(ROUNDDOWN(C13/B13,0),"") -> 0 | E13: 송파 | F13: =IFERROR(C13-(D13*B13),"") -> 0
A14: VV34 (주)지에스리테일청주일배 | B14: =$B$4 -> 16 | C14: =IFERROR(VLOOKUP(A14,'대광 피벗'!A:SL,2,FALSE),0) -> 0 | D14: =IFERROR(ROUNDDOWN(C14/B14,0),"") -> 0 | E14: 청주 | F14: =IFERROR(C14-(D14*B14),"") -> 0
A15: VV17 (주)지에스리테일발안일배 | B15: =$B$4 -> 16 | C15: =IFERROR(VLOOKUP(A15,'대광 피벗'!A:SL,2,FALSE),0) -> 0 | D15: =IFERROR(ROUNDDOWN(C15/B15,0),"") -> 0 | E15: 발안 | F15: =IFERROR(C15-(D15*B15),"") -> 0
A16: VV16 (주)지에스리테일원주일배 | B16: =$B$4 -> 16 | C16: =IFERROR(VLOOKUP(A16,'대광 피벗'!A:SL,2,FALSE),0) -> 0 | D16: =IFERROR(ROUNDDOWN(C16/B16,0),"") -> 0 | E16: 원주 | F16: =IFERROR(C16-(D16*B16),"") -> 0
A17: VV03 (주)지에스리테일(아신A) | B17: =$B$4 -> 16 | C17: =IFERROR(VLOOKUP(A17,'대광 피벗'!A:SL,2,FALSE),0) -> 0 | D17: =IFERROR(ROUNDDOWN(C17/B17,0),"") -> 0 | E17: 아신 | F17: =IFERROR(C17-(D17*B17),"") -> 0
A19: 수도권 합계 | B19: =$B$4 -> 16 | C19: =SUM(C4:C17) -> 512 | D19: =IFERROR(ROUNDDOWN(C19/B19,0),"") -> 32 | F19: =IFERROR(C19-(D19*B19),"") -> 0
A21: VV57 (주)지에스리테일김해일배 | B21: =$B$4 -> 16 | C21: =IFERROR(VLOOKUP(A21,'대광 피벗'!A:SL,2,FALSE),0) -> 0 | D21: =IFERROR(ROUNDDOWN(C21/B21,0),"") -> 0 | E21: 김해 | F21: =IFERROR(C21-(D21*B21),"") -> 0
A22: VV25 (주)지에스리테일진주일배 | B22: =$B$4 -> 16 | C22: =IFERROR(VLOOKUP(A22,'대광 피벗'!A:SL,2,FALSE),0) -> 0 | D22: =IFERROR(ROUNDDOWN(C22/B22,0),"") -> 0 | E22: 진주 | F22: =IFERROR(C22-(D22*B22),"") -> 0
A23: VV20 (주)지에스리테일(해인CVS) | B23: =$B$4 -> 16 | C23: =IFERROR(VLOOKUP(A23,'대광 피벗'!A:SL,2,FALSE),0) -> 0 | D23: =IFERROR(ROUNDDOWN(C23/B23,0),"") -> 0 | E23: 해인 | F23: =IFERROR(C23-(D23*B23),"") -> 0
A25: 경남(김해)합계 | B25: =$B$4 -> 16 | C25: =SUM(C21:C23) -> 0 | D25: =IFERROR(ROUNDDOWN(C25/B25,0),"") -> 0 | F25: =IFERROR(C25-(D25*B25),"") -> 0
A27: VV83 지에스리테일경산저온 | B27: =$B$4 -> 16 | C27: =IFERROR(VLOOKUP(A27,'대광 피벗'!A:SL,2,FALSE),0) -> 0 | D27: =IFERROR(ROUNDDOWN(C27/B27,0),"") -> 0 | E27: 경산 | F27: =IFERROR(C27-(D27*B27),"") -> 0
A29: 경북(칠곡)합계 | B29: =$B$4 -> 16 | C29: =SUM(C27:C27) -> 0 | D29: =IFERROR(ROUNDDOWN(C29/B29,0),"") -> 0 | F29: =IFERROR(C29-(D29*B29),"") -> 0
A31: VV95 (주)지에스리테일신광주저온 | B31: =$B$4 -> 16 | C31: =IFERROR(VLOOKUP(A31,'대광 피벗'!A:SL,2,FALSE),0) -> 0 | D31: =IFERROR(ROUNDDOWN(C31/B31,0),"") -> 0 | E31: 신광주 | F31: =IFERROR(C31-(D31*B31),"") -> 0
A32: VV65 ㈜지에스리테일익산일배 | B32: =$B$4 -> 16 | C32: =IFERROR(VLOOKUP(A32,'대광 피벗'!A:SL,2,FALSE),0) -> 0 | D32: =IFERROR(ROUNDDOWN(C32/B32,0),"") -> 0 | E32: 익산 | F32: =IFERROR(C32-(D32*B32),"") -> 0
A34: 호남권 합계 | B34: =$B$4 -> 16 | C34: =SUM(C31:C32) -> 0 | D34: =IFERROR(ROUNDDOWN(C34/B34,0),"") -> 0 | F34: =IFERROR(C34-(D34*B34),"") -> 0
A36: VV92 (주)지에스리테일신제주저온 | B36: =$B$4 -> 16 | C36: =IFERROR(VLOOKUP(A36,'대광 피벗'!A:SL,2,FALSE),0) -> 0 | D36: =IFERROR(ROUNDDOWN(C36/B36,0),"") -> 0 | E36: 신제주 | F36: =IFERROR(C36-(D36*B36),"") -> 0
A38: 총합계 | B38: =$B$4 -> 16 | C38: =SUM(C4:C17,C31:C32,C27:C27,C21:C23,C36) -> 512 | D38: =IFERROR(ROUNDDOWN(C38/B38,0),"") -> 32 | F38: =IFERROR(C38-(D38*B38),"") -> 0
A39: 총 박스/총 낱개수량 | B39: □ | D39: =SUM(D4:D17,D31:D32,D27:D27,D21:D23,D36) -> 32 | F39: =SUM(F4:F17,F31:F32,F27:F27,F21:F23,F36) -> 0
C40: =C19+C25+C29+C34+C36 -> 512
C41: =C40=C38 -> TRUE

Sheet 치킨25)매콤달콤닭강정200G(렌)
A2: =TODAY() -> 46309 | B2: GS냉동 대광 □
A3: ='대광 피벗'!A2 -> 10/15 발주 | B3: 입수 | C3: 치킨25)매콤달콤닭강정 200G(렌) | D3: 박스 | E3: 센터명 | F3: 낱개
A4: VV98 (주)지에스리테일고촌저온 | B4: 35 | C4: =IFERROR(VLOOKUP(A4,'대광 피벗'!A:SL,3,FALSE),0) -> 0 | D4: =IFERROR(ROUNDDOWN(C4/B4,0),"") -> 0 | E4: 고촌 | F4: =IFERROR(C4-(D4*B4),"") -> 0
A5: VV93 (주)지에스리테일곤지암센터 | B5: =$B$4 -> 35 | C5: =IFERROR(VLOOKUP(A5,'대광 피벗'!A:SL,3,FALSE),0) -> 0 | D5: =IFERROR(ROUNDDOWN(C5/B5,0),"") -> 0 | E5: 곤지암 | F5: =IFERROR(C5-(D5*B5),"") -> 0
A6: VV90 (주)지에스리테일포천저온 | B6: =$B$4 -> 35 | C6: =IFERROR(VLOOKUP(A6,'대광 피벗'!A:SL,3,FALSE),0) -> 0 | D6: =IFERROR(ROUNDDOWN(C6/B6,0),"") -> 0 | E6: 포천 | F6: =IFERROR(C6-(D6*B6),"") -> 0
A7: VV85 지에스리테일신오산1저온 | B7: =$B$4 -> 35 | C7: =IFERROR(VLOOKUP(A7,'대광 피벗'!A:SL,3,FALSE),0) -> 0 | D7: =IFERROR(ROUNDDOWN(C7/B7,0),"") -> 0 | E7: 신오산1 | F7: =IFERROR(C7-(D7*B7),"") -> 0
A8: VV04 (주)지에스리테일공주일배 | B8: =$B$4 -> 35 | C8: =IFERROR(VLOOKUP(A8,'대광 피벗'!A:SL,3,FALSE),0) -> 0 | D8: =IFERROR(ROUNDDOWN(C8/B8,0),"") -> 0 | E8: 공주 | F8: =IFERROR(C8-(D8*B8),"") -> 0
A9: VV69 ㈜지에스리테일강릉일배센터 | B9: =$B$4 -> 35 | C9: =IFERROR(VLOOKUP(A9,'대광 피벗'!A:SL,3,FALSE),0) -> 0 | D9: =IFERROR(ROUNDDOWN(C9/B9,0),"") -> 0 | E9: 강릉 | F9: =IFERROR(C9-(D9*B9),"") -> 0
A10: VV66 지에스리테일인천도화일배 | B10: =$B$4 -> 35 | C10: =IFERROR(VLOOKUP(A10,'대광 피벗'!A:SL,3,FALSE),0) -> 0 | D10: =IFERROR(ROUNDDOWN(C10/B10,0),"") -> 0 | E10: 도화 | F10: =IFERROR(C10-(D10*B10),"") -> 0
A11: VV63 ㈜지에스리테일고양일배센터 | B11: =$B$4 -> 35 | C11: =IFERROR(VLOOKUP(A11,'대광 피벗'!A:SL,3,FALSE),0) -> 35 | D11: =IFERROR(ROUNDDOWN(C11/B11,0),"") -> 1 | E11: 고양 | F11: =IFERROR(C11-(D11*B11),"") -> 0
A12: VV62 (주)지에스리테일김포2일배 | B12: =$B$4 -> 35 | C12: =IFERROR(VLOOKUP(A12,'대광 피벗'!A:SL,3,FALSE),0) -> 0 | D12: =IFERROR(ROUNDDOWN(C12/B12,0),"") -> 0 | E12: 김포2 | F12: =IFERROR(C12-(D12*B12),"") -> 0
A13: VV53 (주)지에스리테일송파일배 | B13: =$B$4 -> 35 | C13: =IFERROR(VLOOKUP(A13,'대광 피벗'!A:SL,3,FALSE),0) -> 0 | D13: =IFERROR(ROUNDDOWN(C13/B13,0),"") -> 0 | E13: 송파 | F13: =IFERROR(C13-(D13*B13),"") -> 0
A14: VV34 (주)지에스리테일청주일배 | B14: =$B$4 -> 35 | C14: =IFERROR(VLOOKUP(A14,'대광 피벗'!A:SL,3,FALSE),0) -> 0 | D14: =IFERROR(ROUNDDOWN(C14/B14,0),"") -> 0 | E14: 청주 | F14: =IFERROR(C14-(D14*B14),"") -> 0
A15: VV17 (주)지에스리테일발안일배 | B15: =$B$4 -> 35 | C15: =IFERROR(VLOOKUP(A15,'대광 피벗'!A:SL,3,FALSE),0) -> 0 | D15: =IFERROR(ROUNDDOWN(C15/B15,0),"") -> 0 | E15: 발안 | F15: =IFERROR(C15-(D15*B15),"") -> 0
A16: VV16 (주)지에스리테일원주일배 | B16: =$B$4 -> 35 | C16: =IFERROR(VLOOKUP(A16,'대광 피벗'!A:SL,3,FALSE),0) -> 0 | D16: =IFERROR(ROUNDDOWN(C16/B16,0),"") -> 0 | E16: 원주 | F16: =IFERROR(C16-(D16*B16),"") -> 0
A17: VV03 (주)지에스리테일(아신A) | B17: =$B$4 -> 35 | C17: =IFERROR(VLOOKUP(A17,'대광 피벗'!A:SL,3,FALSE),0) -> 0 | D17: =IFERROR(ROUNDDOWN(C17/B17,0),"") -> 0 | E17: 아신 | F17: =IFERROR(C17-(D17*B17),"") -> 0
A19: 수도권 합계 | B19: =$B$4 -> 35 | C19: =SUM(C4:C17) -> 35 | D19: =IFERROR(ROUNDDOWN(C19/B19,0),"") -> 1 | F19: =IFERROR(C19-(D19*B19),"") -> 0
A21: VV57 (주)지에스리테일김해일배 | B21: =$B$4 -> 35 | C21: =IFERROR(VLOOKUP(A21,'대광 피벗'!A:SL,3,FALSE),0) -> 0 | D21: =IFERROR(ROUNDDOWN(C21/B21,0),"") -> 0 | E21: 김해 | F21: =IFERROR(C21-(D21*B21),"") -> 0
A22: VV25 (주)지에스리테일진주일배 | B22: =$B$4 -> 35 | C22: =IFERROR(VLOOKUP(A22,'대광 피벗'!A:SL,3,FALSE),0) -> 0 | D22: =IFERROR(ROUNDDOWN(C22/B22,0),"") -> 0 | E22: 진주 | F22: =IFERROR(C22-(D22*B22),"") -> 0
A23: VV20 (주)지에스리테일(해인CVS) | B23: =$B$4 -> 35 | C23: =IFERROR(VLOOKUP(A23,'대광 피벗'!A:SL,3,FALSE),0) -> 0 | D23: =IFERROR(ROUNDDOWN(C23/B23,0),"") -> 0 | E23: 해인 | F23: =IFERROR(C23-(D23*B23),"") -> 0
A25: 경남(김해)합계 | B25: =$B$4 -> 35 | C25: =SUM(C21:C23) -> 0 | D25: =IFERROR(ROUNDDOWN(C25/B25,0),"") -> 0 | F25: =IFERROR(C25-(D25*B25),"") -> 0
A27: VV83 지에스리테일경산저온 | B27: =$B$4 -> 35 | C27: =IFERROR(VLOOKUP(A27,'대광 피벗'!A:SL,3,FALSE),0) -> 0 | D27: =IFERROR(ROUNDDOWN(C27/B27,0),"") -> 0 | E27: 경산 | F27: =IFERROR(C27-(D27*B27),"") -> 0
A29: 경북(칠곡)합계 | B29: =$B$4 -> 35 | C29: =SUM(C27:C27) -> 0 | D29: =IFERROR(ROUNDDOWN(C29/B29,0),"") -> 0 | F29: =IFERROR(C29-(D29*B29),"") -> 0
A31: VV95 (주)지에스리테일신광주저온 | B31: =$B$4 -> 35 | C31: =IFERROR(VLOOKUP(A31,'대광 피벗'!A:SL,3,FALSE),0) -> 35 | D31: =IFERROR(ROUNDDOWN(C31/B31,0),"") -> 1 | E31: 신광주 | F31: =IFERROR(C31-(D31*B31),"") -> 0
A32: VV65 ㈜지에스리테일익산일배 | B32: =$B$4 -> 35 | C32: =IFERROR(VLOOKUP(A32,'대광 피벗'!A:SL,3,FALSE),0) -> 0 | D32: =IFERROR(ROUNDDOWN(C32/B32,0),"") -> 0 | E32: 익산 | F32: =IFERROR(C32-(D32*B32),"") -> 0
A34: 호남권 합계 | B34: =$B$4 -> 35 | C34: =SUM(C31:C32) -> 35 | D34: =IFERROR(ROUNDDOWN(C34/B34,0),"") -> 1 | F34: =IFERROR(C34-(D34*B34),"") -> 0
A36: VV92 (주)지에스리테일신제주저온 | B36: =$B$4 -> 35 | C36: =IFERROR(VLOOKUP(A36,'대광 피벗'!A:SL,3,FALSE),0) -> 0 | D36: =IFERROR(ROUNDDOWN(C36/B36,0),"") -> 0 | E36: 신제주 | F36: =IFERROR(C36-(D36*B36),"") -> 0
A38: 총합계 | B38: =$B$4 -> 35 | C38: =SUM(C4:C17,C31:C32,C27:C27,C21:C23,C36) -> 70 | D38: =IFERROR(ROUNDDOWN(C38/B38,0),"") -> 2 | F38: =IFERROR(C38-(D38*B38),"") -> 0
A39: 총 박스/총 낱개수량 | B39: □ | D39: =SUM(D4:D17,D31:D32,D27:D27,D21:D23,D36) -> 2 | F39: =SUM(F4:F17,F31:F32,F27:F27,F21:F23,F36) -> 0
C40: =C19+C25+C29+C34+C36 -> 70
C41: =C40=C38 -> TRUE

Sheet 윈즈 피벗
A1: 10/14 | C1: 열 레이블
A2: 10/15 납품 | C2: 티아이)아보카도아이스크림85G | D2: 티아이)크림치즈브륄레90G | E2: 총합계
A3: VV69 ㈜지에스리테일강릉일배센터 | D3: 48 | E3: 48
A4: VV57 (주)지에스리테일김해일배 | C4: 120 | E4: 120
A5: VV20 (주)지에스리테일(해인CVS) | C5: 48 | E5: 48
A6: VV95 (주)지에스리테일신광주저온 | C6: 96 | E6: 96
A7: VV34 (주)지에스리테일청주일배 | C7: 120 | E7: 120
A8: VV04 (주)지에스리테일공주일배 | C8: 48 | E8: 48
A9: VV65 ㈜지에스리테일익산일배 | C9: 96 | E9: 96
A10: VV63 ㈜지에스리테일고양일배센터 | C10: 48 | E10: 48
A11: VV98 (주)지에스리테일고촌저온 | C11: 72 | E11: 72
A12: VV66 지에스리테일인천도화일배 | C12: 84 | E12: 84
A13: VV17 (주)지에스리테일발안일배 | C13: 36 | E13: 36
A14: VV53 (주)지에스리테일송파일배 | C14: 36 | E14: 36
A15: 총합계 | C15: 804 | D15: 48 | E15: 852

Sheet 바비바이츠)우베모찌바70ML
A2: =TODAY() -> 46309 | B2: GS 냉동 윈즈 □
A3: ='윈즈 피벗'!A2 -> 10/15 납품 | B3: 입수 | C3: 바비바이츠)우베모찌바70ML | D3: 박스 | E3: 센터명 | F3: 낱개
A4: VV98 (주)지에스리테일고촌저온 | B4: 30 | C4: =IFERROR(VLOOKUP(A4,'윈즈 피벗'!A:ST,2,FALSE),0) -> 0 | D4: =IFERROR(ROUNDDOWN(C4/B4,0),"") -> 0 | E4: 고촌 | F4: =IFERROR(C4-(D4*B4),"") -> 0
A5: VV93 (주)지에스리테일곤지암센터 | B5: =$B$4 -> 30 | C5: =IFERROR(VLOOKUP(A5,'윈즈 피벗'!A:ST,2,FALSE),0) -> 0 | D5: =IFERROR(ROUNDDOWN(C5/B5,0),"") -> 0 | E5: 곤지암 | F5: =IFERROR(C5-(D5*B5),"") -> 0
A6: VV90 (주)지에스리테일포천저온 | B6: =$B$4 -> 30 | C6: =IFERROR(VLOOKUP(A6,'윈즈 피벗'!A:ST,2,FALSE),0) -> 0 | D6: =IFERROR(ROUNDDOWN(C6/B6,0),"") -> 0 | E6: 포천 | F6: =IFERROR(C6-(D6*B6),"") -> 0
A7: VV85 지에스리테일신오산1저온 | B7: =$B$4 -> 30 | C7: =IFERROR(VLOOKUP(A7,'윈즈 피벗'!A:ST,2,FALSE),0) -> 0 | D7: =IFERROR(ROUNDDOWN(C7/B7,0),"") -> 0 | E7: 신오산1 | F7: =IFERROR(C7-(D7*B7),"") -> 0
A8: VV04 (주)지에스리테일공주일배 | B8: =$B$4 -> 30 | C8: =IFERROR(VLOOKUP(A8,'윈즈 피벗'!A:ST,2,FALSE),0) -> 0 | D8: =IFERROR(ROUNDDOWN(C8/B8,0),"") -> 0 | E8: 공주 | F8: =IFERROR(C8-(D8*B8),"") -> 0
A9: VV69 ㈜지에스리테일강릉일배센터 | B9: =$B$4 -> 30 | C9: =IFERROR(VLOOKUP(A9,'윈즈 피벗'!A:ST,2,FALSE),0) -> 0 | D9: =IFERROR(ROUNDDOWN(C9/B9,0),"") -> 0 | E9: 강릉 | F9: =IFERROR(C9-(D9*B9),"") -> 0
A10: VV66 지에스리테일인천도화일배 | B10: =$B$4 -> 30 | C10: =IFERROR(VLOOKUP(A10,'윈즈 피벗'!A:ST,2,FALSE),0) -> 0 | D10: =IFERROR(ROUNDDOWN(C10/B10,0),"") -> 0 | E10: 도화 | F10: =IFERROR(C10-(D10*B10),"") -> 0
A11: VV63 ㈜지에스리테일고양일배센터 | B11: =$B$4 -> 30 | C11: =IFERROR(VLOOKUP(A11,'윈즈 피벗'!A:ST,2,FALSE),0) -> 0 | D11: =IFERROR(ROUNDDOWN(C11/B11,0),"") -> 0 | E11: 고양 | F11: =IFERROR(C11-(D11*B11),"") -> 0
A12: VV62 (주)지에스리테일김포2일배 | B12: =$B$4 -> 30 | C12: =IFERROR(VLOOKUP(A12,'윈즈 피벗'!A:ST,2,FALSE),0) -> 0 | D12: =IFERROR(ROUNDDOWN(C12/B12,0),"") -> 0 | E12: 김포2 | F12: =IFERROR(C12-(D12*B12),"") -> 0
A13: VV53 (주)지에스리테일송파일배 | B13: =$B$4 -> 30 | C13: =IFERROR(VLOOKUP(A13,'윈즈 피벗'!A:ST,2,FALSE),0) -> 0 | D13: =IFERROR(ROUNDDOWN(C13/B13,0),"") -> 0 | E13: 송파 | F13: =IFERROR(C13-(D13*B13),"") -> 0
A14: VV34 (주)지에스리테일청주일배 | B14: =$B$4 -> 30 | C14: =IFERROR(VLOOKUP(A14,'윈즈 피벗'!A:ST,2,FALSE),0) -> 0 | D14: =IFERROR(ROUNDDOWN(C14/B14,0),"") -> 0 | E14: 청주 | F14: =IFERROR(C14-(D14*B14),"") -> 0
A15: VV17 (주)지에스리테일발안일배 | B15: =$B$4 -> 30 | C15: =IFERROR(VLOOKUP(A15,'윈즈 피벗'!A:ST,2,FALSE),0) -> 0 | D15: =IFERROR(ROUNDDOWN(C15/B15,0),"") -> 0 | E15: 발안 | F15: =IFERROR(C15-(D15*B15),"") -> 0
A16: VV16 (주)지에스리테일원주일배 | B16: =$B$4 -> 30 | C16: =IFERROR(VLOOKUP(A16,'윈즈 피벗'!A:ST,2,FALSE),0) -> 0 | D16: =IFERROR(ROUNDDOWN(C16/B16,0),"") -> 0 | E16: 원주 | F16: =IFERROR(C16-(D16*B16),"") -> 0
A17: VV03 (주)지에스리테일(아신A) | B17: =$B$4 -> 30 | C17: =IFERROR(VLOOKUP(A17,'윈즈 피벗'!A:ST,2,FALSE),0) -> 0 | D17: =IFERROR(ROUNDDOWN(C17/B17,0),"") -> 0 | E17: 아신 | F17: =IFERROR(C17-(D17*B17),"") -> 0
A19: 수도권 합계 | B19: =$B$4 -> 30 | C19: =SUM(C4:C17) -> 0 | D19: =IFERROR(ROUNDDOWN(C19/B19,0),"") -> 0 | F19: =IFERROR(C19-(D19*B19),"") -> 0
A21: VV57 (주)지에스리테일김해일배 | B21: =$B$4 -> 30 | C21: =IFERROR(VLOOKUP(A21,'윈즈 피벗'!A:ST,2,FALSE),0) -> 0 | D21: =IFERROR(ROUNDDOWN(C21/B21,0),"") -> 0 | E21: 김해 | F21: =IFERROR(C21-(D21*B21),"") -> 0
A22: VV25 (주)지에스리테일진주일배 | B22: =$B$4 -> 30 | C22: =IFERROR(VLOOKUP(A22,'윈즈 피벗'!A:ST,2,FALSE),0) -> 0 | D22: =IFERROR(ROUNDDOWN(C22/B22,0),"") -> 0 | E22: 진주 | F22: =IFERROR(C22-(D22*B22),"") -> 0
A23: VV20 (주)지에스리테일(해인CVS) | B23: =$B$4 -> 30 | C23: =IFERROR(VLOOKUP(A23,'윈즈 피벗'!A:ST,2,FALSE),0) -> 0 | D23: =IFERROR(ROUNDDOWN(C23/B23,0),"") -> 0 | E23: 해인 | F23: =IFERROR(C23-(D23*B23),"") -> 0
A25: 경남(김해)합계 | B25: =$B$4 -> 30 | C25: =SUM(C21:C23) -> 0 | D25: =IFERROR(ROUNDDOWN(C25/B25,0),"") -> 0 | F25: =IFERROR(C25-(D25*B25),"") -> 0
A27: VV83 지에스리테일경산저온 | B27: =$B$4 -> 30 | C27: =IFERROR(VLOOKUP(A27,'윈즈 피벗'!A:ST,2,FALSE),0) -> 0 | D27: =IFERROR(ROUNDDOWN(C27/B27,0),"") -> 0 | E27: 경산 | F27: =IFERROR(C27-(D27*B27),"") -> 0
A29: 경북(칠곡)합계 | B29: =$B$4 -> 30 | C29: =SUM(C27:C27) -> 0 | D29: =IFERROR(ROUNDDOWN(C29/B29,0),"") -> 0 | F29: =IFERROR(C29-(D29*B29),"") -> 0
A31: VV95 (주)지에스리테일신광주저온 | B31: =$B$4 -> 30 | C31: =IFERROR(VLOOKUP(A31,'윈즈 피벗'!A:ST,2,FALSE),0) -> 0 | D31: =IFERROR(ROUNDDOWN(C31/B31,0),"") -> 0 | E31: 신광주 | F31: =IFERROR(C31-(D31*B31),"") -> 0
A32: VV65 ㈜지에스리테일익산일배 | B32: =$B$4 -> 30 | C32: =IFERROR(VLOOKUP(A32,'윈즈 피벗'!A:ST,2,FALSE),0) -> 0 | D32: =IFERROR(ROUNDDOWN(C32/B32,0),"") -> 0 | E32: 익산 | F32: =IFERROR(C32-(D32*B32),"") -> 0
A34: 호남권 합계 | B34: =$B$4 -> 30 | C34: =SUM(C31:C32) -> 0 | D34: =IFERROR(ROUNDDOWN(C34/B34,0),"") -> 0 | F34: =IFERROR(C34-(D34*B34),"") -> 0
A36: VV92 (주)지에스리테일신제주저온 | B36: =$B$4 -> 30 | C36: =IFERROR(VLOOKUP(A36,'윈즈 피벗'!A:ST,2,FALSE),0) -> 0 | D36: =IFERROR(ROUNDDOWN(C36/B36,0),"") -> 0 | E36: 신제주 | F36: =IFERROR(C36-(D36*B36),"") -> 0
A38: 총합계 | B38: =$B$4 -> 30 | C38: =SUM(C4:C17,C31:C32,C27:C27,C21:C23,C36) -> 0 | D38: =IFERROR(ROUNDDOWN(C38/B38,0),"") -> 0 | F38: =IFERROR(C38-(D38*B38),"") -> 0
A39: 총 박스/총 낱개수량 | B39: □ | D39: =SUM(D4:D17,D31:D32,D27:D27,D21:D23,D36) -> 0 | F39: =SUM(F4:F17,F31:F32,F27:F27,F21:F23,F36) -> 0
C40: =C19+C25+C29+C34+C36 -> 0
C41: =C40=C38 -> TRUE

Sheet 티아이)아보카도아이스크림85G
A2: =TODAY() -> 46309 | B2: GS 냉동 윈즈 □
A3: ='윈즈 피벗'!A2 -> 10/15 납품 | B3: 입수 | C3: 티아이)아보카도아이스크림85G | D3: 박스 | E3: 센터명 | F3: 낱개
A4: VV98 (주)지에스리테일고촌저온 | B4: 12 | C4: =IFERROR(VLOOKUP(A4,'윈즈 피벗'!A:ST,3,FALSE),0) -> 72 | D4: =IFERROR(ROUNDDOWN(C4/B4,0),"") -> 6 | E4: 고촌 | F4: =IFERROR(C4-(D4*B4),"") -> 0
A5: VV93 (주)지에스리테일곤지암센터 | B5: =$B$4 -> 12 | C5: =IFERROR(VLOOKUP(A5,'윈즈 피벗'!A:ST,3,FALSE),0) -> 0 | D5: =IFERROR(ROUNDDOWN(C5/B5,0),"") -> 0 | E5: 곤지암 | F5: =IFERROR(C5-(D5*B5),"") -> 0
A6: VV90 (주)지에스리테일포천저온 | B6: =$B$4 -> 12 | C6: =IFERROR(VLOOKUP(A6,'윈즈 피벗'!A:ST,3,FALSE),0) -> 0 | D6: =IFERROR(ROUNDDOWN(C6/B6,0),"") -> 0 | E6: 포천 | F6: =IFERROR(C6-(D6*B6),"") -> 0
A7: VV85 지에스리테일신오산1저온 | B7: =$B$4 -> 12 | C7: =IFERROR(VLOOKUP(A7,'윈즈 피벗'!A:ST,3,FALSE),0) -> 0 | D7: =IFERROR(ROUNDDOWN(C7/B7,0),"") -> 0 | E7: 신오산1 | F7: =IFERROR(C7-(D7*B7),"") -> 0
A8: VV04 (주)지에스리테일공주일배 | B8: =$B$4 -> 12 | C8: =IFERROR(VLOOKUP(A8,'윈즈 피벗'!A:ST,3,FALSE),0) -> 48 | D8: =IFERROR(ROUNDDOWN(C8/B8,0),"") -> 4 | E8: 공주 | F8: =IFERROR(C8-(D8*B8),"") -> 0
A9: VV69 ㈜지에스리테일강릉일배센터 | B9: =$B$4 -> 12 | C9: =IFERROR(VLOOKUP(A9,'윈즈 피벗'!A:ST,3,FALSE),0) -> 0 | D9: =IFERROR(ROUNDDOWN(C9/B9,0),"") -> 0 | E9: 강릉 | F9: =IFERROR(C9-(D9*B9),"") -> 0
A10: VV66 지에스리테일인천도화일배 | B10: =$B$4 -> 12 | C10: =IFERROR(VLOOKUP(A10,'윈즈 피벗'!A:ST,3,FALSE),0) -> 84 | D10: =IFERROR(ROUNDDOWN(C10/B10,0),"") -> 7 | E10: 도화 | F10: =IFERROR(C10-(D10*B10),"") -> 0
A11: VV63 ㈜지에스리테일고양일배센터 | B11: =$B$4 -> 12 | C11: =IFERROR(VLOOKUP(A11,'윈즈 피벗'!A:ST,3,FALSE),0) -> 48 | D11: =IFERROR(ROUNDDOWN(C11/B11,0),"") -> 4 | E11: 고양 | F11: =IFERROR(C11-(D11*B11),"") -> 0
A12: VV62 (주)지에스리테일김포2일배 | B12: =$B$4 -> 12 | C12: =IFERROR(VLOOKUP(A12,'윈즈 피벗'!A:ST,3,FALSE),0) -> 0 | D12: =IFERROR(ROUNDDOWN(C12/B12,0),"") -> 0 | E12: 김포2 | F12: =IFERROR(C12-(D12*B12),"") -> 0
A13: VV53 (주)지에스리테일송파일배 | B13: =$B$4 -> 12 | C13: =IFERROR(VLOOKUP(A13,'윈즈 피벗'!A:ST,3,FALSE),0) -> 36 | D13: =IFERROR(ROUNDDOWN(C13/B13,0),"") -> 3 | E13: 송파 | F13: =IFERROR(C13-(D13*B13),"") -> 0
A14: VV34 (주)지에스리테일청주일배 | B14: =$B$4 -> 12 | C14: =IFERROR(VLOOKUP(A14,'윈즈 피벗'!A:ST,3,FALSE),0) -> 120 | D14: =IFERROR(ROUNDDOWN(C14/B14,0),"") -> 10 | E14: 청주 | F14: =IFERROR(C14-(D14*B14),"") -> 0
A15: VV17 (주)지에스리테일발안일배 | B15: =$B$4 -> 12 | C15: =IFERROR(VLOOKUP(A15,'윈즈 피벗'!A:ST,3,FALSE),0) -> 36 | D15: =IFERROR(ROUNDDOWN(C15/B15,0),"") -> 3 | E15: 발안 | F15: =IFERROR(C15-(D15*B15),"") -> 0
A16: VV16 (주)지에스리테일원주일배 | B16: =$B$4 -> 12 | C16: =IFERROR(VLOOKUP(A16,'윈즈 피벗'!A:ST,3,FALSE),0) -> 0 | D16: =IFERROR(ROUNDDOWN(C16/B16,0),"") -> 0 | E16: 원주 | F16: =IFERROR(C16-(D16*B16),"") -> 0
A17: VV03 (주)지에스리테일(아신A) | B17: =$B$4 -> 12 | C17: =IFERROR(VLOOKUP(A17,'윈즈 피벗'!A:ST,3,FALSE),0) -> 0 | D17: =IFERROR(ROUNDDOWN(C17/B17,0),"") -> 0 | E17: 아신 | F17: =IFERROR(C17-(D17*B17),"") -> 0
A19: 수도권 합계 | B19: =$B$4 -> 12 | C19: =SUM(C4:C17) -> 444 | D19: =IFERROR(ROUNDDOWN(C19/B19,0),"") -> 37 | F19: =IFERROR(C19-(D19*B19),"") -> 0
A21: VV57 (주)지에스리테일김해일배 | B21: =$B$4 -> 12 | C21: =IFERROR(VLOOKUP(A21,'윈즈 피벗'!A:ST,3,FALSE),0) -> 120 | D21: =IFERROR(ROUNDDOWN(C21/B21,0),"") -> 10 | E21: 김해 | F21: =IFERROR(C21-(D21*B21),"") -> 0
A22: VV25 (주)지에스리테일진주일배 | B22: =$B$4 -> 12 | C22: =IFERROR(VLOOKUP(A22,'윈즈 피벗'!A:ST,3,FALSE),0) -> 0 | D22: =IFERROR(ROUNDDOWN(C22/B22,0),"") -> 0 | E22: 진주 | F22: =IFERROR(C22-(D22*B22),"") -> 0
A23: VV20 (주)지에스리테일(해인CVS) | B23: =$B$4 -> 12 | C23: =IFERROR(VLOOKUP(A23,'윈즈 피벗'!A:ST,3,FALSE),0) -> 48 | D23: =IFERROR(ROUNDDOWN(C23/B23,0),"") -> 4 | E23: 해인 | F23: =IFERROR(C23-(D23*B23),"") -> 0
A25: 경남(김해)합계 | B25: =$B$4 -> 12 | C25: =SUM(C21:C23) -> 168 | D25: =IFERROR(ROUNDDOWN(C25/B25,0),"") -> 14 | F25: =IFERROR(C25-(D25*B25),"") -> 0
A27: VV83 지에스리테일경산저온 | B27: =$B$4 -> 12 | C27: =IFERROR(VLOOKUP(A27,'윈즈 피벗'!A:ST,3,FALSE),0) -> 0 | D27: =IFERROR(ROUNDDOWN(C27/B27,0),"") -> 0 | E27: 경산 | F27: =IFERROR(C27-(D27*B27),"") -> 0
A29: 경북(칠곡)합계 | B29: =$B$4 -> 12 | C29: =SUM(C27:C27) -> 0 | D29: =IFERROR(ROUNDDOWN(C29/B29,0),"") -> 0 | F29: =IFERROR(C29-(D29*B29),"") -> 0
A31: VV95 (주)지에스리테일신광주저온 | B31: =$B$4 -> 12 | C31: =IFERROR(VLOOKUP(A31,'윈즈 피벗'!A:ST,3,FALSE),0) -> 96 | D31: =IFERROR(ROUNDDOWN(C31/B31,0),"") -> 8 | E31: 신광주 | F31: =IFERROR(C31-(D31*B31),"") -> 0
A32: VV65 ㈜지에스리테일익산일배 | B32: =$B$4 -> 12 | C32: =IFERROR(VLOOKUP(A32,'윈즈 피벗'!A:ST,3,FALSE),0) -> 96 | D32: =IFERROR(ROUNDDOWN(C32/B32,0),"") -> 8 | E32: 익산 | F32: =IFERROR(C32-(D32*B32),"") -> 0
A34: 호남권 합계 | B34: =$B$4 -> 12 | C34: =SUM(C31:C32) -> 192 | D34: =IFERROR(ROUNDDOWN(C34/B34,0),"") -> 16 | F34: =IFERROR(C34-(D34*B34),"") -> 0
A36: VV92 (주)지에스리테일신제주저온 | B36: =$B$4 -> 12 | C36: =IFERROR(VLOOKUP(A36,'윈즈 피벗'!A:ST,3,FALSE),0) -> 0 | D36: =IFERROR(ROUNDDOWN(C36/B36,0),"") -> 0 | E36: 신제주 | F36: =IFERROR(C36-(D36*B36),"") -> 0
A38: 총합계 | B38: =$B$4 -> 12 | C38: =SUM(C4:C17,C31:C32,C27:C27,C21:C23,C36) -> 804 | D38: =IFERROR(ROUNDDOWN(C38/B38,0),"") -> 67 | F38: =IFERROR(C38-(D38*B38),"") -> 0
A39: 총 박스/총 낱개수량 | B39: □ | D39: =SUM(D4:D17,D31:D32,D27:D27,D21:D23,D36) -> 67 | F39: =SUM(F4:F17,F31:F32,F27:F27,F21:F23,F36) -> 0
C40: =C19+C25+C29+C34+C36 -> 804
C41: =C40=C38 -> TRUE

Sheet 티아이)크림치즈브륄레90G
A2: =TODAY() -> 46309 | B2: GS 냉동 윈즈 □
A3: ='윈즈 피벗'!A2 -> 10/15 납품 | B3: 입수 | C3: 티아이)크림치즈브륄레90G | D3: 박스 | E3: 센터명 | F3: 낱개
A4: VV98 (주)지에스리테일고촌저온 | B4: 16 | C4: =IFERROR(VLOOKUP(A4,'윈즈 피벗'!A:ST,4,FALSE),0) -> 0 | D4: =IFERROR(ROUNDDOWN(C4/B4,0),"") -> 0 | E4: 고촌 | F4: =IFERROR(C4-(D4*B4),"") -> 0
A5: VV93 (주)지에스리테일곤지암센터 | B5: =$B$4 -> 16 | C5: =IFERROR(VLOOKUP(A5,'윈즈 피벗'!A:ST,4,FALSE),0) -> 0 | D5: =IFERROR(ROUNDDOWN(C5/B5,0),"") -> 0 | E5: 곤지암 | F5: =IFERROR(C5-(D5*B5),"") -> 0
A6: VV90 (주)지에스리테일포천저온 | B6: =$B$4 -> 16 | C6: =IFERROR(VLOOKUP(A6,'윈즈 피벗'!A:ST,4,FALSE),0) -> 0 | D6: =IFERROR(ROUNDDOWN(C6/B6,0),"") -> 0 | E6: 포천 | F6: =IFERROR(C6-(D6*B6),"") -> 0
A7: VV85 지에스리테일신오산1저온 | B7: =$B$4 -> 16 | C7: =IFERROR(VLOOKUP(A7,'윈즈 피벗'!A:ST,4,FALSE),0) -> 0 | D7: =IFERROR(ROUNDDOWN(C7/B7,0),"") -> 0 | E7: 신오산1 | F7: =IFERROR(C7-(D7*B7),"") -> 0
A8: VV04 (주)지에스리테일공주일배 | B8: =$B$4 -> 16 | C8: =IFERROR(VLOOKUP(A8,'윈즈 피벗'!A:ST,4,FALSE),0) -> 0 | D8: =IFERROR(ROUNDDOWN(C8/B8,0),"") -> 0 | E8: 공주 | F8: =IFERROR(C8-(D8*B8),"") -> 0
A9: VV69 ㈜지에스리테일강릉일배센터 | B9: =$B$4 -> 16 | C9: =IFERROR(VLOOKUP(A9,'윈즈 피벗'!A:ST,4,FALSE),0) -> 48 | D9: =IFERROR(ROUNDDOWN(C9/B9,0),"") -> 3 | E9: 강릉 | F9: =IFERROR(C9-(D9*B9),"") -> 0
A10: VV66 지에스리테일인천도화일배 | B10: =$B$4 -> 16 | C10: =IFERROR(VLOOKUP(A10,'윈즈 피벗'!A:ST,4,FALSE),0) -> 0 | D10: =IFERROR(ROUNDDOWN(C10/B10,0),"") -> 0 | E10: 도화 | F10: =IFERROR(C10-(D10*B10),"") -> 0
A11: VV63 ㈜지에스리테일고양일배센터 | B11: =$B$4 -> 16 | C11: =IFERROR(VLOOKUP(A11,'윈즈 피벗'!A:ST,4,FALSE),0) -> 0 | D11: =IFERROR(ROUNDDOWN(C11/B11,0),"") -> 0 | E11: 고양 | F11: =IFERROR(C11-(D11*B11),"") -> 0
A12: VV62 (주)지에스리테일김포2일배 | B12: =$B$4 -> 16 | C12: =IFERROR(VLOOKUP(A12,'윈즈 피벗'!A:ST,4,FALSE),0) -> 0 | D12: =IFERROR(ROUNDDOWN(C12/B12,0),"") -> 0 | E12: 김포2 | F12: =IFERROR(C12-(D12*B12),"") -> 0
A13: VV53 (주)지에스리테일송파일배 | B13: =$B$4 -> 16 | C13: =IFERROR(VLOOKUP(A13,'윈즈 피벗'!A:ST,4,FALSE),0) -> 0 | D13: =IFERROR(ROUNDDOWN(C13/B13,0),"") -> 0 | E13: 송파 | F13: =IFERROR(C13-(D13*B13),"") -> 0
A14: VV34 (주)지에스리테일청주일배 | B14: =$B$4 -> 16 | C14: =IFERROR(VLOOKUP(A14,'윈즈 피벗'!A:ST,4,FALSE),0) -> 0 | D14: =IFERROR(ROUNDDOWN(C14/B14,0),"") -> 0 | E14: 청주 | F14: =IFERROR(C14-(D14*B14),"") -> 0
A15: VV17 (주)지에스리테일발안일배 | B15: =$B$4 -> 16 | C15: =IFERROR(VLOOKUP(A15,'윈즈 피벗'!A:ST,4,FALSE),0) -> 0 | D15: =IFERROR(ROUNDDOWN(C15/B15,0),"") -> 0 | E15: 발안 | F15: =IFERROR(C15-(D15*B15),"") -> 0
A16: VV16 (주)지에스리테일원주일배 | B16: =$B$4 -> 16 | C16: =IFERROR(VLOOKUP(A16,'윈즈 피벗'!A:ST,4,FALSE),0) -> 0 | D16: =IFERROR(ROUNDDOWN(C16/B16,0),"") -> 0 | E16: 원주 | F16: =IFERROR(C16-(D16*B16),"") -> 0
A17: VV03 (주)지에스리테일(아신A) | B17: =$B$4 -> 16 | C17: =IFERROR(VLOOKUP(A17,'윈즈 피벗'!A:ST,4,FALSE),0) -> 0 | D17: =IFERROR(ROUNDDOWN(C17/B17,0),"") -> 0 | E17: 아신 | F17: =IFERROR(C17-(D17*B17),"") -> 0
A19: 수도권 합계 | B19: =$B$4 -> 16 | C19: =SUM(C4:C17) -> 48 | D19: =IFERROR(ROUNDDOWN(C19/B19,0),"") -> 3 | F19: =IFERROR(C19-(D19*B19),"") -> 0
A21: VV57 (주)지에스리테일김해일배 | B21: =$B$4 -> 16 | C21: =IFERROR(VLOOKUP(A21,'윈즈 피벗'!A:ST,4,FALSE),0) -> 0 | D21: =IFERROR(ROUNDDOWN(C21/B21,0),"") -> 0 | E21: 김해 | F21: =IFERROR(C21-(D21*B21),"") -> 0
A22: VV25 (주)지에스리테일진주일배 | B22: =$B$4 -> 16 | C22: =IFERROR(VLOOKUP(A22,'윈즈 피벗'!A:ST,4,FALSE),0) -> 0 | D22: =IFERROR(ROUNDDOWN(C22/B22,0),"") -> 0 | E22: 진주 | F22: =IFERROR(C22-(D22*B22),"") -> 0
A23: VV20 (주)지에스리테일(해인CVS) | B23: =$B$4 -> 16 | C23: =IFERROR(VLOOKUP(A23,'윈즈 피벗'!A:ST,4,FALSE),0) -> 0 | D23: =IFERROR(ROUNDDOWN(C23/B23,0),"") -> 0 | E23: 해인 | F23: =IFERROR(C23-(D23*B23),"") -> 0
A25: 경남(김해)합계 | B25: =$B$4 -> 16 | C25: =SUM(C21:C23) -> 0 | D25: =IFERROR(ROUNDDOWN(C25/B25,0),"") -> 0 | F25: =IFERROR(C25-(D25*B25),"") -> 0
A27: VV83 지에스리테일경산저온 | B27: =$B$4 -> 16 | C27: =IFERROR(VLOOKUP(A27,'윈즈 피벗'!A:ST,4,FALSE),0) -> 0 | D27: =IFERROR(ROUNDDOWN(C27/B27,0),"") -> 0 | E27: 경산 | F27: =IFERROR(C27-(D27*B27),"") -> 0
A29: 경북(칠곡)합계 | B29: =$B$4 -> 16 | C29: =SUM(C27:C27) -> 0 | D29: =IFERROR(ROUNDDOWN(C29/B29,0),"") -> 0 | F29: =IFERROR(C29-(D29*B29),"") -> 0
A31: VV95 (주)지에스리테일신광주저온 | B31: =$B$4 -> 16 | C31: =IFERROR(VLOOKUP(A31,'윈즈 피벗'!A:ST,4,FALSE),0) -> 0 | D31: =IFERROR(ROUNDDOWN(C31/B31,0),"") -> 0 | E31: 신광주 | F31: =IFERROR(C31-(D31*B31),"") -> 0
A32: VV65 ㈜지에스리테일익산일배 | B32: =$B$4 -> 16 | C32: =IFERROR(VLOOKUP(A32,'윈즈 피벗'!A:ST,4,FALSE),0) -> 0 | D32: =IFERROR(ROUNDDOWN(C32/B32,0),"") -> 0 | E32: 익산 | F32: =IFERROR(C32-(D32*B32),"") -> 0
A34: 호남권 합계 | B34: =$B$4 -> 16 | C34: =SUM(C31:C32) -> 0 | D34: =IFERROR(ROUNDDOWN(C34/B34,0),"") -> 0 | F34: =IFERROR(C34-(D34*B34),"") -> 0
A36: VV92 (주)지에스리테일신제주저온 | B36: =$B$4 -> 16 | C36: =IFERROR(VLOOKUP(A36,'윈즈 피벗'!A:ST,4,FALSE),0) -> 0 | D36: =IFERROR(ROUNDDOWN(C36/B36,0),"") -> 0 | E36: 신제주 | F36: =IFERROR(C36-(D36*B36),"") -> 0
A38: 총합계 | B38: =$B$4 -> 16 | C38: =SUM(C4:C17,C31:C32,C27:C27,C21:C23,C36) -> 48 | D38: =IFERROR(ROUNDDOWN(C38/B38,0),"") -> 3 | F38: =IFERROR(C38-(D38*B38),"") -> 0
A39: 총 박스/총 낱개수량 | B39: □ | D39: =SUM(D4:D17,D31:D32,D27:D27,D21:D23,D36) -> 3 | F39: =SUM(F4:F17,F31:F32,F27:F27,F21:F23,F36) -> 0
C40: =C19+C25+C29+C34+C36 -> 48
C41: =C40=C38 -> TRUE

Sheet 제때 피벗 
A1: 10/14 | B1: 열 레이블
A2: 10/15 납품 | B2: 피프레도)생요거트딸기젤라또 | C2: 피프레도)생초코젤라또474ML | D2: 총합계
A3: VV69 ㈜지에스리테일강릉일배센터 | B3: 18 | C3: 18 | D3: 36
A4: VV57 (주)지에스리테일김해일배 | B4: 96 | C4: 48 | D4: 144
A5: VV25 (주)지에스리테일진주일배 | B5: 54 | C5: 48 | D5: 102
A6: VV20 (주)지에스리테일(해인CVS) | B6: 60 | C6: 42 | D6: 102
A7: VV92 (주)지에스리테일신제주저온 | B7: 60 | C7: 60 | D7: 120
A8: VV95 (주)지에스리테일신광주저온 | B8: 90 | C8: 90 | D8: 180
A9: VV83 지에스리테일경산저온 | B9: 120 | C9: 120 | D9: 240
A10: VV34 (주)지에스리테일청주일배 | B10: 30 | C10: 12 | D10: 42
A11: VV04 (주)지에스리테일공주일배 | B11: 102 | C11: 42 | D11: 144
A12: VV65 ㈜지에스리테일익산일배 | B12: 60 | C12: 84 | D12: 144
A13: VV03 (주)지에스리테일(아신A) | B13: 48 | C13: 12 | D13: 60
A14: VV63 ㈜지에스리테일고양일배센터 | B14: 150 | C14: 120 | D14: 270
... A20: VV17 (주)지에스리테일발안일배 | B20: 48 | C20: 24 | D20: 72
A21: VV53 (주)지에스리테일송파일배 | B21: 48 | D21: 48
A22: VV93 (주)지에스리테일곤지암센터 | B22: 120 | C22: 12 | D22: 132
A23: 총합계 | B23: 1566 | C23: 1002 | D23: 2568

Sheet 피프레도)생요거트딸기젤라또
A2: =TODAY() -> 46309 | B2: GS 냉동 제때 □
A3: ='제때 피벗 '!A2 -> 10/15 납품 | B3: 입수 | C3: 피프레도)생요거트딸기젤라또 | D3: 박스 | E3: 센터명 | F3: 낱개
A4: VV98 (주)지에스리테일고촌저온 | B4: 6 | C4: =IFERROR(VLOOKUP(A4,'제때 피벗 '!A:ST,2,FALSE),0) -> 126 | D4: =IFERROR(ROUNDDOWN(C4/B4,0),"") -> 21 | E4: 고촌 | F4: =IFERROR(C4-(D4*B4),"") -> 0
A5: VV93 (주)지에스리테일곤지암센터 | B5: =$B$4 -> 6 | C5: =IFERROR(VLOOKUP(A5,'제때 피벗 '!A:ST,2,FALSE),0) -> 120 | D5: =IFERROR(ROUNDDOWN(C5/B5,0),"") -> 20 | E5: 곤지암 | F5: =IFERROR(C5-(D5*B5),"") -> 0
A6: VV90 (주)지에스리테일포천저온 | B6: =$B$4 -> 6 | C6: =IFERROR(VLOOKUP(A6,'제때 피벗 '!A:ST,2,FALSE),0) -> 48 | D6: =IFERROR(ROUNDDOWN(C6/B6,0),"") -> 8 | E6: 포천 | F6: =IFERROR(C6-(D6*B6),"") -> 0
A7: VV85 지에스리테일신오산1저온 | B7: =$B$4 -> 6 | C7: =IFERROR(VLOOKUP(A7,'제때 피벗 '!A:ST,2,FALSE),0) -> 108 | D7: =IFERROR(ROUNDDOWN(C7/B7,0),"") -> 18 | E7: 신오산1 | F7: =IFERROR(C7-(D7*B7),"") -> 0
A8: VV04 (주)지에스리테일공주일배 | B8: =$B$4 -> 6 | C8: =IFERROR(VLOOKUP(A8,'제때 피벗 '!A:ST,2,FALSE),0) -> 102 | D8: =IFERROR(ROUNDDOWN(C8/B8,0),"") -> 17 | E8: 공주 | F8: =IFERROR(C8-(D8*B8),"") -> 0
A9: VV69 ㈜지에스리테일강릉일배센터 | B9: =$B$4 -> 6 | C9: =IFERROR(VLOOKUP(A9,'제때 피벗 '!A:ST,2,FALSE),0) -> 18 | D9: =IFERROR(ROUNDDOWN(C9/B9,0),"") -> 3 | E9: 강릉 | F9: =IFERROR(C9-(D9*B9),"") -> 0
A10: VV66 지에스리테일인천도화일배 | B10: =$B$4 -> 6 | C10: =IFERROR(VLOOKUP(A10,'제때 피벗 '!A:ST,2,FALSE),0) -> 108 | D10: =IFERROR(ROUNDDOWN(C10/B10,0),"") -> 18 | E10: 도화 | F10: =IFERROR(C10-(D10*B10),"") -> 0
A11: VV63 ㈜지에스리테일고양일배센터 | B11: =$B$4 -> 6 | C11: =IFERROR(VLOOKUP(A11,'제때 피벗 '!A:ST,2,FALSE),0) -> 150 | D11: =IFERROR(ROUNDDOWN(C11/B11,0),"") -> 25 | E11: 고양 | F11: =IFERROR(C11-(D11*B11),"") -> 0
A12: VV62 (주)지에스리테일김포2일배 | B12: =$B$4 -> 6 | C12: =IFERROR(VLOOKUP(A12,'제때 피벗 '!A:ST,2,FALSE),0) -> 72 | D12: =IFERROR(ROUNDDOWN(C12/B12,0),"") -> 12 | E12: 김포2 | F12: =IFERROR(C12-(D12*B12),"") -> 0
A13: VV53 (주)지에스리테일송파일배 | B13: =$B$4 -> 6 | C13: =IFERROR(VLOOKUP(A13,'제때 피벗 '!A:ST,2,FALSE),0) -> 48 | D13: =IFERROR(ROUNDDOWN(C13/B13,0),"") -> 8 | E13: 송파 | F13: =IFERROR(C13-(D13*B13),"") -> 0
A14: VV34 (주)지에스리테일청주일배 | B14: =$B$4 -> 6 | C14: =IFERROR(VLOOKUP(A14,'제때 피벗 '!A:ST,2,FALSE),0) -> 30 | D14: =IFERROR(ROUNDDOWN(C14/B14,0),"") -> 5 | E14: 청주 | F14: =IFERROR(C14-(D14*B14),"") -> 0
A15: VV17 (주)지에스리테일발안일배 | B15: =$B$4 -> 6 | C15: =IFERROR(VLOOKUP(A15,'제때 피벗 '!A:ST,2,FALSE),0) -> 48 | D15: =IFERROR(ROUNDDOWN(C15/B15,0),"") -> 8 | E15: 발안 | F15: =IFERROR(C15-(D15*B15),"") -> 0
A16: VV16 (주)지에스리테일원주일배 | B16: =$B$4 -> 6 | C16: =IFERROR(VLOOKUP(A16,'제때 피벗 '!A:ST,2,FALSE),0) -> 0 | D16: =IFERROR(ROUNDDOWN(C16/B16,0),"") -> 0 | E16: 원주 | F16: =IFERROR(C16-(D16*B16),"") -> 0
A17: VV03 (주)지에스리테일(아신A) | B17: =$B$4 -> 6 | C17: =IFERROR(VLOOKUP(A17,'제때 피벗 '!A:ST,2,FALSE),0) -> 48 | D17: =IFERROR(ROUNDDOWN(C17/B17,0),"") -> 8 | E17: 아신 | F17: =IFERROR(C17-(D17*B17),"") -> 0
A19: 수도권 합계 | B19: =$B$4 -> 6 | C19: =SUM(C4:C17) -> 1026 | D19: =IFERROR(ROUNDDOWN(C19/B19,0),"") -> 171 | F19: =IFERROR(C19-(D19*B19),"") -> 0
A21: VV57 (주)지에스리테일김해일배 | B21: =$B$4 -> 6 | C21: =IFERROR(VLOOKUP(A21,'제때 피벗 '!A:ST,2,FALSE),0) -> 96 | D21: =IFERROR(ROUNDDOWN(C21/B21,0),"") -> 16 | E21: 김해 | F21: =IFERROR(C21-(D21*B21),"") -> 0
A22: VV25 (주)지에스리테일진주일배 | B22: =$B$4 -> 6 | C22: =IFERROR(VLOOKUP(A22,'제때 피벗 '!A:ST,2,FALSE),0) -> 54 | D22: =IFERROR(ROUNDDOWN(C22/B22,0),"") -> 9 | E22: 진주 | F22: =IFERROR(C22-(D22*B22),"") -> 0
A23: VV20 (주)지에스리테일(해인CVS) | B23: =$B$4 -> 6 | C23: =IFERROR(VLOOKUP(A23,'제때 피벗 '!A:ST,2,FALSE),0) -> 60 | D23: =IFERROR(ROUNDDOWN(C23/B23,0),"") -> 10 | E23: 해인 | F23: =IFERROR(C23-(D23*B23),"") -> 0
A25: 경남(김해)합계 | B25: =$B$4 -> 6 | C25: =SUM(C21:C23) -> 210 | D25: =IFERROR(ROUNDDOWN(C25/B25,0),"") -> 35 | F25: =IFERROR(C25-(D25*B25),"") -> 0
A27: VV83 지에스리테일경산저온 | B27: =$B$4 -> 6 | C27: =IFERROR(VLOOKUP(A27,'제때 피벗 '!A:ST,2,FALSE),0) -> 120 | D27: =IFERROR(ROUNDDOWN(C27/B27,0),"") -> 20 | E27: 경산 | F27: =IFERROR(C27-(D27*B27),"") -> 0
A29: 경북(칠곡)합계 | B29: =$B$4 -> 6 | C29: =SUM(C27:C27) -> 120 | D29: =IFERROR(ROUNDDOWN(C29/B29,0),"") -> 20 | F29: =IFERROR(C29-(D29*B29),"") -> 0 | N29: C
A31: VV95 (주)지에스리테일신광주저온 | B31: =$B$4 -> 6 | C31: =IFERROR(VLOOKUP(A31,'제때 피벗 '!A:ST,2,FALSE),0) -> 90 | D31: =IFERROR(ROUNDDOWN(C31/B31,0),"") -> 15 | E31: 신광주 | F31: =IFERROR(C31-(D31*B31),"") -> 0
A32: VV65 ㈜지에스리테일익산일배 | B32: =$B$4 -> 6 | C32: =IFERROR(VLOOKUP(A32,'제때 피벗 '!A:ST,2,FALSE),0) -> 60 | D32: =IFERROR(ROUNDDOWN(C32/B32,0),"") -> 10 | E32: 익산 | F32: =IFERROR(C32-(D32*B32),"") -> 0
A34: 호남권 합계 | B34: =$B$4 -> 6 | C34: =SUM(C31:C32) -> 150 | D34: =IFERROR(ROUNDDOWN(C34/B34,0),"") -> 25 | F34: =IFERROR(C34-(D34*B34),"") -> 0
A36: VV92 (주)지에스리테일신제주저온 | B36: =$B$4 -> 6 | C36: =IFERROR(VLOOKUP(A36,'제때 피벗 '!A:ST,2,FALSE),0) -> 60 | D36: =IFERROR(ROUNDDOWN(C36/B36,0),"") -> 10 | E36: 신제주 | F36: =IFERROR(C36-(D36*B36),"") -> 0
A38: 총합계 | B38: =$B$4 -> 6 | C38: =SUM(C4:C17,C31:C32,C27:C27,C21:C23,C36) -> 1566 | D38: =IFERROR(ROUNDDOWN(C38/B38,0),"") -> 261 | F38: =IFERROR(C38-(D38*B38),"") -> 0
A39: 총 박스/총 낱개수량 | B39: □ | D39: =SUM(D4:D17,D31:D32,D27:D27,D21:D23,D36) -> 261 | F39: =SUM(F4:F17,F31:F32,F27:F27,F21:F23,F36) -> 0
C40: =C19+C25+C29+C34+C36 -> 1566
C41: =C40=C38 -> TRUE

Sheet 피프레도)생초코젤라또474ML
A2: =TODAY() -> 46309 | B2: GS 냉동 제때 □
A3: ='제때 피벗 '!A2 -> 10/15 납품 | B3: 입수 | C3: 피프레도)생초코젤라또474ML | D3: 박스 | E3: 센터명 | F3: 낱개
A4: VV98 (주)지에스리테일고촌저온 | B4: 6 | C4: =IFERROR(VLOOKUP(A4,'제때 피벗 '!A:ST,3,FALSE),0) -> 84 | D4: =IFERROR(ROUNDDOWN(C4/B4,0),"") -> 14 | E4: 고촌 | F4: =IFERROR(C4-(D4*B4),"") -> 0
A5: VV93 (주)지에스리테일곤지암센터 | B5: =$B$4 -> 6 | C5: =IFERROR(VLOOKUP(A5,'제때 피벗 '!A:ST,3,FALSE),0) -> 12 | D5: =IFERROR(ROUNDDOWN(C5/B5,0),"") -> 2 | E5: 곤지암 | F5: =IFERROR(C5-(D5*B5),"") -> 0
A6: VV90 (주)지에스리테일포천저온 | B6: =$B$4 -> 6 | C6: =IFERROR(VLOOKUP(A6,'제때 피벗 '!A:ST,3,FALSE),0) -> 48 | D6: =IFERROR(ROUNDDOWN(C6/B6,0),"") -> 8 | E6: 포천 | F6: =IFERROR(C6-(D6*B6),"") -> 0
A7: VV85 지에스리테일신오산1저온 | B7: =$B$4 -> 6 | C7: =IFERROR(VLOOKUP(A7,'제때 피벗 '!A:ST,3,FALSE),0) -> 48 | D7: =IFERROR(ROUNDDOWN(C7/B7,0),"") -> 8 | E7: 신오산1 | F7: =IFERROR(C7-(D7*B7),"") -> 0
A8: VV04 (주)지에스리테일공주일배 | B8: =$B$4 -> 6 | C8: =IFERROR(VLOOKUP(A8,'제때 피벗 '!A:ST,3,FALSE),0) -> 42 | D8: =IFERROR(ROUNDDOWN(C8/B8,0),"") -> 7 | E8: 공주 | F8: =IFERROR(C8-(D8*B8),"") -> 0
A9: VV69 ㈜지에스리테일강릉일배센터 | B9: =$B$4 -> 6 | C9: =IFERROR(VLOOKUP(A9,'제때 피벗 '!A:ST,3,FALSE),0) -> 18 | D9: =IFERROR(ROUNDDOWN(C9/B9,0),"") -> 3 | E9: 강릉 | F9: =IFERROR(C9-(D9*B9),"") -> 0
A10: VV66 지에스리테일인천도화일배 | B10: =$B$4 -> 6 | C10: =IFERROR(VLOOKUP(A10,'제때 피벗 '!A:ST,3,FALSE),0) -> 78 | D10: =IFERROR(ROUNDDOWN(C10/B10,0),"") -> 13 | E10: 도화 | F10: =IFERROR(C10-(D10*B10),"") -> 0
A11: VV63 ㈜지에스리테일고양일배센터 | B11: =$B$4 -> 6 | C11: =IFERROR(VLOOKUP(A11,'제때 피벗 '!A:ST,3,FALSE),0) -> 120 | D11: =IFERROR(ROUNDDOWN(C11/B11,0),"") -> 20 | E11: 고양 | F11: =IFERROR(C11-(D11*B11),"") -> 0
A12: VV62 (주)지에스리테일김포2일배 | B12: =$B$4 -> 6 | C12: =IFERROR(VLOOKUP(A12,'제때 피벗 '!A:ST,3,FALSE),0) -> 12 | D12: =IFERROR(ROUNDDOWN(C12/B12,0),"") -> 2 | E12: 김포2 | F12: =IFERROR(C12-(D12*B12),"") -> 0
A13: VV53 (주)지에스리테일송파일배 | B13: =$B$4 -> 6 | C13: =IFERROR(VLOOKUP(A13,'제때 피벗 '!A:ST,3,FALSE),0) -> 0 | D13: =IFERROR(ROUNDDOWN(C13/B13,0),"") -> 0 | E13: 송파 | F13: =IFERROR(C13-(D13*B13),"") -> 0
A14: VV34 (주)지에스리테일청주일배 | B14: =$B$4 -> 6 | C14: =IFERROR(VLOOKUP(A14,'제때 피벗 '!A:ST,3,FALSE),0) -> 12 | D14: =IFERROR(ROUNDDOWN(C14/B14,0),"") -> 2 | E14: 청주 | F14: =IFERROR(C14-(D14*B14),"") -> 0
A15: VV17 (주)지에스리테일발안일배 | B15: =$B$4 -> 6 | C15: =IFERROR(VLOOKUP(A15,'제때 피벗 '!A:ST,3,FALSE),0) -> 24 | D15: =IFERROR(ROUNDDOWN(C15/B15,0),"") -> 4 | E15: 발안 | F15: =IFERROR(C15-(D15*B15),"") -> 0
A16: VV16 (주)지에스리테일원주일배 | B16: =$B$4 -> 6 | C16: =IFERROR(VLOOKUP(A16,'제때 피벗 '!A:ST,3,FALSE),0) -> 0 | D16: =IFERROR(ROUNDDOWN(C16/B16,0),"") -> 0 | E16: 원주 | F16: =IFERROR(C16-(D16*B16),"") -> 0
A17: VV03 (주)지에스리테일(아신A) | B17: =$B$4 -> 6 | C17: =IFERROR(VLOOKUP(A17,'제때 피벗 '!A:ST,3,FALSE),0) -> 12 | D17: =IFERROR(ROUNDDOWN(C17/B17,0),"") -> 2 | E17: 아신 | F17: =IFERROR(C17-(D17*B17),"") -> 0
A19: 수도권 합계 | B19: =$B$4 -> 6 | C19: =SUM(C4:C17) -> 510 | D19: =IFERROR(ROUNDDOWN(C19/B19,0),"") -> 85 | F19: =IFERROR(C19-(D19*B19),"") -> 0
A21: VV57 (주)지에스리테일김해일배 | B21: =$B$4 -> 6 | C21: =IFERROR(VLOOKUP(A21,'제때 피벗 '!A:ST,3,FALSE),0) -> 48 | D21: =IFERROR(ROUNDDOWN(C21/B21,0),"") -> 8 | E21: 김해 | F21: =IFERROR(C21-(D21*B21),"") -> 0
A22: VV25 (주)지에스리테일진주일배 | B22: =$B$4 -> 6 | C22: =IFERROR(VLOOKUP(A22,'제때 피벗 '!A:ST,3,FALSE),0) -> 48 | D22: =IFERROR(ROUNDDOWN(C22/B22,0),"") -> 8 | E22: 진주 | F22: =IFERROR(C22-(D22*B22),"") -> 0
A23: VV20 (주)지에스리테일(해인CVS) | B23: =$B$4 -> 6 | C23: =IFERROR(VLOOKUP(A23,'제때 피벗 '!A:ST,3,FALSE),0) -> 42 | D23: =IFERROR(ROUNDDOWN(C23/B23,0),"") -> 7 | E23: 해인 | F23: =IFERROR(C23-(D23*B23),"") -> 0
A25: 경남(김해)합계 | B25: =$B$4 -> 6 | C25: =SUM(C21:C23) -> 138 | D25: =IFERROR(ROUNDDOWN(C25/B25,0),"") -> 23 | F25: =IFERROR(C25-(D25*B25),"") -> 0
A27: VV83 지에스리테일경산저온 | B27: =$B$4 -> 6 | C27: =IFERROR(VLOOKUP(A27,'제때 피벗 '!A:ST,3,FALSE),0) -> 120 | D27: =IFERROR(ROUNDDOWN(C27/B27,0),"") -> 20 | E27: 경산 | F27: =IFERROR(C27-(D27*B27),"") -> 0
A29: 경북(칠곡)합계 | B29: =$B$4 -> 6 | C29: =SUM(C27:C27) -> 120 | D29: =IFERROR(ROUNDDOWN(C29/B29,0),"") -> 20 | F29: =IFERROR(C29-(D29*B29),"") -> 0
A31: VV95 (주)지에스리테일신광주저온 | B31: =$B$4 -> 6 | C31: =IFERROR(VLOOKUP(A31,'제때 피벗 '!A:ST,3,FALSE),0) -> 90 | D31: =IFERROR(ROUNDDOWN(C31/B31,0),"") -> 15 | E31: 신광주 | F31: =IFERROR(C31-(D31*B31),"") -> 0
A32: VV65 ㈜지에스리테일익산일배 | B32: =$B$4 -> 6 | C32: =IFERROR(VLOOKUP(A32,'제때 피벗 '!A:ST,3,FALSE),0) -> 84 | D32: =IFERROR(ROUNDDOWN(C32/B32,0),"") -> 14 | E32: 익산 | F32: =IFERROR(C32-(D32*B32),"") -> 0
A34: 호남권 합계 | B34: =$B$4 -> 6 | C34: =SUM(C31:C32) -> 174 | D34: =IFERROR(ROUNDDOWN(C34/B34,0),"") -> 29 | F34: =IFERROR(C34-(D34*B34),"") -> 0
A36: VV92 (주)지에스리테일신제주저온 | B36: =$B$4 -> 6 | C36: =IFERROR(VLOOKUP(A36,'제때 피벗 '!A:ST,3,FALSE),0) -> 60 | D36: =IFERROR(ROUNDDOWN(C36/B36,0),"") -> 10 | E36: 신제주 | F36: =IFERROR(C36-(D36*B36),"") -> 0
A38: 총합계 | B38: =$B$4 -> 6 | C38: =SUM(C4:C17,C31:C32,C27:C27,C21:C23,C36) -> 1002 | D38: =IFERROR(ROUNDDOWN(C38/B38,0),"") -> 167 | F38: =IFERROR(C38-(D38*B38),"") -> 0
A39: 총 박스/총 낱개수량 | B39: □ | D39: =SUM(D4:D17,D31:D32,D27:D27,D21:D23,D36) -> 167 | F39: =SUM(F4:F17,F31:F32,F27:F27,F21:F23,F36) -> 0
C40: =C19+C25+C29+C34+C36 -> 1002
C41: =C40=C38 -> TRUE

Sheet 한빛에프엘 피벗

Sheet 안데이코)뉴타마슈크림아이스68G
A2: =TODAY() -> 46309 | B2: GS 냉동 한빛에프엘 □
A3: ='한빛에프엘 피벗'!A2 -> 0 | B3: 입수 | C3: 안데이코)뉴타마슈크림아이스68G | D3: 박스 | E3: 센터명 | F3: 낱개
A4: VV98 (주)지에스리테일고촌저온 | B4: 24 | C4: =IFERROR(VLOOKUP(A4,'한빛에프엘 피벗'!A:SL,2,FALSE),0) -> 0 | D4: =IFERROR(ROUNDDOWN(C4/B4,0),"") -> 0 | E4: 고촌 | F4: =IFERROR(C4-(D4*B4),"") -> 0 | G4: 1p 80
A5: VV93 (주)지에스리테일곤지암센터 | B5: =$B$4 -> 24 | C5: =IFERROR(VLOOKUP(A5,'한빛에프엘 피벗'!A:SL,2,FALSE),0) -> 0 | D5: =IFERROR(ROUNDDOWN(C5/B5,0),"") -> 0 | E5: 곤지암 | F5: =IFERROR(C5-(D5*B5),"") -> 0
A6: VV90 (주)지에스리테일포천저온 | B6: =$B$4 -> 24 | C6: =IFERROR(VLOOKUP(A6,'한빛에프엘 피벗'!A:SL,2,FALSE),0) -> 0 | D6: =IFERROR(ROUNDDOWN(C6/B6,0),"") -> 0 | E6: 포천 | F6: =IFERROR(C6-(D6*B6),"") -> 0
A7: VV85 지에스리테일신오산1저온 | B7: =$B$4 -> 24 | C7: =IFERROR(VLOOKUP(A7,'한빛에프엘 피벗'!A:SL,2,FALSE),0) -> 0 | D7: =IFERROR(ROUNDDOWN(C7/B7,0),"") -> 0 | E7: 신오산1 | F7: =IFERROR(C7-(D7*B7),"") -> 0
A8: VV04 (주)지에스리테일공주일배 | B8: =$B$4 -> 24 | C8: =IFERROR(VLOOKUP(A8,'한빛에프엘 피벗'!A:SL,2,FALSE),0) -> 0 | D8: =IFERROR(ROUNDDOWN(C8/B8,0),"") -> 0 | E8: 공주 | F8: =IFERROR(C8-(D8*B8),"") -> 0
A9: VV69 ㈜지에스리테일강릉일배센터 | B9: =$B$4 -> 24 | C9: =IFERROR(VLOOKUP(A9,'한빛에프엘 피벗'!A:SL,2,FALSE),0) -> 0 | D9: =IFERROR(ROUNDDOWN(C9/B9,0),"") -> 0 | E9: 강릉 | F9: =IFERROR(C9-(D9*B9),"") -> 0
A10: VV66 지에스리테일인천도화일배 | B10: =$B$4 -> 24 | C10: =IFERROR(VLOOKUP(A10,'한빛에프엘 피벗'!A:SL,2,FALSE),0) -> 0 | D10: =IFERROR(ROUNDDOWN(C10/B10,0),"") -> 0 | E10: 도화 | F10: =IFERROR(C10-(D10*B10),"") -> 0
A11: VV63 ㈜지에스리테일고양일배센터 | B11: =$B$4 -> 24 | C11: =IFERROR(VLOOKUP(A11,'한빛에프엘 피벗'!A:SL,2,FALSE),0) -> 0 | D11: =IFERROR(ROUNDDOWN(C11/B11,0),"") -> 0 | E11: 고양 | F11: =IFERROR(C11-(D11*B11),"") -> 0
A12: VV62 (주)지에스리테일김포2일배 | B12: =$B$4 -> 24 | C12: =IFERROR(VLOOKUP(A12,'한빛에프엘 피벗'!A:SL,2,FALSE),0) -> 0 | D12: =IFERROR(ROUNDDOWN(C12/B12,0),"") -> 0 | E12: 김포2 | F12: =IFERROR(C12-(D12*B12),"") -> 0
A13: VV53 (주)지에스리테일송파일배 | B13: =$B$4 -> 24 | C13: =IFERROR(VLOOKUP(A13,'한빛에프엘 피벗'!A:SL,2,FALSE),0) -> 0 | D13: =IFERROR(ROUNDDOWN(C13/B13,0),"") -> 0 | E13: 송파 | F13: =IFERROR(C13-(D13*B13),"") -> 0
A14: VV34 (주)지에스리테일청주일배 | B14: =$B$4 -> 24 | C14: =IFERROR(VLOOKUP(A14,'한빛에프엘 피벗'!A:SL,2,FALSE),0) -> 0 | D14: =IFERROR(ROUNDDOWN(C14/B14,0),"") -> 0 | E14: 청주 | F14: =IFERROR(C14-(D14*B14),"") -> 0
A15: VV17 (주)지에스리테일발안일배 | B15: =$B$4 -> 24 | C15: =IFERROR(VLOOKUP(A15,'한빛에프엘 피벗'!A:SL,2,FALSE),0) -> 0 | D15: =IFERROR(ROUNDDOWN(C15/B15,0),"") -> 0 | E15: 발안 | F15: =IFERROR(C15-(D15*B15),"") -> 0
A16: VV16 (주)지에스리테일원주일배 | B16: =$B$4 -> 24 | C16: =IFERROR(VLOOKUP(A16,'한빛에프엘 피벗'!A:SL,2,FALSE),0) -> 0 | D16: =IFERROR(ROUNDDOWN(C16/B16,0),"") -> 0 | E16: 원주 | F16: =IFERROR(C16-(D16*B16),"") -> 0
A17: VV03 (주)지에스리테일(아신A) | B17: =$B$4 -> 24 | C17: =IFERROR(VLOOKUP(A17,'한빛에프엘 피벗'!A:SL,2,FALSE),0) -> 0 | D17: =IFERROR(ROUNDDOWN(C17/B17,0),"") -> 0 | E17: 아신 | F17: =IFERROR(C17-(D17*B17),"") -> 0
A19: 수도권 합계 | B19: =$B$4 -> 24 | C19: =SUM(C4:C17) -> 0 | D19: =IFERROR(ROUNDDOWN(C19/B19,0),"") -> 0 | F19: =IFERROR(C19-(D19*B19),"") -> 0
A21: VV57 (주)지에스리테일김해일배 | B21: =$B$4 -> 24 | C21: =IFERROR(VLOOKUP(A21,'한빛에프엘 피벗'!A:SL,2,FALSE),0) -> 0 | D21: =IFERROR(ROUNDDOWN(C21/B21,0),"") -> 0 | E21: 김해 | F21: =IFERROR(C21-(D21*B21),"") -> 0
A22: VV25 (주)지에스리테일진주일배 | B22: =$B$4 -> 24 | C22: =IFERROR(VLOOKUP(A22,'한빛에프엘 피벗'!A:SL,2,FALSE),0) -> 0 | D22: =IFERROR(ROUNDDOWN(C22/B22,0),"") -> 0 | E22: 진주 | F22: =IFERROR(C22-(D22*B22),"") -> 0
A23: VV20 (주)지에스리테일(해인CVS) | B23: =$B$4 -> 24 | C23: =IFERROR(VLOOKUP(A23,'한빛에프엘 피벗'!A:SL,2,FALSE),0) -> 0 | D23: =IFERROR(ROUNDDOWN(C23/B23,0),"") -> 0 | E23: 해인 | F23: =IFERROR(C23-(D23*B23),"") -> 0
A25: 경남(김해)합계 | B25: =$B$4 -> 24 | C25: =SUM(C21:C23) -> 0 | D25: =IFERROR(ROUNDDOWN(C25/B25,0),"") -> 0 | F25: =IFERROR(C25-(D25*B25),"") -> 0
A27: VV83 지에스리테일경산저온 | B27: =$B$4 -> 24 | C27: =IFERROR(VLOOKUP(A27,'한빛에프엘 피벗'!A:SL,2,FALSE),0) -> 0 | D27: =IFERROR(ROUNDDOWN(C27/B27,0),"") -> 0 | E27: 경산 | F27: =IFERROR(C27-(D27*B27),"") -> 0
A29: 경북(칠곡)합계 | B29: =$B$4 -> 24 | C29: =SUM(C27:C27) -> 0 | D29: =IFERROR(ROUNDDOWN(C29/B29,0),"") -> 0 | F29: =IFERROR(C29-(D29*B29),"") -> 0
A31: VV95 (주)지에스리테일신광주저온 | B31: =$B$4 -> 24 | C31: =IFERROR(VLOOKUP(A31,'한빛에프엘 피벗'!A:SL,2,FALSE),0) -> 0 | D31: =IFERROR(ROUNDDOWN(C31/B31,0),"") -> 0 | E31: 신광주 | F31: =IFERROR(C31-(D31*B31),"") -> 0
A32: VV65 ㈜지에스리테일익산일배 | B32: =$B$4 -> 24 | C32: =IFERROR(VLOOKUP(A32,'한빛에프엘 피벗'!A:SL,2,FALSE),0) -> 0 | D32: =IFERROR(ROUNDDOWN(C32/B32,0),"") -> 0 | E32: 익산 | F32: =IFERROR(C32-(D32*B32),"") -> 0
A34: 호남권 합계 | B34: =$B$4 -> 24 | C34: =SUM(C31:C32) -> 0 | D34: =IFERROR(ROUNDDOWN(C34/B34,0),"") -> 0 | F34: =IFERROR(C34-(D34*B34),"") -> 0
A36: VV92 (주)지에스리테일신제주저온 | B36: =$B$4 -> 24 | C36: =IFERROR(VLOOKUP(A36,'한빛에프엘 피벗'!A:SL,2,FALSE),0) -> 0 | D36: =IFERROR(ROUNDDOWN(C36/B36,0),"") -> 0 | E36: 신제주 | F36: =IFERROR(C36-(D36*B36),"") -> 0
A38: 총합계 | B38: =$B$4 -> 24 | C38: =SUM(C4:C17,C31:C32,C27:C27,C21:C23,C36) -> 0 | D38: =IFERROR(ROUNDDOWN(C38/B38,0),"") -> 0 | F38: =IFERROR(C38-(D38*B38),"") -> 0
A39: 총 박스/총 낱개수량 | B39: □ | D39: =SUM(D4:D17,D31:D32,D27:D27,D21:D23,D36) -> 0 | F39: =SUM(F4:F17,F31:F32,F27:F27,F21:F23,F36) -> 0
C40: =C19+C25+C29+C34+C36 -> 0
C41: =C40=C38 -> TRUE

Sheet 안데이코)뉴타마슈크림아이스68G (수기발주)
A2: =TODAY() -> 46309 | B2: GS 냉동 한빛에프엘 □
A3: ='한빛에프엘 피벗'!A2 -> 0 | B3: 입수 | C3: 안데이코)뉴타마슈크림아이스68G | D3: 박스 | E3: 센터명 | F3: 낱개
A4: 고촌저온센터 | B4: 24 | C4: =IFERROR(VLOOKUP(A4,'한빛에프엘 피벗'!A:SL,2,FALSE),0) -> 0 | D4: =IFERROR(ROUNDDOWN(C4/B4,0),"") -> 0 | E4: 고촌 | F4: =IFERROR(C4-(D4*B4),"") -> 0
A5: 곤지암센터 | B5: =$B$4 -> 24 | C5: =IFERROR(VLOOKUP(A5,'한빛에프엘 피벗'!A:SL,2,FALSE),0) -> 0 | D5: =IFERROR(ROUNDDOWN(C5/B5,0),"") -> 0 | E5: 곤지암 | F5: =IFERROR(C5-(D5*B5),"") -> 0
A6: 포천저온 | B6: =$B$4 -> 24 | C6: =IFERROR(VLOOKUP(A6,'한빛에프엘 피벗'!A:SL,2,FALSE),0) -> 0 | D6: =IFERROR(ROUNDDOWN(C6/B6,0),"") -> 0 | E6: 포천 | F6: =IFERROR(C6-(D6*B6),"") -> 0
A7: 신오산1저온센터 | B7: =$B$4 -> 24 | C7: =IFERROR(VLOOKUP(A7,'한빛에프엘 피벗'!A:SL,2,FALSE),0) -> 0 | D7: =IFERROR(ROUNDDOWN(C7/B7,0),"") -> 0 | E7: 신오산1 | F7: =IFERROR(C7-(D7*B7),"") -> 0
A8: 공주일배센터 | B8: =$B$4 -> 24 | C8: =IFERROR(VLOOKUP(A8,'한빛에프엘 피벗'!A:SL,2,FALSE),0) -> 0 | D8: =IFERROR(ROUNDDOWN(C8/B8,0),"") -> 0 | E8: 공주 | F8: =IFERROR(C8-(D8*B8),"") -> 0
A9: 강릉일배센터 | B9: =$B$4 -> 24 | C9: =IFERROR(VLOOKUP(A9,'한빛에프엘 피벗'!A:SL,2,FALSE),0) -> 0 | D9: =IFERROR(ROUNDDOWN(C9/B9,0),"") -> 0 | E9: 강릉 | F9: =IFERROR(C9-(D9*B9),"") -> 0
A10: 인천도화일배 | B10: =$B$4 -> 24 | C10: =IFERROR(VLOOKUP(A10,'한빛에프엘 피벗'!A:SL,2,FALSE),0) -> 0 | D10: =IFERROR(ROUNDDOWN(C10/B10,0),"") -> 0 | E10: 도화 | F10: =IFERROR(C10-(D10*B10),"") -> 0
A11: 고양일배센터 | B11: =$B$4 -> 24 | C11: =IFERROR(VLOOKUP(A11,'한빛에프엘 피벗'!A:SL,2,FALSE),0) -> 0 | D11: =IFERROR(ROUNDDOWN(C11/B11,0),"") -> 0 | E11: 고양 | F11: =IFERROR(C11-(D11*B11),"") -> 0
A12: 김포2일배센터 | B12: =$B$4 -> 24 | C12: =IFERROR(VLOOKUP(A12,'한빛에프엘 피벗'!A:SL,2,FALSE),0) -> 0 | D12: =IFERROR(ROUNDDOWN(C12/B12,0),"") -> 0 | E12: 김포2 | F12: =IFERROR(C12-(D12*B12),"") -> 0
A13: 송파일배센터 | B13: =$B$4 -> 24 | C13: =IFERROR(VLOOKUP(A13,'한빛에프엘 피벗'!A:SL,2,FALSE),0) -> 0 | D13: =IFERROR(ROUNDDOWN(C13/B13,0),"") -> 0 | E13: 송파 | F13: =IFERROR(C13-(D13*B13),"") -> 0
A14: 청주일배센터 | B14: =$B$4 -> 24 | C14: =IFERROR(VLOOKUP(A14,'한빛에프엘 피벗'!A:SL,2,FALSE),0) -> 0 | D14: =IFERROR(ROUNDDOWN(C14/B14,0),"") -> 0 | E14: 청주 | F14: =IFERROR(C14-(D14*B14),"") -> 0
A15: 발안일배센터 | B15: =$B$4 -> 24 | C15: =IFERROR(VLOOKUP(A15,'한빛에프엘 피벗'!A:SL,2,FALSE),0) -> 0 | D15: =IFERROR(ROUNDDOWN(C15/B15,0),"") -> 0 | E15: 발안 | F15: =IFERROR(C15-(D15*B15),"") -> 0
A16: 원주일배센터 | B16: =$B$4 -> 24 | C16: =IFERROR(VLOOKUP(A16,'한빛에프엘 피벗'!A:SL,2,FALSE),0) -> 0 | D16: =IFERROR(ROUNDDOWN(C16/B16,0),"") -> 0 | E16: 원주 | F16: =IFERROR(C16-(D16*B16),"") -> 0
A17: 아신A센터 | B17: =$B$4 -> 24 | C17: =IFERROR(VLOOKUP(A17,'한빛에프엘 피벗'!A:SL,2,FALSE),0) -> 0 | D17: =IFERROR(ROUNDDOWN(C17/B17,0),"") -> 0 | E17: 아신 | F17: =IFERROR(C17-(D17*B17),"") -> 0
A19: 수도권 합계 | B19: =$B$4 -> 24 | C19: =SUM(C4:C17) -> 0 | D19: =IFERROR(ROUNDDOWN(C19/B19,0),"") -> 0 | F19: =IFERROR(C19-(D19*B19),"") -> 0
A21: 김해일배센터 | B21: =$B$4 -> 24 | C21: =IFERROR(VLOOKUP(A21,'한빛에프엘 피벗'!A:SL,2,FALSE),0) -> 0 | D21: =IFERROR(ROUNDDOWN(C21/B21,0),"") -> 0 | E21: 김해 | F21: =IFERROR(C21-(D21*B21),"") -> 0
A22: 진주일배센터 | B22: =$B$4 -> 24 | C22: =IFERROR(VLOOKUP(A22,'한빛에프엘 피벗'!A:SL,2,FALSE),0) -> 0 | D22: =IFERROR(ROUNDDOWN(C22/B22,0),"") -> 0 | E22: 진주 | F22: =IFERROR(C22-(D22*B22),"") -> 0
A23: 해인센터 | B23: =$B$4 -> 24 | C23: =IFERROR(VLOOKUP(A23,'한빛에프엘 피벗'!A:SL,2,FALSE),0) -> 0 | D23: =IFERROR(ROUNDDOWN(C23/B23,0),"") -> 0 | E23: 해인 | F23: =IFERROR(C23-(D23*B23),"") -> 0
A25: 경남(김해)합계 | B25: =$B$4 -> 24 | C25: =SUM(C21:C23) -> 0 | D25: =IFERROR(ROUNDDOWN(C25/B25,0),"") -> 0 | F25: =IFERROR(C25-(D25*B25),"") -> 0
A27: 경산저온센터 | B27: =$B$4 -> 24 | C27: =IFERROR(VLOOKUP(A27,'한빛에프엘 피벗'!A:SL,2,FALSE),0) -> 0 | D27: =IFERROR(ROUNDDOWN(C27/B27,0),"") -> 0 | E27: 경산 | F27: =IFERROR(C27-(D27*B27),"") -> 0
A29: 경북(칠곡)합계 | B29: =$B$4 -> 24 | C29: =SUM(C27:C27) -> 0 | D29: =IFERROR(ROUNDDOWN(C29/B29,0),"") -> 0 | F29: =IFERROR(C29-(D29*B29),"") -> 0
A31: 신광주저온센터 | B31: =$B$4 -> 24 | C31: =IFERROR(VLOOKUP(A31,'한빛에프엘 피벗'!A:SL,2,FALSE),0) -> 0 | D31: =IFERROR(ROUNDDOWN(C31/B31,0),"") -> 0 | E31: 신광주 | F31: =IFERROR(C31-(D31*B31),"") -> 0
A32: 익산일배센터 | B32: =$B$4 -> 24 | C32: =IFERROR(VLOOKUP(A32,'한빛에프엘 피벗'!A:SL,2,FALSE),0) -> 0 | D32: =IFERROR(ROUNDDOWN(C32/B32,0),"") -> 0 | E32: 익산 | F32: =IFERROR(C32-(D32*B32),"") -> 0
A34: 호남권 합계 | B34: =$B$4 -> 24 | C34: =SUM(C31:C32) -> 0 | D34: =IFERROR(ROUNDDOWN(C34/B34,0),"") -> 0 | F34: =IFERROR(C34-(D34*B34),"") -> 0
A36: 신제주저온 | B36: =$B$4 -> 24 | C36: =IFERROR(VLOOKUP(A36,'한빛에프엘 피벗'!A:SL,2,FALSE),0) -> 0 | D36: =IFERROR(ROUNDDOWN(C36/B36,0),"") -> 0 | E36: 신제주 | F36: =IFERROR(C36-(D36*B36),"") -> 0
A38: 총합계 | B38: =$B$4 -> 24 | C38: =SUM(C4:C17,C31:C32,C27:C27,C21:C23,C36) -> 0 | D38: =IFERROR(ROUNDDOWN(C38/B38,0),"") -> 0 | F38: =IFERROR(C38-(D38*B38),"") -> 0
A39: 총 박스/총 낱개수량 | B39: □ | D39: =SUM(D4:D17,D31:D32,D27:D27,D21:D23,D36) -> 0 | F39: =SUM(F4:F17,F31:F32,F27:F27,F21:F23,F36) -> 0
C40: =C19+C25+C29+C34+C36 -> 0
C41: =C40=C38 -> TRUE

Sheet 제주권(AZ공유)
J1: 10/14 납품
A3: =TODAY() -> 46309 | B3: GS 냉동 네이쳐 □
A4: =$J$1 -> 10/14 납품 | B4: 입수 | C4: 그린스무디 | D4: 박스 | E4: 센터명 | F4: 낱개
A5: VV92 (주)지에스리테일신제주저온 | B5: 15 | C5: =IFERROR(VLOOKUP(A5,'리치푸드 피벗'!$A$1:$O$10,2,FALSE),0) -> 0 | D5: =IFERROR(ROUNDDOWN(C5/B5,0),"") -> 0 | E5: 신제주 | F5: =IFERROR(C5-(D5*B5),"") -> 0
A7: 총합계 | B7: =B5 -> 15 | C7: =C5 -> 0 | D7: =IFERROR(ROUNDDOWN(C7/B7,0),"") -> 0 | F7: =IFERROR(C7-(D7*B7),"") -> 0
A8: 총 박스/총 낱개수량 | B8: □ | D8: =SUM(D5) -> 0 | F8: =SUM(F5) -> 0
C9: =C5 -> 0
C10: =C5=C7 -> TRUE
A12: =TODAY() -> 46309 | B12: GS 냉동 아미 □
A13: =$J$1 -> 10/14 납품 | B13: 입수 | C13: 네이쳐)수박스무디 | D13: 박스 | E13: 센터명 | F13: 낱개
A14: VV92 (주)지에스리테일신제주저온 | B14: 12 | C14: =IFERROR(VLOOKUP(A14,'리치푸드 피벗'!$A$1:$O$10,3,FALSE),0) -> 0 | D14: =IFERROR(ROUNDDOWN(C14/B14,0),"") -> 0 | E14: 신제주 | F14: =IFERROR(C14-(D14*B14),"") -> 0
A16: 총합계 | B16: =B14 -> 12 | C16: =C14 -> 0 | D16: =IFERROR(ROUNDDOWN(C16/B16,0),"") -> 0 | F16: =IFERROR(C16-(D16*B16),"") -> 0
A17: 총 박스/총 낱개수량 | B17: □ | D17: =SUM(D14) -> 0 | F17: =SUM(F14) -> 0
C18: =C14 -> 0
C19: =C14=C16 -> TRUE
A21: =TODAY() -> 46309 | B21: GS 냉동 아미 □
A22: =$J$1 -> 10/14 납품 | B22: 입수 | C22: 네이쳐)카페라떼스무디 | D22: 박스 | E22: 센터명 | F22: 낱개
A23: VV92 (주)지에스리테일신제주저온 | B23: 12 | C23: =IFERROR(VLOOKUP(A23,'리치푸드 피벗'!$A$1:$O$10,4,FALSE),0) -> 0 | D23: =IFERROR(ROUNDDOWN(C23/B23,0),"") -> 0 | E23: 신제주 | F23: =IFERROR(C23-(D23*B23),"") -> 0
A25: 총합계 | B25: =B23 -> 12 | C25: =C23 -> 0 | D25: =IFERROR(ROUNDDOWN(C25/B25,0),"") -> 0 | F25: =IFERROR(C25-(D25*B25),"") -> 0
A26: 총 박스/총 낱개수량 | B26: □ | D26: =SUM(D23) -> 0 | F26: =SUM(F23) -> 0
C27: =C23 -> 0
C28: =C23=C25 -> TRUE
A30: =TODAY() -> 46309 | B30: GS 냉동 네이쳐 □
A31: =$J$1 -> 10/14 납품 | B31: 입수 | C31: 딸기바나나스무디 | D31: 박스 | E31: 센터명 | F31: 낱개
A32: VV92 (주)지에스리테일신제주저온 | B32: 15 | C32: =IFERROR(VLOOKUP(A32,'리치푸드 피벗'!$A$1:$O$10,5,FALSE),0) -> 0 | D32: =IFERROR(ROUNDDOWN(C32/B32,0),"") -> 0 | E32: 신제주 | F32: =IFERROR(C32-(D32*B32),"") -> 0
A34: 총합계 | B34: =B32 -> 15 | C34: =C32 -> 0 | D34: =IFERROR(ROUNDDOWN(C34/B34,0),"") -> 0 | F34: =IFERROR(C34-(D34*B34),"") -> 0
A35: 총 박스/총 낱개수량 | B35: □ | D35: =SUM(D32) -> 0 | F35: =SUM(F32) -> 0
C36: =C32 -> 0
C37: =C32=C34 -> TRUE
A39: =TODAY() -> 46309 | B39: GS 냉동 네이쳐 □
A40: =$J$1 -> 10/14 납품 | B40: 입수 | C40: 딸기블루베리망고스무디 | D40: 박스 | E40: 센터명 | F40: 낱개
A41: VV92 (주)지에스리테일신제주저온 | B41: 15 | C41: =IFERROR(VLOOKUP(A41,'리치푸드 피벗'!$A$1:$O$10,6,FALSE),0) -> 0 | D41: =IFERROR(ROUNDDOWN(C41/B41,0),"") -> 0 | E41: 신제주 | F41: =IFERROR(C41-(D41*B41),"") -> 0
A43: 총합계 | B43: =B41 -> 15 | C43: =C41 -> 0 | D43: =IFERROR(ROUNDDOWN(C43/B43,0),"") -> 0 | F43: =IFERROR(C43-(D43*B43),"") -> 0
A44: 총 박스/총 낱개수량 | B44: □ | D44: =SUM(D41) -> 0 | F44: =SUM(F41) -> 0
C45: =C41 -> 0
C46: =C41=C43 -> TRUE
A48: =TODAY() -> 46309 | B48: GS 냉동 네이쳐 □
A49: =$J$1 -> 10/14 납품 | B49: 입수 | C49: 망고바나나스무디 | D49: 박스 | E49: 센터명 | F49: 낱개
A50: VV92 (주)지에스리테일신제주저온 | B50: 15 | C50: =IFERROR(VLOOKUP(A50,'리치푸드 피벗'!$A$1:$O$10,7,FALSE),0) -> 0 | D50: =IFERROR(ROUNDDOWN(C50/B50,0),"") -> 0 | E50: 신제주 | F50: =IFERROR(C50-(D50*B50),"") -> 0
A52: 총합계 | B52: =B50 -> 15 | C52: =C50 -> 0 | D52: =IFERROR(ROUNDDOWN(C52/B52,0),"") -> 0 | F52: =IFERROR(C52-(D52*B52),"") -> 0
A53: 총 박스/총 낱개수량 | B53: □ | D53: =SUM(D50) -> 0 | F53: =SUM(F50) -> 0
C54: =C50 -> 0
C55: =C50=C52 -> TRUE
A57: =TODAY() -> 46309 | B57: GS 냉동 H2 □
A58: =$J$1 -> 10/14 납품 | B58: 입수 | C58: 태극당)우유팥바70ML | D58: 박스 | E58: 센터명 | F58: 낱개
A59: VV92 (주)지에스리테일신제주저온 | B59: 40 | C59: =IFERROR(VLOOKUP(A59,'H2 피벗'!$A$1:$E$26,2,FALSE),0) -> 0 | D59: =IFERROR(ROUNDDOWN(C59/B59,0),"") -> 0 | E59: 신제주 | F59: =IFERROR(C59-(D59*B59),"") -> 0
A61: 총합계 | B61: =B59 -> 40 | C61: =C59 -> 0 | D61: =IFERROR(ROUNDDOWN(C61/B61,0),"") -> 0 | F61: =IFERROR(C61-(D61*B61),"") -> 0
A62: 총 박스/총 낱개수량 | B62: □ | D62: =SUM(D59) -> 0 | F62: =SUM(F59) -> 0
C63: =C59 -> 0
C64: =C59=C61 -> TRUE
A66: =TODAY() -> 46309 | B66: GS 냉동 H2 □
A67: =$J$1 -> 10/14 납품 | B67: 입수 | C67: 태극당)인절미콘150ML | D67: 박스 | E67: 센터명 | F67: 낱개
A68: VV92 (주)지에스리테일신제주저온 | B68: 24 | C68: =IFERROR(VLOOKUP(A68,'H2 피벗'!$A$1:$E$26,3,FALSE),0) -> 0 | D68: =IFERROR(ROUNDDOWN(C68/B68,0),"") -> 0 | E68: 신제주 | F68: =IFERROR(C68-(D68*B68),"") -> 0
A70: 총합계 | B70: =B68 -> 24 | C70: =C68 -> 0 | D70: =IFERROR(ROUNDDOWN(C70/B70,0),"") -> 0 | F70: =IFERROR(C70-(D70*B70),"") -> 0
A71: 총 박스/총 낱개수량 | B71: □ | D71: =SUM(D68) -> 0 | F71: =SUM(F68) -> 0
C72: =C68 -> 0
C73: =C68=C70 -> TRUE
A75: =TODAY() -> 46309 | B75: GS 냉동 대광 □
A76: =$J$1 -> 10/14 납품 | B76: 입수 | C76: 치킨25)매콤달콤닭강정 500G(특수점) | D76: 박스 | E76: 센터명 | F76: 낱개
A77: VV92 (주)지에스리테일신제주저온 | B77: 16 | C77: =IFERROR(VLOOKUP(A77,'대광 피벗'!$A$1:$J$4,2,FALSE),0) -> 0 | D77: =IFERROR(ROUNDDOWN(C77/B77,0),"") -> 0 | E77: 신제주 | F77: =IFERROR(C77-(D77*B77),"") -> 0
A79: 총합계 | B79: =B77 -> 16 | C79: =C77 -> 0 | D79: =IFERROR(ROUNDDOWN(C79/B79,0),"") -> 0 | F79: =IFERROR(C79-(D79*B79),"") -> 0
A80: 총 박스/총 낱개수량 | B80: □ | D80: =SUM(D77) -> 0 | F80: =SUM(F77) -> 0
C81: =C77 -> 0
C82: =C77=C79 -> TRUE
A84: =TODAY() -> 46309 | B84: GS 냉동 대광 □
A85: =$J$1 -> 10/14 납품 | B85: 입수 | C85: 치킨25)매콤달콤닭강정 200G(렌) | D85: 박스 | E85: 센터명 | F85: 낱개
A86: VV92 (주)지에스리테일신제주저온 | B86: 35 | C86: =IFERROR(VLOOKUP(A86,'대광 피벗'!$A$1:$J$4,3,FALSE),0) -> 0 | D86: =IFERROR(ROUNDDOWN(C86/B86,0),"") -> 0 | E86: 신제주 | F86: =IFERROR(C86-(D86*B86),"") -> 0
A88: 총합계 | B88: =B86 -> 35 | C88: =C86 -> 0 | D88: =IFERROR(ROUNDDOWN(C88/B88,0),"") -> 0 | F88: =IFERROR(C88-(D88*B88),"") -> 0
A89: 총 박스/총 낱개수량 | B89: □ | D89: =SUM(D86) -> 0 | F89: =SUM(F86) -> 0
C90: =C86 -> 0
C91: =C86=C88 -> TRUE
A93: =TODAY() -> 46309 | B93: GS 냉동 윈즈 □
A94: =$J$1 -> 10/14 납품 | B94: 입수 | C94: 바비바이츠)우베모찌바70ML | D94: 박스 | E94: 센터명 | F94: 낱개
A95: VV92 (주)지에스리테일신제주저온 | B95: 30 | C95: =IFERROR(VLOOKUP(A95,'윈즈 피벗'!$A$1:$L$5,2,FALSE),0) -> 0 | D95: =IFERROR(ROUNDDOWN(C95/B95,0),"") -> 0 | E95: 신제주 | F95: =IFERROR(C95-(D95*B95),"") -> 0
A97: 총합계 | B97: =B95 -> 30 | C97: =C95 -> 0 | D97: =IFERROR(ROUNDDOWN(C97/B97,0),"") -> 0 | F97: =IFERROR(C97-(D97*B97),"") -> 0
A98: 총 박스/총 낱개수량 | B98: □ | D98: =SUM(D95) -> 0 | F98: =SUM(F95) -> 0
C99: =C95 -> 0
C100: =C95=C97 -> TRUE
A102: =TODAY() -> 46309 | B102: GS 냉동 윈즈 □
A103: =$J$1 -> 10/14 납품 | B103: 입수 | C103: 티아이)아보카도아이스크림85G | D103: 박스 | E103: 센터명 | F103: 낱개
A104: VV92 (주)지에스리테일신제주저온 | B104: 12 | C104: =IFERROR(VLOOKUP(A104,'윈즈 피벗'!$A$1:$L$5,3,FALSE),0) -> 0 | D104: =IFERROR(ROUNDDOWN(C104/B104,0),"") -> 0 | E104: 신제주 | F104: =IFERROR(C104-(D104*B104),"") -> 0
A106: 총합계 | B106: =B104 -> 12 | C106: =C104 -> 0 | D106: =IFERROR(ROUNDDOWN(C106/B106,0),"") -> 0 | F106: =IFERROR(C106-(D106*B106),"") -> 0
A107: 총 박스/총 낱개수량 | B107: □ | D107: =SUM(D104) -> 0 | F107: =SUM(F104) -> 0
C108: =C104 -> 0
C109: =C104=C106 -> TRUE
A111: =TODAY() -> 46309 | B111: GS 냉동 윈즈 □
A112: =$J$1 -> 10/14 납품 | B112: 입수 | C112: 티아이)크림치즈브륄레90G | D112: 박스 | E112: 센터명 | F112: 낱개
A113: VV92 (주)지에스리테일신제주저온 | B113: 16 | C113: =IFERROR(VLOOKUP(A113,'윈즈 피벗'!$A$1:$L$5,4,FALSE),0) -> 0 | D113: =IFERROR(ROUNDDOWN(C113/B113,0),"") -> 0 | E113: 신제주 | F113: =IFERROR(C113-(D113*B113),"") -> 0
A115: 총합계 | B115: =B113 -> 16 | C115: =C113 -> 0 | D115: =IFERROR(ROUNDDOWN(C115/B115,0),"") -> 0 | F115: =IFERROR(C115-(D115*B115),"") -> 0
A116: 총 박스/총 낱개수량 | B116: □ | D116: =SUM(D113) -> 0 | F116: =SUM(F113) -> 0
C117: =C113 -> 0
C118: =C113=C115 -> TRUE
A120: =TODAY() -> 46309 | B120: GS 냉동 제때 □
A121: =$J$1 -> 10/14 납품 | B121: 입수 | C121: 피프레도)생요거트딸기젤라또 | D121: 박스 | E121: 센터명 | F121: 낱개
A122: VV92 (주)지에스리테일신제주저온 | B122: 6 | C122: =IFERROR(VLOOKUP(A122,'제때 피벗 '!$A$1:$L$4,2,FALSE),0) -> 0 | D122: =IFERROR(ROUNDDOWN(C122/B122,0),"") -> 0 | E122: 신제주 | F122: =IFERROR(C122-(D122*B122),"") -> 0
A124: 총합계 | B124: =B122 -> 6 | C124: =C122 -> 0 | D124: =IFERROR(ROUNDDOWN(C124/B124,0),"") -> 0 | F124: =IFERROR(C124-(D124*B124),"") -> 0
A125: 총 박스/총 낱개수량 | B125: □ | D125: =SUM(D122) -> 0 | F125: =SUM(F122) -> 0
C126: =C122 -> 0
C127: =C122=C124 -> TRUE
A129: =TODAY() -> 46309 | B129: GS 냉동 제때 □
...

Sheet 효성 피벗

Sheet 효성)김치어묵피만두(고단백)
A2: =TODAY() -> 46309 | B2: GS 냉동 효성 □
A3: ='효성 피벗'!A2 -> 0 | B3: 입수 | C3: 효성)김치어묵피만두 (고단백) | D3: 박스 | E3: 센터명 | F3: 낱개
A4: VV98 (주)지에스리테일고촌저온 | B4: 20 | C4: =IFERROR(VLOOKUP(A4,'효성 피벗'!A:SK,2,FALSE),0) -> 0 | D4: =IFERROR(ROUNDDOWN(C4/B4,0),"") -> 0 | E4: 고촌 | F4: =IFERROR(C4-(D4*B4),"") -> 0
A5: VV93 (주)지에스리테일곤지암센터 | B5: =$B$4 -> 20 | C5: =IFERROR(VLOOKUP(A5,'효성 피벗'!A:SK,2,FALSE),0) -> 0 | D5: =IFERROR(ROUNDDOWN(C5/B5,0),"") -> 0 | E5: 곤지암 | F5: =IFERROR(C5-(D5*B5),"") -> 0
A6: VV90 (주)지에스리테일포천저온 | B6: =$B$4 -> 20 | C6: =IFERROR(VLOOKUP(A6,'효성 피벗'!A:SK,2,FALSE),0) -> 0 | D6: =IFERROR(ROUNDDOWN(C6/B6,0),"") -> 0 | E6: 포천 | F6: =IFERROR(C6-(D6*B6),"") -> 0
A7: VV85 지에스리테일신오산1저온 | B7: =$B$4 -> 20 | C7: =IFERROR(VLOOKUP(A7,'효성 피벗'!A:SK,2,FALSE),0) -> 0 | D7: =IFERROR(ROUNDDOWN(C7/B7,0),"") -> 0 | E7: 신오산1 | F7: =IFERROR(C7-(D7*B7),"") -> 0
A8: VV04 (주)지에스리테일공주일배 | B8: =$B$4 -> 20 | C8: =IFERROR(VLOOKUP(A8,'효성 피벗'!A:SK,2,FALSE),0) -> 0 | D8: =IFERROR(ROUNDDOWN(C8/B8,0),"") -> 0 | E8: 공주 | F8: =IFERROR(C8-(D8*B8),"") -> 0
A9: VV69 ㈜지에스리테일강릉일배센터 | B9: =$B$4 -> 20 | C9: =IFERROR(VLOOKUP(A9,'효성 피벗'!A:SK,2,FALSE),0) -> 0 | D9: =IFERROR(ROUNDDOWN(C9/B9,0),"") -> 0 | E9: 강릉 | F9: =IFERROR(C9-(D9*B9),"") -> 0
A10: VV66 지에스리테일인천도화일배 | B10: =$B$4 -> 20 | C10: =IFERROR(VLOOKUP(A10,'효성 피벗'!A:SK,2,FALSE),0) -> 0 | D10: =IFERROR(ROUNDDOWN(C10/B10,0),"") -> 0 | E10: 도화 | F10: =IFERROR(C10-(D10*B10),"") -> 0
A11: VV63 ㈜지에스리테일고양일배센터 | B11: =$B$4 -> 20 | C11: =IFERROR(VLOOKUP(A11,'효성 피벗'!A:SK,2,FALSE),0) -> 0 | D11: =IFERROR(ROUNDDOWN(C11/B11,0),"") -> 0 | E11: 고양 | F11: =IFERROR(C11-(D11*B11),"") -> 0
A12: VV62 (주)지에스리테일김포2일배 | B12: =$B$4 -> 20 | C12: =IFERROR(VLOOKUP(A12,'효성 피벗'!A:SK,2,FALSE),0) -> 0 | D12: =IFERROR(ROUNDDOWN(C12/B12,0),"") -> 0 | E12: 김포2 | F12: =IFERROR(C12-(D12*B12),"") -> 0
A13: VV53 (주)지에스리테일송파일배 | B13: =$B$4 -> 20 | C13: =IFERROR(VLOOKUP(A13,'효성 피벗'!A:SK,2,FALSE),0) -> 0 | D13: =IFERROR(ROUNDDOWN(C13/B13,0),"") -> 0 | E13: 송파 | F13: =IFERROR(C13-(D13*B13),"") -> 0
A14: VV34 (주)지에스리테일청주일배 | B14: =$B$4 -> 20 | C14: =IFERROR(VLOOKUP(A14,'효성 피벗'!A:SK,2,FALSE),0) -> 0 | D14: =IFERROR(ROUNDDOWN(C14/B14,0),"") -> 0 | E14: 청주 | F14: =IFERROR(C14-(D14*B14),"") -> 0
A15: VV17 (주)지에스리테일발안일배 | B15: =$B$4 -> 20 | C15: =IFERROR(VLOOKUP(A15,'효성 피벗'!A:SK,2,FALSE),0) -> 0 | D15: =IFERROR(ROUNDDOWN(C15/B15,0),"") -> 0 | E15: 발안 | F15: =IFERROR(C15-(D15*B15),"") -> 0
A16: VV16 (주)지에스리테일원주일배 | B16: =$B$4 -> 20 | C16: =IFERROR(VLOOKUP(A16,'효성 피벗'!A:SK,2,FALSE),0) -> 0 | D16: =IFERROR(ROUNDDOWN(C16/B16,0),"") -> 0 | E16: 원주 | F16: =IFERROR(C16-(D16*B16),"") -> 0
A17: VV03 (주)지에스리테일(아신A) | B17: =$B$4 -> 20 | C17: =IFERROR(VLOOKUP(A17,'효성 피벗'!A:SK,2,FALSE),0) -> 0 | D17: =IFERROR(ROUNDDOWN(C17/B17,0),"") -> 0 | E17: 아신 | F17: =IFERROR(C17-(D17*B17),"") -> 0
A19: 수도권 합계 | B19: =$B$4 -> 20 | C19: =SUM(C4:C17) -> 0 | D19: =IFERROR(ROUNDDOWN(C19/B19,0),"") -> 0 | F19: =IFERROR(C19-(D19*B19),"") -> 0
A21: VV57 (주)지에스리테일김해일배 | B21: =$B$4 -> 20 | C21: =IFERROR(VLOOKUP(A21,'효성 피벗'!A:SK,2,FALSE),0) -> 0 | D21: =IFERROR(ROUNDDOWN(C21/B21,0),"") -> 0 | E21: 김해 | F21: =IFERROR(C21-(D21*B21),"") -> 0
A22: VV25 (주)지에스리테일진주일배 | B22: =$B$4 -> 20 | C22: =IFERROR(VLOOKUP(A22,'효성 피벗'!A:SK,2,FALSE),0) -> 0 | D22: =IFERROR(ROUNDDOWN(C22/B22,0),"") -> 0 | E22: 진주 | F22: =IFERROR(C22-(D22*B22),"") -> 0
A23: VV20 (주)지에스리테일(해인CVS) | B23: =$B$4 -> 20 | C23: =IFERROR(VLOOKUP(A23,'효성 피벗'!A:SK,2,FALSE),0) -> 0 | D23: =IFERROR(ROUNDDOWN(C23/B23,0),"") -> 0 | E23: 해인 | F23: =IFERROR(C23-(D23*B23),"") -> 0
A25: 경남(김해)합계 | B25: =$B$4 -> 20 | C25: =SUM(C21:C23) -> 0 | D25: =IFERROR(ROUNDDOWN(C25/B25,0),"") -> 0 | F25: =IFERROR(C25-(D25*B25),"") -> 0
A27: VV83 지에스리테일경산저온 | B27: =$B$4 -> 20 | C27: =IFERROR(VLOOKUP(A27,'효성 피벗'!A:SK,2,FALSE),0) -> 0 | D27: =IFERROR(ROUNDDOWN(C27/B27,0),"") -> 0 | E27: 경산 | F27: =IFERROR(C27-(D27*B27),"") -> 0
A29: 경북(칠곡)합계 | B29: =$B$4 -> 20 | C29: =SUM(C27:C27) -> 0 | D29: =IFERROR(ROUNDDOWN(C29/B29,0),"") -> 0 | F29: =IFERROR(C29-(D29*B29),"") -> 0
A31: VV95 (주)지에스리테일신광주저온 | B31: =$B$4 -> 20 | C31: =IFERROR(VLOOKUP(A31,'효성 피벗'!A:SK,2,FALSE),0) -> 0 | D31: =IFERROR(ROUNDDOWN(C31/B31,0),"") -> 0 | E31: 신광주 | F31: =IFERROR(C31-(D31*B31),"") -> 0
A32: VV65 ㈜지에스리테일익산일배 | B32: =$B$4 -> 20 | C32: =IFERROR(VLOOKUP(A32,'효성 피벗'!A:SK,2,FALSE),0) -> 0 | D32: =IFERROR(ROUNDDOWN(C32/B32,0),"") -> 0 | E32: 익산 | F32: =IFERROR(C32-(D32*B32),"") -> 0
A34: 호남권 합계 | B34: =$B$4 -> 20 | C34: =SUM(C31:C32) -> 0 | D34: =IFERROR(ROUNDDOWN(C34/B34,0),"") -> 0 | F34: =IFERROR(C34-(D34*B34),"") -> 0
A36: VV92 (주)지에스리테일신제주저온 | B36: =$B$4 -> 20 | C36: =IFERROR(VLOOKUP(A36,'효성 피벗'!A:SK,2,FALSE),0) -> 0 | D36: =IFERROR(ROUNDDOWN(C36/B36,0),"") -> 0 | E36: 신제주 | F36: =IFERROR(C36-(D36*B36),"") -> 0
A38: 총합계 | B38: =$B$4 -> 20 | C38: =SUM(C4:C17,C31:C32,C27:C27,C21:C23,C36) -> 0 | D38: =IFERROR(ROUNDDOWN(C38/B38,0),"") -> 0 | F38: =IFERROR(C38-(D38*B38),"") -> 0
A39: 총 박스/총 낱개수량 | B39: □ | D39: =SUM(D4:D17,D31:D32,D27:D27,D21:D23,D36) -> 0 | F39: =SUM(F4:F17,F31:F32,F27:F27,F21:F23,F36) -> 0
C40: =C19+C25+C29+C34+C36 -> 0
C41: =C40=C38 -> TRUE

Sheet 대신(냉동) 피벗

Sheet 리얼)불고기버거(1980원)
A2: =TODAY() -> 46309 | B2: GS 대신_ 냉동 □
A3: ='대신(냉동) 피벗'!A2 -> 0 | B3: 입수 | C3: 리얼)불고기버거(1980원) | D3: 박스 | E3: 센터명 | F3: 낱개
A4: VV98 (주)지에스리테일고촌저온 | B4: 36 | C4: =IFERROR(VLOOKUP(A4,'대신(냉동) 피벗'!A:SN,2,FALSE),0) -> 0 | D4: =IFERROR(ROUNDDOWN(C4/B4,0),"") -> 0 | E4: 고촌 | F4: =IFERROR(C4-(D4*B4),"") -> 0
A5: VV93 (주)지에스리테일곤지암센터 | B5: =$B$4 -> 36 | C5: =IFERROR(VLOOKUP(A5,'대신(냉동) 피벗'!A:SN,2,FALSE),0) -> 0 | D5: =IFERROR(ROUNDDOWN(C5/B5,0),"") -> 0 | E5: 곤지암 | F5: =IFERROR(C5-(D5*B5),"") -> 0
A6: VV90 (주)지에스리테일포천저온 | B6: =$B$4 -> 36 | C6: =IFERROR(VLOOKUP(A6,'대신(냉동) 피벗'!A:SN,2,FALSE),0) -> 0 | D6: =IFERROR(ROUNDDOWN(C6/B6,0),"") -> 0 | E6: 포천 | F6: =IFERROR(C6-(D6*B6),"") -> 0
A7: VV85 지에스리테일신오산1저온 | B7: =$B$4 -> 36 | C7: =IFERROR(VLOOKUP(A7,'대신(냉동) 피벗'!A:SN,2,FALSE),0) -> 0 | D7: =IFERROR(ROUNDDOWN(C7/B7,0),"") -> 0 | E7: 신오산1 | F7: =IFERROR(C7-(D7*B7),"") -> 0
A8: VV04 (주)지에스리테일공주일배 | B8: =$B$4 -> 36 | C8: =IFERROR(VLOOKUP(A8,'대신(냉동) 피벗'!A:SN,2,FALSE),0) -> 0 | D8: =IFERROR(ROUNDDOWN(C8/B8,0),"") -> 0 | E8: 공주 | F8: =IFERROR(C8-(D8*B8),"") -> 0
A9: VV69 ㈜지에스리테일강릉일배센터 | B9: =$B$4 -> 36 | C9: =IFERROR(VLOOKUP(A9,'대신(냉동) 피벗'!A:SN,2,FALSE),0) -> 0 | D9: =IFERROR(ROUNDDOWN(C9/B9,0),"") -> 0 | E9: 강릉 | F9: =IFERROR(C9-(D9*B9),"") -> 0
A10: VV66 지에스리테일인천도화일배 | B10: =$B$4 -> 36 | C10: =IFERROR(VLOOKUP(A10,'대신(냉동) 피벗'!A:SN,2,FALSE),0) -> 0 | D10: =IFERROR(ROUNDDOWN(C10/B10,0),"") -> 0 | E10: 도화 | F10: =IFERROR(C10-(D10*B10),"") -> 0
A11: VV63 ㈜지에스리테일고양일배센터 | B11: =$B$4 -> 36 | C11: =IFERROR(VLOOKUP(A11,'대신(냉동) 피벗'!A:SN,2,FALSE),0) -> 0 | D11: =IFERROR(ROUNDDOWN(C11/B11,0),"") -> 0 | E11: 고양 | F11: =IFERROR(C11-(D11*B11),"") -> 0
A12: VV62 (주)지에스리테일김포2일배 | B12: =$B$4 -> 36 | C12: =IFERROR(VLOOKUP(A12,'대신(냉동) 피벗'!A:SN,2,FALSE),0) -> 0 | D12: =IFERROR(ROUNDDOWN(C12/B12,0),"") -> 0 | E12: 김포2 | F12: =IFERROR(C12-(D12*B12),"") -> 0
A13: VV53 (주)지에스리테일송파일배 | B13: =$B$4 -> 36 | C13: =IFERROR(VLOOKUP(A13,'대신(냉동) 피벗'!A:SN,2,FALSE),0) -> 0 | D13: =IFERROR(ROUNDDOWN(C13/B13,0),"") -> 0 | E13: 송파 | F13: =IFERROR(C13-(D13*B13),"") -> 0
A14: VV34 (주)지에스리테일청주일배 | B14: =$B$4 -> 36 | C14: =IFERROR(VLOOKUP(A14,'대신(냉동) 피벗'!A:SN,2,FALSE),0) -> 0 | D14: =IFERROR(ROUNDDOWN(C14/B14,0),"") -> 0 | E14: 청주 | F14: =IFERROR(C14-(D14*B14),"") -> 0
A15: VV17 (주)지에스리테일발안일배 | B15: =$B$4 -> 36 | C15: =IFERROR(VLOOKUP(A15,'대신(냉동) 피벗'!A:SN,2,FALSE),0) -> 0 | D15: =IFERROR(ROUNDDOWN(C15/B15,0),"") -> 0 | E15: 발안 | F15: =IFERROR(C15-(D15*B15),"") -> 0
A16: VV16 (주)지에스리테일원주일배 | B16: =$B$4 -> 36 | C16: =IFERROR(VLOOKUP(A16,'대신(냉동) 피벗'!A:SN,2,FALSE),0) -> 0 | D16: =IFERROR(ROUNDDOWN(C16/B16,0),"") -> 0 | E16: 원주 | F16: =IFERROR(C16-(D16*B16),"") -> 0
A17: VV03 (주)지에스리테일(아신A) | B17: =$B$4 -> 36 | C17: =IFERROR(VLOOKUP(A17,'대신(냉동) 피벗'!A:SN,2,FALSE),0) -> 0 | D17: =IFERROR(ROUNDDOWN(C17/B17,0),"") -> 0 | E17: 아신 | F17: =IFERROR(C17-(D17*B17),"") -> 0
A19: 수도권 합계 | B19: =$B$4 -> 36 | C19: =SUM(C4:C17) -> 0 | D19: =IFERROR(ROUNDDOWN(C19/B19,0),"") -> 0 | F19: =IFERROR(C19-(D19*B19),"") -> 0
A21: VV57 (주)지에스리테일김해일배 | B21: =$B$4 -> 36 | C21: =IFERROR(VLOOKUP(A21,'대신(냉동) 피벗'!A:SN,2,FALSE),0) -> 0 | D21: =IFERROR(ROUNDDOWN(C21/B21,0),"") -> 0 | E21: 김해 | F21: =IFERROR(C21-(D21*B21),"") -> 0
A22: VV25 (주)지에스리테일진주일배 | B22: =$B$4 -> 36 | C22: =IFERROR(VLOOKUP(A22,'대신(냉동) 피벗'!A:SN,2,FALSE),0) -> 0 | D22: =IFERROR(ROUNDDOWN(C22/B22,0),"") -> 0 | E22: 진주 | F22: =IFERROR(C22-(D22*B22),"") -> 0
A23: VV20 (주)지에스리테일(해인CVS) | B23: =$B$4 -> 36 | C23: =IFERROR(VLOOKUP(A23,'대신(냉동) 피벗'!A:SN,2,FALSE),0) -> 0 | D23: =IFERROR(ROUNDDOWN(C23/B23,0),"") -> 0 | E23: 해인 | F23: =IFERROR(C23-(D23*B23),"") -> 0
A25: 경남(김해)합계 | B25: =$B$4 -> 36 | C25: =SUM(C21:C23) -> 0 | D25: =IFERROR(ROUNDDOWN(C25/B25,0),"") -> 0 | F25: =IFERROR(C25-(D25*B25),"") -> 0
A27: VV83 지에스리테일경산저온 | B27: =$B$4 -> 36 | C27: =IFERROR(VLOOKUP(A27,'대신(냉동) 피벗'!A:SN,2,FALSE),0) -> 0 | D27: =IFERROR(ROUNDDOWN(C27/B27,0),"") -> 0 | E27: 경산 | F27: =IFERROR(C27-(D27*B27),"") -> 0
A29: 경북(칠곡)합계 | B29: =$B$4 -> 36 | C29: =SUM(C27:C27) -> 0 | D29: =IFERROR(ROUNDDOWN(C29/B29,0),"") -> 0 | F29: =IFERROR(C29-(D29*B29),"") -> 0
A31: VV95 (주)지에스리테일신광주저온 | B31: =$B$4 -> 36 | C31: =IFERROR(VLOOKUP(A31,'대신(냉동) 피벗'!A:SN,2,FALSE),0) -> 0 | D31: =IFERROR(ROUNDDOWN(C31/B31,0),"") -> 0 | E31: 신광주 | F31: =IFERROR(C31-(D31*B31),"") -> 0
A32: VV65 ㈜지에스리테일익산일배 | B32: =$B$4 -> 36 | C32: =IFERROR(VLOOKUP(A32,'대신(냉동) 피벗'!A:SN,2,FALSE),0) -> 0 | D32: =IFERROR(ROUNDDOWN(C32/B32,0),"") -> 0 | E32: 익산 | F32: =IFERROR(C32-(D32*B32),"") -> 0
A34: 호남권 합계 | B34: =$B$4 -> 36 | C34: =SUM(C31:C32) -> 0 | D34: =IFERROR(ROUNDDOWN(C34/B34,0),"") -> 0 | F34: =IFERROR(C34-(D34*B34),"") -> 0
A36: VV92 (주)지에스리테일신제주저온 | B36: =$B$4 -> 36 | C36: =IFERROR(VLOOKUP(A36,'대신(냉동) 피벗'!A:SN,2,FALSE),0) -> 0 | D36: =IFERROR(ROUNDDOWN(C36/B36,0),"") -> 0 | E36: 신제주
D37: =IFERROR(ROUNDDOWN(C37/B37,0),"") | F37: =IFERROR(C37-(D37*B37),"")
A38: 총합계 | B38: =$B$4 -> 36 | C38: =SUM(C4:C17,C31:C32,C27:C27,C21:C23,C36) -> 0 | D38: =SUM(D4:D17,D31:D32,D27:D27,D21:D23,D36) -> 0 | F38: =SUM(F4:F17,F31:F32,F27:F27,F21:F23,F36) -> 0
A39: 총 박스/총 낱개수량 | B39: □ | D39: =SUM(D4:D17,D31:D32,D27:D27,D21:D23,D36) -> 0 | F39: =SUM(F4:F17,F31:F32,F27:F27,F21:F23) -> 0
C40: =C19+C25+C29+C34 -> 0
C41: =C40=C38 -> TRUE

Sheet 리얼)치즈버거(1980원)
A2: =TODAY() -> 46309 | B2: GS 대신_ 냉동 □
A3: ='대신(냉동) 피벗'!A2 -> 0 | B3: 입수 | C3: 리얼)치즈버거(1980원) | D3: 박스 | E3: 센터명 | F3: 낱개
A4: VV98 (주)지에스리테일고촌저온 | B4: 36 | C4: =IFERROR(VLOOKUP(A4,'대신(냉동) 피벗'!A:SN,3,FALSE),0) -> 0 | D4: =IFERROR(ROUNDDOWN(C4/B4,0),"") -> 0 | E4: 고촌 | F4: =IFERROR(C4-(D4*B4),"") -> 0
A5: VV93 (주)지에스리테일곤지암센터 | B5: =$B$4 -> 36 | C5: =IFERROR(VLOOKUP(A5,'대신(냉동) 피벗'!A:SN,3,FALSE),0) -> 0 | D5: =IFERROR(ROUNDDOWN(C5/B5,0),"") -> 0 | E5: 곤지암 | F5: =IFERROR(C5-(D5*B5),"") -> 0
A6: VV90 (주)지에스리테일포천저온 | B6: =$B$4 -> 36 | C6: =IFERROR(VLOOKUP(A6,'대신(냉동) 피벗'!A:SN,3,FALSE),0) -> 0 | D6: =IFERROR(ROUNDDOWN(C6/B6,0),"") -> 0 | E6: 포천 | F6: =IFERROR(C6-(D6*B6),"") -> 0
A7: VV85 지에스리테일신오산1저온 | B7: =$B$4 -> 36 | C7: =IFERROR(VLOOKUP(A7,'대신(냉동) 피벗'!A:SN,3,FALSE),0) -> 0 | D7: =IFERROR(ROUNDDOWN(C7/B7,0),"") -> 0 | E7: 신오산1 | F7: =IFERROR(C7-(D7*B7),"") -> 0
A8: VV04 (주)지에스리테일공주일배 | B8: =$B$4 -> 36 | C8: =IFERROR(VLOOKUP(A8,'대신(냉동) 피벗'!A:SN,3,FALSE),0) -> 0 | D8: =IFERROR(ROUNDDOWN(C8/B8,0),"") -> 0 | E8: 공주 | F8: =IFERROR(C8-(D8*B8),"") -> 0
A9: VV69 ㈜지에스리테일강릉일배센터 | B9: =$B$4 -> 36 | C9: =IFERROR(VLOOKUP(A9,'대신(냉동) 피벗'!A:SN,3,FALSE),0) -> 0 | D9: =IFERROR(ROUNDDOWN(C9/B9,0),"") -> 0 | E9: 강릉 | F9: =IFERROR(C9-(D9*B9),"") -> 0
A10: VV66 지에스리테일인천도화일배 | B10: =$B$4 -> 36 | C10: =IFERROR(VLOOKUP(A10,'대신(냉동) 피벗'!A:SN,3,FALSE),0) -> 0 | D10: =IFERROR(ROUNDDOWN(C10/B10,0),"") -> 0 | E10: 도화 | F10: =IFERROR(C10-(D10*B10),"") -> 0
A11: VV63 ㈜지에스리테일고양일배센터 | B11: =$B$4 -> 36 | C11: =IFERROR(VLOOKUP(A11,'대신(냉동) 피벗'!A:SN,3,FALSE),0) -> 0 | D11: =IFERROR(ROUNDDOWN(C11/B11,0),"") -> 0 | E11: 고양 | F11: =IFERROR(C11-(D11*B11),"") -> 0
A12: VV62 (주)지에스리테일김포2일배 | B12: =$B$4 -> 36 | C12: =IFERROR(VLOOKUP(A12,'대신(냉동) 피벗'!A:SN,3,FALSE),0) -> 0 | D12: =IFERROR(ROUNDDOWN(C12/B12,0),"") -> 0 | E12: 김포2 | F12: =IFERROR(C12-(D12*B12),"") -> 0
A13: VV53 (주)지에스리테일송파일배 | B13: =$B$4 -> 36 | C13: =IFERROR(VLOOKUP(A13,'대신(냉동) 피벗'!A:SN,3,FALSE),0) -> 0 | D13: =IFERROR(ROUNDDOWN(C13/B13,0),"") -> 0 | E13: 송파 | F13: =IFERROR(C13-(D13*B13),"") -> 0
A14: VV34 (주)지에스리테일청주일배 | B14: =$B$4 -> 36 | C14: =IFERROR(VLOOKUP(A14,'대신(냉동) 피벗'!A:SN,3,FALSE),0) -> 0 | D14: =IFERROR(ROUNDDOWN(C14/B14,0),"") -> 0 | E14: 청주 | F14: =IFERROR(C14-(D14*B14),"") -> 0
A15: VV17 (주)지에스리테일발안일배 | B15: =$B$4 -> 36 | C15: =IFERROR(VLOOKUP(A15,'대신(냉동) 피벗'!A:SN,3,FALSE),0) -> 0 | D15: =IFERROR(ROUNDDOWN(C15/B15,0),"") -> 0 | E15: 발안 | F15: =IFERROR(C15-(D15*B15),"") -> 0
A16: VV16 (주)지에스리테일원주일배 | B16: =$B$4 -> 36 | C16: =IFERROR(VLOOKUP(A16,'대신(냉동) 피벗'!A:SN,3,FALSE),0) -> 0 | D16: =IFERROR(ROUNDDOWN(C16/B16,0),"") -> 0 | E16: 원주 | F16: =IFERROR(C16-(D16*B16),"") -> 0
A17: VV03 (주)지에스리테일(아신A) | B17: =$B$4 -> 36 | C17: =IFERROR(VLOOKUP(A17,'대신(냉동) 피벗'!A:SN,3,FALSE),0) -> 0 | D17: =IFERROR(ROUNDDOWN(C17/B17,0),"") -> 0 | E17: 아신 | F17: =IFERROR(C17-(D17*B17),"") -> 0
A19: 수도권 합계 | B19: =$B$4 -> 36 | C19: =SUM(C4:C17) -> 0 | D19: =IFERROR(ROUNDDOWN(C19/B19,0),"") -> 0 | F19: =IFERROR(C19-(D19*B19),"") -> 0
A21: VV57 (주)지에스리테일김해일배 | B21: =$B$4 -> 36 | C21: =IFERROR(VLOOKUP(A21,'대신(냉동) 피벗'!A:SN,3,FALSE),0) -> 0 | D21: =IFERROR(ROUNDDOWN(C21/B21,0),"") -> 0 | E21: 김해 | F21: =IFERROR(C21-(D21*B21),"") -> 0
A22: VV25 (주)지에스리테일진주일배 | B22: =$B$4 -> 36 | C22: =IFERROR(VLOOKUP(A22,'대신(냉동) 피벗'!A:SN,3,FALSE),0) -> 0 | D22: =IFERROR(ROUNDDOWN(C22/B22,0),"") -> 0 | E22: 진주 | F22: =IFERROR(C22-(D22*B22),"") -> 0
A23: VV20 (주)지에스리테일(해인CVS) | B23: =$B$4 -> 36 | C23: =IFERROR(VLOOKUP(A23,'대신(냉동) 피벗'!A:SN,3,FALSE),0) -> 0 | D23: =IFERROR(ROUNDDOWN(C23/B23,0),"") -> 0 | E23: 해인 | F23: =IFERROR(C23-(D23*B23),"") -> 0
A25: 경남(김해)합계 | B25: =$B$4 -> 36 | C25: =SUM(C21:C23) -> 0 | D25: =IFERROR(ROUNDDOWN(C25/B25,0),"") -> 0 | F25: =IFERROR(C25-(D25*B25),"") -> 0
A27: VV83 지에스리테일경산저온 | B27: =$B$4 -> 36 | C27: =IFERROR(VLOOKUP(A27,'대신(냉동) 피벗'!A:SN,3,FALSE),0) -> 0 | D27: =IFERROR(ROUNDDOWN(C27/B27,0),"") -> 0 | E27: 경산 | F27: =IFERROR(C27-(D27*B27),"") -> 0
A29: 경북(칠곡)합계 | B29: =$B$4 -> 36 | C29: =SUM(C27:C27) -> 0 | D29: =IFERROR(ROUNDDOWN(C29/B29,0),"") -> 0 | F29: =IFERROR(C29-(D29*B29),"") -> 0
A31: VV95 (주)지에스리테일신광주저온 | B31: =$B$4 -> 36 | C31: =IFERROR(VLOOKUP(A31,'대신(냉동) 피벗'!A:SN,3,FALSE),0) -> 0 | D31: =IFERROR(ROUNDDOWN(C31/B31,0),"") -> 0 | E31: 신광주 | F31: =IFERROR(C31-(D31*B31),"") -> 0
A32: VV65 ㈜지에스리테일익산일배 | B32: =$B$4 -> 36 | C32: =IFERROR(VLOOKUP(A32,'대신(냉동) 피벗'!A:SN,3,FALSE),0) -> 0 | D32: =IFERROR(ROUNDDOWN(C32/B32,0),"") -> 0 | E32: 익산 | F32: =IFERROR(C32-(D32*B32),"") -> 0
A34: 호남권 합계 | B34: =$B$4 -> 36 | C34: =SUM(C31:C32) -> 0 | D34: =IFERROR(ROUNDDOWN(C34/B34,0),"") -> 0 | F34: =IFERROR(C34-(D34*B34),"") -> 0
A36: VV92 (주)지에스리테일신제주저온 | B36: =$B$4 -> 36 | C36: =IFERROR(VLOOKUP(A36,'대신(냉동) 피벗'!A:SN,3,FALSE),0) -> 0 | D36: =IFERROR(ROUNDDOWN(C36/B36,0),"") -> 0 | E36: 신제주
D37: =IFERROR(ROUNDDOWN(C37/B37,0),"") | F37: =IFERROR(C37-(D37*B37),"")
A38: 총합계 | B38: =$B$4 -> 36 | C38: =SUM(C4:C17,C31:C32,C27:C27,C21:C23,C36) -> 0 | D38: =SUM(D4:D17,D31:D32,D27:D27,D21:D23,D36) -> 0 | F38: =SUM(F4:F17,F31:F32,F27:F27,F21:F23,F36) -> 0
A39: 총 박스/총 낱개수량 | B39: □ | D39: =SUM(D4:D17,D31:D32,D27:D27,D21:D23,D36) -> 0 | F39: =SUM(F4:F17,F31:F32,F27:F27,F21:F23) -> 0
C40: =C19+C25+C29+C34 -> 0
C41: =C40=C38 -> TRUE

Sheet 2300원굿딜)매콤불고기1
A1: 고기
A2: =TODAY() -> 46309 | B2: 대신 □ | G2: 박스 | H2: 낱개
A3: 행 레이블 | B3: 입수 | C3: 2300원굿딜)매콤불고기1 | D3: 박스 | E3: 센터명 | F3: 낱개
A4: VV16 (주)지에스리테일원주일배 | B4: 36 | C4: =IFERROR(VLOOKUP(A4,#REF!,2,FALSE),0) -> 0 | D4: =IFERROR(ROUNDDOWN(C4/B4,0),"") -> 0 | E4: 원주 | F4: =IFERROR(C4-(D4*B4),"") -> 0
A5: VV69 ㈜지에스리테일강릉일배센터 | B5: =$B$4 -> 36 | C5: =IFERROR(VLOOKUP(A5,#REF!,2,FALSE),0) -> 0 | D5: =IFERROR(ROUNDDOWN(C5/B5,0),"") -> 0 | E5: 강릉 | F5: =IFERROR(C5-(D5*B5),"") -> 0 | G5: =IFERROR(ROUNDDOWN(SUM($F$6:$F$20,F24:F43)/$B$12,0),"") -> 0 | H5: =IFERROR(SUM(F6:F20,F24:F43)-(G5*B6),"") -> 0
A6: VV57 (주)지에스리테일김해일배 | B6: =$B$4 -> 36 | C6: =IFERROR(VLOOKUP(A6,#REF!,2,FALSE),0) -> 0 | D6: =IFERROR(ROUNDDOWN(C6/B6,0),"") -> 0 | E6: 김해 | F6: =IFERROR(C6-(D6*B6),"") -> 0
A7: VV58 (주)지에스리테일김해2일배 | B7: =$B$4 -> 36 | C7: =IFERROR(VLOOKUP(A7,#REF!,2,FALSE),0) -> 0 | D7: =IFERROR(ROUNDDOWN(C7/B7,0),"") -> 0 | E7: 김해2 | F7: =IFERROR(C7-(D7*B7),"") -> 0
A8: VV25 (주)지에스리테일진주일배 | B8: =$B$4 -> 36 | C8: =IFERROR(VLOOKUP(A8,#REF!,2,FALSE),0) -> 0 | D8: =IFERROR(ROUNDDOWN(C8/B8,0),"") -> 0 | E8: 진주 | F8: =IFERROR(C8-(D8*B8),"") -> 0
A9: VV20 (주)지에스리테일(해인CVS) | B9: =$B$4 -> 36 | C9: =IFERROR(VLOOKUP(A9,#REF!,2,FALSE),0) -> 0 | D9: =IFERROR(ROUNDDOWN(C9/B9,0),"") -> 0 | E9: CVS | F9: =IFERROR(C9-(D9*B9),"") -> 0
A10: VV92 (주)지에스리테일신제주저온 | B10: =$B$4 -> 36 | C10: =IFERROR(VLOOKUP(A10,#REF!,2,FALSE),0) -> 0 | D10: =IFERROR(ROUNDDOWN(C10/B10,0),"") -> 0 | E10: 신제주 | F10: =IFERROR(C10-(D10*B10),"") -> 0
A11: VV95 (주)지에스리테일신광주저온 | B11: =$B$4 -> 36 | C11: =IFERROR(VLOOKUP(A11,#REF!,2,FALSE),0) -> 0 | D11: =IFERROR(ROUNDDOWN(C11/B11,0),"") -> 0 | E11: 신광주 | F11: =IFERROR(C11-(D11*B11),"") -> 0
A12: VV96 (주)지에스리테일신광주2저 | B12: =$B$4 -> 36 | C12: =IFERROR(VLOOKUP(A12,#REF!,2,FALSE),0) -> 0 | D12: =IFERROR(ROUNDDOWN(C12/B12,0),"") -> 0 | E12: 신광주2 | F12: =IFERROR(C12-(D12*B12),"") -> 0 | G12: =IFERROR(ROUNDDOWN(SUM($F$13:$F$20,F24:F43)/$B$12,0),"") -> 0 | H12: =IFERROR(SUM(F13:F20,F24:F43)-(G12*B13),"") -> 0
A13: VV83 지에스리테일경산저온 | B13: =$B$4 -> 36 | C13: =IFERROR(VLOOKUP(A13,#REF!,2,FALSE),0) -> 0 | D13: =IFERROR(ROUNDDOWN(C13/B13,0),"") -> 0 | E13: 경산 | F13: =IFERROR(C13-(D13*B13),"") -> 0
A14: VV84 ㈜지에스리테일경산2저온 | B14: =$B$4 -> 36 | C14: =IFERROR(VLOOKUP(A14,#REF!,2,FALSE),0) -> 0 | D14: =IFERROR(ROUNDDOWN(C14/B14,0),"") -> 0 | E14: 경산2 | F14: =IFERROR(C14-(D14*B14),"") -> 0
A15: VV97 (주)지에스리테일경산3저온 | B15: =$B$4 -> 36 | C15: =IFERROR(VLOOKUP(A15,#REF!,2,FALSE),0) -> 0 | D15: =IFERROR(ROUNDDOWN(C15/B15,0),"") -> 0 | E15: 경산3 | F15: =IFERROR(C15-(D15*B15),"") -> 0
A16: VV65 ㈜지에스리테일익산일배 | B16: =$B$4 -> 36 | C16: =IFERROR(VLOOKUP(A16,#REF!,2,FALSE),0) -> 0 | D16: =IFERROR(ROUNDDOWN(C16/B16,0),"") -> 0 | E16: 익산 | F16: =IFERROR(C16-(D16*B16),"") -> 0
A17: VV04 (주)지에스리테일공주일배 | B17: =$B$4 -> 36 | C17: =IFERROR(VLOOKUP(A17,#REF!,2,FALSE),0) -> 0 | D17: =IFERROR(ROUNDDOWN(C17/B17,0),"") -> 0 | E17: 공주 | F17: =IFERROR(C17-(D17*B17),"") -> 0
A18: VV75 (주)지에스리테일공주2일배 | B18: =$B$4 -> 36 | C18: =IFERROR(VLOOKUP(A18,#REF!,2,FALSE),0) -> 0 | D18: =IFERROR(ROUNDDOWN(C18/B18,0),"") -> 0 | E18: 공주2 | F18: =IFERROR(C18-(D18*B18),"") -> 0
A19: VV34 (주)지에스리테일청주일배 | B19: =$B$4 -> 36 | C19: =IFERROR(VLOOKUP(A19,#REF!,2,FALSE),0) -> 0 | D19: =IFERROR(ROUNDDOWN(C19/B19,0),"") -> 0 | E19: 청주 | F19: =IFERROR(C19-(D19*B19),"") -> 0
A20: VV03 (주)지에스리테일(아신A) | B20: =$B$4 -> 36 | C20: =IFERROR(VLOOKUP(A20,#REF!,2,FALSE),0) -> 0 | D20: =IFERROR(ROUNDDOWN(C20/B20,0),"") -> 0 | E20: 아신A | F20: =IFERROR(C20-(D20*B20),"") -> 0 | G20: =IFERROR(ROUNDDOWN(SUM(F24:F43)/$B$18,0),"") -> 0 | H20: =IFERROR(SUM(F24:F43)-(G20*B20),"") -> 0
A22: A구역 합계 | B22: =B4 -> 36 | C22: =SUM(C4:C21) -> 0 | D22: =IFERROR(ROUNDDOWN(C22/B22,0),"") -> 0 | F22: =IFERROR(C22-(D22*B22),"") -> 0
A24: VV63 ㈜지에스리테일고양일배센터 | B24: =$B$4 -> 36 | C24: =IFERROR(VLOOKUP(A24,#REF!,2,FALSE),0) -> 0 | D24: =IFERROR(ROUNDDOWN(C24/B24,0),"") -> 0 | E24: 고양 | F24: =IFERROR(C24-(D24*B24),"") -> 0
A25: VV64 ㈜지에스리테일고양일배2 | B25: =$B$4 -> 36 | C25: =IFERROR(VLOOKUP(A25,#REF!,2,FALSE),0) -> 0 | D25: =IFERROR(ROUNDDOWN(C25/B25,0),"") -> 0 | E25: 고양2 | F25: =IFERROR(C25-(D25*B25),"") -> 0
A26: VV81 (주)지에스리테일고양저온3 | B26: =$B$4 -> 36 | C26: =IFERROR(VLOOKUP(A26,#REF!,2,FALSE),0) -> 0 | D26: =IFERROR(ROUNDDOWN(C26/B26,0),"") -> 0 | E26: 고양3 | F26: =IFERROR(C26-(D26*B26),"") -> 0
A27: VV62 (주)지에스리테일김포2일배 | B27: =$B$4 -> 36 | C27: =IFERROR(VLOOKUP(A27,#REF!,2,FALSE),0) -> 0 | D27: =IFERROR(ROUNDDOWN(C27/B27,0),"") -> 0 | E27: 김포2 | F27: =IFERROR(C27-(D27*B27),"") -> 0
A28: VV70 ㈜지에스리테일김포3일배 | B28: =$B$4 -> 36 | C28: =IFERROR(VLOOKUP(A28,#REF!,2,FALSE),0) -> 0 | D28: =IFERROR(ROUNDDOWN(C28/B28,0),"") -> 0 | E28: 김포3 | F28: =IFERROR(C28-(D28*B28),"") -> 0 | G28: =IFERROR(ROUNDDOWN(SUM($F$29:$F$43)/$B$29,0),"") -> 0 | H28: =IFERROR(SUM(F29:F43)-(G28*B28),"") -> 0
A29: VV98 (주)지에스리테일고촌저온 | B29: =$B$4 -> 36 | C29: =IFERROR(VLOOKUP(A29,#REF!,2,FALSE),0) -> 0 | D29: =IFERROR(ROUNDDOWN(C29/B29,0),"") -> 0 | E29: 고촌 | F29: =IFERROR(C29-(D29*B29),"") -> 0
A30: VV99 (주)지에스리테일고촌2저온 | B30: =$B$4 -> 36 | C30: =IFERROR(VLOOKUP(A30,#REF!,2,FALSE),0) -> 0 | D30: =IFERROR(ROUNDDOWN(C30/B30,0),"") -> 0 | E30: 고촌2 | F30: =IFERROR(C30-(D30*B30),"") -> 0
A31: VV90 (주)지에스리테일포천저온 | B31: =$B$4 -> 36 | C31: =IFERROR(VLOOKUP(A31,#REF!,2,FALSE),0) -> 0 | D31: =IFERROR(ROUNDDOWN(C31/B31,0),"") -> 0 | E31: 포천 | F31: =IFERROR(C31-(D31*B31),"") -> 0
A32: VV91 (주)지에스리테일포천2저온 | B32: =$B$4 -> 36 | C32: =IFERROR(VLOOKUP(A32,#REF!,2,FALSE),0) -> 0 | D32: =IFERROR(ROUNDDOWN(C32/B32,0),"") -> 0 | E32: 포천2 | F32: =IFERROR(C32-(D32*B32),"") -> 0
A33: VV66 지에스리테일인천도화일배 | B33: =$B$4 -> 36 | C33: =IFERROR(VLOOKUP(A33,#REF!,2,FALSE),0) -> 0 | D33: =IFERROR(ROUNDDOWN(C33/B33,0),"") -> 0 | E33: 도화 | F33: =IFERROR(C33-(D33*B33),"") -> 0
A34: VV67 지에스리테일인천도화2일배 | B34: =$B$4 -> 36 | C34: =IFERROR(VLOOKUP(A34,#REF!,2,FALSE),0) -> 0 | D34: =IFERROR(ROUNDDOWN(C34/B34,0),"") -> 0 | E34: 도화2 | F34: =IFERROR(C34-(D34*B34),"") -> 0 | G34: =IFERROR(ROUNDDOWN(SUM($F$35:$F$43)/$B$35,0),"") -> 0 | H34: =IFERROR(SUM($F$35:$F$43)-($G$34*$B$35),"") -> 0
A35: VV17 (주)지에스리테일발안일배 | B35: =$B$4 -> 36 | C35: =IFERROR(VLOOKUP(A35,#REF!,2,FALSE),0) -> 0 | D35: =IFERROR(ROUNDDOWN(C35/B35,0),"") -> 0 | E35: 발안 | F35: =IFERROR(C35-(D35*B35),"") -> 0
A36: VV71 (주)지에스리테일발안2일배 | B36: =$B$4 -> 36 | C36: =IFERROR(VLOOKUP(A36,#REF!,2,FALSE),0) -> 0 | D36: =IFERROR(ROUNDDOWN(C36/B36,0),"") -> 0 | E36: 발안2 | F36: =IFERROR(C36-(D36*B36),"") -> 0
A37: VV85 지에스리테일신오산1저온 | B37: =$B$4 -> 36 | C37: =IFERROR(VLOOKUP(A37,#REF!,2,FALSE),0) -> 0 | D37: =IFERROR(ROUNDDOWN(C37/B37,0),"") -> 0 | E37: 신오산1 | F37: =IFERROR(C37-(D37*B37),"") -> 0
A38: VV86 지에스리테일신오산2저온 | B38: =$B$4 -> 36 | C38: =IFERROR(VLOOKUP(A38,#REF!,2,FALSE),0) -> 0 | D38: =IFERROR(ROUNDDOWN(C38/B38,0),"") -> 0 | E38: 신오산2 | F38: =IFERROR(C38-(D38*B38),"") -> 0
A39: VV87 지에스리테일신오산3저온 | B39: =$B$4 -> 36 | C39: =IFERROR(VLOOKUP(A39,#REF!,2,FALSE),0) -> 0 | D39: =IFERROR(ROUNDDOWN(C39/B39,0),"") -> 0 | E39: 신오산3 | F39: =IFERROR(C39-(D39*B39),"") -> 0 | G39: =IFERROR(ROUNDDOWN(SUM($F$40:$F$43)/$B$35,0),"") -> 0 | H39: =IFERROR(SUM($F$40:$F$43)-($G$39*$B$35),"") -> 0
A40: VV53 (주)지에스리테일송파일배 | B40: =$B$4 -> 36 | C40: =IFERROR(VLOOKUP(A40,#REF!,2,FALSE),0) -> 0 | D40: =IFERROR(ROUNDDOWN(C40/B40,0),"") -> 0 | E40: 송파 | F40: =IFERROR(C40-(D40*B40),"") -> 0
A41: VV55 (주)지에스리테일송파2일배 | B41: =$B$4 -> 36 | C41: =IFERROR(VLOOKUP(A41,#REF!,2,FALSE),0) -> 0 | D41: =IFERROR(ROUNDDOWN(C41/B41,0),"") -> 0 | E41: 송파2 | F41: =IFERROR(C41-(D41*B41),"") -> 0
A42: VV93 (주)지에스리테일곤지암센터 | B42: =$B$4 -> 36 | C42: =IFERROR(VLOOKUP(A42,#REF!,2,FALSE),0) -> 0 | D42: =IFERROR(ROUNDDOWN(C42/B42,0),"") -> 0 | E42: 곤지암 | F42: =IFERROR(C42-(D42*B42),"") -> 0
A43: VV94 (주)지에스리테일곤지암2센 | B43: =$B$4 -> 36 | C43: =IFERROR(VLOOKUP(A43,#REF!,2,FALSE),0) -> 0 | D43: =IFERROR(ROUNDDOWN(C43/B43,0),"") -> 0 | E43: 곤지암2 | F43: =IFERROR(C43-(D43*B43),"") -> 0
A45: B구역 합계 | B45: =B4 -> 36 | C45: =SUM(C24:C43) -> 0 | D45: =IFERROR(ROUNDDOWN(C45/B45,0),"") -> 0 | F45: =IFERROR(C45-(D45*B45),"") -> 0
A47: 총합계 | B47: =B4 -> 36 | C47: =C22+C45 -> 0 | D47: =IFERROR(ROUNDDOWN(C47/B47,0),"") -> 0 | F47: =IFERROR(C47-(D47*B47),"") -> 0 | G47: 소분박스 | H47: 소분낱개
A48: 총 박스 수량 / 총 낱개 수량 | B48: □ | D48: =SUM(D4:D20,D24:D43) -> 0 | F48: =SUM(F4:F20,F24:F43) -> 0 | G48: =IFERROR(ROUNDDOWN(F48/B4,0),"") -> 0 | H48: =IFERROR(F48-(G48*B4),"") -> 0
G49: 김하나 | H49: □

Sheet 2300원굿딜)매콤불고기2
A1: 고기
A2: =TODAY() -> 46309 | B2: 대신 □ | G2: 박스 | H2: 낱개
A3: 행 레이블 | B3: 입수 | C3: 2300원굿딜)매콤불고기2 | D3: 박스 | E3: 센터명 | F3: 낱개
A4: VV57 (주)지에스리테일김해일배 | B4: 36 | C4: =IFERROR(VLOOKUP(A4,#REF!,3,FALSE),0) -> 0 | D4: =IFERROR(ROUNDDOWN(C4/B4,0),"") -> 0 | E4: 김해 | F4: =IFERROR(C4-(D4*B4),"") -> 0
A5: VV58 (주)지에스리테일김해2일배 | B5: =$B$4 -> 36 | C5: =IFERROR(VLOOKUP(A5,#REF!,3,FALSE),0) -> 0 | D5: =IFERROR(ROUNDDOWN(C5/B5,0),"") -> 0 | E5: 김해2 | F5: =IFERROR(C5-(D5*B5),"") -> 0 | G5: =IFERROR(ROUNDDOWN(SUM($F$6:$F$14,$F$18:$F$43)/$B$4,0),"") -> 0 | H5: =IFERROR(SUM($F$6:$F$14,F18:F43)-($G$5*$B$4),"") -> 0
A6: VV25 (주)지에스리테일진주일배 | B6: =$B$4 -> 36 | C6: =IFERROR(VLOOKUP(A6,#REF!,3,FALSE),0) -> 0 | D6: =IFERROR(ROUNDDOWN(C6/B6,0),"") -> 0 | E6: 진주 | F6: =IFERROR(C6-(D6*B6),"") -> 0
A7: VV20 (주)지에스리테일(해인CVS) | B7: =$B$4 -> 36 | C7: =IFERROR(VLOOKUP(A7,#REF!,3,FALSE),0) -> 0 | D7: =IFERROR(ROUNDDOWN(C7/B7,0),"") -> 0 | E7: CVS | F7: =IFERROR(C7-(D7*B7),"") -> 0
A8: VV92 (주)지에스리테일신제주저온 | B8: =$B$4 -> 36 | C8: =IFERROR(VLOOKUP(A8,#REF!,3,FALSE),0) -> 0 | D8: =IFERROR(ROUNDDOWN(C8/B8,0),"") -> 0 | E8: 신제주 | F8: =IFERROR(C8-(D8*B8),"") -> 0 | G8: =IFERROR(ROUNDDOWN(SUM($F$9:$F$14,$F$18:$F$43)/$B$4,0),"") -> 0 | H8: =IFERROR(SUM($F$9:$F$14,F18:F43)-($G8*$B$4),"") -> 0
A9: VV95 (주)지에스리테일신광주저온 | B9: =$B$4 -> 36 | C9: =IFERROR(VLOOKUP(A9,#REF!,3,FALSE),0) -> 0 | D9: =IFERROR(ROUNDDOWN(C9/B9,0),"") -> 0 | E9: 신광주 | F9: =IFERROR(C9-(D9*B9),"") -> 0
A10: VV96 (주)지에스리테일신광주2저 | B10: =$B$4 -> 36 | C10: =IFERROR(VLOOKUP(A10,#REF!,3,FALSE),0) -> 0 | D10: =IFERROR(ROUNDDOWN(C10/B10,0),"") -> 0 | E10: 신광주2 | F10: =IFERROR(C10-(D10*B10),"") -> 0
A11: VV65 ㈜지에스리테일익산일배 | B11: =$B$4 -> 36 | C11: =IFERROR(VLOOKUP(A11,#REF!,3,FALSE),0) -> 0 | D11: =IFERROR(ROUNDDOWN(C11/B11,0),"") -> 0 | E11: 익산 | F11: =IFERROR(C11-(D11*B11),"") -> 0 | G11: =IFERROR(ROUNDDOWN(SUM($F$12:$F$14,F18:F43)/$B$4,0),"") -> 0 | H11: =IFERROR(SUM($F$12:$F$14,F18:F43)-($G$11*$B$4),"") -> 0
A12: VV83 지에스리테일경산저온 | B12: =$B$4 -> 36 | C12: =IFERROR(VLOOKUP(A12,#REF!,3,FALSE),0) -> 0 | D12: =IFERROR(ROUNDDOWN(C12/B12,0),"") -> 0 | E12: 경산 | F12: =IFERROR(C12-(D12*B12),"") -> 0
A13: VV84 ㈜지에스리테일경산2저온 | B13: =$B$4 -> 36 | C13: =IFERROR(VLOOKUP(A13,#REF!,3,FALSE),0) -> 0 | D13: =IFERROR(ROUNDDOWN(C13/B13,0),"") -> 0 | E13: 경산2 | F13: =IFERROR(C13-(D13*B13),"") -> 0
A14: VV97 (주)지에스리테일경산3저온 | B14: =$B$4 -> 36 | C14: =IFERROR(VLOOKUP(A14,#REF!,3,FALSE),0) -> 0 | D14: =IFERROR(ROUNDDOWN(C14/B14,0),"") -> 0 | E14: 경산3 | F14: =IFERROR(C14-(D14*B14),"") -> 0 | G14: =IFERROR(ROUNDDOWN(SUM($F$18:$F$43)/$B$4,0),"") -> 0 | H14: =IFERROR(SUM($F$18:$F$43)-($G$14*$B$4),"") -> 0
A16: A구역 합계 | B16: =B4 -> 36 | C16: =SUM($C$4:$C$14) -> 0 | D16: =IFERROR(ROUNDDOWN(C16/B16,0),"") -> 0 | F16: =IFERROR(C16-(D16*B16),"") -> 0
A18: VV34 (주)지에스리테일청주일배 | B18: =$B$4 -> 36 | C18: =IFERROR(VLOOKUP(A18,#REF!,3,FALSE),0) -> 0 | D18: =IFERROR(ROUNDDOWN(C18/B18,0),"") -> 0 | E18: 청주 | F18: =IFERROR(C18-(D18*B18),"") -> 0
A19: VV04 (주)지에스리테일공주일배 | B19: =$B$4 -> 36 | C19: =IFERROR(VLOOKUP(A19,#REF!,3,FALSE),0) -> 0 | D19: =IFERROR(ROUNDDOWN(C19/B19,0),"") -> 0 | E19: 공주 | F19: =IFERROR(C19-(D19*B19),"") -> 0
A20: VV75 (주)지에스리테일공주2일배 | B20: =$B$4 -> 36 | C20: =IFERROR(VLOOKUP(A20,#REF!,3,FALSE),0) -> 0 | D20: =IFERROR(ROUNDDOWN(C20/B20,0),"") -> 0 | E20: 공주2 | F20: =IFERROR(C20-(D20*B20),"") -> 0 | G20: =IFERROR(ROUNDDOWN(SUM($F$21:$F$43)/$B$4,0),"") -> 0 | H20: =IFERROR(SUM($F$21:$F$43)-($G$20*$B$19),"") -> 0
A21: VV17 (주)지에스리테일발안일배 | B21: =$B$4 -> 36 | C21: =IFERROR(VLOOKUP(A21,#REF!,3,FALSE),0) -> 0 | D21: =IFERROR(ROUNDDOWN(C21/B21,0),"") -> 0 | E21: 발안 | F21: =IFERROR(C21-(D21*B21),"") -> 0
A22: VV71 (주)지에스리테일발안2일배 | B22: =$B$4 -> 36 | C22: =IFERROR(VLOOKUP(A22,#REF!,3,FALSE),0) -> 0 | D22: =IFERROR(ROUNDDOWN(C22/B22,0),"") -> 0 | E22: 발안2 | F22: =IFERROR(C22-(D22*B22),"") -> 0
A23: VV03 (주)지에스리테일(아신A) | B23: =$B$4 -> 36 | C23: =IFERROR(VLOOKUP(A23,#REF!,3,FALSE),0) -> 0 | D23: =IFERROR(ROUNDDOWN(C23/B23,0),"") -> 0 | E23: 아신A | F23: =IFERROR(C23-(D23*B23),"") -> 0 | G23: =IFERROR(ROUNDDOWN(SUM($F$24:$F$43)/$B$4,0),"") -> 0 | H23: =IFERROR(SUM($F$24:$F$43)-($G$23*$B$23),"") -> 0
A24: VV85 지에스리테일신오산1저온 | B24: =$B$4 -> 36 | C24: =IFERROR(VLOOKUP(A24,#REF!,3,FALSE),0) -> 0 | D24: =IFERROR(ROUNDDOWN(C24/B24,0),"") -> 0 | E24: 신오산1 | F24: =IFERROR(C24-(D24*B24),"") -> 0
A25: VV86 지에스리테일신오산2저온 | B25: =$B$4 -> 36 | C25: =IFERROR(VLOOKUP(A25,#REF!,3,FALSE),0) -> 0 | D25: =IFERROR(ROUNDDOWN(C25/B25,0),"") -> 0 | E25: 신오산2 | F25: =IFERROR(C25-(D25*B25),"") -> 0
A26: VV87 지에스리테일신오산3저온 | B26: =$B$4 -> 36 | C26: =IFERROR(VLOOKUP(A26,#REF!,3,FALSE),0) -> 0 | D26: =IFERROR(ROUNDDOWN(C26/B26,0),"") -> 0 | E26: 신오산3 | F26: =IFERROR(C26-(D26*B26),"") -> 0 | G26: =IFERROR(ROUNDDOWN(SUM($F$27:$F$43)/$B$4,0),"") -> 0 | H26: =IFERROR(SUM($F$27:$F$43)-($G$26*$B$28),"") -> 0
A27: VV16 (주)지에스리테일원주일배 | B27: =$B$4 -> 36 | C27: =IFERROR(VLOOKUP(A27,#REF!,3,FALSE),0) -> 0 | D27: =IFERROR(ROUNDDOWN(C27/B27,0),"") -> 0 | E27: 원주 | F27: =IFERROR(C27-(D27*B27),"") -> 0
A28: VV69 ㈜지에스리테일강릉일배센터 | B28: =$B$4 -> 36 | C28: =IFERROR(VLOOKUP(A28,#REF!,3,FALSE),0) -> 0 | D28: =IFERROR(ROUNDDOWN(C28/B28,0),"") -> 0 | E28: 강릉 | F28: =IFERROR(C28-(D28*B28),"") -> 0
A29: VV62 (주)지에스리테일김포2일배 | B29: =$B$4 -> 36 | C29: =IFERROR(VLOOKUP(A29,#REF!,3,FALSE),0) -> 0 | D29: =IFERROR(ROUNDDOWN(C29/B29,0),"") -> 0 | E29: 김포2 | F29: =IFERROR(C29-(D29*B29),"") -> 0
A30: VV70 ㈜지에스리테일김포3일배 | B30: =$B$4 -> 36 | C30: =IFERROR(VLOOKUP(A30,#REF!,3,FALSE),0) -> 0 | D30: =IFERROR(ROUNDDOWN(C30/B30,0),"") -> 0 | E30: 김포3 | F30: =IFERROR(C30-(D30*B30),"") -> 0
A31: VV98 (주)지에스리테일고촌저온 | B31: =$B$4 -> 36 | C31: =IFERROR(VLOOKUP(A31,#REF!,3,FALSE),0) -> 0 | D31: =IFERROR(ROUNDDOWN(C31/B31,0),"") -> 0 | E31: 고촌 | F31: =IFERROR(C31-(D31*B31),"") -> 0
A32: VV99 (주)지에스리테일고촌2저온 | B32: =$B$4 -> 36 | C32: =IFERROR(VLOOKUP(A32,#REF!,3,FALSE),0) -> 0 | D32: =IFERROR(ROUNDDOWN(C32/B32,0),"") -> 0 | E32: 고촌2 | F32: =IFERROR(C32-(D32*B32),"") -> 0
A33: VV63 ㈜지에스리테일고양일배센터 | B33: =$B$4 -> 36 | C33: =IFERROR(VLOOKUP(A33,#REF!,3,FALSE),0) -> 0 | D33: =IFERROR(ROUNDDOWN(C33/B33,0),"") -> 0 | E33: 고양 | F33: =IFERROR(C33-(D33*B33),"") -> 0
A34: VV64 ㈜지에스리테일고양일배2 | B34: =$B$4 -> 36 | C34: =IFERROR(VLOOKUP(A34,#REF!,3,FALSE),0) -> 0 | D34: =IFERROR(ROUNDDOWN(C34/B34,0),"") -> 0 | E34: 고양2 | F34: =IFERROR(C34-(D34*B34),"") -> 0
A35: VV81 (주)지에스리테일고양저온3 | B35: =$B$4 -> 36 | C35: =IFERROR(VLOOKUP(A35,#REF!,3,FALSE),0) -> 0 | D35: =IFERROR(ROUNDDOWN(C35/B35,0),"") -> 0 | E35: 고양3 | F35: =IFERROR(C35-(D35*B35),"") -> 0
A36: VV90 (주)지에스리테일포천저온 | B36: =$B$4 -> 36 | C36: =IFERROR(VLOOKUP(A36,#REF!,3,FALSE),0) -> 0 | D36: =IFERROR(ROUNDDOWN(C36/B36,0),"") -> 0 | E36: 포천 | F36: =IFERROR(C36-(D36*B36),"") -> 0
A37: VV91 (주)지에스리테일포천2저온 | B37: =$B$4 -> 36 | C37: =IFERROR(VLOOKUP(A37,#REF!,3,FALSE),0) -> 0 | D37: =IFERROR(ROUNDDOWN(C37/B37,0),"") -> 0 | E37: 포천2 | F37: =IFERROR(C37-(D37*B37),"") -> 0 | G37: =IFERROR(ROUNDDOWN(SUM($F$38:$F$43)/$B$4,0),"") -> 0 | H37: =IFERROR(SUM($F$38:$F$43)-($G$37*$B$28),"") -> 0
A38: VV66 지에스리테일인천도화일배 | B38: =$B$4 -> 36 | C38: =IFERROR(VLOOKUP(A38,#REF!,3,FALSE),0) -> 0 | D38: =IFERROR(ROUNDDOWN(C38/B38,0),"") -> 0 | E38: 도화 | F38: =IFERROR(C38-(D38*B38),"") -> 0
A39: VV67 지에스리테일인천도화2일배 | B39: =$B$4 -> 36 | C39: =IFERROR(VLOOKUP(A39,#REF!,3,FALSE),0) -> 0 | D39: =IFERROR(ROUNDDOWN(C39/B39,0),"") -> 0 | E39: 도화2 | F39: =IFERROR(C39-(D39*B39),"") -> 0
A40: VV53 (주)지에스리테일송파일배 | B40: =$B$4 -> 36 | C40: =IFERROR(VLOOKUP(A40,#REF!,3,FALSE),0) -> 0 | D40: =IFERROR(ROUNDDOWN(C40/B40,0),"") -> 0 | E40: 송파 | F40: =IFERROR(C40-(D40*B40),"") -> 0
A41: VV55 (주)지에스리테일송파2일배 | B41: =$B$4 -> 36 | C41: =IFERROR(VLOOKUP(A41,#REF!,3,FALSE),0) -> 0 | D41: =IFERROR(ROUNDDOWN(C41/B41,0),"") -> 0 | E41: 송파2 | F41: =IFERROR(C41-(D41*B41),"") -> 0
A42: VV93 (주)지에스리테일곤지암센터 | B42: =$B$4 -> 36 | C42: =IFERROR(VLOOKUP(A42,#REF!,3,FALSE),0) -> 0 | D42: =IFERROR(ROUNDDOWN(C42/B42,0),"") -> 0 | E42: 곤지암 | F42: =IFERROR(C42-(D42*B42),"") -> 0
A43: VV94 (주)지에스리테일곤지암2센 | B43: =$B$4 -> 36 | C43: =IFERROR(VLOOKUP(A43,#REF!,3,FALSE),0) -> 0 | D43: =IFERROR(ROUNDDOWN(C43/B43,0),"") -> 0 | E43: 곤지암2 | F43: =IFERROR(C43-(D43*B43),"") -> 0
A45: B구역 합계 | B45: =B20 -> 36 | C45: =SUM($C$18:$C$43) -> 0 | D45: =IFERROR(ROUNDDOWN(C45/B45,0),"") -> 0 | F45: =IFERROR(C45-(D45*B45),"") -> 0
A47: 총합계 | B47: =B27 -> 36 | C47: =SUM($C$16,$C$45) -> 0 | D47: =IFERROR(ROUNDDOWN(C47/B47,0),"") -> 0 | F47: =IFERROR(C47-(D47*B47),"") -> 0 | G47: 소분박스 | H47: 소분낱개
A48: 총 박스 수량 / 총 낱개 수량 | B48: □ | D48: =SUM($D$4:$D$14,D18:D43) -> 0 | F48: =SUM($F$4:$F$14,$F$18:$F$43) -> 0 | G48: =IFERROR(ROUNDDOWN($F$48/$B$4,0),"") -> 0 | H48: =IFERROR($F$48-($G$48*$B$4),"") -> 0
G49: 김하나 | H49: □

Sheet 2300원굿딜)불갈비버거1
A1: 고기
A2: =TODAY() -> 46309 | B2: 대신 □ | G2: 박스 | H2: 낱개
A3: 행 레이블 | B3: 입수 | C3: 2300원굿딜)불갈비버거1 | D3: 박스 | E3: 센터명 | F3: 낱개
A4: VV16 (주)지에스리테일원주일배 | B4: 36 | C4: =IFERROR(VLOOKUP(A4,#REF!,4,FALSE),0) -> 0 | D4: =IFERROR(ROUNDDOWN(C4/B4,0),"") -> 0 | E4: 원주 | F4: =IFERROR(C4-(D4*B4),"") -> 0
A5: VV69 ㈜지에스리테일강릉일배센터 | B5: =$B$4 -> 36 | C5: =IFERROR(VLOOKUP(A5,#REF!,4,FALSE),0) -> 0 | D5: =IFERROR(ROUNDDOWN(C5/B5,0),"") -> 0 | E5: 강릉 | F5: =IFERROR(C5-(D5*B5),"") -> 0 | G5: =IFERROR(ROUNDDOWN(SUM($F$6:$F$20,F24:F43)/$B$12,0),"") -> 0 | H5: =IFERROR(SUM(F6:F20,F24:F43)-(G5*B6),"") -> 0
A6: VV57 (주)지에스리테일김해일배 | B6: =$B$4 -> 36 | C6: =IFERROR(VLOOKUP(A6,#REF!,4,FALSE),0) -> 0 | D6: =IFERROR(ROUNDDOWN(C6/B6,0),"") -> 0 | E6: 김해 | F6: =IFERROR(C6-(D6*B6),"") -> 0
A7: VV58 (주)지에스리테일김해2일배 | B7: =$B$4 -> 36 | C7: =IFERROR(VLOOKUP(A7,#REF!,4,FALSE),0) -> 0 | D7: =IFERROR(ROUNDDOWN(C7/B7,0),"") -> 0 | E7: 김해2 | F7: =IFERROR(C7-(D7*B7),"") -> 0
A8: VV25 (주)지에스리테일진주일배 | B8: =$B$4 -> 36 | C8: =IFERROR(VLOOKUP(A8,#REF!,4,FALSE),0) -> 0 | D8: =IFERROR(ROUNDDOWN(C8/B8,0),"") -> 0 | E8: 진주 | F8: =IFERROR(C8-(D8*B8),"") -> 0
A9: VV20 (주)지에스리테일(해인CVS) | B9: =$B$4 -> 36 | C9: =IFERROR(VLOOKUP(A9,#REF!,4,FALSE),0) -> 0 | D9: =IFERROR(ROUNDDOWN(C9/B9,0),"") -> 0 | E9: CVS | F9: =IFERROR(C9-(D9*B9),"") -> 0
A10: VV92 (주)지에스리테일신제주저온 | B10: =$B$4 -> 36 | C10: =IFERROR(VLOOKUP(A10,#REF!,4,FALSE),0) -> 0 | D10: =IFERROR(ROUNDDOWN(C10/B10,0),"") -> 0 | E10: 신제주 | F10: =IFERROR(C10-(D10*B10),"") -> 0
A11: VV95 (주)지에스리테일신광주저온 | B11: =$B$4 -> 36 | C11: =IFERROR(VLOOKUP(A11,#REF!,4,FALSE),0) -> 0 | D11: =IFERROR(ROUNDDOWN(C11/B11,0),"") -> 0 | E11: 신광주 | F11: =IFERROR(C11-(D11*B11),"") -> 0
A12: VV96 (주)지에스리테일신광주2저 | B12: =$B$4 -> 36 | C12: =IFERROR(VLOOKUP(A12,#REF!,4,FALSE),0) -> 0 | D12: =IFERROR(ROUNDDOWN(C12/B12,0),"") -> 0 | E12: 신광주2 | F12: =IFERROR(C12-(D12*B12),"") -> 0 | G12: =IFERROR(ROUNDDOWN(SUM($F$13:$F$20,F24:F43)/$B$12,0),"") -> 0 | H12: =IFERROR(SUM(F13:F20,F24:F43)-(G12*B13),"") -> 0
A13: VV83 지에스리테일경산저온 | B13: =$B$4 -> 36 | C13: =IFERROR(VLOOKUP(A13,#REF!,4,FALSE),0) -> 0 | D13: =IFERROR(ROUNDDOWN(C13/B13,0),"") -> 0 | E13: 경산 | F13: =IFERROR(C13-(D13*B13),"") -> 0
A14: VV84 ㈜지에스리테일경산2저온 | B14: =$B$4 -> 36 | C14: =IFERROR(VLOOKUP(A14,#REF!,4,FALSE),0) -> 0 | D14: =IFERROR(ROUNDDOWN(C14/B14,0),"") -> 0 | E14: 경산2 | F14: =IFERROR(C14-(D14*B14),"") -> 0
A15: VV97 (주)지에스리테일경산3저온 | B15: =$B$4 -> 36 | C15: =IFERROR(VLOOKUP(A15,#REF!,4,FALSE),0) -> 0 | D15: =IFERROR(ROUNDDOWN(C15/B15,0),"") -> 0 | E15: 경산3 | F15: =IFERROR(C15-(D15*B15),"") -> 0
A16: VV65 ㈜지에스리테일익산일배 | B16: =$B$4 -> 36 | C16: =IFERROR(VLOOKUP(A16,#REF!,4,FALSE),0) -> 0 | D16: =IFERROR(ROUNDDOWN(C16/B16,0),"") -> 0 | E16: 익산 | F16: =IFERROR(C16-(D16*B16),"") -> 0
A17: VV04 (주)지에스리테일공주일배 | B17: =$B$4 -> 36 | C17: =IFERROR(VLOOKUP(A17,#REF!,4,FALSE),0) -> 0 | D17: =IFERROR(ROUNDDOWN(C17/B17,0),"") -> 0 | E17: 공주 | F17: =IFERROR(C17-(D17*B17),"") -> 0
A18: VV75 (주)지에스리테일공주2일배 | B18: =$B$4 -> 36 | C18: =IFERROR(VLOOKUP(A18,#REF!,4,FALSE),0) -> 0 | D18: =IFERROR(ROUNDDOWN(C18/B18,0),"") -> 0 | E18: 공주2 | F18: =IFERROR(C18-(D18*B18),"") -> 0
A19: VV34 (주)지에스리테일청주일배 | B19: =$B$4 -> 36 | C19: =IFERROR(VLOOKUP(A19,#REF!,4,FALSE),0) -> 0 | D19: =IFERROR(ROUNDDOWN(C19/B19,0),"") -> 0 | E19: 청주 | F19: =IFERROR(C19-(D19*B19),"") -> 0
A20: VV03 (주)지에스리테일(아신A) | B20: =$B$4 -> 36 | C20: =IFERROR(VLOOKUP(A20,#REF!,4,FALSE),0) -> 0 | D20: =IFERROR(ROUNDDOWN(C20/B20,0),"") -> 0 | E20: 아신A | F20: =IFERROR(C20-(D20*B20),"") -> 0 | G20: =IFERROR(ROUNDDOWN(SUM(F24:F43)/$B$18,0),"") -> 0 | H20: =IFERROR(SUM(F24:F43)-(G20*B20),"") -> 0
A22: A구역 합계 | B22: =B4 -> 36 | C22: =SUM(C4:C21) -> 0 | D22: =IFERROR(ROUNDDOWN(C22/B22,0),"") -> 0 | F22: =IFERROR(C22-(D22*B22),"") -> 0
A24: VV63 ㈜지에스리테일고양일배센터 | B24: =$B$4 -> 36 | C24: =IFERROR(VLOOKUP(A24,#REF!,4,FALSE),0) -> 0 | D24: =IFERROR(ROUNDDOWN(C24/B24,0),"") -> 0 | E24: 고양 | F24: =IFERROR(C24-(D24*B24),"") -> 0
A25: VV64 ㈜지에스리테일고양일배2 | B25: =$B$4 -> 36 | C25: =IFERROR(VLOOKUP(A25,#REF!,4,FALSE),0) -> 0 | D25: =IFERROR(ROUNDDOWN(C25/B25,0),"") -> 0 | E25: 고양2 | F25: =IFERROR(C25-(D25*B25),"") -> 0
A26: VV81 (주)지에스리테일고양저온3 | B26: =$B$4 -> 36 | C26: =IFERROR(VLOOKUP(A26,#REF!,4,FALSE),0) -> 0 | D26: =IFERROR(ROUNDDOWN(C26/B26,0),"") -> 0 | E26: 고양3 | F26: =IFERROR(C26-(D26*B26),"") -> 0
A27: VV62 (주)지에스리테일김포2일배 | B27: =$B$4 -> 36 | C27: =IFERROR(VLOOKUP(A27,#REF!,4,FALSE),0) -> 0 | D27: =IFERROR(ROUNDDOWN(C27/B27,0),"") -> 0 | E27: 김포2 | F27: =IFERROR(C27-(D27*B27),"") -> 0
A28: VV70 ㈜지에스리테일김포3일배 | B28: =$B$4 -> 36 | C28: =IFERROR(VLOOKUP(A28,#REF!,4,FALSE),0) -> 0 | D28: =IFERROR(ROUNDDOWN(C28/B28,0),"") -> 0 | E28: 김포3 | F28: =IFERROR(C28-(D28*B28),"") -> 0 | G28: =IFERROR(ROUNDDOWN(SUM($F$29:$F$43)/$B$29,0),"") -> 0 | H28: =IFERROR(SUM(F29:F43)-(G28*B28),"") -> 0
A29: VV98 (주)지에스리테일고촌저온 | B29: =$B$4 -> 36 | C29: =IFERROR(VLOOKUP(A29,#REF!,4,FALSE),0) -> 0 | D29: =IFERROR(ROUNDDOWN(C29/B29,0),"") -> 0 | E29: 고촌 | F29: =IFERROR(C29-(D29*B29),"") -> 0
A30: VV99 (주)지에스리테일고촌2저온 | B30: =$B$4 -> 36 | C30: =IFERROR(VLOOKUP(A30,#REF!,4,FALSE),0) -> 0 | D30: =IFERROR(ROUNDDOWN(C30/B30,0),"") -> 0 | E30: 고촌2 | F30: =IFERROR(C30-(D30*B30),"") -> 0
A31: VV90 (주)지에스리테일포천저온 | B31: =$B$4 -> 36 | C31: =IFERROR(VLOOKUP(A31,#REF!,4,FALSE),0) -> 0 | D31: =IFERROR(ROUNDDOWN(C31/B31,0),"") -> 0 | E31: 포천 | F31: =IFERROR(C31-(D31*B31),"") -> 0
A32: VV91 (주)지에스리테일포천2저온 | B32: =$B$4 -> 36 | C32: =IFERROR(VLOOKUP(A32,#REF!,4,FALSE),0) -> 0 | D32: =IFERROR(ROUNDDOWN(C32/B32,0),"") -> 0 | E32: 포천2 | F32: =IFERROR(C32-(D32*B32),"") -> 0
A33: VV66 지에스리테일인천도화일배 | B33: =$B$4 -> 36 | C33: =IFERROR(VLOOKUP(A33,#REF!,4,FALSE),0) -> 0 | D33: =IFERROR(ROUNDDOWN(C33/B33,0),"") -> 0 | E33: 도화 | F33: =IFERROR(C33-(D33*B33),"") -> 0
A34: VV67 지에스리테일인천도화2일배 | B34: =$B$4 -> 36 | C34: =IFERROR(VLOOKUP(A34,#REF!,4,FALSE),0) -> 0 | D34: =IFERROR(ROUNDDOWN(C34/B34,0),"") -> 0 | E34: 도화2 | F34: =IFERROR(C34-(D34*B34),"") -> 0 | G34: =IFERROR(ROUNDDOWN(SUM($F$35:$F$43)/$B$35,0),"") -> 0 | H34: =IFERROR(SUM($F$35:$F$43)-($G$34*$B$35),"") -> 0
A35: VV17 (주)지에스리테일발안일배 | B35: =$B$4 -> 36 | C35: =IFERROR(VLOOKUP(A35,#REF!,4,FALSE),0) -> 0 | D35: =IFERROR(ROUNDDOWN(C35/B35,0),"") -> 0 | E35: 발안 | F35: =IFERROR(C35-(D35*B35),"") -> 0
A36: VV71 (주)지에스리테일발안2일배 | B36: =$B$4 -> 36 | C36: =IFERROR(VLOOKUP(A36,#REF!,4,FALSE),0) -> 0 | D36: =IFERROR(ROUNDDOWN(C36/B36,0),"") -> 0 | E36: 발안2 | F36: =IFERROR(C36-(D36*B36),"") -> 0
A37: VV85 지에스리테일신오산1저온 | B37: =$B$4 -> 36 | C37: =IFERROR(VLOOKUP(A37,#REF!,4,FALSE),0) -> 0 | D37: =IFERROR(ROUNDDOWN(C37/B37,0),"") -> 0 | E37: 신오산1 | F37: =IFERROR(C37-(D37*B37),"") -> 0
A38: VV86 지에스리테일신오산2저온 | B38: =$B$4 -> 36 | C38: =IFERROR(VLOOKUP(A38,#REF!,4,FALSE),0) -> 0 | D38: =IFERROR(ROUNDDOWN(C38/B38,0),"") -> 0 | E38: 신오산2 | F38: =IFERROR(C38-(D38*B38),"") -> 0
A39: VV87 지에스리테일신오산3저온 | B39: =$B$4 -> 36 | C39: =IFERROR(VLOOKUP(A39,#REF!,4,FALSE),0) -> 0 | D39: =IFERROR(ROUNDDOWN(C39/B39,0),"") -> 0 | E39: 신오산3 | F39: =IFERROR(C39-(D39*B39),"") -> 0 | G39: =IFERROR(ROUNDDOWN(SUM($F$40:$F$43)/$B$35,0),"") -> 0 | H39: =IFERROR(SUM($F$40:$F$43)-($G$39*$B$35),"") -> 0
A40: VV53 (주)지에스리테일송파일배 | B40: =$B$4 -> 36 | C40: =IFERROR(VLOOKUP(A40,#REF!,4,FALSE),0) -> 0 | D40: =IFERROR(ROUNDDOWN(C40/B40,0),"") -> 0 | E40: 송파 | F40: =IFERROR(C40-(D40*B40),"") -> 0
A41: VV55 (주)지에스리테일송파2일배 | B41: =$B$4 -> 36 | C41: =IFERROR(VLOOKUP(A41,#REF!,4,FALSE),0) -> 0 | D41: =IFERROR(ROUNDDOWN(C41/B41,0),"") -> 0 | E41: 송파2 | F41: =IFERROR(C41-(D41*B41),"") -> 0
A42: VV93 (주)지에스리테일곤지암센터 | B42: =$B$4 -> 36 | C42: =IFERROR(VLOOKUP(A42,#REF!,4,FALSE),0) -> 0 | D42: =IFERROR(ROUNDDOWN(C42/B42,0),"") -> 0 | E42: 곤지암 | F42: =IFERROR(C42-(D42*B42),"") -> 0
A43: VV94 (주)지에스리테일곤지암2센 | B43: =$B$4 -> 36 | C43: =IFERROR(VLOOKUP(A43,#REF!,4,FALSE),0) -> 0 | D43: =IFERROR(ROUNDDOWN(C43/B43,0),"") -> 0 | E43: 곤지암2 | F43: =IFERROR(C43-(D43*B43),"") -> 0
A45: B구역 합계 | B45: =B4 -> 36 | C45: =SUM(C24:C43) -> 0 | D45: =IFERROR(ROUNDDOWN(C45/B45,0),"") -> 0 | F45: =IFERROR(C45-(D45*B45),"") -> 0
A47: 총합계 | B47: =B4 -> 36 | C47: =C22+C45 -> 0 | D47: =IFERROR(ROUNDDOWN(C47/B47,0),"") -> 0 | F47: =IFERROR(C47-(D47*B47),"") -> 0 | G47: 소분박스 | H47: 소분낱개
A48: 총 박스 수량 / 총 낱개 수량 | B48: □ | D48: =SUM(D4:D20,D24:D43) -> 0 | F48: =SUM(F4:F20,F24:F43) -> 0 | G48: =IFERROR(ROUNDDOWN(F48/B4,0),"") -> 0 | H48: =IFERROR(F48-(G48*B4),"") -> 0
G49: 김하나 | H49: □

Sheet 2300원굿딜)불갈비버거2
A1: 고기
A2: =TODAY() -> 46309 | B2: 대신 □ | G2: 박스 | H2: 낱개
A3: 행 레이블 | B3: 입수 | C3: 2300원굿딜)불갈비버거2 | D3: 박스 | E3: 센터명 | F3: 낱개
A4: VV57 (주)지에스리테일김해일배 | B4: 36 | C4: =IFERROR(VLOOKUP(A4,#REF!,5,FALSE),0) -> 0 | D4: =IFERROR(ROUNDDOWN(C4/B4,0),"") -> 0 | E4: 김해 | F4: =IFERROR(C4-(D4*B4),"") -> 0
A5: VV58 (주)지에스리테일김해2일배 | B5: =$B$4 -> 36 | C5: =IFERROR(VLOOKUP(A5,#REF!,5,FALSE),0) -> 0 | D5: =IFERROR(ROUNDDOWN(C5/B5,0),"") -> 0 | E5: 김해2 | F5: =IFERROR(C5-(D5*B5),"") -> 0 | G5: =IFERROR(ROUNDDOWN(SUM($F$6:$F$14,$F$18:$F$43)/$B$4,0),"") -> 0 | H5: =IFERROR(SUM($F$6:$F$14,F18:F43)-($G$5*$B$4),"") -> 0
A6: VV25 (주)지에스리테일진주일배 | B6: =$B$4 -> 36 | C6: =IFERROR(VLOOKUP(A6,#REF!,5,FALSE),0) -> 0 | D6: =IFERROR(ROUNDDOWN(C6/B6,0),"") -> 0 | E6: 진주 | F6: =IFERROR(C6-(D6*B6),"") -> 0
A7: VV20 (주)지에스리테일(해인CVS) | B7: =$B$4 -> 36 | C7: =IFERROR(VLOOKUP(A7,#REF!,5,FALSE),0) -> 0 | D7: =IFERROR(ROUNDDOWN(C7/B7,0),"") -> 0 | E7: CVS | F7: =IFERROR(C7-(D7*B7),"") -> 0
A8: VV92 (주)지에스리테일신제주저온 | B8: =$B$4 -> 36 | C8: =IFERROR(VLOOKUP(A8,#REF!,5,FALSE),0) -> 0 | D8: =IFERROR(ROUNDDOWN(C8/B8,0),"") -> 0 | E8: 신제주 | F8: =IFERROR(C8-(D8*B8),"") -> 0 | G8: =IFERROR(ROUNDDOWN(SUM($F$9:$F$14,$F$18:$F$43)/$B$4,0),"") -> 0 | H8: =IFERROR(SUM($F$9:$F$14,F18:F43)-($G8*$B$4),"") -> 0
A9: VV95 (주)지에스리테일신광주저온 | B9: =$B$4 -> 36 | C9: =IFERROR(VLOOKUP(A9,#REF!,5,FALSE),0) -> 0 | D9: =IFERROR(ROUNDDOWN(C9/B9,0),"") -> 0 | E9: 신광주 | F9: =IFERROR(C9-(D9*B9),"") -> 0
A10: VV96 (주)지에스리테일신광주2저 | B10: =$B$4 -> 36 | C10: =IFERROR(VLOOKUP(A10,#REF!,5,FALSE),0) -> 0 | D10: =IFERROR(ROUNDDOWN(C10/B10,0),"") -> 0 | E10: 신광주2 | F10: =IFERROR(C10-(D10*B10),"") -> 0
A11: VV65 ㈜지에스리테일익산일배 | B11: =$B$4 -> 36 | C11: =IFERROR(VLOOKUP(A11,#REF!,5,FALSE),0) -> 0 | D11: =IFERROR(ROUNDDOWN(C11/B11,0),"") -> 0 | E11: 익산 | F11: =IFERROR(C11-(D11*B11),"") -> 0 | G11: =IFERROR(ROUNDDOWN(SUM($F$12:$F$14,F18:F43)/$B$4,0),"") -> 0 | H11: =IFERROR(SUM($F$12:$F$14,F18:F43)-($G$11*$B$4),"") -> 0
A12: VV83 지에스리테일경산저온 | B12: =$B$4 -> 36 | C12: =IFERROR(VLOOKUP(A12,#REF!,5,FALSE),0) -> 0 | D12: =IFERROR(ROUNDDOWN(C12/B12,0),"") -> 0 | E12: 경산 | F12: =IFERROR(C12-(D12*B12),"") -> 0
A13: VV84 ㈜지에스리테일경산2저온 | B13: =$B$4 -> 36 | C13: =IFERROR(VLOOKUP(A13,#REF!,5,FALSE),0) -> 0 | D13: =IFERROR(ROUNDDOWN(C13/B13,0),"") -> 0 | E13: 경산2 | F13: =IFERROR(C13-(D13*B13),"") -> 0
A14: VV97 (주)지에스리테일경산3저온 | B14: =$B$4 -> 36 | C14: =IFERROR(VLOOKUP(A14,#REF!,5,FALSE),0) -> 0 | D14: =IFERROR(ROUNDDOWN(C14/B14,0),"") -> 0 | E14: 경산3 | F14: =IFERROR(C14-(D14*B14),"") -> 0 | G14: =IFERROR(ROUNDDOWN(SUM($F$18:$F$43)/$B$4,0),"") -> 0 | H14: =IFERROR(SUM($F$18:$F$43)-($G$14*$B$4),"") -> 0
A16: A구역 합계 | B16: =B4 -> 36 | C16: =SUM($C$4:$C$14) -> 0 | D16: =IFERROR(ROUNDDOWN(C16/B16,0),"") -> 0 | F16: =IFERROR(C16-(D16*B16),"") -> 0
A18: VV34 (주)지에스리테일청주일배 | B18: =$B$4 -> 36 | C18: =IFERROR(VLOOKUP(A18,#REF!,5,FALSE),0) -> 0 | D18: =IFERROR(ROUNDDOWN(C18/B18,0),"") -> 0 | E18: 청주 | F18: =IFERROR(C18-(D18*B18),"") -> 0
A19: VV04 (주)지에스리테일공주일배 | B19: =$B$4 -> 36 | C19: =IFERROR(VLOOKUP(A19,#REF!,5,FALSE),0) -> 0 | D19: =IFERROR(ROUNDDOWN(C19/B19,0),"") -> 0 | E19: 공주 | F19: =IFERROR(C19-(D19*B19),"") -> 0
A20: VV75 (주)지에스리테일공주2일배 | B20: =$B$4 -> 36 | C20: =IFERROR(VLOOKUP(A20,#REF!,5,FALSE),0) -> 0 | D20: =IFERROR(ROUNDDOWN(C20/B20,0),"") -> 0 | E20: 공주2 | F20: =IFERROR(C20-(D20*B20),"") -> 0 | G20: =IFERROR(ROUNDDOWN(SUM($F$21:$F$43)/$B$4,0),"") -> 0 | H20: =IFERROR(SUM($F$21:$F$43)-($G$20*$B$19),"") -> 0
A21: VV17 (주)지에스리테일발안일배 | B21: =$B$4 -> 36 | C21: =IFERROR(VLOOKUP(A21,#REF!,5,FALSE),0) -> 0 | D21: =IFERROR(ROUNDDOWN(C21/B21,0),"") -> 0 | E21: 발안 | F21: =IFERROR(C21-(D21*B21),"") -> 0
A22: VV71 (주)지에스리테일발안2일배 | B22: =$B$4 -> 36 | C22: =IFERROR(VLOOKUP(A22,#REF!,5,FALSE),0) -> 0 | D22: =IFERROR(ROUNDDOWN(C22/B22,0),"") -> 0 | E22: 발안2 | F22: =IFERROR(C22-(D22*B22),"") -> 0
A23: VV03 (주)지에스리테일(아신A) | B23: =$B$4 -> 36 | C23: =IFERROR(VLOOKUP(A23,#REF!,5,FALSE),0) -> 0 | D23: =IFERROR(ROUNDDOWN(C23/B23,0),"") -> 0 | E23: 아신A | F23: =IFERROR(C23-(D23*B23),"") -> 0 | G23: =IFERROR(ROUNDDOWN(SUM($F$24:$F$43)/$B$4,0),"") -> 0 | H23: =IFERROR(SUM($F$24:$F$43)-($G$23*$B$23),"") -> 0
A24: VV85 지에스리테일신오산1저온 | B24: =$B$4 -> 36 | C24: =IFERROR(VLOOKUP(A24,#REF!,5,FALSE),0) -> 0 | D24: =IFERROR(ROUNDDOWN(C24/B24,0),"") -> 0 | E24: 신오산1 | F24: =IFERROR(C24-(D24*B24),"") -> 0
A25: VV86 지에스리테일신오산2저온 | B25: =$B$4 -> 36 | C25: =IFERROR(VLOOKUP(A25,#REF!,5,FALSE),0) -> 0 | D25: =IFERROR(ROUNDDOWN(C25/B25,0),"") -> 0 | E25: 신오산2 | F25: =IFERROR(C25-(D25*B25),"") -> 0
A26: VV87 지에스리테일신오산3저온 | B26: =$B$4 -> 36 | C26: =IFERROR(VLOOKUP(A26,#REF!,5,FALSE),0) -> 0 | D26: =IFERROR(ROUNDDOWN(C26/B26,0),"") -> 0 | E26: 신오산3 | F26: =IFERROR(C26-(D26*B26),"") -> 0 | G26: =IFERROR(ROUNDDOWN(SUM($F$27:$F$43)/$B$4,0),"") -> 0 | H26: =IFERROR(SUM($F$27:$F$43)-($G$26*$B$28),"") -> 0
A27: VV16 (주)지에스리테일원주일배 | B27: =$B$4 -> 36 | C27: =IFERROR(VLOOKUP(A27,#REF!,5,FALSE),0) -> 0 | D27: =IFERROR(ROUNDDOWN(C27/B27,0),"") -> 0 | E27: 원주 | F27: =IFERROR(C27-(D27*B27),"") -> 0
A28: VV69 ㈜지에스리테일강릉일배센터 | B28: =$B$4 -> 36 | C28: =IFERROR(VLOOKUP(A28,#REF!,5,FALSE),0) -> 0 | D28: =IFERROR(ROUNDDOWN(C28/B28,0),"") -> 0 | E28: 강릉 | F28: =IFERROR(C28-(D28*B28),"") -> 0
A29: VV62 (주)지에스리테일김포2일배 | B29: =$B$4 -> 36 | C29: =IFERROR(VLOOKUP(A29,#REF!,5,FALSE),0) -> 0 | D29: =IFERROR(ROUNDDOWN(C29/B29,0),"") -> 0 | E29: 김포2 | F29: =IFERROR(C29-(D29*B29),"") -> 0
A30: VV70 ㈜지에스리테일김포3일배 | B30: =$B$4 -> 36 | C30: =IFERROR(VLOOKUP(A30,#REF!,5,FALSE),0) -> 0 | D30: =IFERROR(ROUNDDOWN(C30/B30,0),"") -> 0 | E30: 김포3 | F30: =IFERROR(C30-(D30*B30),"") -> 0
A31: VV98 (주)지에스리테일고촌저온 | B31: =$B$4 -> 36 | C31: =IFERROR(VLOOKUP(A31,#REF!,5,FALSE),0) -> 0 | D31: =IFERROR(ROUNDDOWN(C31/B31,0),"") -> 0 | E31: 고촌 | F31: =IFERROR(C31-(D31*B31),"") -> 0
A32: VV99 (주)지에스리테일고촌2저온 | B32: =$B$4 -> 36 | C32: =IFERROR(VLOOKUP(A32,#REF!,5,FALSE),0) -> 0 | D32: =IFERROR(ROUNDDOWN(C32/B32,0),"") -> 0 | E32: 고촌2 | F32: =IFERROR(C32-(D32*B32),"") -> 0
A33: VV63 ㈜지에스리테일고양일배센터 | B33: =$B$4 -> 36 | C33: =IFERROR(VLOOKUP(A33,#REF!,5,FALSE),0) -> 0 | D33: =IFERROR(ROUNDDOWN(C33/B33,0),"") -> 0 | E33: 고양 | F33: =IFERROR(C33-(D33*B33),"") -> 0
A34: VV64 ㈜지에스리테일고양일배2 | B34: =$B$4 -> 36 | C34: =IFERROR(VLOOKUP(A34,#REF!,5,FALSE),0) -> 0 | D34: =IFERROR(ROUNDDOWN(C34/B34,0),"") -> 0 | E34: 고양2 | F34: =IFERROR(C34-(D34*B34),"") -> 0
A35: VV81 (주)지에스리테일고양저온3 | B35: =$B$4 -> 36 | C35: =IFERROR(VLOOKUP(A35,#REF!,5,FALSE),0) -> 0 | D35: =IFERROR(ROUNDDOWN(C35/B35,0),"") -> 0 | E35: 고양3 | F35: =IFERROR(C35-(D35*B35),"") -> 0
A36: VV90 (주)지에스리테일포천저온 | B36: =$B$4 -> 36 | C36: =IFERROR(VLOOKUP(A36,#REF!,5,FALSE),0) -> 0 | D36: =IFERROR(ROUNDDOWN(C36/B36,0),"") -> 0 | E36: 포천 | F36: =IFERROR(C36-(D36*B36),"") -> 0
A37: VV91 (주)지에스리테일포천2저온 | B37: =$B$4 -> 36 | C37: =IFERROR(VLOOKUP(A37,#REF!,5,FALSE),0) -> 0 | D37: =IFERROR(ROUNDDOWN(C37/B37,0),"") -> 0 | E37: 포천2 | F37: =IFERROR(C37-(D37*B37),"") -> 0 | G37: =IFERROR(ROUNDDOWN(SUM($F$38:$F$43)/$B$4,0),"") -> 0 | H37: =IFERROR(SUM($F$38:$F$43)-($G$37*$B$28),"") -> 0
A38: VV66 지에스리테일인천도화일배 | B38: =$B$4 -> 36 | C38: =IFERROR(VLOOKUP(A38,#REF!,5,FALSE),0) -> 0 | D38: =IFERROR(ROUNDDOWN(C38/B38,0),"") -> 0 | E38: 도화 | F38: =IFERROR(C38-(D38*B38),"") -> 0
A39: VV67 지에스리테일인천도화2일배 | B39: =$B$4 -> 36 | C39: =IFERROR(VLOOKUP(A39,#REF!,5,FALSE),0) -> 0 | D39: =IFERROR(ROUNDDOWN(C39/B39,0),"") -> 0 | E39: 도화2 | F39: =IFERROR(C39-(D39*B39),"") -> 0
A40: VV53 (주)지에스리테일송파일배 | B40: =$B$4 -> 36 | C40: =IFERROR(VLOOKUP(A40,#REF!,5,FALSE),0) -> 0 | D40: =IFERROR(ROUNDDOWN(C40/B40,0),"") -> 0 | E40: 송파 | F40: =IFERROR(C40-(D40*B40),"") -> 0
A41: VV55 (주)지에스리테일송파2일배 | B41: =$B$4 -> 36 | C41: =IFERROR(VLOOKUP(A41,#REF!,5,FALSE),0) -> 0 | D41: =IFERROR(ROUNDDOWN(C41/B41,0),"") -> 0 | E41: 송파2 | F41: =IFERROR(C41-(D41*B41),"") -> 0
A42: VV93 (주)지에스리테일곤지암센터 | B42: =$B$4 -> 36 | C42: =IFERROR(VLOOKUP(A42,#REF!,5,FALSE),0) -> 0 | D42: =IFERROR(ROUNDDOWN(C42/B42,0),"") -> 0 | E42: 곤지암 | F42: =IFERROR(C42-(D42*B42),"") -> 0
A43: VV94 (주)지에스리테일곤지암2센 | B43: =$B$4 -> 36 | C43: =IFERROR(VLOOKUP(A43,#REF!,5,FALSE),0) -> 0 | D43: =IFERROR(ROUNDDOWN(C43/B43,0),"") -> 0 | E43: 곤지암2 | F43: =IFERROR(C43-(D43*B43),"") -> 0
A45: B구역 합계 | B45: =B20 -> 36 | C45: =SUM($C$18:$C$43) -> 0 | D45: =IFERROR(ROUNDDOWN(C45/B45,0),"") -> 0 | F45: =IFERROR(C45-(D45*B45),"") -> 0
A47: 총합계 | B47: =B27 -> 36 | C47: =SUM($C$16,$C$45) -> 0 | D47: =IFERROR(ROUNDDOWN(C47/B47,0),"") -> 0 | F47: =IFERROR(C47-(D47*B47),"") -> 0 | G47: 소분박스 | H47: 소분낱개
A48: 총 박스 수량 / 총 낱개 수량 | B48: □ | D48: =SUM($D$4:$D$14,D18:D43) -> 0 | F48: =SUM($F$4:$F$14,$F$18:$F$43) -> 0 | G48: =IFERROR(ROUNDDOWN($F$48/$B$4,0),"") -> 0 | H48: =IFERROR($F$48-($G$48*$B$4),"") -> 0
G49: 김하나 | H49: □

Sheet NEW직화석쇠불고기버거1편
A1: 고기
A2: =TODAY() -> 46309 | B2: 대신 □ | G2: 박스 | H2: 낱개
A3: 행 레이블 | B3: 입수 | C3: NEW직화석쇠불고기버거1편 | D3: 박스 | E3: 센터명 | F3: 낱개
A4: VV16 (주)지에스리테일원주일배 | B4: 36 | C4: =IFERROR(VLOOKUP(A4,#REF!,6,FALSE),0) -> 0 | D4: =IFERROR(ROUNDDOWN(C4/B4,0),"") -> 0 | E4: 원주 | F4: =IFERROR(C4-(D4*B4),"") -> 0
A5: VV69 ㈜지에스리테일강릉일배센터 | B5: =$B$4 -> 36 | C5: =IFERROR(VLOOKUP(A5,#REF!,6,FALSE),0) -> 0 | D5: =IFERROR(ROUNDDOWN(C5/B5,0),"") -> 0 | E5: 강릉 | F5: =IFERROR(C5-(D5*B5),"") -> 0 | G5: =IFERROR(ROUNDDOWN(SUM($F$6:$F$20,F24:F43)/$B$12,0),"") -> 0 | H5: =IFERROR(SUM(F6:F20,F24:F43)-(G5*B6),"") -> 0
A6: VV57 (주)지에스리테일김해일배 | B6: =$B$4 -> 36 | C6: =IFERROR(VLOOKUP(A6,#REF!,6,FALSE),0) -> 0 | D6: =IFERROR(ROUNDDOWN(C6/B6,0),"") -> 0 | E6: 김해 | F6: =IFERROR(C6-(D6*B6),"") -> 0
A7: VV58 (주)지에스리테일김해2일배 | B7: =$B$4 -> 36 | C7: =IFERROR(VLOOKUP(A7,#REF!,6,FALSE),0) -> 0 | D7: =IFERROR(ROUNDDOWN(C7/B7,0),"") -> 0 | E7: 김해2 | F7: =IFERROR(C7-(D7*B7),"") -> 0
A8: VV25 (주)지에스리테일진주일배 | B8: =$B$4 -> 36 | C8: =IFERROR(VLOOKUP(A8,#REF!,6,FALSE),0) -> 0 | D8: =IFERROR(ROUNDDOWN(C8/B8,0),"") -> 0 | E8: 진주 | F8: =IFERROR(C8-(D8*B8),"") -> 0
A9: VV20 (주)지에스리테일(해인CVS) | B9: =$B$4 -> 36 | C9: =IFERROR(VLOOKUP(A9,#REF!,6,FALSE),0) -> 0 | D9: =IFERROR(ROUNDDOWN(C9/B9,0),"") -> 0 | E9: CVS | F9: =IFERROR(C9-(D9*B9),"") -> 0
A10: VV92 (주)지에스리테일신제주저온 | B10: =$B$4 -> 36 | C10: =IFERROR(VLOOKUP(A10,#REF!,6,FALSE),0) -> 0 | D10: =IFERROR(ROUNDDOWN(C10/B10,0),"") -> 0 | E10: 신제주 | F10: =IFERROR(C10-(D10*B10),"") -> 0
A11: VV95 (주)지에스리테일신광주저온 | B11: =$B$4 -> 36 | C11: =IFERROR(VLOOKUP(A11,#REF!,6,FALSE),0) -> 0 | D11: =IFERROR(ROUNDDOWN(C11/B11,0),"") -> 0 | E11: 신광주 | F11: =IFERROR(C11-(D11*B11),"") -> 0
A12: VV96 (주)지에스리테일신광주2저 | B12: =$B$4 -> 36 | C12: =IFERROR(VLOOKUP(A12,#REF!,6,FALSE),0) -> 0 | D12: =IFERROR(ROUNDDOWN(C12/B12,0),"") -> 0 | E12: 신광주2 | F12: =IFERROR(C12-(D12*B12),"") -> 0 | G12: =IFERROR(ROUNDDOWN(SUM($F$13:$F$20,F24:F43)/$B$12,0),"") -> 0 | H12: =IFERROR(SUM(F13:F20,F24:F43)-(G12*B13),"") -> 0
A13: VV83 지에스리테일경산저온 | B13: =$B$4 -> 36 | C13: =IFERROR(VLOOKUP(A13,#REF!,6,FALSE),0) -> 0 | D13: =IFERROR(ROUNDDOWN(C13/B13,0),"") -> 0 | E13: 경산 | F13: =IFERROR(C13-(D13*B13),"") -> 0
A14: VV84 ㈜지에스리테일경산2저온 | B14: =$B$4 -> 36 | C14: =IFERROR(VLOOKUP(A14,#REF!,6,FALSE),0) -> 0 | D14: =IFERROR(ROUNDDOWN(C14/B14,0),"") -> 0 | E14: 경산2 | F14: =IFERROR(C14-(D14*B14),"") -> 0
A15: VV97 (주)지에스리테일경산3저온 | B15: =$B$4 -> 36 | C15: =IFERROR(VLOOKUP(A15,#REF!,6,FALSE),0) -> 0 | D15: =IFERROR(ROUNDDOWN(C15/B15,0),"") -> 0 | E15: 경산3 | F15: =IFERROR(C15-(D15*B15),"") -> 0
A16: VV65 ㈜지에스리테일익산일배 | B16: =$B$4 -> 36 | C16: =IFERROR(VLOOKUP(A16,#REF!,6,FALSE),0) -> 0 | D16: =IFERROR(ROUNDDOWN(C16/B16,0),"") -> 0 | E16: 익산 | F16: =IFERROR(C16-(D16*B16),"") -> 0
A17: VV04 (주)지에스리테일공주일배 | B17: =$B$4 -> 36 | C17: =IFERROR(VLOOKUP(A17,#REF!,6,FALSE),0) -> 0 | D17: =IFERROR(ROUNDDOWN(C17/B17,0),"") -> 0 | E17: 공주 | F17: =IFERROR(C17-(D17*B17),"") -> 0
A18: VV75 (주)지에스리테일공주2일배 | B18: =$B$4 -> 36 | C18: =IFERROR(VLOOKUP(A18,#REF!,6,FALSE),0) -> 0 | D18: =IFERROR(ROUNDDOWN(C18/B18,0),"") -> 0 | E18: 공주2 | F18: =IFERROR(C18-(D18*B18),"") -> 0
A19: VV34 (주)지에스리테일청주일배 | B19: =$B$4 -> 36 | C19: =IFERROR(VLOOKUP(A19,#REF!,6,FALSE),0) -> 0 | D19: =IFERROR(ROUNDDOWN(C19/B19,0),"") -> 0 | E19: 청주 | F19: =IFERROR(C19-(D19*B19),"") -> 0
A20: VV03 (주)지에스리테일(아신A) | B20: =$B$4 -> 36 | C20: =IFERROR(VLOOKUP(A20,#REF!,6,FALSE),0) -> 0 | D20: =IFERROR(ROUNDDOWN(C20/B20,0),"") -> 0 | E20: 아신A | F20: =IFERROR(C20-(D20*B20),"") -> 0 | G20: =IFERROR(ROUNDDOWN(SUM(F24:F43)/$B$18,0),"") -> 0 | H20: =IFERROR(SUM(F24:F43)-(G20*B20),"") -> 0
A22: A구역 합계 | B22: =B4 -> 36 | C22: =SUM(C4:C21) -> 0 | D22: =IFERROR(ROUNDDOWN(C22/B22,0),"") -> 0 | F22: =IFERROR(C22-(D22*B22),"") -> 0
A24: VV63 ㈜지에스리테일고양일배센터 | B24: =$B$4 -> 36 | C24: =IFERROR(VLOOKUP(A24,#REF!,6,FALSE),0) -> 0 | D24: =IFERROR(ROUNDDOWN(C24/B24,0),"") -> 0 | E24: 고양 | F24: =IFERROR(C24-(D24*B24),"") -> 0
A25: VV64 ㈜지에스리테일고양일배2 | B25: =$B$4 -> 36 | C25: =IFERROR(VLOOKUP(A25,#REF!,6,FALSE),0) -> 0 | D25: =IFERROR(ROUNDDOWN(C25/B25,0),"") -> 0 | E25: 고양2 | F25: =IFERROR(C25-(D25*B25),"") -> 0
A26: VV81 (주)지에스리테일고양저온3 | B26: =$B$4 -> 36 | C26: =IFERROR(VLOOKUP(A26,#REF!,6,FALSE),0) -> 0 | D26: =IFERROR(ROUNDDOWN(C26/B26,0),"") -> 0 | E26: 고양3 | F26: =IFERROR(C26-(D26*B26),"") -> 0
A27: VV62 (주)지에스리테일김포2일배 | B27: =$B$4 -> 36 | C27: =IFERROR(VLOOKUP(A27,#REF!,6,FALSE),0) -> 0 | D27: =IFERROR(ROUNDDOWN(C27/B27,0),"") -> 0 | E27: 김포2 | F27: =IFERROR(C27-(D27*B27),"") -> 0
A28: VV70 ㈜지에스리테일김포3일배 | B28: =$B$4 -> 36 | C28: =IFERROR(VLOOKUP(A28,#REF!,6,FALSE),0) -> 0 | D28: =IFERROR(ROUNDDOWN(C28/B28,0),"") -> 0 | E28: 김포3 | F28: =IFERROR(C28-(D28*B28),"") -> 0 | G28: =IFERROR(ROUNDDOWN(SUM($F$29:$F$43)/$B$29,0),"") -> 0 | H28: =IFERROR(SUM(F29:F43)-(G28*B28),"") -> 0
A29: VV98 (주)지에스리테일고촌저온 | B29: =$B$4 -> 36 | C29: =IFERROR(VLOOKUP(A29,#REF!,6,FALSE),0) -> 0 | D29: =IFERROR(ROUNDDOWN(C29/B29,0),"") -> 0 | E29: 고촌 | F29: =IFERROR(C29-(D29*B29),"") -> 0
A30: VV99 (주)지에스리테일고촌2저온 | B30: =$B$4 -> 36 | C30: =IFERROR(VLOOKUP(A30,#REF!,6,FALSE),0) -> 0 | D30: =IFERROR(ROUNDDOWN(C30/B30,0),"") -> 0 | E30: 고촌2 | F30: =IFERROR(C30-(D30*B30),"") -> 0
A31: VV90 (주)지에스리테일포천저온 | B31: =$B$4 -> 36 | C31: =IFERROR(VLOOKUP(A31,#REF!,6,FALSE),0) -> 0 | D31: =IFERROR(ROUNDDOWN(C31/B31,0),"") -> 0 | E31: 포천 | F31: =IFERROR(C31-(D31*B31),"") -> 0
A32: VV91 (주)지에스리테일포천2저온 | B32: =$B$4 -> 36 | C32: =IFERROR(VLOOKUP(A32,#REF!,6,FALSE),0) -> 0 | D32: =IFERROR(ROUNDDOWN(C32/B32,0),"") -> 0 | E32: 포천2 | F32: =IFERROR(C32-(D32*B32),"") -> 0
A33: VV66 지에스리테일인천도화일배 | B33: =$B$4 -> 36 | C33: =IFERROR(VLOOKUP(A33,#REF!,6,FALSE),0) -> 0 | D33: =IFERROR(ROUNDDOWN(C33/B33,0),"") -> 0 | E33: 도화 | F33: =IFERROR(C33-(D33*B33),"") -> 0
A34: VV67 지에스리테일인천도화2일배 | B34: =$B$4 -> 36 | C34: =IFERROR(VLOOKUP(A34,#REF!,6,FALSE),0) -> 0 | D34: =IFERROR(ROUNDDOWN(C34/B34,0),"") -> 0 | E34: 도화2 | F34: =IFERROR(C34-(D34*B34),"") -> 0 | G34: =IFERROR(ROUNDDOWN(SUM($F$35:$F$43)/$B$35,0),"") -> 0 | H34: =IFERROR(SUM($F$35:$F$43)-($G$34*$B$35),"") -> 0
A35: VV17 (주)지에스리테일발안일배 | B35: =$B$4 -> 36 | C35: =IFERROR(VLOOKUP(A35,#REF!,6,FALSE),0) -> 0 | D35: =IFERROR(ROUNDDOWN(C35/B35,0),"") -> 0 | E35: 발안 | F35: =IFERROR(C35-(D35*B35),"") -> 0
A36: VV71 (주)지에스리테일발안2일배 | B36: =$B$4 -> 36 | C36: =IFERROR(VLOOKUP(A36,#REF!,6,FALSE),0) -> 0 | D36: =IFERROR(ROUNDDOWN(C36/B36,0),"") -> 0 | E36: 발안2 | F36: =IFERROR(C36-(D36*B36),"") -> 0
A37: VV85 지에스리테일신오산1저온 | B37: =$B$4 -> 36 | C37: =IFERROR(VLOOKUP(A37,#REF!,6,FALSE),0) -> 0 | D37: =IFERROR(ROUNDDOWN(C37/B37,0),"") -> 0 | E37: 신오산1 | F37: =IFERROR(C37-(D37*B37),"") -> 0
A38: VV86 지에스리테일신오산2저온 | B38: =$B$4 -> 36 | C38: =IFERROR(VLOOKUP(A38,#REF!,6,FALSE),0) -> 0 | D38: =IFERROR(ROUNDDOWN(C38/B38,0),"") -> 0 | E38: 신오산2 | F38: =IFERROR(C38-(D38*B38),"") -> 0
A39: VV87 지에스리테일신오산3저온 | B39: =$B$4 -> 36 | C39: =IFERROR(VLOOKUP(A39,#REF!,6,FALSE),0) -> 0 | D39: =IFERROR(ROUNDDOWN(C39/B39,0),"") -> 0 | E39: 신오산3 | F39: =IFERROR(C39-(D39*B39),"") -> 0 | G39: =IFERROR(ROUNDDOWN(SUM($F$40:$F$43)/$B$35,0),"") -> 0 | H39: =IFERROR(SUM($F$40:$F$43)-($G$39*$B$35),"") -> 0
A40: VV53 (주)지에스리테일송파일배 | B40: =$B$4 -> 36 | C40: =IFERROR(VLOOKUP(A40,#REF!,6,FALSE),0) -> 0 | D40: =IFERROR(ROUNDDOWN(C40/B40,0),"") -> 0 | E40: 송파 | F40: =IFERROR(C40-(D40*B40),"") -> 0
A41: VV55 (주)지에스리테일송파2일배 | B41: =$B$4 -> 36 | C41: =IFERROR(VLOOKUP(A41,#REF!,6,FALSE),0) -> 0 | D41: =IFERROR(ROUNDDOWN(C41/B41,0),"") -> 0 | E41: 송파2 | F41: =IFERROR(C41-(D41*B41),"") -> 0
A42: VV93 (주)지에스리테일곤지암센터 | B42: =$B$4 -> 36 | C42: =IFERROR(VLOOKUP(A42,#REF!,6,FALSE),0) -> 0 | D42: =IFERROR(ROUNDDOWN(C42/B42,0),"") -> 0 | E42: 곤지암 | F42: =IFERROR(C42-(D42*B42),"") -> 0
A43: VV94 (주)지에스리테일곤지암2센 | B43: =$B$4 -> 36 | C43: =IFERROR(VLOOKUP(A43,#REF!,6,FALSE),0) -> 0 | D43: =IFERROR(ROUNDDOWN(C43/B43,0),"") -> 0 | E43: 곤지암2 | F43: =IFERROR(C43-(D43*B43),"") -> 0
A45: B구역 합계 | B45: =B4 -> 36 | C45: =SUM(C24:C43) -> 0 | D45: =IFERROR(ROUNDDOWN(C45/B45,0),"") -> 0 | F45: =IFERROR(C45-(D45*B45),"") -> 0
A47: 총합계 | B47: =B4 -> 36 | C47: =C22+C45 -> 0 | D47: =IFERROR(ROUNDDOWN(C47/B47,0),"") -> 0 | F47: =IFERROR(C47-(D47*B47),"") -> 0 | G47: 소분박스 | H47: 소분낱개
A48: 총 박스 수량 / 총 낱개 수량 | B48: □ | D48: =SUM(D4:D20,D24:D43) -> 0 | F48: =SUM(F4:F20,F24:F43) -> 0 | G48: =IFERROR(ROUNDDOWN(F48/B4,0),"") -> 0 | H48: =IFERROR(F48-(G48*B4),"") -> 0
G49: 김하나 | H49: □

Sheet NEW직화석쇠불고기버거2편
A1: 고기
A2: =TODAY() -> 46309 | B2: 대신 □ | G2: 박스 | H2: 낱개
A3: 행 레이블 | B3: 입수 | C3: NEW직화석쇠불고기버거2편 | D3: 박스 | E3: 센터명 | F3: 낱개
A4: VV57 (주)지에스리테일김해일배 | B4: 36 | C4: =IFERROR(VLOOKUP(A4,#REF!,7,FALSE),0) -> 0 | D4: =IFERROR(ROUNDDOWN(C4/B4,0),"") -> 0 | E4: 김해 | F4: =IFERROR(C4-(D4*B4),"") -> 0
A5: VV58 (주)지에스리테일김해2일배 | B5: =$B$4 -> 36 | C5: =IFERROR(VLOOKUP(A5,#REF!,7,FALSE),0) -> 0 | D5: =IFERROR(ROUNDDOWN(C5/B5,0),"") -> 0 | E5: 김해2 | F5: =IFERROR(C5-(D5*B5),"") -> 0 | G5: =IFERROR(ROUNDDOWN(SUM($F$6:$F$14,$F$18:$F$43)/$B$4,0),"") -> 0 | H5: =IFERROR(SUM($F$6:$F$14,F18:F43)-($G$5*$B$4),"") -> 0
A6: VV25 (주)지에스리테일진주일배 | B6: =$B$4 -> 36 | C6: =IFERROR(VLOOKUP(A6,#REF!,7,FALSE),0) -> 0 | D6: =IFERROR(ROUNDDOWN(C6/B6,0),"") -> 0 | E6: 진주 | F6: =IFERROR(C6-(D6*B6),"") -> 0
A7: VV20 (주)지에스리테일(해인CVS) | B7: =$B$4 -> 36 | C7: =IFERROR(VLOOKUP(A7,#REF!,7,FALSE),0) -> 0 | D7: =IFERROR(ROUNDDOWN(C7/B7,0),"") -> 0 | E7: CVS | F7: =IFERROR(C7-(D7*B7),"") -> 0
A8: VV92 (주)지에스리테일신제주저온 | B8: =$B$4 -> 36 | C8: =IFERROR(VLOOKUP(A8,#REF!,7,FALSE),0) -> 0 | D8: =IFERROR(ROUNDDOWN(C8/B8,0),"") -> 0 | E8: 신제주 | F8: =IFERROR(C8-(D8*B8),"") -> 0 | G8: =IFERROR(ROUNDDOWN(SUM($F$9:$F$14,$F$18:$F$43)/$B$4,0),"") -> 0 | H8: =IFERROR(SUM($F$9:$F$14,F18:F43)-($G8*$B$4),"") -> 0
A9: VV95 (주)지에스리테일신광주저온 | B9: =$B$4 -> 36 | C9: =IFERROR(VLOOKUP(A9,#REF!,7,FALSE),0) -> 0 | D9: =IFERROR(ROUNDDOWN(C9/B9,0),"") -> 0 | E9: 신광주 | F9: =IFERROR(C9-(D9*B9),"") -> 0
A10: VV96 (주)지에스리테일신광주2저 | B10: =$B$4 -> 36 | C10: =IFERROR(VLOOKUP(A10,#REF!,7,FALSE),0) -> 0 | D10: =IFERROR(ROUNDDOWN(C10/B10,0),"") -> 0 | E10: 신광주2 | F10: =IFERROR(C10-(D10*B10),"") -> 0
A11: VV65 ㈜지에스리테일익산일배 | B11: =$B$4 -> 36 | C11: =IFERROR(VLOOKUP(A11,#REF!,7,FALSE),0) -> 0 | D11: =IFERROR(ROUNDDOWN(C11/B11,0),"") -> 0 | E11: 익산 | F11: =IFERROR(C11-(D11*B11),"") -> 0 | G11: =IFERROR(ROUNDDOWN(SUM($F$12:$F$14,F18:F43)/$B$4,0),"") -> 0 | H11: =IFERROR(SUM($F$12:$F$14,F18:F43)-($G$11*$B$4),"") -> 0
A12: VV83 지에스리테일경산저온 | B12: =$B$4 -> 36 | C12: =IFERROR(VLOOKUP(A12,#REF!,7,FALSE),0) -> 0 | D12: =IFERROR(ROUNDDOWN(C12/B12,0),"") -> 0 | E12: 경산 | F12: =IFERROR(C12-(D12*B12),"") -> 0
A13: VV84 ㈜지에스리테일경산2저온 | B13: =$B$4 -> 36 | C13: =IFERROR(VLOOKUP(A13,#REF!,7,FALSE),0) -> 0 | D13: =IFERROR(ROUNDDOWN(C13/B13,0),"") -> 0 | E13: 경산2 | F13: =IFERROR(C13-(D13*B13),"") -> 0
A14: VV97 (주)지에스리테일경산3저온 | B14: =$B$4 -> 36 | C14: =IFERROR(VLOOKUP(A14,#REF!,7,FALSE),0) -> 0 | D14: =IFERROR(ROUNDDOWN(C14/B14,0),"") -> 0 | E14: 경산3 | F14: =IFERROR(C14-(D14*B14),"") -> 0 | G14: =IFERROR(ROUNDDOWN(SUM($F$18:$F$43)/$B$4,0),"") -> 0 | H14: =IFERROR(SUM($F$18:$F$43)-($G$14*$B$4),"") -> 0
A16: A구역 합계 | B16: =B4 -> 36 | C16: =SUM($C$4:$C$14) -> 0 | D16: =IFERROR(ROUNDDOWN(C16/B16,0),"") -> 0 | F16: =IFERROR(C16-(D16*B16),"") -> 0
A18: VV34 (주)지에스리테일청주일배 | B18: =$B$4 -> 36 | C18: =IFERROR(VLOOKUP(A18,#REF!,7,FALSE),0) -> 0 | D18: =IFERROR(ROUNDDOWN(C18/B18,0),"") -> 0 | E18: 청주 | F18: =IFERROR(C18-(D18*B18),"") -> 0
A19: VV04 (주)지에스리테일공주일배 | B19: =$B$4 -> 36 | C19: =IFERROR(VLOOKUP(A19,#REF!,7,FALSE),0) -> 0 | D19: =IFERROR(ROUNDDOWN(C19/B19,0),"") -> 0 | E19: 공주 | F19: =IFERROR(C19-(D19*B19),"") -> 0
A20: VV75 (주)지에스리테일공주2일배 | B20: =$B$4 -> 36 | C20: =IFERROR(VLOOKUP(A20,#REF!,7,FALSE),0) -> 0 | D20: =IFERROR(ROUNDDOWN(C20/B20,0),"") -> 0 | E20: 공주2 | F20: =IFERROR(C20-(D20*B20),"") -> 0 | G20: =IFERROR(ROUNDDOWN(SUM($F$21:$F$43)/$B$4,0),"") -> 0 | H20: =IFERROR(SUM($F$21:$F$43)-($G$20*$B$19),"") -> 0
A21: VV17 (주)지에스리테일발안일배 | B21: =$B$4 -> 36 | C21: =IFERROR(VLOOKUP(A21,#REF!,7,FALSE),0) -> 0 | D21: =IFERROR(ROUNDDOWN(C21/B21,0),"") -> 0 | E21: 발안 | F21: =IFERROR(C21-(D21*B21),"") -> 0
A22: VV71 (주)지에스리테일발안2일배 | B22: =$B$4 -> 36 | C22: =IFERROR(VLOOKUP(A22,#REF!,7,FALSE),0) -> 0 | D22: =IFERROR(ROUNDDOWN(C22/B22,0),"") -> 0 | E22: 발안2 | F22: =IFERROR(C22-(D22*B22),"") -> 0
A23: VV03 (주)지에스리테일(아신A) | B23: =$B$4 -> 36 | C23: =IFERROR(VLOOKUP(A23,#REF!,7,FALSE),0) -> 0 | D23: =IFERROR(ROUNDDOWN(C23/B23,0),"") -> 0 | E23: 아신A | F23: =IFERROR(C23-(D23*B23),"") -> 0 | G23: =IFERROR(ROUNDDOWN(SUM($F$24:$F$43)/$B$4,0),"") -> 0 | H23: =IFERROR(SUM($F$24:$F$43)-($G$23*$B$23),"") -> 0
A24: VV85 지에스리테일신오산1저온 | B24: =$B$4 -> 36 | C24: =IFERROR(VLOOKUP(A24,#REF!,7,FALSE),0) -> 0 | D24: =IFERROR(ROUNDDOWN(C24/B24,0),"") -> 0 | E24: 신오산1 | F24: =IFERROR(C24-(D24*B24),"") -> 0
A25: VV86 지에스리테일신오산2저온 | B25: =$B$4 -> 36 | C25: =IFERROR(VLOOKUP(A25,#REF!,7,FALSE),0) -> 0 | D25: =IFERROR(ROUNDDOWN(C25/B25,0),"") -> 0 | E25: 신오산2 | F25: =IFERROR(C25-(D25*B25),"") -> 0
A26: VV87 지에스리테일신오산3저온 | B26: =$B$4 -> 36 | C26: =IFERROR(VLOOKUP(A26,#REF!,7,FALSE),0) -> 0 | D26: =IFERROR(ROUNDDOWN(C26/B26,0),"") -> 0 | E26: 신오산3 | F26: =IFERROR(C26-(D26*B26),"") -> 0 | G26: =IFERROR(ROUNDDOWN(SUM($F$27:$F$43)/$B$4,0),"") -> 0 | H26: =IFERROR(SUM($F$27:$F$43)-($G$26*$B$28),"") -> 0
A27: VV16 (주)지에스리테일원주일배 | B27: =$B$4 -> 36 | C27: =IFERROR(VLOOKUP(A27,#REF!,7,FALSE),0) -> 0 | D27: =IFERROR(ROUNDDOWN(C27/B27,0),"") -> 0 | E27: 원주 | F27: =IFERROR(C27-(D27*B27),"") -> 0
A28: VV69 ㈜지에스리테일강릉일배센터 | B28: =$B$4 -> 36 | C28: =IFERROR(VLOOKUP(A28,#REF!,7,FALSE),0) -> 0 | D28: =IFERROR(ROUNDDOWN(C28/B28,0),"") -> 0 | E28: 강릉 | F28: =IFERROR(C28-(D28*B28),"") -> 0
A29: VV62 (주)지에스리테일김포2일배 | B29: =$B$4 -> 36 | C29: =IFERROR(VLOOKUP(A29,#REF!,7,FALSE),0) -> 0 | D29: =IFERROR(ROUNDDOWN(C29/B29,0),"") -> 0 | E29: 김포2 | F29: =IFERROR(C29-(D29*B29),"") -> 0
A30: VV70 ㈜지에스리테일김포3일배 | B30: =$B$4 -> 36 | C30: =IFERROR(VLOOKUP(A30,#REF!,7,FALSE),0) -> 0 | D30: =IFERROR(ROUNDDOWN(C30/B30,0),"") -> 0 | E30: 김포3 | F30: =IFERROR(C30-(D30*B30),"") -> 0
A31: VV98 (주)지에스리테일고촌저온 | B31: =$B$4 -> 36 | C31: =IFERROR(VLOOKUP(A31,#REF!,7,FALSE),0) -> 0 | D31: =IFERROR(ROUNDDOWN(C31/B31,0),"") -> 0 | E31: 고촌 | F31: =IFERROR(C31-(D31*B31),"") -> 0
A32: VV99 (주)지에스리테일고촌2저온 | B32: =$B$4 -> 36 | C32: =IFERROR(VLOOKUP(A32,#REF!,7,FALSE),0) -> 0 | D32: =IFERROR(ROUNDDOWN(C32/B32,0),"") -> 0 | E32: 고촌2 | F32: =IFERROR(C32-(D32*B32),"") -> 0
A33: VV63 ㈜지에스리테일고양일배센터 | B33: =$B$4 -> 36 | C33: =IFERROR(VLOOKUP(A33,#REF!,7,FALSE),0) -> 0 | D33: =IFERROR(ROUNDDOWN(C33/B33,0),"") -> 0 | E33: 고양 | F33: =IFERROR(C33-(D33*B33),"") -> 0
A34: VV64 ㈜지에스리테일고양일배2 | B34: =$B$4 -> 36 | C34: =IFERROR(VLOOKUP(A34,#REF!,7,FALSE),0) -> 0 | D34: =IFERROR(ROUNDDOWN(C34/B34,0),"") -> 0 | E34: 고양2 | F34: =IFERROR(C34-(D34*B34),"") -> 0
A35: VV81 (주)지에스리테일고양저온3 | B35: =$B$4 -> 36 | C35: =IFERROR(VLOOKUP(A35,#REF!,7,FALSE),0) -> 0 | D35: =IFERROR(ROUNDDOWN(C35/B35,0),"") -> 0 | E35: 고양3 | F35: =IFERROR(C35-(D35*B35),"") -> 0
A36: VV90 (주)지에스리테일포천저온 | B36: =$B$4 -> 36 | C36: =IFERROR(VLOOKUP(A36,#REF!,7,FALSE),0) -> 0 | D36: =IFERROR(ROUNDDOWN(C36/B36,0),"") -> 0 | E36: 포천 | F36: =IFERROR(C36-(D36*B36),"") -> 0
A37: VV91 (주)지에스리테일포천2저온 | B37: =$B$4 -> 36 | C37: =IFERROR(VLOOKUP(A37,#REF!,7,FALSE),0) -> 0 | D37: =IFERROR(ROUNDDOWN(C37/B37,0),"") -> 0 | E37: 포천2 | F37: =IFERROR(C37-(D37*B37),"") -> 0 | G37: =IFERROR(ROUNDDOWN(SUM($F$38:$F$43)/$B$4,0),"") -> 0 | H37: =IFERROR(SUM($F$38:$F$43)-($G$37*$B$28),"") -> 0
A38: VV66 지에스리테일인천도화일배 | B38: =$B$4 -> 36 | C38: =IFERROR(VLOOKUP(A38,#REF!,7,FALSE),0) -> 0 | D38: =IFERROR(ROUNDDOWN(C38/B38,0),"") -> 0 | E38: 도화 | F38: =IFERROR(C38-(D38*B38),"") -> 0
A39: VV67 지에스리테일인천도화2일배 | B39: =$B$4 -> 36 | C39: =IFERROR(VLOOKUP(A39,#REF!,7,FALSE),0) -> 0 | D39: =IFERROR(ROUNDDOWN(C39/B39,0),"") -> 0 | E39: 도화2 | F39: =IFERROR(C39-(D39*B39),"") -> 0
A40: VV53 (주)지에스리테일송파일배 | B40: =$B$4 -> 36 | C40: =IFERROR(VLOOKUP(A40,#REF!,7,FALSE),0) -> 0 | D40: =IFERROR(ROUNDDOWN(C40/B40,0),"") -> 0 | E40: 송파 | F40: =IFERROR(C40-(D40*B40),"") -> 0
A41: VV55 (주)지에스리테일송파2일배 | B41: =$B$4 -> 36 | C41: =IFERROR(VLOOKUP(A41,#REF!,7,FALSE),0) -> 0 | D41: =IFERROR(ROUNDDOWN(C41/B41,0),"") -> 0 | E41: 송파2 | F41: =IFERROR(C41-(D41*B41),"") -> 0
A42: VV93 (주)지에스리테일곤지암센터 | B42: =$B$4 -> 36 | C42: =IFERROR(VLOOKUP(A42,#REF!,7,FALSE),0) -> 0 | D42: =IFERROR(ROUNDDOWN(C42/B42,0),"") -> 0 | E42: 곤지암 | F42: =IFERROR(C42-(D42*B42),"") -> 0
A43: VV94 (주)지에스리테일곤지암2센 | B43: =$B$4 -> 36 | C43: =IFERROR(VLOOKUP(A43,#REF!,7,FALSE),0) -> 0 | D43: =IFERROR(ROUNDDOWN(C43/B43,0),"") -> 0 | E43: 곤지암2 | F43: =IFERROR(C43-(D43*B43),"") -> 0
A45: B구역 합계 | B45: =B20 -> 36 | C45: =SUM($C$18:$C$43) -> 0 | D45: =IFERROR(ROUNDDOWN(C45/B45,0),"") -> 0 | F45: =IFERROR(C45-(D45*B45),"") -> 0
A47: 총합계 | B47: =B27 -> 36 | C47: =SUM($C$16,$C$45) -> 0 | D47: =IFERROR(ROUNDDOWN(C47/B47,0),"") -> 0 | F47: =IFERROR(C47-(D47*B47),"") -> 0 | G47: 소분박스 | H47: 소분낱개
A48: 총 박스 수량 / 총 낱개 수량 | B48: □ | D48: =SUM($D$4:$D$14,D18:D43) -> 0 | F48: =SUM($F$4:$F$14,$F$18:$F$43) -> 0 | G48: =IFERROR(ROUNDDOWN($F$48/$B$4,0),"") -> 0 | H48: =IFERROR($F$48-($G$48*$B$4),"") -> 0
G49: 김하나 | H49: □

Sheet 매콤직화석쇠불고기버거1편
A1: 고기
A2: =TODAY() -> 46309 | B2: 대신 □ | G2: 박스 | H2: 낱개
A3: 행 레이블 | B3: 입수 | C3: 매콤직화석쇠불고기버거1편 | D3: 박스 | E3: 센터명 | F3: 낱개
A4: VV16 (주)지에스리테일원주일배 | B4: 36 | C4: =IFERROR(VLOOKUP(A4,#REF!,8,FALSE),0) -> 0 | D4: =IFERROR(ROUNDDOWN(C4/B4,0),"") -> 0 | E4: 원주 | F4: =IFERROR(C4-(D4*B4),"") -> 0
A5: VV69 ㈜지에스리테일강릉일배센터 | B5: =$B$4 -> 36 | C5: =IFERROR(VLOOKUP(A5,#REF!,8,FALSE),0) -> 0 | D5: =IFERROR(ROUNDDOWN(C5/B5,0),"") -> 0 | E5: 강릉 | F5: =IFERROR(C5-(D5*B5),"") -> 0 | G5: =IFERROR(ROUNDDOWN(SUM($F$6:$F$20,F24:F43)/$B$12,0),"") -> 0 | H5: =IFERROR(SUM(F6:F20,F24:F43)-(G5*B6),"") -> 0
A6: VV57 (주)지에스리테일김해일배 | B6: =$B$4 -> 36 | C6: =IFERROR(VLOOKUP(A6,#REF!,8,FALSE),0) -> 0 | D6: =IFERROR(ROUNDDOWN(C6/B6,0),"") -> 0 | E6: 김해 | F6: =IFERROR(C6-(D6*B6),"") -> 0
A7: VV58 (주)지에스리테일김해2일배 | B7: =$B$4 -> 36 | C7: =IFERROR(VLOOKUP(A7,#REF!,8,FALSE),0) -> 0 | D7: =IFERROR(ROUNDDOWN(C7/B7,0),"") -> 0 | E7: 김해2 | F7: =IFERROR(C7-(D7*B7),"") -> 0
A8: VV25 (주)지에스리테일진주일배 | B8: =$B$4 -> 36 | C8: =IFERROR(VLOOKUP(A8,#REF!,8,FALSE),0) -> 0 | D8: =IFERROR(ROUNDDOWN(C8/B8,0),"") -> 0 | E8: 진주 | F8: =IFERROR(C8-(D8*B8),"") -> 0
A9: VV20 (주)지에스리테일(해인CVS) | B9: =$B$4 -> 36 | C9: =IFERROR(VLOOKUP(A9,#REF!,8,FALSE),0) -> 0 | D9: =IFERROR(ROUNDDOWN(C9/B9,0),"") -> 0 | E9: CVS | F9: =IFERROR(C9-(D9*B9),"") -> 0
A10: VV92 (주)지에스리테일신제주저온 | B10: =$B$4 -> 36 | C10: =IFERROR(VLOOKUP(A10,#REF!,8,FALSE),0) -> 0 | D10: =IFERROR(ROUNDDOWN(C10/B10,0),"") -> 0 | E10: 신제주 | F10: =IFERROR(C10-(D10*B10),"") -> 0
A11: VV95 (주)지에스리테일신광주저온 | B11: =$B$4 -> 36 | C11: =IFERROR(VLOOKUP(A11,#REF!,8,FALSE),0) -> 0 | D11: =IFERROR(ROUNDDOWN(C11/B11,0),"") -> 0 | E11: 신광주 | F11: =IFERROR(C11-(D11*B11),"") -> 0
A12: VV96 (주)지에스리테일신광주2저 | B12: =$B$4 -> 36 | C12: =IFERROR(VLOOKUP(A12,#REF!,8,FALSE),0) -> 0 | D12: =IFERROR(ROUNDDOWN(C12/B12,0),"") -> 0 | E12: 신광주2 | F12: =IFERROR(C12-(D12*B12),"") -> 0 | G12: =IFERROR(ROUNDDOWN(SUM($F$13:$F$20,F24:F43)/$B$12,0),"") -> 0 | H12: =IFERROR(SUM(F13:F20,F24:F43)-(G12*B13),"") -> 0
A13: VV83 지에스리테일경산저온 | B13: =$B$4 -> 36 | C13: =IFERROR(VLOOKUP(A13,#REF!,8,FALSE),0) -> 0 | D13: =IFERROR(ROUNDDOWN(C13/B13,0),"") -> 0 | E13: 경산 | F13: =IFERROR(C13-(D13*B13),"") -> 0
A14: VV84 ㈜지에스리테일경산2저온 | B14: =$B$4 -> 36 | C14: =IFERROR(VLOOKUP(A14,#REF!,8,FALSE),0) -> 0 | D14: =IFERROR(ROUNDDOWN(C14/B14,0),"") -> 0 | E14: 경산2 | F14: =IFERROR(C14-(D14*B14),"") -> 0
A15: VV97 (주)지에스리테일경산3저온 | B15: =$B$4 -> 36 | C15: =IFERROR(VLOOKUP(A15,#REF!,8,FALSE),0) -> 0 | D15: =IFERROR(ROUNDDOWN(C15/B15,0),"") -> 0 | E15: 경산3 | F15: =IFERROR(C15-(D15*B15),"") -> 0
A16: VV65 ㈜지에스리테일익산일배 | B16: =$B$4 -> 36 | C16: =IFERROR(VLOOKUP(A16,#REF!,8,FALSE),0) -> 0 | D16: =IFERROR(ROUNDDOWN(C16/B16,0),"") -> 0 | E16: 익산 | F16: =IFERROR(C16-(D16*B16),"") -> 0
A17: VV04 (주)지에스리테일공주일배 | B17: =$B$4 -> 36 | C17: =IFERROR(VLOOKUP(A17,#REF!,8,FALSE),0) -> 0 | D17: =IFERROR(ROUNDDOWN(C17/B17,0),"") -> 0 | E17: 공주 | F17: =IFERROR(C17-(D17*B17),"") -> 0
A18: VV75 (주)지에스리테일공주2일배 | B18: =$B$4 -> 36 | C18: =IFERROR(VLOOKUP(A18,#REF!,8,FALSE),0) -> 0 | D18: =IFERROR(ROUNDDOWN(C18/B18,0),"") -> 0 | E18: 공주2 | F18: =IFERROR(C18-(D18*B18),"") -> 0
A19: VV34 (주)지에스리테일청주일배 | B19: =$B$4 -> 36 | C19: =IFERROR(VLOOKUP(A19,#REF!,8,FALSE),0) -> 0 | D19: =IFERROR(ROUNDDOWN(C19/B19,0),"") -> 0 | E19: 청주 | F19: =IFERROR(C19-(D19*B19),"") -> 0
A20: VV03 (주)지에스리테일(아신A) | B20: =$B$4 -> 36 | C20: =IFERROR(VLOOKUP(A20,#REF!,8,FALSE),0) -> 0 | D20: =IFERROR(ROUNDDOWN(C20/B20,0),"") -> 0 | E20: 아신A | F20: =IFERROR(C20-(D20*B20),"") -> 0 | G20: =IFERROR(ROUNDDOWN(SUM(F24:F43)/$B$18,0),"") -> 0 | H20: =IFERROR(SUM(F24:F43)-(G20*B20),"") -> 0
A22: A구역 합계 | B22: =B4 -> 36 | C22: =SUM(C4:C21) -> 0 | D22: =IFERROR(ROUNDDOWN(C22/B22,0),"") -> 0 | F22: =IFERROR(C22-(D22*B22),"") -> 0
A24: VV63 ㈜지에스리테일고양일배센터 | B24: =$B$4 -> 36 | C24: =IFERROR(VLOOKUP(A24,#REF!,8,FALSE),0) -> 0 | D24: =IFERROR(ROUNDDOWN(C24/B24,0),"") -> 0 | E24: 고양 | F24: =IFERROR(C24-(D24*B24),"") -> 0
A25: VV64 ㈜지에스리테일고양일배2 | B25: =$B$4 -> 36 | C25: =IFERROR(VLOOKUP(A25,#REF!,8,FALSE),0) -> 0 | D25: =IFERROR(ROUNDDOWN(C25/B25,0),"") -> 0 | E25: 고양2 | F25: =IFERROR(C25-(D25*B25),"") -> 0
A26: VV81 (주)지에스리테일고양저온3 | B26: =$B$4 -> 36 | C26: =IFERROR(VLOOKUP(A26,#REF!,8,FALSE),0) -> 0 | D26: =IFERROR(ROUNDDOWN(C26/B26,0),"") -> 0 | E26: 고양3 | F26: =IFERROR(C26-(D26*B26),"") -> 0
A27: VV62 (주)지에스리테일김포2일배 | B27: =$B$4 -> 36 | C27: =IFERROR(VLOOKUP(A27,#REF!,8,FALSE),0) -> 0 | D27: =IFERROR(ROUNDDOWN(C27/B27,0),"") -> 0 | E27: 김포2 | F27: =IFERROR(C27-(D27*B27),"") -> 0
A28: VV70 ㈜지에스리테일김포3일배 | B28: =$B$4 -> 36 | C28: =IFERROR(VLOOKUP(A28,#REF!,8,FALSE),0) -> 0 | D28: =IFERROR(ROUNDDOWN(C28/B28,0),"") -> 0 | E28: 김포3 | F28: =IFERROR(C28-(D28*B28),"") -> 0 | G28: =IFERROR(ROUNDDOWN(SUM($F$29:$F$43)/$B$29,0),"") -> 0 | H28: =IFERROR(SUM(F29:F43)-(G28*B28),"") -> 0
A29: VV98 (주)지에스리테일고촌저온 | B29: =$B$4 -> 36 | C29: =IFERROR(VLOOKUP(A29,#REF!,8,FALSE),0) -> 0 | D29: =IFERROR(ROUNDDOWN(C29/B29,0),"") -> 0 | E29: 고촌 | F29: =IFERROR(C29-(D29*B29),"") -> 0
A30: VV99 (주)지에스리테일고촌2저온 | B30: =$B$4 -> 36 | C30: =IFERROR(VLOOKUP(A30,#REF!,8,FALSE),0) -> 0 | D30: =IFERROR(ROUNDDOWN(C30/B30,0),"") -> 0 | E30: 고촌2 | F30: =IFERROR(C30-(D30*B30),"") -> 0
A31: VV90 (주)지에스리테일포천저온 | B31: =$B$4 -> 36 | C31: =IFERROR(VLOOKUP(A31,#REF!,8,FALSE),0) -> 0 | D31: =IFERROR(ROUNDDOWN(C31/B31,0),"") -> 0 | E31: 포천 | F31: =IFERROR(C31-(D31*B31),"") -> 0
A32: VV91 (주)지에스리테일포천2저온 | B32: =$B$4 -> 36 | C32: =IFERROR(VLOOKUP(A32,#REF!,8,FALSE),0) -> 0 | D32: =IFERROR(ROUNDDOWN(C32/B32,0),"") -> 0 | E32: 포천2 | F32: =IFERROR(C32-(D32*B32),"") -> 0
A33: VV66 지에스리테일인천도화일배 | B33: =$B$4 -> 36 | C33: =IFERROR(VLOOKUP(A33,#REF!,8,FALSE),0) -> 0 | D33: =IFERROR(ROUNDDOWN(C33/B33,0),"") -> 0 | E33: 도화 | F33: =IFERROR(C33-(D33*B33),"") -> 0
A34: VV67 지에스리테일인천도화2일배 | B34: =$B$4 -> 36 | C34: =IFERROR(VLOOKUP(A34,#REF!,8,FALSE),0) -> 0 | D34: =IFERROR(ROUNDDOWN(C34/B34,0),"") -> 0 | E34: 도화2 | F34: =IFERROR(C34-(D34*B34),"") -> 0 | G34: =IFERROR(ROUNDDOWN(SUM($F$35:$F$43)/$B$35,0),"") -> 0 | H34: =IFERROR(SUM($F$35:$F$43)-($G$34*$B$35),"") -> 0
A35: VV17 (주)지에스리테일발안일배 | B35: =$B$4 -> 36 | C35: =IFERROR(VLOOKUP(A35,#REF!,8,FALSE),0) -> 0 | D35: =IFERROR(ROUNDDOWN(C35/B35,0),"") -> 0 | E35: 발안 | F35: =IFERROR(C35-(D35*B35),"") -> 0
A36: VV71 (주)지에스리테일발안2일배 | B36: =$B$4 -> 36 | C36: =IFERROR(VLOOKUP(A36,#REF!,8,FALSE),0) -> 0 | D36: =IFERROR(ROUNDDOWN(C36/B36,0),"") -> 0 | E36: 발안2 | F36: =IFERROR(C36-(D36*B36),"") -> 0
A37: VV85 지에스리테일신오산1저온 | B37: =$B$4 -> 36 | C37: =IFERROR(VLOOKUP(A37,#REF!,8,FALSE),0) -> 0 | D37: =IFERROR(ROUNDDOWN(C37/B37,0),"") -> 0 | E37: 신오산1 | F37: =IFERROR(C37-(D37*B37),"") -> 0
A38: VV86 지에스리테일신오산2저온 | B38: =$B$4 -> 36 | C38: =IFERROR(VLOOKUP(A38,#REF!,8,FALSE),0) -> 0 | D38: =IFERROR(ROUNDDOWN(C38/B38,0),"") -> 0 | E38: 신오산2 | F38: =IFERROR(C38-(D38*B38),"") -> 0
A39: VV87 지에스리테일신오산3저온 | B39: =$B$4 -> 36 | C39: =IFERROR(VLOOKUP(A39,#REF!,8,FALSE),0) -> 0 | D39: =IFERROR(ROUNDDOWN(C39/B39,0),"") -> 0 | E39: 신오산3 | F39: =IFERROR(C39-(D39*B39),"") -> 0 | G39: =IFERROR(ROUNDDOWN(SUM($F$40:$F$43)/$B$35,0),"") -> 0 | H39: =IFERROR(SUM($F$40:$F$43)-($G$39*$B$35),"") -> 0
A40: VV53 (주)지에스리테일송파일배 | B40: =$B$4 -> 36 | C40: =IFERROR(VLOOKUP(A40,#REF!,8,FALSE),0) -> 0 | D40: =IFERROR(ROUNDDOWN(C40/B40,0),"") -> 0 | E40: 송파 | F40: =IFERROR(C40-(D40*B40),"") -> 0
A41: VV55 (주)지에스리테일송파2일배 | B41: =$B$4 -> 36 | C41: =IFERROR(VLOOKUP(A41,#REF!,8,FALSE),0) -> 0 | D41: =IFERROR(ROUNDDOWN(C41/B41,0),"") -> 0 | E41: 송파2 | F41: =IFERROR(C41-(D41*B41),"") -> 0
A42: VV93 (주)지에스리테일곤지암센터 | B42: =$B$4 -> 36 | C42: =IFERROR(VLOOKUP(A42,#REF!,8,FALSE),0) -> 0 | D42: =IFERROR(ROUNDDOWN(C42/B42,0),"") -> 0 | E42: 곤지암 | F42: =IFERROR(C42-(D42*B42),"") -> 0
A43: VV94 (주)지에스리테일곤지암2센 | B43: =$B$4 -> 36 | C43: =IFERROR(VLOOKUP(A43,#REF!,8,FALSE),0) -> 0 | D43: =IFERROR(ROUNDDOWN(C43/B43,0),"") -> 0 | E43: 곤지암2 | F43: =IFERROR(C43-(D43*B43),"") -> 0
A45: B구역 합계 | B45: =B4 -> 36 | C45: =SUM(C24:C43) -> 0 | D45: =IFERROR(ROUNDDOWN(C45/B45,0),"") -> 0 | F45: =IFERROR(C45-(D45*B45),"") -> 0
A47: 총합계 | B47: =B4 -> 36 | C47: =C22+C45 -> 0 | D47: =IFERROR(ROUNDDOWN(C47/B47,0),"") -> 0 | F47: =IFERROR(C47-(D47*B47),"") -> 0 | G47: 소분박스 | H47: 소분낱개
A48: 총 박스 수량 / 총 낱개 수량 | B48: □ | D48: =SUM(D4:D20,D24:D43) -> 0 | F48: =SUM(F4:F20,F24:F43) -> 0 | G48: =IFERROR(ROUNDDOWN(F48/B4,0),"") -> 0 | H48: =IFERROR(F48-(G48*B4),"") -> 0
G49: 김하나 | H49: □

Sheet 매콤직화석쇠불고기버거2편
A1: 고기
A2: =TODAY() -> 46309 | B2: 대신 □ | G2: 박스 | H2: 낱개
A3: 행 레이블 | B3: 입수 | C3: 매콤직화석쇠불고기버거2편 | D3: 박스 | E3: 센터명 | F3: 낱개
A4: VV57 (주)지에스리테일김해일배 | B4: 36 | C4: =IFERROR(VLOOKUP(A4,#REF!,9,FALSE),0) -> 0 | D4: =IFERROR(ROUNDDOWN(C4/B4,0),"") -> 0 | E4: 김해 | F4: =IFERROR(C4-(D4*B4),"") -> 0
A5: VV58 (주)지에스리테일김해2일배 | B5: =$B$4 -> 36 | C5: =IFERROR(VLOOKUP(A5,#REF!,9,FALSE),0) -> 0 | D5: =IFERROR(ROUNDDOWN(C5/B5,0),"") -> 0 | E5: 김해2 | F5: =IFERROR(C5-(D5*B5),"") -> 0 | G5: =IFERROR(ROUNDDOWN(SUM($F$6:$F$14,$F$18:$F$43)/$B$4,0),"") -> 0 | H5: =IFERROR(SUM($F$6:$F$14,F18:F43)-($G$5*$B$4),"") -> 0
A6: VV25 (주)지에스리테일진주일배 | B6: =$B$4 -> 36 | C6: =IFERROR(VLOOKUP(A6,#REF!,9,FALSE),0) -> 0 | D6: =IFERROR(ROUNDDOWN(C6/B6,0),"") -> 0 | E6: 진주 | F6: =IFERROR(C6-(D6*B6),"") -> 0
A7: VV20 (주)지에스리테일(해인CVS) | B7: =$B$4 -> 36 | C7: =IFERROR(VLOOKUP(A7,#REF!,9,FALSE),0) -> 0 | D7: =IFERROR(ROUNDDOWN(C7/B7,0),"") -> 0 | E7: CVS | F7: =IFERROR(C7-(D7*B7),"") -> 0
A8: VV92 (주)지에스리테일신제주저온 | B8: =$B$4 -> 36 | C8: =IFERROR(VLOOKUP(A8,#REF!,9,FALSE),0) -> 0 | D8: =IFERROR(ROUNDDOWN(C8/B8,0),"") -> 0 | E8: 신제주 | F8: =IFERROR(C8-(D8*B8),"") -> 0 | G8: =IFERROR(ROUNDDOWN(SUM($F$9:$F$14,$F$18:$F$43)/$B$4,0),"") -> 0 | H8: =IFERROR(SUM($F$9:$F$14,F18:F43)-($G8*$B$4),"") -> 0
A9: VV95 (주)지에스리테일신광주저온 | B9: =$B$4 -> 36 | C9: =IFERROR(VLOOKUP(A9,#REF!,9,FALSE),0) -> 0 | D9: =IFERROR(ROUNDDOWN(C9/B9,0),"") -> 0 | E9: 신광주 | F9: =IFERROR(C9-(D9*B9),"") -> 0
A10: VV96 (주)지에스리테일신광주2저 | B10: =$B$4 -> 36 | C10: =IFERROR(VLOOKUP(A10,#REF!,9,FALSE),0) -> 0 | D10: =IFERROR(ROUNDDOWN(C10/B10,0),"") -> 0 | E10: 신광주2 | F10: =IFERROR(C10-(D10*B10),"") -> 0
A11: VV65 ㈜지에스리테일익산일배 | B11: =$B$4 -> 36 | C11: =IFERROR(VLOOKUP(A11,#REF!,9,FALSE),0) -> 0 | D11: =IFERROR(ROUNDDOWN(C11/B11,0),"") -> 0 | E11: 익산 | F11: =IFERROR(C11-(D11*B11),"") -> 0 | G11: =IFERROR(ROUNDDOWN(SUM($F$12:$F$14,F18:F43)/$B$4,0),"") -> 0 | H11: =IFERROR(SUM($F$12:$F$14,F18:F43)-($G$11*$B$4),"") -> 0
A12: VV83 지에스리테일경산저온 | B12: =$B$4 -> 36 | C12: =IFERROR(VLOOKUP(A12,#REF!,9,FALSE),0) -> 0 | D12: =IFERROR(ROUNDDOWN(C12/B12,0),"") -> 0 | E12: 경산 | F12: =IFERROR(C12-(D12*B12),"") -> 0
A13: VV84 ㈜지에스리테일경산2저온 | B13: =$B$4 -> 36 | C13: =IFERROR(VLOOKUP(A13,#REF!,9,FALSE),0) -> 0 | D13: =IFERROR(ROUNDDOWN(C13/B13,0),"") -> 0 | E13: 경산2 | F13: =IFERROR(C13-(D13*B13),"") -> 0
