Workbook

Sheet 검수장
A1: 검수 리스트
A2: 행 레이블 | B2: 껍데기 | C2: 돼지갈비 | D2: 직화불닭발 | E2: 수제치즈돈까스 | F2: 족발 | G2: 반반족보세트 | H2: 소시지콘 치즈그라탕 | I2: 샐만사)리코타닭가슴살에그 | J2: 쉬림프레몬콥샐러드 | K2: 치킨에그콥 샐러드 | L2: 케이준치킨에그샐러드 | M2: 모서리족발 (냉장) | N2: 카카오)라이언초코케이크 | O2: 직화)모둠햄부대찌개 | P2: 직화)스팸김치찌개 | Q2: 진가쭈꾸미 짬뽕 | R2: 총합계
A3: VV52 (주)지에스리테일남양주일배 | B3: =VLOOKUP(A:A,#REF!,2,0) -> #REF! | C3: =VLOOKUP(A:A,#REF!,3,0) -> #REF! | D3: =VLOOKUP(A:A,#REF!,4,0) -> #REF! | E3: =VLOOKUP(A:A,#REF!,5,0) -> #REF! | F3: =VLOOKUP(A:A,#REF!,2,0) -> #REF! | G3: =VLOOKUP(A:A,#REF!,3,0) -> #REF! | H3: =VLOOKUP(A:A,#REF!,4,0) -> #REF! | I3: =VLOOKUP(A3,#REF!,2,0) -> #REF! | J3: =VLOOKUP(A3,#REF!,3,0) -> #REF! | K3: =VLOOKUP(A:A,#REF!,4,0) -> #REF! | L3: =VLOOKUP(A3,#REF!,5,0) -> #REF! | M3: =VLOOKUP(A:A,#REF!,2,0) -> #REF! | N3: =VLOOKUP(A:A,#REF!,3,0) -> #REF! | O3: =VLOOKUP(A:A,#REF!,2,0) -> #REF! | P3: =VLOOKUP(A:A,#REF!,2,0) -> #REF! | Q3: =VLOOKUP(A:A,#REF!,2,0) -> #REF! | R3: =SUM(B3:Q3) -> #REF!
A4: VV53 (주)지에스리테일송파일배 | B4: =VLOOKUP(A:A,#REF!,2,0) -> #REF! | C4: =VLOOKUP(A:A,#REF!,3,0) -> #REF! | D4: =VLOOKUP(A:A,#REF!,4,0) -> #REF! | E4: =VLOOKUP(A:A,#REF!,5,0) -> #REF! | F4: =VLOOKUP(A:A,#REF!,2,0) -> #REF! | G4: =VLOOKUP(A:A,#REF!,3,0) -> #REF! | H4: =VLOOKUP(A:A,#REF!,4,0) -> #REF! | I4: =VLOOKUP(A4,#REF!,2,0) -> #REF! | J4: =VLOOKUP(A4,#REF!,3,0) -> #REF! | K4: =VLOOKUP(A:A,#REF!,4,0) -> #REF! | L4: =VLOOKUP(A4,#REF!,5,0) -> #REF! | M4: =VLOOKUP(A:A,#REF!,2,0) -> #REF! | N4: =VLOOKUP(A:A,#REF!,3,0) -> #REF! | O4: =VLOOKUP(A:A,#REF!,2,0) -> #REF! | P4: =VLOOKUP(A:A,#REF!,3,0) -> #REF! | Q4: =VLOOKUP(A:A,#REF!,2,0) -> #REF! | R4: =SUM(B4:Q4) -> #REF!
A5: VV55 (주)지에스리테일송파2일배 | B5: =VLOOKUP(A:A,#REF!,2,0) -> #REF! | C5: =VLOOKUP(A:A,#REF!,3,0) -> #REF! | D5: =VLOOKUP(A:A,#REF!,4,0) -> #REF! | E5: =VLOOKUP(A:A,#REF!,5,0) -> #REF! | F5: =VLOOKUP(A:A,#REF!,2,0) -> #REF! | G5: =VLOOKUP(A:A,#REF!,3,0) -> #REF! | H5: =VLOOKUP(A:A,#REF!,4,0) -> #REF! | I5: =VLOOKUP(A5,#REF!,2,0) -> #REF! | J5: =VLOOKUP(A5,#REF!,3,0) -> #REF! | K5: =VLOOKUP(A:A,#REF!,4,0) -> #REF! | L5: =VLOOKUP(A5,#REF!,5,0) -> #REF! | M5: =VLOOKUP(A:A,#REF!,2,0) -> #REF! | N5: =VLOOKUP(A:A,#REF!,3,0) -> #REF! | O5: =VLOOKUP(A:A,#REF!,2,0) -> #REF! | P5: =VLOOKUP(A:A,#REF!,3,0) -> #REF! | Q5: =VLOOKUP(A:A,#REF!,2,0) -> #REF! | R5: =SUM(B5:Q5) -> #REF!
A6: VV63 ㈜지에스리테일고양일배센터 | B6: =VLOOKUP(A:A,#REF!,2,0) -> #REF! | C6: =VLOOKUP(A:A,#REF!,3,0) -> #REF! | D6: =VLOOKUP(A:A,#REF!,4,0) -> #REF! | E6: =VLOOKUP(A:A,#REF!,5,0) -> #REF! | F6: =VLOOKUP(A:A,#REF!,2,0) -> #REF! | G6: =VLOOKUP(A:A,#REF!,3,0) -> #REF! | H6: =VLOOKUP(A:A,#REF!,4,0) -> #REF! | I6: =VLOOKUP(A6,#REF!,2,0) -> #REF! | J6: =VLOOKUP(A6,#REF!,3,0) -> #REF! | K6: =VLOOKUP(A:A,#REF!,4,0) -> #REF! | L6: =VLOOKUP(A6,#REF!,5,0) -> #REF! | M6: =VLOOKUP(A:A,#REF!,2,0) -> #REF! | N6: =VLOOKUP(A:A,#REF!,3,0) -> #REF! | O6: =VLOOKUP(A:A,#REF!,2,0) -> #REF! | P6: =VLOOKUP(A:A,#REF!,3,0) -> #REF! | Q6: =VLOOKUP(A:A,#REF!,2,0) -> #REF! | R6: =SUM(B6:Q6) -> #REF!
A7: VV64 ㈜지에스리테일고양일배2 | B7: =VLOOKUP(A:A,#REF!,2,0) -> #REF! | C7: =VLOOKUP(A:A,#REF!,3,0) -> #REF! | D7: =VLOOKUP(A:A,#REF!,4,0) -> #REF! | E7: =VLOOKUP(A:A,#REF!,5,0) -> #REF! | F7: =VLOOKUP(A:A,#REF!,2,0) -> #REF! | G7: =VLOOKUP(A:A,#REF!,3,0) -> #REF! | H7: =VLOOKUP(A:A,#REF!,4,0) -> #REF! | I7: =VLOOKUP(A7,#REF!,2,0) -> #REF! | J7: =VLOOKUP(A7,#REF!,3,0) -> #REF! | K7: =VLOOKUP(A:A,#REF!,4,0) -> #REF! | L7: =VLOOKUP(A7,#REF!,5,0) -> #REF! | M7: =VLOOKUP(A:A,#REF!,2,0) -> #REF! | N7: =VLOOKUP(A:A,#REF!,3,0) -> #REF! | O7: =VLOOKUP(A:A,#REF!,2,0) -> #REF! | P7: =VLOOKUP(A:A,#REF!,3,0) -> #REF! | Q7: =VLOOKUP(A:A,#REF!,2,0) -> #REF! | R7: =SUM(B7:Q7) -> #REF!
A8: VV62 (주)지에스리테일김포2일배 | B8: =VLOOKUP(A:A,#REF!,2,0) -> #REF! | C8: =VLOOKUP(A:A,#REF!,3,0) -> #REF! | D8: =VLOOKUP(A:A,#REF!,4,0) -> #REF! | E8: =VLOOKUP(A:A,#REF!,5,0) -> #REF! | F8: =VLOOKUP(A:A,#REF!,2,0) -> #REF! | G8: =VLOOKUP(A:A,#REF!,3,0) -> #REF! | H8: =VLOOKUP(A:A,#REF!,4,0) -> #REF! | I8: =VLOOKUP(A8,#REF!,2,0) -> #REF! | J8: =VLOOKUP(A8,#REF!,3,0) -> #REF! | K8: =VLOOKUP(A:A,#REF!,4,0) -> #REF! | L8: =VLOOKUP(A8,#REF!,5,0) -> #REF! | M8: =VLOOKUP(A:A,#REF!,2,0) -> #REF! | N8: =VLOOKUP(A:A,#REF!,3,0) -> #REF! | O8: =VLOOKUP(A:A,#REF!,2,0) -> #REF! | P8: =VLOOKUP(A:A,#REF!,3,0) -> #REF! | Q8: =VLOOKUP(A:A,#REF!,2,0) -> #REF! | R8: =SUM(B8:Q8) -> #REF!
A9: VV70 ㈜지에스리테일김포3일배 | B9: =VLOOKUP(A:A,#REF!,2,0) -> #REF! | C9: =VLOOKUP(A:A,#REF!,3,0) -> #REF! | D9: =VLOOKUP(A:A,#REF!,4,0) -> #REF! | E9: =VLOOKUP(A:A,#REF!,5,0) -> #REF! | F9: =VLOOKUP(A:A,#REF!,2,0) -> #REF! | G9: =VLOOKUP(A:A,#REF!,3,0) -> #REF! | H9: =VLOOKUP(A:A,#REF!,4,0) -> #REF! | I9: =VLOOKUP(A9,#REF!,2,0) -> #REF! | J9: =VLOOKUP(A9,#REF!,3,0) -> #REF! | K9: =VLOOKUP(A:A,#REF!,4,0) -> #REF! | L9: =VLOOKUP(A9,#REF!,5,0) -> #REF! | M9: =VLOOKUP(A:A,#REF!,2,0) -> #REF! | N9: =VLOOKUP(A:A,#REF!,3,0) -> #REF! | O9: =VLOOKUP(A:A,#REF!,2,0) -> #REF! | P9: =VLOOKUP(A:A,#REF!,3,0) -> #REF! | Q9: =VLOOKUP(A:A,#REF!,2,0) -> #REF! | R9: =SUM(B9:Q9) -> #REF!
A10: VV66 지에스리테일인천도화일배 | B10: =VLOOKUP(A:A,#REF!,2,0) -> #REF! | C10: =VLOOKUP(A:A,#REF!,3,0) -> #REF! | D10: =VLOOKUP(A:A,#REF!,4,0) -> #REF! | E10: =VLOOKUP(A:A,#REF!,5,0) -> #REF! | F10: =VLOOKUP(A:A,#REF!,2,0) -> #REF! | G10: =VLOOKUP(A:A,#REF!,3,0) -> #REF! | H10: =VLOOKUP(A:A,#REF!,4,0) -> #REF! | I10: =VLOOKUP(A10,#REF!,2,0) -> #REF! | J10: =VLOOKUP(A10,#REF!,3,0) -> #REF! | K10: =VLOOKUP(A:A,#REF!,4,0) -> #REF! | L10: =VLOOKUP(A10,#REF!,5,0) -> #REF! | M10: =VLOOKUP(A:A,#REF!,2,0) -> #REF! | N10: =VLOOKUP(A:A,#REF!,3,0) -> #REF! | O10: =VLOOKUP(A:A,#REF!,2,0) -> #REF! | P10: =VLOOKUP(A:A,#REF!,3,0) -> #REF! | Q10: =VLOOKUP(A:A,#REF!,2,0) -> #REF! | R10: =SUM(B10:Q10) -> #REF!
A11: VV67 지에스리테일인천도화2일배 | B11: =VLOOKUP(A:A,#REF!,2,0) -> #REF! | C11: =VLOOKUP(A:A,#REF!,3,0) -> #REF! | D11: =VLOOKUP(A:A,#REF!,4,0) -> #REF! | E11: =VLOOKUP(A:A,#REF!,5,0) -> #REF! | F11: =VLOOKUP(A:A,#REF!,2,0) -> #REF! | G11: =VLOOKUP(A:A,#REF!,3,0) -> #REF! | H11: =VLOOKUP(A:A,#REF!,4,0) -> #REF! | I11: =VLOOKUP(A11,#REF!,2,0) -> #REF! | J11: =VLOOKUP(A11,#REF!,3,0) -> #REF! | K11: =VLOOKUP(A:A,#REF!,4,0) -> #REF! | L11: =VLOOKUP(A11,#REF!,5,0) -> #REF! | M11: =VLOOKUP(A:A,#REF!,2,0) -> #REF! | N11: =VLOOKUP(A:A,#REF!,3,0) -> #REF! | O11: =VLOOKUP(A:A,#REF!,2,0) -> #REF! | P11: =VLOOKUP(A:A,#REF!,3,0) -> #REF! | Q11: =VLOOKUP(A:A,#REF!,2,0) -> #REF! | R11: =SUM(B11:Q11) -> #REF!
A12: VV17 (주)지에스리테일발안일배 | B12: =VLOOKUP(A:A,#REF!,2,0) -> #REF! | C12: =VLOOKUP(A:A,#REF!,3,0) -> #REF! | D12: =VLOOKUP(A:A,#REF!,4,0) -> #REF! | E12: =VLOOKUP(A:A,#REF!,5,0) -> #REF! | F12: =VLOOKUP(A:A,#REF!,2,0) -> #REF! | G12: =VLOOKUP(A:A,#REF!,3,0) -> #REF! | H12: =VLOOKUP(A:A,#REF!,4,0) -> #REF! | I12: =VLOOKUP(A12,#REF!,2,0) -> #REF! | J12: =VLOOKUP(A12,#REF!,3,0) -> #REF! | K12: =VLOOKUP(A:A,#REF!,4,0) -> #REF! | L12: =VLOOKUP(A12,#REF!,5,0) -> #REF! | M12: =VLOOKUP(A:A,#REF!,2,0) -> #REF! | N12: =VLOOKUP(A:A,#REF!,3,0) -> #REF! | O12: =VLOOKUP(A:A,#REF!,2,0) -> #REF! | P12: =VLOOKUP(A:A,#REF!,3,0) -> #REF! | Q12: =VLOOKUP(A:A,#REF!,2,0) -> #REF! | R12: =SUM(B12:Q12) -> #REF!
A13: VV71 (주)지에스리테일발안2일배 | B13: =VLOOKUP(A:A,#REF!,2,0) -> #REF! | C13: =VLOOKUP(A:A,#REF!,3,0) -> #REF! | D13: =VLOOKUP(A:A,#REF!,4,0) -> #REF! | E13: =VLOOKUP(A:A,#REF!,5,0) -> #REF! | F13: =VLOOKUP(A:A,#REF!,2,0) -> #REF! | G13: =VLOOKUP(A:A,#REF!,3,0) -> #REF! | H13: =VLOOKUP(A:A,#REF!,4,0) -> #REF! | I13: =VLOOKUP(A13,#REF!,2,0) -> #REF! | J13: =VLOOKUP(A13,#REF!,3,0) -> #REF! | K13: =VLOOKUP(A:A,#REF!,4,0) -> #REF! | L13: =VLOOKUP(A13,#REF!,5,0) -> #REF! | M13: =VLOOKUP(A:A,#REF!,2,0) -> #REF! | N13: =VLOOKUP(A:A,#REF!,3,0) -> #REF! | O13: =VLOOKUP(A:A,#REF!,2,0) -> #REF! | P13: =VLOOKUP(A:A,#REF!,3,0) -> #REF! | Q13: =VLOOKUP(A:A,#REF!,2,0) -> #REF! | R13: =SUM(B13:Q13) -> #REF!
A14: VV60 ㈜지에스리테일오산일배 | B14: =VLOOKUP(A:A,#REF!,2,0) -> #REF! | C14: =VLOOKUP(A:A,#REF!,3,0) -> #REF! | D14: =VLOOKUP(A:A,#REF!,4,0) -> #REF! | E14: =VLOOKUP(A:A,#REF!,5,0) -> #REF! | F14: =VLOOKUP(A:A,#REF!,2,0) -> #REF! | G14: =VLOOKUP(A:A,#REF!,3,0) -> #REF! | H14: =VLOOKUP(A:A,#REF!,4,0) -> #REF! | I14: =VLOOKUP(A14,#REF!,2,0) -> #REF! | J14: =VLOOKUP(A14,#REF!,3,0) -> #REF! | K14: =VLOOKUP(A:A,#REF!,4,0) -> #REF! | L14: =VLOOKUP(A14,#REF!,5,0) -> #REF! | M14: =VLOOKUP(A:A,#REF!,2,0) -> #REF! | N14: =VLOOKUP(A:A,#REF!,3,0) -> #REF! | O14: =VLOOKUP(A:A,#REF!,2,0) -> #REF! | P14: =VLOOKUP(A:A,#REF!,3,0) -> #REF! | Q14: =VLOOKUP(A:A,#REF!,2,0) -> #REF! | R14: =SUM(B14:Q14) -> #REF!
A15: VV03 (주)지에스리테일(아신A) | B15: =VLOOKUP(A:A,#REF!,2,0) -> #REF! | C15: =VLOOKUP(A:A,#REF!,3,0) -> #REF! | D15: =VLOOKUP(A:A,#REF!,4,0) -> #REF! | E15: =VLOOKUP(A:A,#REF!,5,0) -> #REF! | F15: =VLOOKUP(A:A,#REF!,2,0) -> #REF! | G15: =VLOOKUP(A:A,#REF!,3,0) -> #REF! | H15: =VLOOKUP(A:A,#REF!,4,0) -> #REF! | I15: =VLOOKUP(A15,#REF!,2,0) -> #REF! | J15: =VLOOKUP(A15,#REF!,3,0) -> #REF! | K15: =VLOOKUP(A:A,#REF!,4,0) -> #REF! | L15: =VLOOKUP(A15,#REF!,5,0) -> #REF! | M15: =VLOOKUP(A:A,#REF!,2,0) -> #REF! | N15: =VLOOKUP(A:A,#REF!,3,0) -> #REF! | O15: =VLOOKUP(A:A,#REF!,2,0) -> #REF! | P15: =VLOOKUP(A:A,#REF!,3,0) -> #REF! | Q15: =VLOOKUP(A:A,#REF!,2,0) -> #REF! | R15: =SUM(B15:Q15) -> #REF!
... A22: VV57 (주)지에스리테일김해일배 | B22: =VLOOKUP(A:A,#REF!,2,0) -> #REF! | C22: =VLOOKUP(A:A,#REF!,3,0) -> #REF! | D22: =VLOOKUP(A:A,#REF!,4,0) -> #REF! | E22: =VLOOKUP(A:A,#REF!,5,0) -> #REF! | F22: =VLOOKUP(A:A,#REF!,2,0) -> #REF! | G22: =VLOOKUP(A:A,#REF!,3,0) -> #REF! | H22: =VLOOKUP(A:A,#REF!,4,0) -> #REF! | I22: =VLOOKUP(A22,#REF!,2,0) -> #REF! | J22: =VLOOKUP(A22,#REF!,3,0) -> #REF! | K22: =VLOOKUP(A:A,#REF!,4,0) -> #REF! | L22: =VLOOKUP(A22,#REF!,5,0) -> #REF! | M22: =VLOOKUP(A:A,#REF!,2,0) -> #REF! | N22: =VLOOKUP(A:A,#REF!,3,0) -> #REF! | O22: =VLOOKUP(A:A,#REF!,2,0) -> #REF! | P22: =VLOOKUP(A:A,#REF!,3,0) -> #REF! | Q22: =VLOOKUP(A:A,#REF!,2,0) -> #REF! | R22: =SUM(B22:Q22) -> #REF!
A23: VV23 (주)지에스리테일(해인FF) | B23: =VLOOKUP(A:A,#REF!,2,0) -> #REF! | C23: =VLOOKUP(A:A,#REF!,3,0) -> #REF! | D23: =VLOOKUP(A:A,#REF!,4,0) -> #REF! | E23: =VLOOKUP(A:A,#REF!,5,0) -> #REF! | F23: =VLOOKUP(A:A,#REF!,2,0) -> #REF! | G23: =VLOOKUP(A:A,#REF!,3,0) -> #REF! | H23: =VLOOKUP(A:A,#REF!,4,0) -> #REF! | I23: =VLOOKUP(A23,#REF!,2,0) -> #REF! | J23: =VLOOKUP(A23,#REF!,3,0) -> #REF! | K23: =VLOOKUP(A:A,#REF!,4,0) -> #REF! | L23: =VLOOKUP(A23,#REF!,5,0) -> #REF! | N23: =VLOOKUP(A:A,#REF!,3,0) -> #REF! | O23: =VLOOKUP(A:A,#REF!,2,0) -> #REF! | P23: =VLOOKUP(A:A,#REF!,3,0) -> #REF! | Q23: =VLOOKUP(A:A,#REF!,2,0) -> #REF! | R23: =SUM(B23:Q23) -> #REF!
A24: VV20 (주)지에스리테일(해인CVS) | M24: =VLOOKUP(A:A,#REF!,2,0) -> #REF! | N24: =VLOOKUP(A:A,#REF!,3,0) -> #REF! | R24: =SUM(B24:Q24) -> #REF!
A25: VV50 (주)지에스리테일(제성) | B25: =VLOOKUP(A:A,#REF!,2,0) -> #REF! | C25: =VLOOKUP(A:A,#REF!,3,0) -> #REF! | D25: =VLOOKUP(A:A,#REF!,4,0) -> #REF! | E25: =VLOOKUP(A:A,#REF!,5,0) -> #REF! | F25: =IFERROR(VLOOKUP(A:A,#REF!,2,0),"0") -> 0 | G25: =VLOOKUP(A:A,#REF!,3,0) -> #REF! | H25: =VLOOKUP(A:A,#REF!,4,0) -> #REF! | I25: =VLOOKUP(A25,#REF!,2,0) -> #REF! | J25: =VLOOKUP(A25,#REF!,3,0) -> #REF! | K25: =VLOOKUP(A:A,#REF!,4,0) -> #REF! | L25: =VLOOKUP(A25,#REF!,5,0) -> #REF! | M25: =VLOOKUP(A:A,#REF!,2,0) -> #REF! | N25: =VLOOKUP(A:A,#REF!,3,0) -> #REF! | O25: =VLOOKUP(A:A,#REF!,2,0) -> #REF! | P25: =VLOOKUP(A:A,#REF!,3,0) -> #REF! | Q25: =VLOOKUP(A:A,#REF!,2,0) -> #REF! | R25: =SUM(B25:Q25) -> #REF!
A26: VV65 ㈜지에스리테일익산일배 | B26: =VLOOKUP(A:A,#REF!,2,0) -> #REF! | C26: =VLOOKUP(A:A,#REF!,3,0) -> #REF! | D26: =VLOOKUP(A:A,#REF!,4,0) -> #REF! | E26: =VLOOKUP(A:A,#REF!,5,0) -> #REF! | F26: =VLOOKUP(A:A,#REF!,2,0) -> #REF! | G26: =VLOOKUP(A:A,#REF!,3,0) -> #REF! | H26: =VLOOKUP(A:A,#REF!,4,0) -> #REF! | I26: =VLOOKUP(A26,#REF!,2,0) -> #REF! | J26: =VLOOKUP(A26,#REF!,3,0) -> #REF! | K26: =VLOOKUP(A:A,#REF!,4,0) -> #REF! | L26: =VLOOKUP(A26,#REF!,5,0) -> #REF! | M26: =VLOOKUP(A:A,#REF!,2,0) -> #REF! | N26: =VLOOKUP(A:A,#REF!,3,0) -> #REF! | O26: =VLOOKUP(A:A,#REF!,2,0) -> #REF! | P26: =VLOOKUP(A:A,#REF!,3,0) -> #REF! | Q26: =VLOOKUP(A:A,#REF!,2,0) -> #REF! | R26: =SUM(B26:Q26) -> #REF!
A27: VV11 (주)지에스리테일장성일배 | B27: =VLOOKUP(A:A,#REF!,2,0) -> #REF! | C27: =VLOOKUP(A:A,#REF!,3,0) -> #REF! | D27: =VLOOKUP(A:A,#REF!,4,0) -> #REF! | E27: =VLOOKUP(A:A,#REF!,5,0) -> #REF! | F27: =VLOOKUP(A:A,#REF!,2,0) -> #REF! | G27: =VLOOKUP(A:A,#REF!,3,0) -> #REF! | H27: =VLOOKUP(A:A,#REF!,4,0) -> #REF! | I27: =VLOOKUP(A27,#REF!,2,0) -> #REF! | J27: =VLOOKUP(A27,#REF!,3,0) -> #REF! | K27: =VLOOKUP(A:A,#REF!,4,0) -> #REF! | L27: =VLOOKUP(A27,#REF!,5,0) -> #REF! | M27: =VLOOKUP(A:A,#REF!,2,0) -> #REF! | N27: =VLOOKUP(A:A,#REF!,3,0) -> #REF! | O27: =VLOOKUP(A:A,#REF!,2,0) -> #REF! | P27: =VLOOKUP(A:A,#REF!,3,0) -> #REF! | Q27: =VLOOKUP(A:A,#REF!,2,0) -> #REF! | R27: =SUM(B27:Q27) -> #REF!
A28: VV69 ㈜지에스리테일강릉일배센터 | B28: =VLOOKUP(A:A,#REF!,2,0) -> #REF! | C28: =VLOOKUP(A:A,#REF!,3,0) -> #REF! | D28: =VLOOKUP(A:A,#REF!,4,0) -> #REF! | E28: =VLOOKUP(A:A,#REF!,5,0) -> #REF! | F28: =VLOOKUP(A:A,#REF!,2,0) -> #REF! | G28: =VLOOKUP(A:A,#REF!,3,0) -> #REF! | H28: =VLOOKUP(A:A,#REF!,4,0) -> #REF! | I28: =VLOOKUP(A28,#REF!,2,0) -> #REF! | J28: =VLOOKUP(A28,#REF!,3,0) -> #REF! | K28: =VLOOKUP(A:A,#REF!,4,0) -> #REF! | L28: =VLOOKUP(A28,#REF!,5,0) -> #REF! | M28: =VLOOKUP(A:A,#REF!,2,0) -> #REF! | N28: =VLOOKUP(A:A,#REF!,3,0) -> #REF! | O28: =VLOOKUP(A:A,#REF!,2,0) -> #REF! | P28: =VLOOKUP(A:A,#REF!,3,0) -> #REF! | Q28: =VLOOKUP(A:A,#REF!,2,0) -> #REF! | R28: =SUM(B28:Q28) -> #REF!
A29: VV25 (주)지에스리테일진주일배 | B29: =VLOOKUP(A:A,#REF!,2,0) -> #REF! | C29: =VLOOKUP(A:A,#REF!,3,0) -> #REF! | D29: =VLOOKUP(A:A,#REF!,4,0) -> #REF! | E29: =VLOOKUP(A:A,#REF!,5,0) -> #REF! | F29: =VLOOKUP(A:A,#REF!,2,0) -> #REF! | G29: =VLOOKUP(A:A,#REF!,3,0) -> #REF! | H29: =VLOOKUP(A:A,#REF!,4,0) -> #REF! | I29: =VLOOKUP(A29,#REF!,2,0) -> #REF! | J29: =VLOOKUP(A29,#REF!,3,0) -> #REF! | K29: =VLOOKUP(A:A,#REF!,4,0) -> #REF! | L29: =VLOOKUP(A29,#REF!,5,0) -> #REF! | M29: =VLOOKUP(A:A,#REF!,2,0) -> #REF! | N29: =VLOOKUP(A:A,#REF!,3,0) -> #REF! | O29: =VLOOKUP(A:A,#REF!,2,0) -> #REF! | P29: =VLOOKUP(A:A,#REF!,3,0) -> #REF! | Q29: =VLOOKUP(A:A,#REF!,2,0) -> #REF! | R29: =SUM(B29:Q29) -> #REF!
A30: 총합계 | B30: =SUM(B3:B29) -> #REF! | C30: =SUM(C3:C29) -> #REF! | D30: =SUM(D3:D29) -> #REF! | E30: =SUM(E3:E29) -> #REF! | F30: =SUM(F3:F29) -> #REF! | G30: =SUM(G3:G29) -> #REF! | H30: =SUM(H3:H29) -> #REF! | I30: =SUM(I3:I29) -> #REF! | ... R30: =SUM(R3:R29) -> #REF!

Sheet 신라명과피벗
A1: 12/17 | B1: 열 레이블
A2: 행 레이블 | B2: 리얼)모닝롤208G | C2: 총합계
A3: VV16 (주)지에스리테일원주일배
A4: VV69 ㈜지에스리테일강릉일배센터
A5: VV57 (주)지에스리테일김해일배
A6: VV58 (주)지에스리테일김해2일배
A7: VV04 (주)지에스리테일공주일배
A8: VV75 (주)지에스리테일공주2일배
A9: VV34 (주)지에스리테일청주일배
A10: VV92 (주)지에스리테일신제주저온
A11: VV25 (주)지에스리테일진주일배
A12: VV20 (주)지에스리테일(해인CVS)
A13: VV95 (주)지에스리테일신광주저온
A14: VV96 (주)지에스리테일신광주2저
... A39: 총합계

Sheet 리얼)모닝롤
A1: 디저트
A2: =TODAY() -> 46310 | B2: 신라명과 | G2: 박스 | H2: 낱개
A3: 행 레이블 | B3: 입수 | C3: 리얼)모닝롤208G | D3: 박스 | E3: 센터명 | F3: 낱개
A4: VV57 (주)지에스리테일김해일배 | B4: 10 | C4: =IFERROR(VLOOKUP(A4,신라명과피벗!A:HN,2,FALSE),0) -> 0 | D4: =IFERROR(ROUNDDOWN(C4/B4,0),"") -> 0 | E4: 김해 | F4: =IFERROR(C4-(D4*B4),"") -> 0
A5: VV58 (주)지에스리테일김해2일배 | B5: =$B$4 -> 10 | C5: =IFERROR(VLOOKUP(A5,신라명과피벗!A:HN,2,FALSE),0) -> 0 | D5: =IFERROR(ROUNDDOWN(C5/B5,0),"") -> 0 | E5: 김해2 | F5: =IFERROR(C5-(D5*B5),"") -> 0
A6: VV92 (주)지에스리테일신제주저온 | B6: =$B$4 -> 10 | C6: =IFERROR(VLOOKUP(A6,신라명과피벗!A:HN,2,FALSE),0) -> 0 | D6: =IFERROR(ROUNDDOWN(C6/B6,0),"") -> 0 | E6: 신제주 | F6: =IFERROR(C6-(D6*B6),"") -> 0
A7: VV25 (주)지에스리테일진주일배 | B7: =$B$4 -> 10 | C7: =IFERROR(VLOOKUP(A7,신라명과피벗!A:HN,2,FALSE),0) -> 0 | D7: =IFERROR(ROUNDDOWN(C7/B7,0),"") -> 0 | E7: 진주 | F7: =IFERROR(C7-(D7*B7),"") -> 0
A8: VV20 (주)지에스리테일(해인CVS) | B8: =$B$4 -> 10 | C8: =IFERROR(VLOOKUP(A8,신라명과피벗!A:HN,2,FALSE),0) -> 0 | D8: =IFERROR(ROUNDDOWN(C8/B8,0),"") -> 0 | E8: CVS | F8: =IFERROR(C8-(D8*B8),"") -> 0
A9: VV83 지에스리테일경산저온 | B9: =$B$4 -> 10 | C9: =IFERROR(VLOOKUP(A9,신라명과피벗!A:HN,2,FALSE),0) -> 0 | D9: =IFERROR(ROUNDDOWN(C9/B9,0),"") -> 0 | E9: 경산 | F9: =IFERROR(C9-(D9*B9),"") -> 0
A10: VV84 ㈜지에스리테일경산2저온 | B10: =$B$4 -> 10 | C10: =IFERROR(VLOOKUP(A10,신라명과피벗!A:HN,2,FALSE),0) -> 0 | D10: =IFERROR(ROUNDDOWN(C10/B10,0),"") -> 0 | E10: 경산2 | F10: =IFERROR(C10-(D10*B10),"") -> 0
A11: VV97 (주)지에스리테일경산3저온 | B11: =$B$4 -> 10 | C11: =IFERROR(VLOOKUP(A11,신라명과피벗!A:HN,2,FALSE),0) -> 0 | D11: =IFERROR(ROUNDDOWN(C11/B11,0),"") -> 0 | E11: 경산3 | F11: =IFERROR(C11-(D11*B11),"") -> 0
A13: 영남 합계 | B13: =B4 -> 10 | C13: =SUM($C$4:$C$11) -> 0 | D13: =IFERROR(ROUNDDOWN(C13/B13,0),"") -> 0 | F13: =IFERROR(C13-(D13*B13),"") -> 0
A15: VV95 (주)지에스리테일신광주저온 | B15: =$B$4 -> 10 | C15: =IFERROR(VLOOKUP(A15,신라명과피벗!A:HN,2,FALSE),0) -> 0 | D15: =IFERROR(ROUNDDOWN(C15/B15,0),"") -> 0 | E15: 신광주 | F15: =IFERROR(C15-(D15*B15),"") -> 0
A16: VV96 (주)지에스리테일신광주2저 | B16: =$B$4 -> 10 | C16: =IFERROR(VLOOKUP(A16,신라명과피벗!A:HN,2,FALSE),0) -> 0 | D16: =IFERROR(ROUNDDOWN(C16/B16,0),"") -> 0 | E16: 신광주2 | F16: =IFERROR(C16-(D16*B16),"") -> 0
A17: VV65 ㈜지에스리테일익산일배 | B17: =$B$4 -> 10 | C17: =IFERROR(VLOOKUP(A17,신라명과피벗!A:HN,2,FALSE),0) -> 0 | D17: =IFERROR(ROUNDDOWN(C17/B17,0),"") -> 0 | E17: 익산 | F17: =IFERROR(C17-(D17*B17),"") -> 0
A19: 호남 합계 | B19: =$B$4 -> 10 | C19: =SUM(C15:C17) -> 0 | D19: =IFERROR(ROUNDDOWN(C19/B19,0),"") -> 0 | F19: =IFERROR(C19-(D19*B19),"") -> 0
A21: VV16 (주)지에스리테일원주일배 | B21: =$B$4 -> 10 | C21: =IFERROR(VLOOKUP(A21,신라명과피벗!A:HN,2,FALSE),0) -> 0 | D21: =IFERROR(ROUNDDOWN(C21/B21,0),"") -> 0 | E21: 원주 | F21: =IFERROR(C21-(D21*B21),"") -> 0
A22: VV69 ㈜지에스리테일강릉일배센터 | B22: =$B$4 -> 10 | C22: =IFERROR(VLOOKUP(A22,신라명과피벗!A:HN,2,FALSE),0) -> 0 | D22: =IFERROR(ROUNDDOWN(C22/B22,0),"") -> 0 | E22: 강릉 | F22: =IFERROR(C22-(D22*B22),"") -> 0
A23: VV04 (주)지에스리테일공주일배 | B23: =$B$4 -> 10 | C23: =IFERROR(VLOOKUP(A23,신라명과피벗!A:HN,2,FALSE),0) -> 0 | D23: =IFERROR(ROUNDDOWN(C23/B23,0),"") -> 0 | E23: 공주 | F23: =IFERROR(C23-(D23*B23),"") -> 0
A24: VV75 (주)지에스리테일공주2일배 | B24: =$B$4 -> 10 | C24: =IFERROR(VLOOKUP(A24,신라명과피벗!A:HN,2,FALSE),0) -> 0 | D24: =IFERROR(ROUNDDOWN(C24/B24,0),"") -> 0 | E24: 공주2 | F24: =IFERROR(C24-(D24*B24),"") -> 0
A25: VV34 (주)지에스리테일청주일배 | B25: =$B$4 -> 10 | C25: =IFERROR(VLOOKUP(A25,신라명과피벗!A:HN,2,FALSE),0) -> 0 | D25: =IFERROR(ROUNDDOWN(C25/B25,0),"") -> 0 | E25: 청주 | F25: =IFERROR(C25-(D25*B25),"") -> 0
A26: VV03 (주)지에스리테일(아신A) | B26: =$B$4 -> 10 | C26: =IFERROR(VLOOKUP(A26,신라명과피벗!A:HN,2,FALSE),0) -> 0 | D26: =IFERROR(ROUNDDOWN(C26/B26,0),"") -> 0 | E26: 아신A | F26: =IFERROR(C26-(D26*B26),"") -> 0
A27: VV90 (주)지에스리테일포천저온 | B27: =$B$4 -> 10 | C27: =IFERROR(VLOOKUP(A27,신라명과피벗!A:HN,2,FALSE),0) -> 0 | D27: =IFERROR(ROUNDDOWN(C27/B27,0),"") -> 0 | E27: 포천 | F27: =IFERROR(C27-(D27*B27),"") -> 0
A28: VV91 (주)지에스리테일포천2저온 | B28: =$B$4 -> 10 | C28: =IFERROR(VLOOKUP(A28,신라명과피벗!A:HN,2,FALSE),0) -> 0 | D28: =IFERROR(ROUNDDOWN(C28/B28,0),"") -> 0 | E28: 포천2 | F28: =IFERROR(C28-(D28*B28),"") -> 0 | G28: =IFERROR(ROUNDDOWN(SUM($F$29:$F$46)/$B$4,0),"") -> 0 | H28: =IFERROR(SUM($F$29:$F$46)-($G$28*$B$4),"") -> 0
A29: VV98 (주)지에스리테일고촌저온 | B29: =$B$4 -> 10 | C29: =IFERROR(VLOOKUP(A29,신라명과피벗!A:HN,2,FALSE),0) -> 0 | D29: =IFERROR(ROUNDDOWN(C29/B29,0),"") -> 0 | E29: 고촌 | F29: =IFERROR(C29-(D29*B29),"") -> 0
A30: VV99 (주)지에스리테일고촌2저온 | B30: =$B$4 -> 10 | C30: =IFERROR(VLOOKUP(A30,신라명과피벗!A:HN,2,FALSE),0) -> 0 | D30: =IFERROR(ROUNDDOWN(C30/B30,0),"") -> 0 | E30: 고촌2 | F30: =IFERROR(C30-(D30*B30),"") -> 0
A31: VV63 ㈜지에스리테일고양일배센터 | B31: =$B$4 -> 10 | C31: =IFERROR(VLOOKUP(A31,신라명과피벗!A:HN,2,FALSE),0) -> 0 | D31: =IFERROR(ROUNDDOWN(C31/B31,0),"") -> 0 | E31: 고양 | F31: =IFERROR(C31-(D31*B31),"") -> 0
A32: VV64 ㈜지에스리테일고양일배2 | B32: =$B$4 -> 10 | C32: =IFERROR(VLOOKUP(A32,신라명과피벗!A:HN,2,FALSE),0) -> 0 | D32: =IFERROR(ROUNDDOWN(C32/B32,0),"") -> 0 | E32: 고양2 | F32: =IFERROR(C32-(D32*B32),"") -> 0
A33: VV81 (주)지에스리테일고양저온3 | B33: =$B$4 -> 10 | C33: =IFERROR(VLOOKUP(A33,신라명과피벗!A:HN,2,FALSE),0) -> 0 | D33: =IFERROR(ROUNDDOWN(C33/B33,0),"") -> 0 | E33: 고양3 | F33: =IFERROR(C33-(D33*B33),"") -> 0
A34: VV62 (주)지에스리테일김포2일배 | B34: =$B$4 -> 10 | C34: =IFERROR(VLOOKUP(A34,신라명과피벗!A:HN,2,FALSE),0) -> 0 | D34: =IFERROR(ROUNDDOWN(C34/B34,0),"") -> 0 | E34: 김포2 | F34: =IFERROR(C34-(D34*B34),"") -> 0
A35: VV70 ㈜지에스리테일김포3일배 | B35: =$B$4 -> 10 | C35: =IFERROR(VLOOKUP(A35,신라명과피벗!A:HN,2,FALSE),0) -> 0 | D35: =IFERROR(ROUNDDOWN(C35/B35,0),"") -> 0 | E35: 김포3 | F35: =IFERROR(C35-(D35*B35),"") -> 0 | G35: =IFERROR(ROUNDDOWN(SUM($F$36:$F$46)/$B$4,0),"") -> 0 | H35: =IFERROR(SUM($F$36:$F$46)-($G$35*$B$4),"") -> 0
A36: VV66 지에스리테일인천도화일배 | B36: =$B$4 -> 10 | C36: =IFERROR(VLOOKUP(A36,신라명과피벗!A:HN,2,FALSE),0) -> 0 | D36: =IFERROR(ROUNDDOWN(C36/B36,0),"") -> 0 | E36: 도화 | F36: =IFERROR(C36-(D36*B36),"") -> 0
A37: VV67 지에스리테일인천도화2일배 | B37: =$B$4 -> 10 | C37: =IFERROR(VLOOKUP(A37,신라명과피벗!A:HN,2,FALSE),0) -> 0 | D37: =IFERROR(ROUNDDOWN(C37/B37,0),"") -> 0 | E37: 도화2 | F37: =IFERROR(C37-(D37*B37),"") -> 0
A38: VV17 (주)지에스리테일발안일배 | B38: =$B$4 -> 10 | C38: =IFERROR(VLOOKUP(A38,신라명과피벗!A:HN,2,FALSE),0) -> 0 | D38: =IFERROR(ROUNDDOWN(C38/B38,0),"") -> 0 | E38: 발안 | F38: =IFERROR(C38-(D38*B38),"") -> 0
A39: VV71 (주)지에스리테일발안2일배 | B39: =$B$4 -> 10 | C39: =IFERROR(VLOOKUP(A39,신라명과피벗!A:HN,2,FALSE),0) -> 0 | D39: =IFERROR(ROUNDDOWN(C39/B39,0),"") -> 0 | E39: 발안2 | F39: =IFERROR(C39-(D39*B39),"") -> 0
A40: VV53 (주)지에스리테일송파일배 | B40: =$B$4 -> 10 | C40: =IFERROR(VLOOKUP(A40,신라명과피벗!A:HN,2,FALSE),0) -> 0 | D40: =IFERROR(ROUNDDOWN(C40/B40,0),"") -> 0 | E40: 송파 | F40: =IFERROR(C40-(D40*B40),"") -> 0
A41: VV55 (주)지에스리테일송파2일배 | B41: =$B$4 -> 10 | C41: =IFERROR(VLOOKUP(A41,신라명과피벗!A:HN,2,FALSE),0) -> 0 | D41: =IFERROR(ROUNDDOWN(C41/B41,0),"") -> 0 | E41: 송파2 | F41: =IFERROR(C41-(D41*B41),"") -> 0 | G41: =IFERROR(ROUNDDOWN(SUM($F$42:$F$46)/$B$4,0),"") -> 0 | H41: =IFERROR(SUM($F$42:$F$46)-($G$41*$B$4),"") -> 0
A42: VV93 (주)지에스리테일곤지암센터 | B42: =$B$4 -> 10 | C42: =IFERROR(VLOOKUP(A42,신라명과피벗!A:HN,2,FALSE),0) -> 0 | D42: =IFERROR(ROUNDDOWN(C42/B42,0),"") -> 0 | E42: 곤지암 | F42: =IFERROR(C42-(D42*B42),"") -> 0
A43: VV94 (주)지에스리테일곤지암2센 | B43: =$B$4 -> 10 | C43: =IFERROR(VLOOKUP(A43,신라명과피벗!A:HN,2,FALSE),0) -> 0 | D43: =IFERROR(ROUNDDOWN(C43/B43,0),"") -> 0 | E43: 곤지암2 | F43: =IFERROR(C43-(D43*B43),"") -> 0
A44: VV85 지에스리테일신오산1저온 | B44: =$B$4 -> 10 | C44: =IFERROR(VLOOKUP(A44,신라명과피벗!A:HN,2,FALSE),0) -> 0 | D44: =IFERROR(ROUNDDOWN(C44/B44,0),"") -> 0 | E44: 신오산1 | F44: =IFERROR(C44-(D44*B44),"") -> 0
A45: VV86 지에스리테일신오산2저온 | B45: =$B$4 -> 10 | C45: =IFERROR(VLOOKUP(A45,신라명과피벗!A:HN,2,FALSE),0) -> 0 | D45: =IFERROR(ROUNDDOWN(C45/B45,0),"") -> 0 | E45: 신오산2 | F45: =IFERROR(C45-(D45*B45),"") -> 0
A46: VV87 지에스리테일신오산3저온 | B46: =$B$4 -> 10 | C46: =IFERROR(VLOOKUP(A46,신라명과피벗!A:HN,2,FALSE),0) -> 0 | D46: =IFERROR(ROUNDDOWN(C46/B46,0),"") -> 0 | E46: 신오산3 | F46: =IFERROR(C46-(D46*B46),"") -> 0
A48: 수도권 합계 | B48: =B21 -> 10 | C48: =SUM($C$21:$C$46) -> 0 | D48: =IFERROR(ROUNDDOWN(C48/B48,0),"") -> 0 | F48: =IFERROR(C48-(D48*B48),"") -> 0
A50: 총합계 | B50: =$B$4 -> 10 | C50: =SUM($C$13,$C$48,$C$19) -> 0 | D50: =IFERROR(ROUNDDOWN(C50/B50,0),"") -> 0 | F50: =IFERROR(C50-(D50*B50),"") -> 0 | G50: 소분박스 | H50: 소분낱개
A51: 총 박스 수량 / 총 낱개 수량 | D51: =SUM($D$4:$D$11,$D$21:$D$46,$D$19) -> 0 | F51: =SUM($F$4:$F$11,$F$21:$F$46,$F$15:$F$18) -> 0 | G51: =IFERROR(ROUNDDOWN($F$51/$B$4,0),"") -> 0 | H51: =IFERROR($F$51-($G$51*$B$4),"") -> 0

Sheet ★은성(주문일-당일)
A1: 10/15 | D1: 열 레이블
A2: 행 레이블 | D2: APP예약)밸런스푼에그듬뿍샐러드 | E2: APP예약)밸런스푼훈제오리듬뿍샐러드 | F2: APP예약)치킨텐더샐러드 | G2: 밸런스푼)꽃맛살듬뿍샐러드 235g | H2: 밸런스푼)새우듬뿍샐러드 185g | I2: 밸런스푼)에그듬뿍샐러드 230g | J2: 밸런스푼)훈제오리듬뿍샐러드 225g | K2: 은성)닭가슴살샐러드 155g | L2: 은성)치킨텐더샐러드 150g | M2: 총합계
A3: 광주B저온센터 | E3: 2 | F3: 1 | G3: 4 | H3: 13 | I3: 14 | J3: 11 | K3: 1 | L3: 1 | M3: 47 | O3: 광주B저온센터
A4: 광주냉장 | G4: 5 | H4: 6 | I4: 8 | J4: 8 | K4: 1 | L4: 2 | M4: 30 | O4: 광주냉장
A5: 대구냉장 | G5: 16 | H5: 18 | I5: 19 | J5: 17 | K5: 4 | L5: 3 | M5: 77 | O5: 대구냉장
A6: 부산냉장 | G6: 5 | H6: 5 | I6: 13 | J6: 10 | L6: 1 | M6: 34 | O6: 부산냉장
A7: 세종냉장센터 | G7: 13 | H7: 34 | I7: 19 | J7: 28 | K7: 12 | L7: 9 | M7: 115 | O7: 세종냉장센터
A8: 수원저온센터 | G8: 27 | H8: 39 | I8: 45 | J8: 36 | K8: 13 | L8: 19 | M8: 179 | O8: 수원저온센터
A9: 안성저온센터 | G9: 14 | H9: 19 | I9: 29 | J9: 20 | K9: 9 | L9: 4 | M9: 95 | O9: 안성저온센터
A10: 양산냉장 | G10: 11 | H10: 13 | I10: 14 | J10: 14 | K10: 2 | M10: 54 | O10: 양산냉장
A11: 양주저온 | G11: 33 | H11: 43 | I11: 67 | J11: 57 | K11: 21 | L11: 20 | M11: 241 | O11: 양주저온
A12: 오포저온 | D12: 1 | G12: 30 | H12: 46 | I12: 44 | J12: 51 | K12: 22 | L12: 23 | M12: 217 | O12: 오포저온
A13: 원주저온 | G13: 16 | H13: 25 | I13: 25 | J13: 24 | K13: 6 | L13: 11 | M13: 107 | O13: 원주저온
A14: 인천저온 | G14: 35 | H14: 36 | I14: 44 | J14: 36 | K14: 14 | L14: 6 | M14: 171 | O14: 인천저온
A15: 제주냉장센터 | G15: 6 | H15: 9 | I15: 5 | J15: 11 | K15: 3 | M15: 34 | O15: 제주냉장센터
A16: 칠곡저온 | G16: 13 | H16: 20 | I16: 11 | J16: 22 | K16: 7 | L16: 5 | M16: 78 | O16: 칠곡저온
A17: 해인기흥저온센터 | G17: 33 | H17: 59 | I17: 61 | J17: 49 | K17: 10 | L17: 11 | M17: 223 | O17: 해인기흥저온센터
A18: 총합계 | D18: 1 | E18: 2 | F18: 1 | G18: 261 | H18: 385 | I18: 418 | J18: 394 | K18: 125 | L18: 115 | M18: 1702

Sheet APP예약)닭가슴살샐러드
A2: =TODAY() -> 46310 | B2: 은성파머스_ 세븐 <2편> □
A3: 행 레이블 | B3: 입수 | C3: APP예약)닭가슴살샐러드 | D3: 박스 | E3: 센터명 | F3: 낱개
A4: 수도권냉장 | B4: 36 | C4: =IFERROR(VLOOKUP(A4,'★은성(주문일-당일)'!A:RV,2,FALSE),0) -> 0 | D4: =IFERROR(ROUNDDOWN(C4/B4,0),"") -> 0 | E4: 수도권 | F4: =IFERROR(C4-(D4*B4),"") -> 0
A5: 안성저온센터 | B5: =$B$4 -> 36 | C5: =IFERROR(VLOOKUP(A5,'★은성(주문일-당일)'!A:RV,2,FALSE),0) -> 0 | D5: =IFERROR(ROUNDDOWN(C5/B5,0),"") -> 0 | E5: 안성 | F5: =IFERROR(C5-(D5*B5),"") -> 0
A6: 세종냉장센터 | B6: =$B$4 -> 36 | C6: =IFERROR(VLOOKUP(A6,'★은성(주문일-당일)'!A:RV,2,FALSE),0) -> 0 | D6: =IFERROR(ROUNDDOWN(C6/B6,0),"") -> 0 | E6: 세종 | F6: =IFERROR(C6-(D6*B6),"") -> 0
A7: 인천저온 | B7: =$B$4 -> 36 | C7: =IFERROR(VLOOKUP(A7,'★은성(주문일-당일)'!A:RV,2,FALSE),0) -> 0 | D7: =IFERROR(ROUNDDOWN(C7/B7,0),"") -> 0 | E7: 인천 | F7: =IFERROR(C7-(D7*B7),"") -> 0
A8: 해인기흥저온센터 | B8: =$B$4 -> 36 | C8: =IFERROR(VLOOKUP(A8,'★은성(주문일-당일)'!A:RV,2,FALSE),0) -> 0 | D8: =IFERROR(ROUNDDOWN(C8/B8,0),"") -> 0 | E8: 해인기흥 | F8: =IFERROR(C8-(D8*B8),"") -> 0
A9: 수원저온센터 | B9: =$B$4 -> 36 | C9: =IFERROR(VLOOKUP(A9,'★은성(주문일-당일)'!A:RV,2,FALSE),0) -> 0 | D9: =IFERROR(ROUNDDOWN(C9/B9,0),"") -> 0 | E9: 수원 | F9: =IFERROR(C9-(D9*B9),"") -> 0
A10: 오포저온 | B10: =$B$4 -> 36 | C10: =IFERROR(VLOOKUP(A10,'★은성(주문일-당일)'!A:RV,2,FALSE),0) -> 0 | D10: =IFERROR(ROUNDDOWN(C10/B10,0),"") -> 0 | E10: 오포 | F10: =IFERROR(C10-(D10*B10),"") -> 0
A11: 양주저온 | B11: =$B$4 -> 36 | C11: =IFERROR(VLOOKUP(A11,'★은성(주문일-당일)'!A:RV,2,FALSE),0) -> 0 | D11: =IFERROR(ROUNDDOWN(C11/B11,0),"") -> 0 | E11: 양주 | F11: =IFERROR(C11-(D11*B11),"") -> 0
A12: 원주저온 | B12: =$B$4 -> 36 | C12: =IFERROR(VLOOKUP(A12,'★은성(주문일-당일)'!A:RV,2,FALSE),0) -> 0 | D12: =IFERROR(ROUNDDOWN(C12/B12,0),"") -> 0 | E12: 원주 | F12: =IFERROR(C12-(D12*B12),"") -> 0
A14: 수도권 합계 | B14: =$B$4 -> 36 | C14: =SUM(C4:C12) -> 0 | D14: =IFERROR(ROUNDDOWN(C14/B14,0),"") -> 0 | F14: =IFERROR(C14-(D14*B14),"") -> 0
A16: 부산냉장 | B16: =$B$4 -> 36 | C16: =IFERROR(VLOOKUP(A16,'★은성(주문일-당일)'!A:RV,2,FALSE),0) -> 0 | D16: =IFERROR(ROUNDDOWN(C16/B16,0),"") -> 0 | E16: 부산 | F16: =IFERROR(C16-(D16*B16),"") -> 0
A17: 양산냉장 | B17: =$B$4 -> 36 | C17: =IFERROR(VLOOKUP(A17,'★은성(주문일-당일)'!A:RV,2,FALSE),0) -> 0 | D17: =IFERROR(ROUNDDOWN(C17/B17,0),"") -> 0 | E17: 양산 | F17: =IFERROR(C17-(D17*B17),"") -> 0
A19: 경남(김해)합계 | B19: =$B$4 -> 36 | C19: =SUM(C16:C17) -> 0 | D19: =IFERROR(ROUNDDOWN(C19/B19,0),"") -> 0 | F19: =IFERROR(C19-(D19*B19),"") -> 0
A21: 대구냉장 | B21: =$B$4 -> 36 | C21: =IFERROR(VLOOKUP(A21,'★은성(주문일-당일)'!A:RV,2,FALSE),0) -> 0 | D21: =IFERROR(ROUNDDOWN(C21/B21,0),"") -> 0 | E21: 대구 | F21: =IFERROR(C21-(D21*B21),"") -> 0
A22: 칠곡저온 | B22: =$B$4 -> 36 | C22: =IFERROR(VLOOKUP(A22,'★은성(주문일-당일)'!A:RV,2,FALSE),0) -> 0 | D22: =IFERROR(ROUNDDOWN(C22/B22,0),"") -> 0 | E22: 칠곡 | F22: =IFERROR(C22-(D22*B22),"") -> 0
A24: 경북(칠곡)합계 | B24: =$B$4 -> 36 | C24: =SUM(C21:C22) -> 0 | D24: =IFERROR(ROUNDDOWN(C24/B24,0),"") -> 0 | F24: =IFERROR(C24-(D24*B24),"") -> 0
A26: 광주냉장 | B26: =$B$4 -> 36 | C26: =IFERROR(VLOOKUP(A26,'★은성(주문일-당일)'!A:RV,2,FALSE),0) -> 0 | D26: =IFERROR(ROUNDDOWN(C26/B26,0),"") -> 0 | E26: 광주 | F26: =IFERROR(C26-(D26*B26),"") -> 0
A27: 광주B저온센터 | B27: =$B$4 -> 36 | C27: =IFERROR(VLOOKUP(A27,'★은성(주문일-당일)'!A:RV,2,FALSE),0) -> 0 | D27: =IFERROR(ROUNDDOWN(C27/B27,0),"") -> 0 | E27: 광주B | F27: =IFERROR(C27-(D27*B27),"") -> 0
A29: 호남권 합계 | B29: =$B$4 -> 36 | C29: =SUM(C26:C27) -> 0 | D29: =IFERROR(ROUNDDOWN(C29/B29,0),"") -> 0 | F29: =IFERROR(C29-(D29*B29),"") -> 0
A31: 제주냉장센터 | B31: =$B$4 -> 36 | C31: =IFERROR(VLOOKUP(A31,'★은성(주문일-당일)'!A:RV,2,FALSE),0) -> 0 | D31: =IFERROR(ROUNDDOWN(C31/B31,0),"") -> 0 | E31: 제주 | F31: =IFERROR(C31-(D31*B31),"") -> 0
A33: 제주권 합계 | B33: =$B$4 -> 36 | C33: =SUM(C31:C31) -> 0 | D33: =IFERROR(ROUNDDOWN(C33/B33,0),"") -> 0 | F33: =IFERROR(C33-(D33*B33),"") -> 0
A35: 총합계 | B35: =$B$4 -> 36 | C35: =SUM(C4:C12,C26:C27,C21:C22,C16:C17,C31:C31) -> 0 | D35: =IFERROR(ROUNDDOWN(C35/B35,0),"") -> 0 | F35: =IFERROR(C35-(D35*B35),"") -> 0 | G35: 소분박스 | H35: 소분낱개
A36: 총 박스/총 낱개수량 | B36: □ | D36: =SUM(D4:D12,D26:D27,D21:D22,D16:D17,D31:D31) -> 0 | F36: =SUM(F4:F12,F26:F27,F21:F22,F16:F17,F31:F31) -> 0 | G36: =IFERROR(ROUNDDOWN(F36/B26,0),"") -> 0 | H36: =IFERROR(F36-(G36*B26),"") -> 0
C37: =C14+C19+C24+C29+C33 -> 0 | H37: □
C38: =C37=C35 -> TRUE

Sheet APP예약)밸런스푼꽃맛살듬뿍샐러드
A2: =TODAY() -> 46310 | B2: 은성파머스_ 세븐 <2편> □
A3: 행 레이블 | B3: 입수 | C3: APP예약)밸런스푼꽃맛살 듬뿍샐러드 | D3: 박스 | E3: 센터명 | F3: 낱개
A4: 수도권냉장 | B4: 30 | C4: =IFERROR(VLOOKUP(A4,'★은성(주문일-당일)'!A:RV,3,FALSE),0) -> 0 | D4: =IFERROR(ROUNDDOWN(C4/B4,0),"") -> 0 | E4: 수도권 | F4: =IFERROR(C4-(D4*B4),"") -> 0
A5: 안성저온센터 | B5: =$B$4 -> 30 | C5: =IFERROR(VLOOKUP(A5,'★은성(주문일-당일)'!A:RV,3,FALSE),0) -> 0 | D5: =IFERROR(ROUNDDOWN(C5/B5,0),"") -> 0 | E5: 안성 | F5: =IFERROR(C5-(D5*B5),"") -> 0
A6: 세종냉장센터 | B6: =$B$4 -> 30 | C6: =IFERROR(VLOOKUP(A6,'★은성(주문일-당일)'!A:RV,3,FALSE),0) -> 0 | D6: =IFERROR(ROUNDDOWN(C6/B6,0),"") -> 0 | E6: 세종 | F6: =IFERROR(C6-(D6*B6),"") -> 0
A7: 인천저온 | B7: =$B$4 -> 30 | C7: =IFERROR(VLOOKUP(A7,'★은성(주문일-당일)'!A:RV,3,FALSE),0) -> 0 | D7: =IFERROR(ROUNDDOWN(C7/B7,0),"") -> 0 | E7: 인천 | F7: =IFERROR(C7-(D7*B7),"") -> 0
A8: 해인기흥저온센터 | B8: =$B$4 -> 30 | C8: =IFERROR(VLOOKUP(A8,'★은성(주문일-당일)'!A:RV,3,FALSE),0) -> 0 | D8: =IFERROR(ROUNDDOWN(C8/B8,0),"") -> 0 | E8: 해인기흥 | F8: =IFERROR(C8-(D8*B8),"") -> 0
A9: 수원저온센터 | B9: =$B$4 -> 30 | C9: =IFERROR(VLOOKUP(A9,'★은성(주문일-당일)'!A:RV,3,FALSE),0) -> 0 | D9: =IFERROR(ROUNDDOWN(C9/B9,0),"") -> 0 | E9: 수원 | F9: =IFERROR(C9-(D9*B9),"") -> 0
A10: 오포저온 | B10: =$B$4 -> 30 | C10: =IFERROR(VLOOKUP(A10,'★은성(주문일-당일)'!A:RV,3,FALSE),0) -> 0 | D10: =IFERROR(ROUNDDOWN(C10/B10,0),"") -> 0 | E10: 오포 | F10: =IFERROR(C10-(D10*B10),"") -> 0
A11: 양주저온 | B11: =$B$4 -> 30 | C11: =IFERROR(VLOOKUP(A11,'★은성(주문일-당일)'!A:RV,3,FALSE),0) -> 0 | D11: =IFERROR(ROUNDDOWN(C11/B11,0),"") -> 0 | E11: 양주 | F11: =IFERROR(C11-(D11*B11),"") -> 0
A12: 원주저온 | B12: =$B$4 -> 30 | C12: =IFERROR(VLOOKUP(A12,'★은성(주문일-당일)'!A:RV,3,FALSE),0) -> 0 | D12: =IFERROR(ROUNDDOWN(C12/B12,0),"") -> 0 | E12: 원주 | F12: =IFERROR(C12-(D12*B12),"") -> 0
A14: 수도권 합계 | B14: =$B$4 -> 30 | C14: =SUM(C4:C12) -> 0 | D14: =IFERROR(ROUNDDOWN(C14/B14,0),"") -> 0 | F14: =IFERROR(C14-(D14*B14),"") -> 0
A16: 부산냉장 | B16: =$B$4 -> 30 | C16: =IFERROR(VLOOKUP(A16,'★은성(주문일-당일)'!A:RV,3,FALSE),0) -> 0 | D16: =IFERROR(ROUNDDOWN(C16/B16,0),"") -> 0 | E16: 부산 | F16: =IFERROR(C16-(D16*B16),"") -> 0
A17: 양산냉장 | B17: =$B$4 -> 30 | C17: =IFERROR(VLOOKUP(A17,'★은성(주문일-당일)'!A:RV,3,FALSE),0) -> 0 | D17: =IFERROR(ROUNDDOWN(C17/B17,0),"") -> 0 | E17: 양산 | F17: =IFERROR(C17-(D17*B17),"") -> 0
A19: 경남(김해)합계 | B19: =$B$4 -> 30 | C19: =SUM(C16:C17) -> 0 | D19: =IFERROR(ROUNDDOWN(C19/B19,0),"") -> 0 | F19: =IFERROR(C19-(D19*B19),"") -> 0
A21: 대구냉장 | B21: =$B$4 -> 30 | C21: =IFERROR(VLOOKUP(A21,'★은성(주문일-당일)'!A:RV,3,FALSE),0) -> 0 | D21: =IFERROR(ROUNDDOWN(C21/B21,0),"") -> 0 | E21: 대구 | F21: =IFERROR(C21-(D21*B21),"") -> 0
A22: 칠곡저온 | B22: =$B$4 -> 30 | C22: =IFERROR(VLOOKUP(A22,'★은성(주문일-당일)'!A:RV,3,FALSE),0) -> 0 | D22: =IFERROR(ROUNDDOWN(C22/B22,0),"") -> 0 | E22: 칠곡 | F22: =IFERROR(C22-(D22*B22),"") -> 0
A24: 경북(칠곡)합계 | B24: =$B$4 -> 30 | C24: =SUM(C21:C22) -> 0 | D24: =IFERROR(ROUNDDOWN(C24/B24,0),"") -> 0 | F24: =IFERROR(C24-(D24*B24),"") -> 0
A26: 광주냉장 | B26: =$B$4 -> 30 | C26: =IFERROR(VLOOKUP(A26,'★은성(주문일-당일)'!A:RV,3,FALSE),0) -> 0 | D26: =IFERROR(ROUNDDOWN(C26/B26,0),"") -> 0 | E26: 광주 | F26: =IFERROR(C26-(D26*B26),"") -> 0
A27: 광주B저온센터 | B27: =$B$4 -> 30 | C27: =IFERROR(VLOOKUP(A27,'★은성(주문일-당일)'!A:RV,3,FALSE),0) -> 0 | D27: =IFERROR(ROUNDDOWN(C27/B27,0),"") -> 0 | E27: 광주B | F27: =IFERROR(C27-(D27*B27),"") -> 0
A29: 호남권 합계 | B29: =$B$4 -> 30 | C29: =SUM(C26:C27) -> 0 | D29: =IFERROR(ROUNDDOWN(C29/B29,0),"") -> 0 | F29: =IFERROR(C29-(D29*B29),"") -> 0
A31: 제주냉장센터 | B31: =$B$4 -> 30 | C31: =IFERROR(VLOOKUP(A31,'★은성(주문일-당일)'!A:RV,3,FALSE),0) -> 0 | D31: =IFERROR(ROUNDDOWN(C31/B31,0),"") -> 0 | E31: 제주 | F31: =IFERROR(C31-(D31*B31),"") -> 0
A33: 제주권 합계 | B33: =$B$4 -> 30 | C33: =SUM(C31:C31) -> 0 | D33: =IFERROR(ROUNDDOWN(C33/B33,0),"") -> 0 | F33: =IFERROR(C33-(D33*B33),"") -> 0
A35: 총합계 | B35: =$B$4 -> 30 | C35: =SUM(C4:C12,C26:C27,C21:C22,C16:C17,C31:C31) -> 0 | D35: =IFERROR(ROUNDDOWN(C35/B35,0),"") -> 0 | F35: =IFERROR(C35-(D35*B35),"") -> 0 | G35: 소분박스 | H35: 소분낱개
A36: 총 박스/총 낱개수량 | B36: □ | D36: =SUM(D4:D12,D26:D27,D21:D22,D16:D17,D31:D31) -> 0 | F36: =SUM(F4:F12,F26:F27,F21:F22,F16:F17,F31:F31) -> 0 | G36: =IFERROR(ROUNDDOWN(F36/B26,0),"") -> 0 | H36: =IFERROR(F36-(G36*B26),"") -> 0
C37: =C14+C19+C24+C29+C33 -> 0 | H37: □
C38: =C37=C35 -> TRUE

Sheet APP예약)밸런스푼에그듬뿍샐러드
A2: =TODAY() -> 46310 | B2: 은성파머스_ 세븐 <2편> □
A3: 행 레이블 | B3: 입수 | C3: APP예약)밸런스푼에그 듬뿍샐러드 | D3: 박스 | E3: 센터명 | F3: 낱개
A4: 수도권냉장 | B4: 30 | C4: =IFERROR(VLOOKUP(A4,'★은성(주문일-당일)'!A:RV,4,FALSE),0) -> 0 | D4: =IFERROR(ROUNDDOWN(C4/B4,0),"") -> 0 | E4: 수도권 | F4: =IFERROR(C4-(D4*B4),"") -> 0
A5: 안성저온센터 | B5: =$B$4 -> 30 | C5: =IFERROR(VLOOKUP(A5,'★은성(주문일-당일)'!A:RV,4,FALSE),0) -> 0 | D5: =IFERROR(ROUNDDOWN(C5/B5,0),"") -> 0 | E5: 안성 | F5: =IFERROR(C5-(D5*B5),"") -> 0
A6: 세종냉장센터 | B6: =$B$4 -> 30 | C6: =IFERROR(VLOOKUP(A6,'★은성(주문일-당일)'!A:RV,4,FALSE),0) -> 0 | D6: =IFERROR(ROUNDDOWN(C6/B6,0),"") -> 0 | E6: 세종 | F6: =IFERROR(C6-(D6*B6),"") -> 0
A7: 인천저온 | B7: =$B$4 -> 30 | C7: =IFERROR(VLOOKUP(A7,'★은성(주문일-당일)'!A:RV,4,FALSE),0) -> 0 | D7: =IFERROR(ROUNDDOWN(C7/B7,0),"") -> 0 | E7: 인천 | F7: =IFERROR(C7-(D7*B7),"") -> 0
A8: 해인기흥저온센터 | B8: =$B$4 -> 30 | C8: =IFERROR(VLOOKUP(A8,'★은성(주문일-당일)'!A:RV,4,FALSE),0) -> 0 | D8: =IFERROR(ROUNDDOWN(C8/B8,0),"") -> 0 | E8: 해인기흥 | F8: =IFERROR(C8-(D8*B8),"") -> 0
A9: 수원저온센터 | B9: =$B$4 -> 30 | C9: =IFERROR(VLOOKUP(A9,'★은성(주문일-당일)'!A:RV,4,FALSE),0) -> 0 | D9: =IFERROR(ROUNDDOWN(C9/B9,0),"") -> 0 | E9: 수원 | F9: =IFERROR(C9-(D9*B9),"") -> 0
A10: 오포저온 | B10: =$B$4 -> 30 | C10: =IFERROR(VLOOKUP(A10,'★은성(주문일-당일)'!A:RV,4,FALSE),0) -> 1 | D10: =IFERROR(ROUNDDOWN(C10/B10,0),"") -> 0 | E10: 오포 | F10: =IFERROR(C10-(D10*B10),"") -> 1
A11: 양주저온 | B11: =$B$4 -> 30 | C11: =IFERROR(VLOOKUP(A11,'★은성(주문일-당일)'!A:RV,4,FALSE),0) -> 0 | D11: =IFERROR(ROUNDDOWN(C11/B11,0),"") -> 0 | E11: 양주 | F11: =IFERROR(C11-(D11*B11),"") -> 0
A12: 원주저온 | B12: =$B$4 -> 30 | C12: =IFERROR(VLOOKUP(A12,'★은성(주문일-당일)'!A:RV,4,FALSE),0) -> 0 | D12: =IFERROR(ROUNDDOWN(C12/B12,0),"") -> 0 | E12: 원주 | F12: =IFERROR(C12-(D12*B12),"") -> 0
A14: 수도권 합계 | B14: =$B$4 -> 30 | C14: =SUM(C4:C12) -> 1 | D14: =IFERROR(ROUNDDOWN(C14/B14,0),"") -> 0 | F14: =IFERROR(C14-(D14*B14),"") -> 1
A16: 부산냉장 | B16: =$B$4 -> 30 | C16: =IFERROR(VLOOKUP(A16,'★은성(주문일-당일)'!A:RV,4,FALSE),0) -> 0 | D16: =IFERROR(ROUNDDOWN(C16/B16,0),"") -> 0 | E16: 부산 | F16: =IFERROR(C16-(D16*B16),"") -> 0
A17: 양산냉장 | B17: =$B$4 -> 30 | C17: =IFERROR(VLOOKUP(A17,'★은성(주문일-당일)'!A:RV,4,FALSE),0) -> 0 | D17: =IFERROR(ROUNDDOWN(C17/B17,0),"") -> 0 | E17: 양산 | F17: =IFERROR(C17-(D17*B17),"") -> 0
A19: 경남(김해)합계 | B19: =$B$4 -> 30 | C19: =SUM(C16:C17) -> 0 | D19: =IFERROR(ROUNDDOWN(C19/B19,0),"") -> 0 | F19: =IFERROR(C19-(D19*B19),"") -> 0
A21: 대구냉장 | B21: =$B$4 -> 30 | C21: =IFERROR(VLOOKUP(A21,'★은성(주문일-당일)'!A:RV,4,FALSE),0) -> 0 | D21: =IFERROR(ROUNDDOWN(C21/B21,0),"") -> 0 | E21: 대구 | F21: =IFERROR(C21-(D21*B21),"") -> 0
A22: 칠곡저온 | B22: =$B$4 -> 30 | C22: =IFERROR(VLOOKUP(A22,'★은성(주문일-당일)'!A:RV,4,FALSE),0) -> 0 | D22: =IFERROR(ROUNDDOWN(C22/B22,0),"") -> 0 | E22: 칠곡 | F22: =IFERROR(C22-(D22*B22),"") -> 0
A24: 경북(칠곡)합계 | B24: =$B$4 -> 30 | C24: =SUM(C21:C22) -> 0 | D24: =IFERROR(ROUNDDOWN(C24/B24,0),"") -> 0 | F24: =IFERROR(C24-(D24*B24),"") -> 0
A26: 광주냉장 | B26: =$B$4 -> 30 | C26: =IFERROR(VLOOKUP(A26,'★은성(주문일-당일)'!A:RV,4,FALSE),0) -> 0 | D26: =IFERROR(ROUNDDOWN(C26/B26,0),"") -> 0 | E26: 광주 | F26: =IFERROR(C26-(D26*B26),"") -> 0
A27: 광주B저온센터 | B27: =$B$4 -> 30 | C27: =IFERROR(VLOOKUP(A27,'★은성(주문일-당일)'!A:RV,4,FALSE),0) -> 0 | D27: =IFERROR(ROUNDDOWN(C27/B27,0),"") -> 0 | E27: 광주B | F27: =IFERROR(C27-(D27*B27),"") -> 0
A29: 호남권 합계 | B29: =$B$4 -> 30 | C29: =SUM(C26:C27) -> 0 | D29: =IFERROR(ROUNDDOWN(C29/B29,0),"") -> 0 | F29: =IFERROR(C29-(D29*B29),"") -> 0
A31: 제주냉장센터 | B31: =$B$4 -> 30 | C31: =IFERROR(VLOOKUP(A31,'★은성(주문일-당일)'!A:RV,4,FALSE),0) -> 0 | D31: =IFERROR(ROUNDDOWN(C31/B31,0),"") -> 0 | E31: 제주 | F31: =IFERROR(C31-(D31*B31),"") -> 0
A33: 제주권 합계 | B33: =$B$4 -> 30 | C33: =SUM(C31:C31) -> 0 | D33: =IFERROR(ROUNDDOWN(C33/B33,0),"") -> 0 | F33: =IFERROR(C33-(D33*B33),"") -> 0
A35: 총합계 | B35: =$B$4 -> 30 | C35: =SUM(C4:C12,C26:C27,C21:C22,C16:C17,C31:C31) -> 1 | D35: =IFERROR(ROUNDDOWN(C35/B35,0),"") -> 0 | F35: =IFERROR(C35-(D35*B35),"") -> 1 | G35: 소분박스 | H35: 소분낱개
A36: 총 박스/총 낱개수량 | B36: □ | D36: =SUM(D4:D12,D26:D27,D21:D22,D16:D17,D31:D31) -> 0 | F36: =SUM(F4:F12,F26:F27,F21:F22,F16:F17,F31:F31) -> 1 | G36: =IFERROR(ROUNDDOWN(F36/B26,0),"") -> 0 | H36: =IFERROR(F36-(G36*B26),"") -> 1
C37: =C14+C19+C24+C29+C33 -> 1 | H37: □
C38: =C37=C35 -> TRUE

Sheet APP예약)밸런스푼훈제오리듬뿍샐러드
A2: =TODAY() -> 46310 | B2: 은성파머스_ 세븐 <2편> □
A3: 행 레이블 | B3: 입수 | C3: APP예약)밸런스푼훈제오리 듬뿍샐러드 | D3: 박스 | E3: 센터명 | F3: 낱개
A4: 수도권냉장 | B4: 30 | C4: =IFERROR(VLOOKUP(A4,'★은성(주문일-당일)'!A:RV,5,FALSE),0) -> 0 | D4: =IFERROR(ROUNDDOWN(C4/B4,0),"") -> 0 | E4: 수도권 | F4: =IFERROR(C4-(D4*B4),"") -> 0
A5: 안성저온센터 | B5: =$B$4 -> 30 | C5: =IFERROR(VLOOKUP(A5,'★은성(주문일-당일)'!A:RV,5,FALSE),0) -> 0 | D5: =IFERROR(ROUNDDOWN(C5/B5,0),"") -> 0 | E5: 안성 | F5: =IFERROR(C5-(D5*B5),"") -> 0
A6: 세종냉장센터 | B6: =$B$4 -> 30 | C6: =IFERROR(VLOOKUP(A6,'★은성(주문일-당일)'!A:RV,5,FALSE),0) -> 0 | D6: =IFERROR(ROUNDDOWN(C6/B6,0),"") -> 0 | E6: 세종 | F6: =IFERROR(C6-(D6*B6),"") -> 0
A7: 인천저온 | B7: =$B$4 -> 30 | C7: =IFERROR(VLOOKUP(A7,'★은성(주문일-당일)'!A:RV,5,FALSE),0) -> 0 | D7: =IFERROR(ROUNDDOWN(C7/B7,0),"") -> 0 | E7: 인천 | F7: =IFERROR(C7-(D7*B7),"") -> 0
A8: 해인기흥저온센터 | B8: =$B$4 -> 30 | C8: =IFERROR(VLOOKUP(A8,'★은성(주문일-당일)'!A:RV,5,FALSE),0) -> 0 | D8: =IFERROR(ROUNDDOWN(C8/B8,0),"") -> 0 | E8: 해인기흥 | F8: =IFERROR(C8-(D8*B8),"") -> 0
A9: 수원저온센터 | B9: =$B$4 -> 30 | C9: =IFERROR(VLOOKUP(A9,'★은성(주문일-당일)'!A:RV,5,FALSE),0) -> 0 | D9: =IFERROR(ROUNDDOWN(C9/B9,0),"") -> 0 | E9: 수원 | F9: =IFERROR(C9-(D9*B9),"") -> 0
A10: 오포저온 | B10: =$B$4 -> 30 | C10: =IFERROR(VLOOKUP(A10,'★은성(주문일-당일)'!A:RV,5,FALSE),0) -> 0 | D10: =IFERROR(ROUNDDOWN(C10/B10,0),"") -> 0 | E10: 오포 | F10: =IFERROR(C10-(D10*B10),"") -> 0
A11: 양주저온 | B11: =$B$4 -> 30 | C11: =IFERROR(VLOOKUP(A11,'★은성(주문일-당일)'!A:RV,5,FALSE),0) -> 0 | D11: =IFERROR(ROUNDDOWN(C11/B11,0),"") -> 0 | E11: 양주 | F11: =IFERROR(C11-(D11*B11),"") -> 0
A12: 원주저온 | B12: =$B$4 -> 30 | C12: =IFERROR(VLOOKUP(A12,'★은성(주문일-당일)'!A:RV,5,FALSE),0) -> 0 | D12: =IFERROR(ROUNDDOWN(C12/B12,0),"") -> 0 | E12: 원주 | F12: =IFERROR(C12-(D12*B12),"") -> 0
A14: 수도권 합계 | B14: =$B$4 -> 30 | C14: =SUM(C4:C12) -> 0 | D14: =IFERROR(ROUNDDOWN(C14/B14,0),"") -> 0 | F14: =IFERROR(C14-(D14*B14),"") -> 0
A16: 부산냉장 | B16: =$B$4 -> 30 | C16: =IFERROR(VLOOKUP(A16,'★은성(주문일-당일)'!A:RV,5,FALSE),0) -> 0 | D16: =IFERROR(ROUNDDOWN(C16/B16,0),"") -> 0 | E16: 부산 | F16: =IFERROR(C16-(D16*B16),"") -> 0
A17: 양산냉장 | B17: =$B$4 -> 30 | C17: =IFERROR(VLOOKUP(A17,'★은성(주문일-당일)'!A:RV,5,FALSE),0) -> 0 | D17: =IFERROR(ROUNDDOWN(C17/B17,0),"") -> 0 | E17: 양산 | F17: =IFERROR(C17-(D17*B17),"") -> 0
A19: 경남(김해)합계 | B19: =$B$4 -> 30 | C19: =SUM(C16:C17) -> 0 | D19: =IFERROR(ROUNDDOWN(C19/B19,0),"") -> 0 | F19: =IFERROR(C19-(D19*B19),"") -> 0
A21: 대구냉장 | B21: =$B$4 -> 30 | C21: =IFERROR(VLOOKUP(A21,'★은성(주문일-당일)'!A:RV,5,FALSE),0) -> 0 | D21: =IFERROR(ROUNDDOWN(C21/B21,0),"") -> 0 | E21: 대구 | F21: =IFERROR(C21-(D21*B21),"") -> 0
A22: 칠곡저온 | B22: =$B$4 -> 30 | C22: =IFERROR(VLOOKUP(A22,'★은성(주문일-당일)'!A:RV,5,FALSE),0) -> 0 | D22: =IFERROR(ROUNDDOWN(C22/B22,0),"") -> 0 | E22: 칠곡 | F22: =IFERROR(C22-(D22*B22),"") -> 0
A24: 경북(칠곡)합계 | B24: =$B$4 -> 30 | C24: =SUM(C21:C22) -> 0 | D24: =IFERROR(ROUNDDOWN(C24/B24,0),"") -> 0 | F24: =IFERROR(C24-(D24*B24),"") -> 0
A26: 광주냉장 | B26: =$B$4 -> 30 | C26: =IFERROR(VLOOKUP(A26,'★은성(주문일-당일)'!A:RV,5,FALSE),0) -> 0 | D26: =IFERROR(ROUNDDOWN(C26/B26,0),"") -> 0 | E26: 광주 | F26: =IFERROR(C26-(D26*B26),"") -> 0
A27: 광주B저온센터 | B27: =$B$4 -> 30 | C27: =IFERROR(VLOOKUP(A27,'★은성(주문일-당일)'!A:RV,5,FALSE),0) -> 2 | D27: =IFERROR(ROUNDDOWN(C27/B27,0),"") -> 0 | E27: 광주B | F27: =IFERROR(C27-(D27*B27),"") -> 2
A29: 호남권 합계 | B29: =$B$4 -> 30 | C29: =SUM(C26:C27) -> 2 | D29: =IFERROR(ROUNDDOWN(C29/B29,0),"") -> 0 | F29: =IFERROR(C29-(D29*B29),"") -> 2
A31: 제주냉장센터 | B31: =$B$4 -> 30 | C31: =IFERROR(VLOOKUP(A31,'★은성(주문일-당일)'!A:RV,5,FALSE),0) -> 0 | D31: =IFERROR(ROUNDDOWN(C31/B31,0),"") -> 0 | E31: 제주 | F31: =IFERROR(C31-(D31*B31),"") -> 0
A33: 제주권 합계 | B33: =$B$4 -> 30 | C33: =SUM(C31:C31) -> 0 | D33: =IFERROR(ROUNDDOWN(C33/B33,0),"") -> 0 | F33: =IFERROR(C33-(D33*B33),"") -> 0
A35: 총합계 | B35: =$B$4 -> 30 | C35: =SUM(C4:C12,C26:C27,C21:C22,C16:C17,C31:C31) -> 2 | D35: =IFERROR(ROUNDDOWN(C35/B35,0),"") -> 0 | F35: =IFERROR(C35-(D35*B35),"") -> 2 | G35: 소분박스 | H35: 소분낱개
A36: 총 박스/총 낱개수량 | B36: □ | D36: =SUM(D4:D12,D26:D27,D21:D22,D16:D17,D31:D31) -> 0 | F36: =SUM(F4:F12,F26:F27,F21:F22,F16:F17,F31:F31) -> 2 | G36: =IFERROR(ROUNDDOWN(F36/B26,0),"") -> 0 | H36: =IFERROR(F36-(G36*B26),"") -> 2
C37: =C14+C19+C24+C29+C33 -> 2 | H37: □
C38: =C37=C35 -> TRUE

Sheet APP예약)치킨텐더샐러드
A2: =TODAY() -> 46310 | B2: 은성파머스_ 세븐 <2편> □
A3: 행 레이블 | B3: 입수 | C3: APP예약)치킨텐더샐러드 | D3: 박스 | E3: 센터명 | F3: 낱개
A4: 수도권냉장 | B4: 36 | C4: =IFERROR(VLOOKUP(A4,'★은성(주문일-당일)'!A:RV,6,FALSE),0) -> 0 | D4: =IFERROR(ROUNDDOWN(C4/B4,0),"") -> 0 | E4: 수도권 | F4: =IFERROR(C4-(D4*B4),"") -> 0
A5: 안성저온센터 | B5: =$B$4 -> 36 | C5: =IFERROR(VLOOKUP(A5,'★은성(주문일-당일)'!A:RV,6,FALSE),0) -> 0 | D5: =IFERROR(ROUNDDOWN(C5/B5,0),"") -> 0 | E5: 안성 | F5: =IFERROR(C5-(D5*B5),"") -> 0
A6: 세종냉장센터 | B6: =$B$4 -> 36 | C6: =IFERROR(VLOOKUP(A6,'★은성(주문일-당일)'!A:RV,6,FALSE),0) -> 0 | D6: =IFERROR(ROUNDDOWN(C6/B6,0),"") -> 0 | E6: 세종 | F6: =IFERROR(C6-(D6*B6),"") -> 0
A7: 인천저온 | B7: =$B$4 -> 36 | C7: =IFERROR(VLOOKUP(A7,'★은성(주문일-당일)'!A:RV,6,FALSE),0) -> 0 | D7: =IFERROR(ROUNDDOWN(C7/B7,0),"") -> 0 | E7: 인천 | F7: =IFERROR(C7-(D7*B7),"") -> 0
A8: 해인기흥저온센터 | B8: =$B$4 -> 36 | C8: =IFERROR(VLOOKUP(A8,'★은성(주문일-당일)'!A:RV,6,FALSE),0) -> 0 | D8: =IFERROR(ROUNDDOWN(C8/B8,0),"") -> 0 | E8: 해인기흥 | F8: =IFERROR(C8-(D8*B8),"") -> 0
A9: 수원저온센터 | B9: =$B$4 -> 36 | C9: =IFERROR(VLOOKUP(A9,'★은성(주문일-당일)'!A:RV,6,FALSE),0) -> 0 | D9: =IFERROR(ROUNDDOWN(C9/B9,0),"") -> 0 | E9: 수원 | F9: =IFERROR(C9-(D9*B9),"") -> 0
A10: 오포저온 | B10: =$B$4 -> 36 | C10: =IFERROR(VLOOKUP(A10,'★은성(주문일-당일)'!A:RV,6,FALSE),0) -> 0 | D10: =IFERROR(ROUNDDOWN(C10/B10,0),"") -> 0 | E10: 오포 | F10: =IFERROR(C10-(D10*B10),"") -> 0
A11: 양주저온 | B11: =$B$4 -> 36 | C11: =IFERROR(VLOOKUP(A11,'★은성(주문일-당일)'!A:RV,6,FALSE),0) -> 0 | D11: =IFERROR(ROUNDDOWN(C11/B11,0),"") -> 0 | E11: 양주 | F11: =IFERROR(C11-(D11*B11),"") -> 0
A12: 원주저온 | B12: =$B$4 -> 36 | C12: =IFERROR(VLOOKUP(A12,'★은성(주문일-당일)'!A:RV,6,FALSE),0) -> 0 | D12: =IFERROR(ROUNDDOWN(C12/B12,0),"") -> 0 | E12: 원주 | F12: =IFERROR(C12-(D12*B12),"") -> 0
A14: 수도권 합계 | B14: =$B$4 -> 36 | C14: =SUM(C4:C12) -> 0 | D14: =IFERROR(ROUNDDOWN(C14/B14,0),"") -> 0 | F14: =IFERROR(C14-(D14*B14),"") -> 0
A16: 부산냉장 | B16: =$B$4 -> 36 | C16: =IFERROR(VLOOKUP(A16,'★은성(주문일-당일)'!A:RV,6,FALSE),0) -> 0 | D16: =IFERROR(ROUNDDOWN(C16/B16,0),"") -> 0 | E16: 부산 | F16: =IFERROR(C16-(D16*B16),"") -> 0
A17: 양산냉장 | B17: =$B$4 -> 36 | C17: =IFERROR(VLOOKUP(A17,'★은성(주문일-당일)'!A:RV,6,FALSE),0) -> 0 | D17: =IFERROR(ROUNDDOWN(C17/B17,0),"") -> 0 | E17: 양산 | F17: =IFERROR(C17-(D17*B17),"") -> 0
A19: 경남(김해)합계 | B19: =$B$4 -> 36 | C19: =SUM(C16:C17) -> 0 | D19: =IFERROR(ROUNDDOWN(C19/B19,0),"") -> 0 | F19: =IFERROR(C19-(D19*B19),"") -> 0
A21: 대구냉장 | B21: =$B$4 -> 36 | C21: =IFERROR(VLOOKUP(A21,'★은성(주문일-당일)'!A:RV,6,FALSE),0) -> 0 | D21: =IFERROR(ROUNDDOWN(C21/B21,0),"") -> 0 | E21: 대구 | F21: =IFERROR(C21-(D21*B21),"") -> 0
A22: 칠곡저온 | B22: =$B$4 -> 36 | C22: =IFERROR(VLOOKUP(A22,'★은성(주문일-당일)'!A:RV,6,FALSE),0) -> 0 | D22: =IFERROR(ROUNDDOWN(C22/B22,0),"") -> 0 | E22: 칠곡 | F22: =IFERROR(C22-(D22*B22),"") -> 0
A24: 경북(칠곡)합계 | B24: =$B$4 -> 36 | C24: =SUM(C21:C22) -> 0 | D24: =IFERROR(ROUNDDOWN(C24/B24,0),"") -> 0 | F24: =IFERROR(C24-(D24*B24),"") -> 0
A26: 광주냉장 | B26: =$B$4 -> 36 | C26: =IFERROR(VLOOKUP(A26,'★은성(주문일-당일)'!A:RV,6,FALSE),0) -> 0 | D26: =IFERROR(ROUNDDOWN(C26/B26,0),"") -> 0 | E26: 광주 | F26: =IFERROR(C26-(D26*B26),"") -> 0
A27: 광주B저온센터 | B27: =$B$4 -> 36 | C27: =IFERROR(VLOOKUP(A27,'★은성(주문일-당일)'!A:RV,6,FALSE),0) -> 1 | D27: =IFERROR(ROUNDDOWN(C27/B27,0),"") -> 0 | E27: 광주B | F27: =IFERROR(C27-(D27*B27),"") -> 1
A29: 호남권 합계 | B29: =$B$4 -> 36 | C29: =SUM(C26:C27) -> 1 | D29: =IFERROR(ROUNDDOWN(C29/B29,0),"") -> 0 | F29: =IFERROR(C29-(D29*B29),"") -> 1
A31: 제주냉장센터 | B31: =$B$4 -> 36 | C31: =IFERROR(VLOOKUP(A31,'★은성(주문일-당일)'!A:RV,6,FALSE),0) -> 0 | D31: =IFERROR(ROUNDDOWN(C31/B31,0),"") -> 0 | E31: 제주 | F31: =IFERROR(C31-(D31*B31),"") -> 0
A33: 제주권 합계 | B33: =$B$4 -> 36 | C33: =SUM(C31:C31) -> 0 | D33: =IFERROR(ROUNDDOWN(C33/B33,0),"") -> 0 | F33: =IFERROR(C33-(D33*B33),"") -> 0
A35: 총합계 | B35: =$B$4 -> 36 | C35: =SUM(C4:C12,C26:C27,C21:C22,C16:C17,C31:C31) -> 1 | D35: =IFERROR(ROUNDDOWN(C35/B35,0),"") -> 0 | F35: =IFERROR(C35-(D35*B35),"") -> 1 | G35: 소분박스 | H35: 소분낱개
A36: 총 박스/총 낱개수량 | B36: □ | D36: =SUM(D4:D12,D26:D27,D21:D22,D16:D17,D31:D31) -> 0 | F36: =SUM(F4:F12,F26:F27,F21:F22,F16:F17,F31:F31) -> 1 | G36: =IFERROR(ROUNDDOWN(F36/B26,0),"") -> 0 | H36: =IFERROR(F36-(G36*B26),"") -> 1
C37: =C14+C19+C24+C29+C33 -> 1 | H37: □
C38: =C37=C35 -> TRUE

Sheet 밸런스푼)꽃맛살듬뿍샐러드 235g
A2: =TODAY() -> 46310 | B2: 은성파머스_ 세븐 <2편> □
A3: 행 레이블 | B3: 입수 | C3: 밸런스푼)꽃맛살듬뿍샐러드 235g | D3: 박스 | E3: 센터명 | F3: 낱개
A4: 수도권냉장 | B4: 30 | C4: =IFERROR(VLOOKUP(A4,'★은성(주문일-당일)'!A:RV,7,FALSE),0) -> 0 | D4: =IFERROR(ROUNDDOWN(C4/B4,0),"") -> 0 | E4: 수도권 | F4: =IFERROR(C4-(D4*B4),"") -> 0
A5: 안성저온센터 | B5: =$B$4 -> 30 | C5: =IFERROR(VLOOKUP(A5,'★은성(주문일-당일)'!A:RV,7,FALSE),0) -> 14 | D5: =IFERROR(ROUNDDOWN(C5/B5,0),"") -> 0 | E5: 안성 | F5: =IFERROR(C5-(D5*B5),"") -> 14
A6: 세종냉장센터 | B6: =$B$4 -> 30 | C6: =IFERROR(VLOOKUP(A6,'★은성(주문일-당일)'!A:RV,7,FALSE),0) -> 13 | D6: =IFERROR(ROUNDDOWN(C6/B6,0),"") -> 0 | E6: 세종 | F6: =IFERROR(C6-(D6*B6),"") -> 13
A7: 인천저온 | B7: =$B$4 -> 30 | C7: =IFERROR(VLOOKUP(A7,'★은성(주문일-당일)'!A:RV,7,FALSE),0) -> 35 | D7: =IFERROR(ROUNDDOWN(C7/B7,0),"") -> 1 | E7: 인천 | F7: =IFERROR(C7-(D7*B7),"") -> 5
A8: 해인기흥저온센터 | B8: =$B$4 -> 30 | C8: =IFERROR(VLOOKUP(A8,'★은성(주문일-당일)'!A:RV,7,FALSE),0) -> 33 | D8: =IFERROR(ROUNDDOWN(C8/B8,0),"") -> 1 | E8: 해인기흥 | F8: =IFERROR(C8-(D8*B8),"") -> 3
A9: 수원저온센터 | B9: =$B$4 -> 30 | C9: =IFERROR(VLOOKUP(A9,'★은성(주문일-당일)'!A:RV,7,FALSE),0) -> 27 | D9: =IFERROR(ROUNDDOWN(C9/B9,0),"") -> 0 | E9: 수원 | F9: =IFERROR(C9-(D9*B9),"") -> 27
A10: 오포저온 | B10: =$B$4 -> 30 | C10: =IFERROR(VLOOKUP(A10,'★은성(주문일-당일)'!A:RV,7,FALSE),0) -> 30 | D10: =IFERROR(ROUNDDOWN(C10/B10,0),"") -> 1 | E10: 오포 | F10: =IFERROR(C10-(D10*B10),"") -> 0
A11: 양주저온 | B11: =$B$4 -> 30 | C11: =IFERROR(VLOOKUP(A11,'★은성(주문일-당일)'!A:RV,7,FALSE),0) -> 33 | D11: =IFERROR(ROUNDDOWN(C11/B11,0),"") -> 1 | E11: 양주 | F11: =IFERROR(C11-(D11*B11),"") -> 3
A12: 원주저온 | B12: =$B$4 -> 30 | C12: =IFERROR(VLOOKUP(A12,'★은성(주문일-당일)'!A:RV,7,FALSE),0) -> 16 | D12: =IFERROR(ROUNDDOWN(C12/B12,0),"") -> 0 | E12: 원주 | F12: =IFERROR(C12-(D12*B12),"") -> 16
A14: 수도권 합계 | B14: =$B$4 -> 30 | C14: =SUM(C4:C12) -> 201 | D14: =IFERROR(ROUNDDOWN(C14/B14,0),"") -> 6 | F14: =IFERROR(C14-(D14*B14),"") -> 21
A16: 부산냉장 | B16: =$B$4 -> 30 | C16: =IFERROR(VLOOKUP(A16,'★은성(주문일-당일)'!A:RV,7,FALSE),0) -> 5 | D16: =IFERROR(ROUNDDOWN(C16/B16,0),"") -> 0 | E16: 부산 | F16: =IFERROR(C16-(D16*B16),"") -> 5
A17: 양산냉장 | B17: =$B$4 -> 30 | C17: =IFERROR(VLOOKUP(A17,'★은성(주문일-당일)'!A:RV,7,FALSE),0) -> 11 | D17: =IFERROR(ROUNDDOWN(C17/B17,0),"") -> 0 | E17: 양산 | F17: =IFERROR(C17-(D17*B17),"") -> 11
A19: 경남(김해)합계 | B19: =$B$4 -> 30 | C19: =SUM(C16:C17) -> 16 | D19: =IFERROR(ROUNDDOWN(C19/B19,0),"") -> 0 | F19: =IFERROR(C19-(D19*B19),"") -> 16
A21: 대구냉장 | B21: =$B$4 -> 30 | C21: =IFERROR(VLOOKUP(A21,'★은성(주문일-당일)'!A:RV,7,FALSE),0) -> 16 | D21: =IFERROR(ROUNDDOWN(C21/B21,0),"") -> 0 | E21: 대구 | F21: =IFERROR(C21-(D21*B21),"") -> 16
A22: 칠곡저온 | B22: =$B$4 -> 30 | C22: =IFERROR(VLOOKUP(A22,'★은성(주문일-당일)'!A:RV,7,FALSE),0) -> 13 | D22: =IFERROR(ROUNDDOWN(C22/B22,0),"") -> 0 | E22: 칠곡 | F22: =IFERROR(C22-(D22*B22),"") -> 13
A24: 경북(칠곡)합계 | B24: =$B$4 -> 30 | C24: =SUM(C21:C22) -> 29 | D24: =IFERROR(ROUNDDOWN(C24/B24,0),"") -> 0 | F24: =IFERROR(C24-(D24*B24),"") -> 29
A26: 광주냉장 | B26: =$B$4 -> 30 | C26: =IFERROR(VLOOKUP(A26,'★은성(주문일-당일)'!A:RV,7,FALSE),0) -> 5 | D26: =IFERROR(ROUNDDOWN(C26/B26,0),"") -> 0 | E26: 광주 | F26: =IFERROR(C26-(D26*B26),"") -> 5
A27: 광주B저온센터 | B27: =$B$4 -> 30 | C27: =IFERROR(VLOOKUP(A27,'★은성(주문일-당일)'!A:RV,7,FALSE),0) -> 4 | D27: =IFERROR(ROUNDDOWN(C27/B27,0),"") -> 0 | E27: 광주B | F27: =IFERROR(C27-(D27*B27),"") -> 4
A29: 호남권 합계 | B29: =$B$4 -> 30 | C29: =SUM(C26:C27) -> 9 | D29: =IFERROR(ROUNDDOWN(C29/B29,0),"") -> 0 | F29: =IFERROR(C29-(D29*B29),"") -> 9
A31: 제주냉장센터 | B31: =$B$4 -> 30 | C31: =IFERROR(VLOOKUP(A31,'★은성(주문일-당일)'!A:RV,7,FALSE),0) -> 6 | D31: =IFERROR(ROUNDDOWN(C31/B31,0),"") -> 0 | E31: 제주 | F31: =IFERROR(C31-(D31*B31),"") -> 6
A33: 제주권 합계 | B33: =$B$4 -> 30 | C33: =SUM(C31:C31) -> 6 | D33: =IFERROR(ROUNDDOWN(C33/B33,0),"") -> 0 | F33: =IFERROR(C33-(D33*B33),"") -> 6
A35: 총합계 | B35: =$B$4 -> 30 | C35: =SUM(C4:C12,C26:C27,C21:C22,C16:C17,C31:C31) -> 261 | D35: =IFERROR(ROUNDDOWN(C35/B35,0),"") -> 8 | F35: =IFERROR(C35-(D35*B35),"") -> 21 | G35: 소분박스 | H35: 소분낱개
A36: 총 박스/총 낱개수량 | B36: □ | D36: =SUM(D4:D12,D26:D27,D21:D22,D16:D17,D31:D31) -> 4 | F36: =SUM(F4:F12,F26:F27,F21:F22,F16:F17,F31:F31) -> 141 | G36: =IFERROR(ROUNDDOWN(F36/B26,0),"") -> 4 | H36: =IFERROR(F36-(G36*B26),"") -> 21
C37: =C14+C19+C24+C29+C33 -> 261 | H37: □
C38: =C37=C35 -> TRUE

Sheet 밸런스푼)새우듬뿍샐러드 185g
A2: =TODAY() -> 46310 | B2: 은성파머스_ 세븐 <2편> □
A3: 행 레이블 | B3: 입수 | C3: 밸런스푼)새우듬뿍 샐러드 185g | D3: 박스 | E3: 센터명 | F3: 낱개
A4: 수도권냉장 | B4: 30 | C4: =IFERROR(VLOOKUP(A4,'★은성(주문일-당일)'!A:RV,8,FALSE),0) -> 0 | D4: =IFERROR(ROUNDDOWN(C4/B4,0),"") -> 0 | E4: 수도권 | F4: =IFERROR(C4-(D4*B4),"") -> 0
A5: 안성저온센터 | B5: =$B$4 -> 30 | C5: =IFERROR(VLOOKUP(A5,'★은성(주문일-당일)'!A:RV,8,FALSE),0) -> 19 | D5: =IFERROR(ROUNDDOWN(C5/B5,0),"") -> 0 | E5: 안성 | F5: =IFERROR(C5-(D5*B5),"") -> 19
A6: 세종냉장센터 | B6: =$B$4 -> 30 | C6: =IFERROR(VLOOKUP(A6,'★은성(주문일-당일)'!A:RV,8,FALSE),0) -> 34 | D6: =IFERROR(ROUNDDOWN(C6/B6,0),"") -> 1 | E6: 세종 | F6: =IFERROR(C6-(D6*B6),"") -> 4
A7: 인천저온 | B7: =$B$4 -> 30 | C7: =IFERROR(VLOOKUP(A7,'★은성(주문일-당일)'!A:RV,8,FALSE),0) -> 36 | D7: =IFERROR(ROUNDDOWN(C7/B7,0),"") -> 1 | E7: 인천 | F7: =IFERROR(C7-(D7*B7),"") -> 6
A8: 해인기흥저온센터 | B8: =$B$4 -> 30 | C8: =IFERROR(VLOOKUP(A8,'★은성(주문일-당일)'!A:RV,8,FALSE),0) -> 59 | D8: =IFERROR(ROUNDDOWN(C8/B8,0),"") -> 1 | E8: 해인기흥 | F8: =IFERROR(C8-(D8*B8),"") -> 29
A9: 수원저온센터 | B9: =$B$4 -> 30 | C9: =IFERROR(VLOOKUP(A9,'★은성(주문일-당일)'!A:RV,8,FALSE),0) -> 39 | D9: =IFERROR(ROUNDDOWN(C9/B9,0),"") -> 1 | E9: 수원 | F9: =IFERROR(C9-(D9*B9),"") -> 9
A10: 오포저온 | B10: =$B$4 -> 30 | C10: =IFERROR(VLOOKUP(A10,'★은성(주문일-당일)'!A:RV,8,FALSE),0) -> 46 | D10: =IFERROR(ROUNDDOWN(C10/B10,0),"") -> 1 | E10: 오포 | F10: =IFERROR(C10-(D10*B10),"") -> 16
A11: 양주저온 | B11: =$B$4 -> 30 | C11: =IFERROR(VLOOKUP(A11,'★은성(주문일-당일)'!A:RV,8,FALSE),0) -> 43 | D11: =IFERROR(ROUNDDOWN(C11/B11,0),"") -> 1 | E11: 양주 | F11: =IFERROR(C11-(D11*B11),"") -> 13
A12: 원주저온 | B12: =$B$4 -> 30 | C12: =IFERROR(VLOOKUP(A12,'★은성(주문일-당일)'!A:RV,8,FALSE),0) -> 25 | D12: =IFERROR(ROUNDDOWN(C12/B12,0),"") -> 0 | E12: 원주 | F12: =IFERROR(C12-(D12*B12),"") -> 25
A14: 수도권 합계 | B14: =$B$4 -> 30 | C14: =SUM(C4:C12) -> 301 | D14: =IFERROR(ROUNDDOWN(C14/B14,0),"") -> 10 | F14: =IFERROR(C14-(D14*B14),"") -> 1
A16: 부산냉장 | B16: =$B$4 -> 30 | C16: =IFERROR(VLOOKUP(A16,'★은성(주문일-당일)'!A:RV,8,FALSE),0) -> 5 | D16: =IFERROR(ROUNDDOWN(C16/B16,0),"") -> 0 | E16: 부산 | F16: =IFERROR(C16-(D16*B16),"") -> 5
A17: 양산냉장 | B17: =$B$4 -> 30 | C17: =IFERROR(VLOOKUP(A17,'★은성(주문일-당일)'!A:RV,8,FALSE),0) -> 13 | D17: =IFERROR(ROUNDDOWN(C17/B17,0),"") -> 0 | E17: 양산 | F17: =IFERROR(C17-(D17*B17),"") -> 13
A19: 경남(김해)합계 | B19: =$B$4 -> 30 | C19: =SUM(C16:C17) -> 18 | D19: =IFERROR(ROUNDDOWN(C19/B19,0),"") -> 0 | F19: =IFERROR(C19-(D19*B19),"") -> 18
A21: 대구냉장 | B21: =$B$4 -> 30 | C21: =IFERROR(VLOOKUP(A21,'★은성(주문일-당일)'!A:RV,8,FALSE),0) -> 18 | D21: =IFERROR(ROUNDDOWN(C21/B21,0),"") -> 0 | E21: 대구 | F21: =IFERROR(C21-(D21*B21),"") -> 18
A22: 칠곡저온 | B22: =$B$4 -> 30 | C22: =IFERROR(VLOOKUP(A22,'★은성(주문일-당일)'!A:RV,8,FALSE),0) -> 20 | D22: =IFERROR(ROUNDDOWN(C22/B22,0),"") -> 0 | E22: 칠곡 | F22: =IFERROR(C22-(D22*B22),"") -> 20
A24: 경북(칠곡)합계 | B24: =$B$4 -> 30 | C24: =SUM(C21:C22) -> 38 | D24: =IFERROR(ROUNDDOWN(C24/B24,0),"") -> 1 | F24: =IFERROR(C24-(D24*B24),"") -> 8
A26: 광주냉장 | B26: =$B$4 -> 30 | C26: =IFERROR(VLOOKUP(A26,'★은성(주문일-당일)'!A:RV,8,FALSE),0) -> 6 | D26: =IFERROR(ROUNDDOWN(C26/B26,0),"") -> 0 | E26: 광주 | F26: =IFERROR(C26-(D26*B26),"") -> 6
A27: 광주B저온센터 | B27: =$B$4 -> 30 | C27: =IFERROR(VLOOKUP(A27,'★은성(주문일-당일)'!A:RV,8,FALSE),0) -> 13 | D27: =IFERROR(ROUNDDOWN(C27/B27,0),"") -> 0 | E27: 광주B | F27: =IFERROR(C27-(D27*B27),"") -> 13
A29: 호남권 합계 | B29: =$B$4 -> 30 | C29: =SUM(C26:C27) -> 19 | D29: =IFERROR(ROUNDDOWN(C29/B29,0),"") -> 0 | F29: =IFERROR(C29-(D29*B29),"") -> 19
A31: 제주냉장센터 | B31: =$B$4 -> 30 | C31: =IFERROR(VLOOKUP(A31,'★은성(주문일-당일)'!A:RV,8,FALSE),0) -> 9 | D31: =IFERROR(ROUNDDOWN(C31/B31,0),"") -> 0 | E31: 제주 | F31: =IFERROR(C31-(D31*B31),"") -> 9
A33: 제주권 합계 | B33: =$B$4 -> 30 | C33: =SUM(C31:C31) -> 9 | D33: =IFERROR(ROUNDDOWN(C33/B33,0),"") -> 0 | F33: =IFERROR(C33-(D33*B33),"") -> 9
A35: 총합계 | B35: =$B$4 -> 30 | C35: =SUM(C4:C12,C26:C27,C21:C22,C16:C17,C31:C31) -> 385 | D35: =IFERROR(ROUNDDOWN(C35/B35,0),"") -> 12 | F35: =IFERROR(C35-(D35*B35),"") -> 25 | G35: 소분박스 | H35: 소분낱개
A36: 총 박스/총 낱개수량 | B36: □ | D36: =SUM(D4:D12,D26:D27,D21:D22,D16:D17,D31:D31) -> 6 | F36: =SUM(F4:F12,F26:F27,F21:F22,F16:F17,F31:F31) -> 205 | G36: =IFERROR(ROUNDDOWN(F36/B26,0),"") -> 6 | H36: =IFERROR(F36-(G36*B26),"") -> 25
C37: =C14+C19+C24+C29+C33 -> 385 | H37: □
C38: =C37=C35 -> TRUE

Sheet 밸런스푼)에그듬뿍샐러드 230g
A2: =TODAY() -> 46310 | B2: 은성파머스_ 세븐 <2편> □
A3: 행 레이블 | B3: 입수 | C3: 밸런스푼)에그듬뿍샐러드 230g | D3: 박스 | E3: 센터명 | F3: 낱개
A4: 수도권냉장 | B4: 30 | C4: =IFERROR(VLOOKUP(A4,'★은성(주문일-당일)'!A:RV,9,FALSE),0) -> 0 | D4: =IFERROR(ROUNDDOWN(C4/B4,0),"") -> 0 | E4: 수도권 | F4: =IFERROR(C4-(D4*B4),"") -> 0
A5: 안성저온센터 | B5: =$B$4 -> 30 | C5: =IFERROR(VLOOKUP(A5,'★은성(주문일-당일)'!A:RV,9,FALSE),0) -> 29 | D5: =IFERROR(ROUNDDOWN(C5/B5,0),"") -> 0 | E5: 안성 | F5: =IFERROR(C5-(D5*B5),"") -> 29
A6: 세종냉장센터 | B6: =$B$4 -> 30 | C6: =IFERROR(VLOOKUP(A6,'★은성(주문일-당일)'!A:RV,9,FALSE),0) -> 19 | D6: =IFERROR(ROUNDDOWN(C6/B6,0),"") -> 0 | E6: 세종 | F6: =IFERROR(C6-(D6*B6),"") -> 19
A7: 인천저온 | B7: =$B$4 -> 30 | C7: =IFERROR(VLOOKUP(A7,'★은성(주문일-당일)'!A:RV,9,FALSE),0) -> 44 | D7: =IFERROR(ROUNDDOWN(C7/B7,0),"") -> 1 | E7: 인천 | F7: =IFERROR(C7-(D7*B7),"") -> 14
A8: 해인기흥저온센터 | B8: =$B$4 -> 30 | C8: =IFERROR(VLOOKUP(A8,'★은성(주문일-당일)'!A:RV,9,FALSE),0) -> 61 | D8: =IFERROR(ROUNDDOWN(C8/B8,0),"") -> 2 | E8: 해인기흥 | F8: =IFERROR(C8-(D8*B8),"") -> 1
A9: 수원저온센터 | B9: =$B$4 -> 30 | C9: =IFERROR(VLOOKUP(A9,'★은성(주문일-당일)'!A:RV,9,FALSE),0) -> 45 | D9: =IFERROR(ROUNDDOWN(C9/B9,0),"") -> 1 | E9: 수원 | F9: =IFERROR(C9-(D9*B9),"") -> 15
A10: 오포저온 | B10: =$B$4 -> 30 | C10: =IFERROR(VLOOKUP(A10,'★은성(주문일-당일)'!A:RV,9,FALSE),0) -> 44 | D10: =IFERROR(ROUNDDOWN(C10/B10,0),"") -> 1 | E10: 오포 | F10: =IFERROR(C10-(D10*B10),"") -> 14
A11: 양주저온 | B11: =$B$4 -> 30 | C11: =IFERROR(VLOOKUP(A11,'★은성(주문일-당일)'!A:RV,9,FALSE),0) -> 67 | D11: =IFERROR(ROUNDDOWN(C11/B11,0),"") -> 2 | E11: 양주 | F11: =IFERROR(C11-(D11*B11),"") -> 7
A12: 원주저온 | B12: =$B$4 -> 30 | C12: =IFERROR(VLOOKUP(A12,'★은성(주문일-당일)'!A:RV,9,FALSE),0) -> 25 | D12: =IFERROR(ROUNDDOWN(C12/B12,0),"") -> 0 | E12: 원주 | F12: =IFERROR(C12-(D12*B12),"") -> 25
A14: 수도권 합계 | B14: =$B$4 -> 30 | C14: =SUM(C4:C12) -> 334 | D14: =IFERROR(ROUNDDOWN(C14/B14,0),"") -> 11 | F14: =IFERROR(C14-(D14*B14),"") -> 4
A16: 부산냉장 | B16: =$B$4 -> 30 | C16: =IFERROR(VLOOKUP(A16,'★은성(주문일-당일)'!A:RV,9,FALSE),0) -> 13 | D16: =IFERROR(ROUNDDOWN(C16/B16,0),"") -> 0 | E16: 부산 | F16: =IFERROR(C16-(D16*B16),"") -> 13
A17: 양산냉장 | B17: =$B$4 -> 30 | C17: =IFERROR(VLOOKUP(A17,'★은성(주문일-당일)'!A:RV,9,FALSE),0) -> 14 | D17: =IFERROR(ROUNDDOWN(C17/B17,0),"") -> 0 | E17: 양산 | F17: =IFERROR(C17-(D17*B17),"") -> 14
A19: 경남(김해)합계 | B19: =$B$4 -> 30 | C19: =SUM(C16:C17) -> 27 | D19: =IFERROR(ROUNDDOWN(C19/B19,0),"") -> 0 | F19: =IFERROR(C19-(D19*B19),"") -> 27
A21: 대구냉장 | B21: =$B$4 -> 30 | C21: =IFERROR(VLOOKUP(A21,'★은성(주문일-당일)'!A:RV,9,FALSE),0) -> 19 | D21: =IFERROR(ROUNDDOWN(C21/B21,0),"") -> 0 | E21: 대구 | F21: =IFERROR(C21-(D21*B21),"") -> 19
A22: 칠곡저온 | B22: =$B$4 -> 30 | C22: =IFERROR(VLOOKUP(A22,'★은성(주문일-당일)'!A:RV,9,FALSE),0) -> 11 | D22: =IFERROR(ROUNDDOWN(C22/B22,0),"") -> 0 | E22: 칠곡 | F22: =IFERROR(C22-(D22*B22),"") -> 11
A24: 경북(칠곡)합계 | B24: =$B$4 -> 30 | C24: =SUM(C21:C22) -> 30 | D24: =IFERROR(ROUNDDOWN(C24/B24,0),"") -> 1 | F24: =IFERROR(C24-(D24*B24),"") -> 0
A26: 광주냉장 | B26: =$B$4 -> 30 | C26: =IFERROR(VLOOKUP(A26,'★은성(주문일-당일)'!A:RV,9,FALSE),0) -> 8 | D26: =IFERROR(ROUNDDOWN(C26/B26,0),"") -> 0 | E26: 광주 | F26: =IFERROR(C26-(D26*B26),"") -> 8
A27: 광주B저온센터 | B27: =$B$4 -> 30 | C27: =IFERROR(VLOOKUP(A27,'★은성(주문일-당일)'!A:RV,9,FALSE),0) -> 14 | D27: =IFERROR(ROUNDDOWN(C27/B27,0),"") -> 0 | E27: 광주B | F27: =IFERROR(C27-(D27*B27),"") -> 14
A29: 호남권 합계 | B29: =$B$4 -> 30 | C29: =SUM(C26:C27) -> 22 | D29: =IFERROR(ROUNDDOWN(C29/B29,0),"") -> 0 | F29: =IFERROR(C29-(D29*B29),"") -> 22
A31: 제주냉장센터 | B31: =$B$4 -> 30 | C31: =IFERROR(VLOOKUP(A31,'★은성(주문일-당일)'!A:RV,9,FALSE),0) -> 5 | D31: =IFERROR(ROUNDDOWN(C31/B31,0),"") -> 0 | E31: 제주 | F31: =IFERROR(C31-(D31*B31),"") -> 5
A33: 제주권 합계 | B33: =$B$4 -> 30 | C33: =SUM(C31:C31) -> 5 | D33: =IFERROR(ROUNDDOWN(C33/B33,0),"") -> 0 | F33: =IFERROR(C33-(D33*B33),"") -> 5
A35: 총합계 | B35: =$B$4 -> 30 | C35: =SUM(C4:C12,C26:C27,C21:C22,C16:C17,C31:C31) -> 418 | D35: =IFERROR(ROUNDDOWN(C35/B35,0),"") -> 13 | F35: =IFERROR(C35-(D35*B35),"") -> 28 | G35: 소분박스 | H35: 소분낱개
A36: 총 박스/총 낱개수량 | B36: □ | D36: =SUM(D4:D12,D26:D27,D21:D22,D16:D17,D31:D31) -> 7 | F36: =SUM(F4:F12,F26:F27,F21:F22,F16:F17,F31:F31) -> 208 | G36: =IFERROR(ROUNDDOWN(F36/B26,0),"") -> 6 | H36: =IFERROR(F36-(G36*B26),"") -> 28
C37: =C14+C19+C24+C29+C33 -> 418 | H37: □
C38: =C37=C35 -> TRUE

Sheet 밸런스푼)훈제오리듬뿍샐러드 225g
A2: =TODAY() -> 46310 | B2: 은성파머스_ 세븐 <2편> □
A3: 행 레이블 | B3: 입수 | C3: 밸런스푼)훈제오리듬뿍 샐러드 225g | D3: 박스 | E3: 센터명 | F3: 낱개
A4: 수도권냉장 | B4: 30 | C4: =IFERROR(VLOOKUP(A4,'★은성(주문일-당일)'!A:RV,10,FALSE),0) -> 0 | D4: =IFERROR(ROUNDDOWN(C4/B4,0),"") -> 0 | E4: 수도권 | F4: =IFERROR(C4-(D4*B4),"") -> 0
A5: 안성저온센터 | B5: =$B$4 -> 30 | C5: =IFERROR(VLOOKUP(A5,'★은성(주문일-당일)'!A:RV,10,FALSE),0) -> 20 | D5: =IFERROR(ROUNDDOWN(C5/B5,0),"") -> 0 | E5: 안성 | F5: =IFERROR(C5-(D5*B5),"") -> 20
A6: 세종냉장센터 | B6: =$B$4 -> 30 | C6: =IFERROR(VLOOKUP(A6,'★은성(주문일-당일)'!A:RV,10,FALSE),0) -> 28 | D6: =IFERROR(ROUNDDOWN(C6/B6,0),"") -> 0 | E6: 세종 | F6: =IFERROR(C6-(D6*B6),"") -> 28
A7: 인천저온 | B7: =$B$4 -> 30 | C7: =IFERROR(VLOOKUP(A7,'★은성(주문일-당일)'!A:RV,10,FALSE),0) -> 36 | D7: =IFERROR(ROUNDDOWN(C7/B7,0),"") -> 1 | E7: 인천 | F7: =IFERROR(C7-(D7*B7),"") -> 6
A8: 해인기흥저온센터 | B8: =$B$4 -> 30 | C8: =IFERROR(VLOOKUP(A8,'★은성(주문일-당일)'!A:RV,10,FALSE),0) -> 49 | D8: =IFERROR(ROUNDDOWN(C8/B8,0),"") -> 1 | E8: 해인기흥 | F8: =IFERROR(C8-(D8*B8),"") -> 19
A9: 수원저온센터 | B9: =$B$4 -> 30 | C9: =IFERROR(VLOOKUP(A9,'★은성(주문일-당일)'!A:RV,10,FALSE),0) -> 36 | D9: =IFERROR(ROUNDDOWN(C9/B9,0),"") -> 1 | E9: 수원 | F9: =IFERROR(C9-(D9*B9),"") -> 6
A10: 오포저온 | B10: =$B$4 -> 30 | C10: =IFERROR(VLOOKUP(A10,'★은성(주문일-당일)'!A:RV,10,FALSE),0) -> 51 | D10: =IFERROR(ROUNDDOWN(C10/B10,0),"") -> 1 | E10: 오포 | F10: =IFERROR(C10-(D10*B10),"") -> 21
A11: 양주저온 | B11: =$B$4 -> 30 | C11: =IFERROR(VLOOKUP(A11,'★은성(주문일-당일)'!A:RV,10,FALSE),0) -> 57 | D11: =IFERROR(ROUNDDOWN(C11/B11,0),"") -> 1 | E11: 양주 | F11: =IFERROR(C11-(D11*B11),"") -> 27
A12: 원주저온 | B12: =$B$4 -> 30 | C12: =IFERROR(VLOOKUP(A12,'★은성(주문일-당일)'!A:RV,10,FALSE),0) -> 24 | D12: =IFERROR(ROUNDDOWN(C12/B12,0),"") -> 0 | E12: 원주 | F12: =IFERROR(C12-(D12*B12),"") -> 24
A14: 수도권 합계 | B14: =$B$4 -> 30 | C14: =SUM(C4:C12) -> 301 | D14: =IFERROR(ROUNDDOWN(C14/B14,0),"") -> 10 | F14: =IFERROR(C14-(D14*B14),"") -> 1
A16: 부산냉장 | B16: =$B$4 -> 30 | C16: =IFERROR(VLOOKUP(A16,'★은성(주문일-당일)'!A:RV,10,FALSE),0) -> 10 | D16: =IFERROR(ROUNDDOWN(C16/B16,0),"") -> 0 | E16: 부산 | F16: =IFERROR(C16-(D16*B16),"") -> 10
A17: 양산냉장 | B17: =$B$4 -> 30 | C17: =IFERROR(VLOOKUP(A17,'★은성(주문일-당일)'!A:RV,10,FALSE),0) -> 14 | D17: =IFERROR(ROUNDDOWN(C17/B17,0),"") -> 0 | E17: 양산 | F17: =IFERROR(C17-(D17*B17),"") -> 14
A19: 경남(김해)합계 | B19: =$B$4 -> 30 | C19: =SUM(C16:C17) -> 24 | D19: =IFERROR(ROUNDDOWN(C19/B19,0),"") -> 0 | F19: =IFERROR(C19-(D19*B19),"") -> 24
A21: 대구냉장 | B21: =$B$4 -> 30 | C21: =IFERROR(VLOOKUP(A21,'★은성(주문일-당일)'!A:RV,10,FALSE),0) -> 17 | D21: =IFERROR(ROUNDDOWN(C21/B21,0),"") -> 0 | E21: 대구 | F21: =IFERROR(C21-(D21*B21),"") -> 17
A22: 칠곡저온 | B22: =$B$4 -> 30 | C22: =IFERROR(VLOOKUP(A22,'★은성(주문일-당일)'!A:RV,10,FALSE),0) -> 22 | D22: =IFERROR(ROUNDDOWN(C22/B22,0),"") -> 0 | E22: 칠곡 | F22: =IFERROR(C22-(D22*B22),"") -> 22
A24: 경북(칠곡)합계 | B24: =$B$4 -> 30 | C24: =SUM(C21:C22) -> 39 | D24: =IFERROR(ROUNDDOWN(C24/B24,0),"") -> 1 | F24: =IFERROR(C24-(D24*B24),"") -> 9
A26: 광주냉장 | B26: =$B$4 -> 30 | C26: =IFERROR(VLOOKUP(A26,'★은성(주문일-당일)'!A:RV,10,FALSE),0) -> 8 | D26: =IFERROR(ROUNDDOWN(C26/B26,0),"") -> 0 | E26: 광주 | F26: =IFERROR(C26-(D26*B26),"") -> 8
A27: 광주B저온센터 | B27: =$B$4 -> 30 | C27: =IFERROR(VLOOKUP(A27,'★은성(주문일-당일)'!A:RV,10,FALSE),0) -> 11 | D27: =IFERROR(ROUNDDOWN(C27/B27,0),"") -> 0 | E27: 광주B | F27: =IFERROR(C27-(D27*B27),"") -> 11
A29: 호남권 합계 | B29: =$B$4 -> 30 | C29: =SUM(C26:C27) -> 19 | D29: =IFERROR(ROUNDDOWN(C29/B29,0),"") -> 0 | F29: =IFERROR(C29-(D29*B29),"") -> 19
A31: 제주냉장센터 | B31: =$B$4 -> 30 | C31: =IFERROR(VLOOKUP(A31,'★은성(주문일-당일)'!A:RV,10,FALSE),0) -> 11 | D31: =IFERROR(ROUNDDOWN(C31/B31,0),"") -> 0 | E31: 제주 | F31: =IFERROR(C31-(D31*B31),"") -> 11
A33: 제주권 합계 | B33: =$B$4 -> 30 | C33: =SUM(C31:C31) -> 11 | D33: =IFERROR(ROUNDDOWN(C33/B33,0),"") -> 0 | F33: =IFERROR(C33-(D33*B33),"") -> 11
A35: 총합계 | B35: =$B$4 -> 30 | C35: =SUM(C4:C12,C26:C27,C21:C22,C16:C17,C31:C31) -> 394 | D35: =IFERROR(ROUNDDOWN(C35/B35,0),"") -> 13 | F35: =IFERROR(C35-(D35*B35),"") -> 4 | G35: 소분박스 | H35: 소분낱개
A36: 총 박스/총 낱개수량 | B36: □ | D36: =SUM(D4:D12,D26:D27,D21:D22,D16:D17,D31:D31) -> 5 | F36: =SUM(F4:F12,F26:F27,F21:F22,F16:F17,F31:F31) -> 244 | G36: =IFERROR(ROUNDDOWN(F36/B26,0),"") -> 8 | H36: =IFERROR(F36-(G36*B26),"") -> 4
C37: =C14+C19+C24+C29+C33 -> 394 | H37: □
C38: =C37=C35 -> TRUE

Sheet 은성)닭가슴살샐러드 155g
A2: =TODAY() -> 46310 | B2: 은성파머스_ 세븐 <2편> □
A3: 행 레이블 | B3: 입수 | C3: 은성)닭가슴살샐러드 155g | D3: 박스 | E3: 센터명 | F3: 낱개
A4: 수도권냉장 | B4: 36 | C4: =IFERROR(VLOOKUP(A4,'★은성(주문일-당일)'!A:RV,11,FALSE),0) -> 0 | D4: =IFERROR(ROUNDDOWN(C4/B4,0),"") -> 0 | E4: 수도권 | F4: =IFERROR(C4-(D4*B4),"") -> 0
A5: 안성저온센터 | B5: =$B$4 -> 36 | C5: =IFERROR(VLOOKUP(A5,'★은성(주문일-당일)'!A:RV,11,FALSE),0) -> 9 | D5: =IFERROR(ROUNDDOWN(C5/B5,0),"") -> 0 | E5: 안성 | F5: =IFERROR(C5-(D5*B5),"") -> 9
A6: 세종냉장센터 | B6: =$B$4 -> 36 | C6: =IFERROR(VLOOKUP(A6,'★은성(주문일-당일)'!A:RV,11,FALSE),0) -> 12 | D6: =IFERROR(ROUNDDOWN(C6/B6,0),"") -> 0 | E6: 세종 | F6: =IFERROR(C6-(D6*B6),"") -> 12
A7: 인천저온 | B7: =$B$4 -> 36 | C7: =IFERROR(VLOOKUP(A7,'★은성(주문일-당일)'!A:RV,11,FALSE),0) -> 14 | D7: =IFERROR(ROUNDDOWN(C7/B7,0),"") -> 0 | E7: 인천 | F7: =IFERROR(C7-(D7*B7),"") -> 14
A8: 해인기흥저온센터 | B8: =$B$4 -> 36 | C8: =IFERROR(VLOOKUP(A8,'★은성(주문일-당일)'!A:RV,11,FALSE),0) -> 10 | D8: =IFERROR(ROUNDDOWN(C8/B8,0),"") -> 0 | E8: 해인기흥 | F8: =IFERROR(C8-(D8*B8),"") -> 10
A9: 수원저온센터 | B9: =$B$4 -> 36 | C9: =IFERROR(VLOOKUP(A9,'★은성(주문일-당일)'!A:RV,11,FALSE),0) -> 13 | D9: =IFERROR(ROUNDDOWN(C9/B9,0),"") -> 0 | E9: 수원 | F9: =IFERROR(C9-(D9*B9),"") -> 13
A10: 오포저온 | B10: =$B$4 -> 36 | C10: =IFERROR(VLOOKUP(A10,'★은성(주문일-당일)'!A:RV,11,FALSE),0) -> 22 | D10: =IFERROR(ROUNDDOWN(C10/B10,0),"") -> 0 | E10: 오포 | F10: =IFERROR(C10-(D10*B10),"") -> 22
A11: 양주저온 | B11: =$B$4 -> 36 | C11: =IFERROR(VLOOKUP(A11,'★은성(주문일-당일)'!A:RV,11,FALSE),0) -> 21 | D11: =IFERROR(ROUNDDOWN(C11/B11,0),"") -> 0 | E11: 양주 | F11: =IFERROR(C11-(D11*B11),"") -> 21
A12: 원주저온 | B12: =$B$4 -> 36 | C12: =IFERROR(VLOOKUP(A12,'★은성(주문일-당일)'!A:RV,11,FALSE),0) -> 6 | D12: =IFERROR(ROUNDDOWN(C12/B12,0),"") -> 0 | E12: 원주 | F12: =IFERROR(C12-(D12*B12),"") -> 6
A14: 수도권 합계 | B14: =$B$4 -> 36 | C14: =SUM(C4:C12) -> 107 | D14: =IFERROR(ROUNDDOWN(C14/B14,0),"") -> 2 | F14: =IFERROR(C14-(D14*B14),"") -> 35
A16: 부산냉장 | B16: =$B$4 -> 36 | C16: =IFERROR(VLOOKUP(A16,'★은성(주문일-당일)'!A:RV,11,FALSE),0) -> 0 | D16: =IFERROR(ROUNDDOWN(C16/B16,0),"") -> 0 | E16: 부산 | F16: =IFERROR(C16-(D16*B16),"") -> 0
A17: 양산냉장 | B17: =$B$4 -> 36 | C17: =IFERROR(VLOOKUP(A17,'★은성(주문일-당일)'!A:RV,11,FALSE),0) -> 2 | D17: =IFERROR(ROUNDDOWN(C17/B17,0),"") -> 0 | E17: 양산 | F17: =IFERROR(C17-(D17*B17),"") -> 2
A19: 경남(김해)합계 | B19: =$B$4 -> 36 | C19: =SUM(C16:C17) -> 2 | D19: =IFERROR(ROUNDDOWN(C19/B19,0),"") -> 0 | F19: =IFERROR(C19-(D19*B19),"") -> 2
A21: 대구냉장 | B21: =$B$4 -> 36 | C21: =IFERROR(VLOOKUP(A21,'★은성(주문일-당일)'!A:RV,11,FALSE),0) -> 4 | D21: =IFERROR(ROUNDDOWN(C21/B21,0),"") -> 0 | E21: 대구 | F21: =IFERROR(C21-(D21*B21),"") -> 4
A22: 칠곡저온 | B22: =$B$4 -> 36 | C22: =IFERROR(VLOOKUP(A22,'★은성(주문일-당일)'!A:RV,11,FALSE),0) -> 7 | D22: =IFERROR(ROUNDDOWN(C22/B22,0),"") -> 0 | E22: 칠곡 | F22: =IFERROR(C22-(D22*B22),"") -> 7
A24: 경북(칠곡)합계 | B24: =$B$4 -> 36 | C24: =SUM(C21:C22) -> 11 | D24: =IFERROR(ROUNDDOWN(C24/B24,0),"") -> 0 | F24: =IFERROR(C24-(D24*B24),"") -> 11
A26: 광주냉장 | B26: =$B$4 -> 36 | C26: =IFERROR(VLOOKUP(A26,'★은성(주문일-당일)'!A:RV,11,FALSE),0) -> 1 | D26: =IFERROR(ROUNDDOWN(C26/B26,0),"") -> 0 | E26: 광주 | F26: =IFERROR(C26-(D26*B26),"") -> 1
A27: 광주B저온센터 | B27: =$B$4 -> 36 | C27: =IFERROR(VLOOKUP(A27,'★은성(주문일-당일)'!A:RV,11,FALSE),0) -> 1 | D27: =IFERROR(ROUNDDOWN(C27/B27,0),"") -> 0 | E27: 광주B | F27: =IFERROR(C27-(D27*B27),"") -> 1
A29: 호남권 합계 | B29: =$B$4 -> 36 | C29: =SUM(C26:C27) -> 2 | D29: =IFERROR(ROUNDDOWN(C29/B29,0),"") -> 0 | F29: =IFERROR(C29-(D29*B29),"") -> 2
A31: 제주냉장센터 | B31: =$B$4 -> 36 | C31: =IFERROR(VLOOKUP(A31,'★은성(주문일-당일)'!A:RV,11,FALSE),0) -> 3 | D31: =IFERROR(ROUNDDOWN(C31/B31,0),"") -> 0 | E31: 제주 | F31: =IFERROR(C31-(D31*B31),"") -> 3
A33: 제주권 합계 | B33: =$B$4 -> 36 | C33: =SUM(C31:C31) -> 3 | D33: =IFERROR(ROUNDDOWN(C33/B33,0),"") -> 0 | F33: =IFERROR(C33-(D33*B33),"") -> 3
A35: 총합계 | B35: =$B$4 -> 36 | C35: =SUM(C4:C12,C26:C27,C21:C22,C16:C17,C31:C31) -> 125 | D35: =IFERROR(ROUNDDOWN(C35/B35,0),"") -> 3 | F35: =IFERROR(C35-(D35*B35),"") -> 17 | G35: 소분박스 | H35: 소분낱개
A36: 총 박스/총 낱개수량 | B36: □ | D36: =SUM(D4:D12,D26:D27,D21:D22,D16:D17,D31:D31) -> 0 | F36: =SUM(F4:F12,F26:F27,F21:F22,F16:F17,F31:F31) -> 125 | G36: =IFERROR(ROUNDDOWN(F36/B26,0),"") -> 3 | H36: =IFERROR(F36-(G36*B26),"") -> 17
C37: =C14+C19+C24+C29+C33 -> 125 | H37: □
C38: =C37=C35 -> TRUE

Sheet 은성)치킨텐더샐러드 150g
A2: =TODAY() -> 46310 | B2: 은성파머스_ 세븐 <2편> □
A3: 행 레이블 | B3: 입수 | C3: 은성)치킨텐더샐러드 150g | D3: 박스 | E3: 센터명 | F3: 낱개
A4: 수도권냉장 | B4: 36 | C4: =IFERROR(VLOOKUP(A4,'★은성(주문일-당일)'!A:RV,12,FALSE),0) -> 0 | D4: =IFERROR(ROUNDDOWN(C4/B4,0),"") -> 0 | E4: 수도권 | F4: =IFERROR(C4-(D4*B4),"") -> 0
A5: 안성저온센터 | B5: =$B$4 -> 36 | C5: =IFERROR(VLOOKUP(A5,'★은성(주문일-당일)'!A:RV,12,FALSE),0) -> 4 | D5: =IFERROR(ROUNDDOWN(C5/B5,0),"") -> 0 | E5: 안성 | F5: =IFERROR(C5-(D5*B5),"") -> 4
A6: 세종냉장센터 | B6: =$B$4 -> 36 | C6: =IFERROR(VLOOKUP(A6,'★은성(주문일-당일)'!A:RV,12,FALSE),0) -> 9 | D6: =IFERROR(ROUNDDOWN(C6/B6,0),"") -> 0 | E6: 세종 | F6: =IFERROR(C6-(D6*B6),"") -> 9
A7: 인천저온 | B7: =$B$4 -> 36 | C7: =IFERROR(VLOOKUP(A7,'★은성(주문일-당일)'!A:RV,12,FALSE),0) -> 6 | D7: =IFERROR(ROUNDDOWN(C7/B7,0),"") -> 0 | E7: 인천 | F7: =IFERROR(C7-(D7*B7),"") -> 6
A8: 해인기흥저온센터 | B8: =$B$4 -> 36 | C8: =IFERROR(VLOOKUP(A8,'★은성(주문일-당일)'!A:RV,12,FALSE),0) -> 11 | D8: =IFERROR(ROUNDDOWN(C8/B8,0),"") -> 0 | E8: 해인기흥 | F8: =IFERROR(C8-(D8*B8),"") -> 11
A9: 수원저온센터 | B9: =$B$4 -> 36 | C9: =IFERROR(VLOOKUP(A9,'★은성(주문일-당일)'!A:RV,12,FALSE),0) -> 19 | D9: =IFERROR(ROUNDDOWN(C9/B9,0),"") -> 0 | E9: 수원 | F9: =IFERROR(C9-(D9*B9),"") -> 19
A10: 오포저온 | B10: =$B$4 -> 36 | C10: =IFERROR(VLOOKUP(A10,'★은성(주문일-당일)'!A:RV,12,FALSE),0) -> 23 | D10: =IFERROR(ROUNDDOWN(C10/B10,0),"") -> 0 | E10: 오포 | F10: =IFERROR(C10-(D10*B10),"") -> 23
A11: 양주저온 | B11: =$B$4 -> 36 | C11: =IFERROR(VLOOKUP(A11,'★은성(주문일-당일)'!A:RV,12,FALSE),0) -> 20 | D11: =IFERROR(ROUNDDOWN(C11/B11,0),"") -> 0 | E11: 양주 | F11: =IFERROR(C11-(D11*B11),"") -> 20
A12: 원주저온 | B12: =$B$4 -> 36 | C12: =IFERROR(VLOOKUP(A12,'★은성(주문일-당일)'!A:RV,12,FALSE),0) -> 11 | D12: =IFERROR(ROUNDDOWN(C12/B12,0),"") -> 0 | E12: 원주 | F12: =IFERROR(C12-(D12*B12),"") -> 11
A14: 수도권 합계 | B14: =$B$4 -> 36 | C14: =SUM(C4:C12) -> 103 | D14: =IFERROR(ROUNDDOWN(C14/B14,0),"") -> 2 | F14: =IFERROR(C14-(D14*B14),"") -> 31
A16: 부산냉장 | B16: =$B$4 -> 36 | C16: =IFERROR(VLOOKUP(A16,'★은성(주문일-당일)'!A:RV,12,FALSE),0) -> 1 | D16: =IFERROR(ROUNDDOWN(C16/B16,0),"") -> 0 | E16: 부산 | F16: =IFERROR(C16-(D16*B16),"") -> 1
A17: 양산냉장 | B17: =$B$4 -> 36 | C17: =IFERROR(VLOOKUP(A17,'★은성(주문일-당일)'!A:RV,12,FALSE),0) -> 0 | D17: =IFERROR(ROUNDDOWN(C17/B17,0),"") -> 0 | E17: 양산 | F17: =IFERROR(C17-(D17*B17),"") -> 0
A19: 경남(김해)합계 | B19: =$B$4 -> 36 | C19: =SUM(C16:C17) -> 1 | D19: =IFERROR(ROUNDDOWN(C19/B19,0),"") -> 0 | F19: =IFERROR(C19-(D19*B19),"") -> 1
A21: 대구냉장 | B21: =$B$4 -> 36 | C21: =IFERROR(VLOOKUP(A21,'★은성(주문일-당일)'!A:RV,12,FALSE),0) -> 3 | D21: =IFERROR(ROUNDDOWN(C21/B21,0),"") -> 0 | E21: 대구 | F21: =IFERROR(C21-(D21*B21),"") -> 3
A22: 칠곡저온 | B22: =$B$4 -> 36 | C22: =IFERROR(VLOOKUP(A22,'★은성(주문일-당일)'!A:RV,12,FALSE),0) -> 5 | D22: =IFERROR(ROUNDDOWN(C22/B22,0),"") -> 0 | E22: 칠곡 | F22: =IFERROR(C22-(D22*B22),"") -> 5
A24: 경북(칠곡)합계 | B24: =$B$4 -> 36 | C24: =SUM(C21:C22) -> 8 | D24: =IFERROR(ROUNDDOWN(C24/B24,0),"") -> 0 | F24: =IFERROR(C24-(D24*B24),"") -> 8
A26: 광주냉장 | B26: =$B$4 -> 36 | C26: =IFERROR(VLOOKUP(A26,'★은성(주문일-당일)'!A:RV,12,FALSE),0) -> 2 | D26: =IFERROR(ROUNDDOWN(C26/B26,0),"") -> 0 | E26: 광주 | F26: =IFERROR(C26-(D26*B26),"") -> 2
A27: 광주B저온센터 | B27: =$B$4 -> 36 | C27: =IFERROR(VLOOKUP(A27,'★은성(주문일-당일)'!A:RV,12,FALSE),0) -> 1 | D27: =IFERROR(ROUNDDOWN(C27/B27,0),"") -> 0 | E27: 광주B | F27: =IFERROR(C27-(D27*B27),"") -> 1
A29: 호남권 합계 | B29: =$B$4 -> 36 | C29: =SUM(C26:C27) -> 3 | D29: =IFERROR(ROUNDDOWN(C29/B29,0),"") -> 0 | F29: =IFERROR(C29-(D29*B29),"") -> 3
A31: 제주냉장센터 | B31: =$B$4 -> 36 | C31: =IFERROR(VLOOKUP(A31,'★은성(주문일-당일)'!A:RV,12,FALSE),0) -> 0 | D31: =IFERROR(ROUNDDOWN(C31/B31,0),"") -> 0 | E31: 제주 | F31: =IFERROR(C31-(D31*B31),"") -> 0
A33: 제주권 합계 | B33: =$B$4 -> 36 | C33: =SUM(C31:C31) -> 0 | D33: =IFERROR(ROUNDDOWN(C33/B33,0),"") -> 0 | F33: =IFERROR(C33-(D33*B33),"") -> 0
A35: 총합계 | B35: =$B$4 -> 36 | C35: =SUM(C4:C12,C26:C27,C21:C22,C16:C17,C31:C31) -> 115 | D35: =IFERROR(ROUNDDOWN(C35/B35,0),"") -> 3 | F35: =IFERROR(C35-(D35*B35),"") -> 7 | G35: 소분박스 | H35: 소분낱개
A36: 총 박스/총 낱개수량 | B36: □ | D36: =SUM(D4:D12,D26:D27,D21:D22,D16:D17,D31:D31) -> 0 | F36: =SUM(F4:F12,F26:F27,F21:F22,F16:F17,F31:F31) -> 115 | G36: =IFERROR(ROUNDDOWN(F36/B26,0),"") -> 3 | H36: =IFERROR(F36-(G36*B26),"") -> 7
C37: =C14+C19+C24+C29+C33 -> 115 | H37: □
C38: =C37=C35 -> TRUE

Sheet ★삼진 (입고일+2)
A1: 10/15 | B1: 열 레이블
A2: 행 레이블 | B2: 삼진)1953어묵순살바80g(매운맛) | C2: 삼진)1953어묵순살바80g(야채맛) | D2: 삼진)1953어묵순살바80g(오징어맛) | E2: 총합계
A3: 광주B저온센터 | B3: 7 | C3: 15 | D3: 9 | E3: 31
A4: 광주냉장 | B4: 18 | C4: 5 | D4: 14 | E4: 37
A5: 대구냉장 | B5: 13 | C5: 3 | D5: 11 | E5: 27
A6: 부산냉장 | B6: 33 | C6: 37 | D6: 23 | E6: 93
A7: 세종냉장센터 | B7: 14 | C7: 19 | D7: 10 | E7: 43
A8: 수도권냉장 | C8: 1 | E8: 1
A9: 수원저온센터 | B9: 15 | C9: 48 | D9: 32 | E9: 95
A10: 안성저온센터 | B10: 40 | C10: 32 | D10: 41 | E10: 113
A11: 양산냉장 | B11: 18 | C11: 15 | D11: 14 | E11: 47
A12: 양주저온 | B12: 47 | C12: 45 | D12: 40 | E12: 132
A13: 오포저온 | B13: 32 | C13: 46 | D13: 22 | E13: 100
A14: 원주저온 | B14: 21 | C14: 22 | D14: 12 | E14: 55
A15: 인천저온 | B15: 18 | C15: 32 | D15: 40 | E15: 90
A16: 제주냉장센터 | B16: 25 | C16: 21 | D16: 18 | E16: 64
A17: 칠곡저온 | B17: 7 | C17: 5 | D17: 14 | E17: 26
A18: 해인기흥저온센터 | B18: 43 | C18: 72 | D18: 37 | E18: 152
A19: 총합계 | B19: 351 | C19: 418 | D19: 337 | E19: 1106

Sheet 삼진)1953어묵순살바80g(매운맛)
A2: =TODAY() -> 46310 | B2: 삼진_ 세븐 <1편> □
A3: 행 레이블 | B3: 입수 | C3: 삼진)1953어묵순살바80g (매운맛) | D3: 박스 | E3: 센터명 | F3: 낱개
A4: 수도권냉장 | B4: 100 | C4: =IFERROR(VLOOKUP(A4,'★삼진 (입고일+2)'!A:SH,2,FALSE),0) -> 0 | D4: =IFERROR(ROUNDDOWN(C4/B4,0),"") -> 0 | E4: 수도권 | F4: =IFERROR(C4-(D4*B4),"") -> 0
A5: 안성저온센터 | B5: =$B$4 -> 100 | C5: =IFERROR(VLOOKUP(A5,'★삼진 (입고일+2)'!A:SH,2,FALSE),0) -> 40 | D5: =IFERROR(ROUNDDOWN(C5/B5,0),"") -> 0 | E5: 안성 | F5: =IFERROR(C5-(D5*B5),"") -> 40
A6: 세종냉장센터 | B6: =$B$4 -> 100 | C6: =IFERROR(VLOOKUP(A6,'★삼진 (입고일+2)'!A:SH,2,FALSE),0) -> 14 | D6: =IFERROR(ROUNDDOWN(C6/B6,0),"") -> 0 | E6: 세종 | F6: =IFERROR(C6-(D6*B6),"") -> 14
A7: 인천저온 | B7: =$B$4 -> 100 | C7: =IFERROR(VLOOKUP(A7,'★삼진 (입고일+2)'!A:SH,2,FALSE),0) -> 18 | D7: =IFERROR(ROUNDDOWN(C7/B7,0),"") -> 0 | E7: 인천 | F7: =IFERROR(C7-(D7*B7),"") -> 18
A8: 해인기흥저온센터 | B8: =$B$4 -> 100 | C8: =IFERROR(VLOOKUP(A8,'★삼진 (입고일+2)'!A:SH,2,FALSE),0) -> 43 | D8: =IFERROR(ROUNDDOWN(C8/B8,0),"") -> 0 | E8: 해인기흥 | F8: =IFERROR(C8-(D8*B8),"") -> 43
A9: 수원저온센터 | B9: =$B$4 -> 100 | C9: =IFERROR(VLOOKUP(A9,'★삼진 (입고일+2)'!A:SH,2,FALSE),0) -> 15 | D9: =IFERROR(ROUNDDOWN(C9/B9,0),"") -> 0 | E9: 수원 | F9: =IFERROR(C9-(D9*B9),"") -> 15
A10: 오포저온 | B10: =$B$4 -> 100 | C10: =IFERROR(VLOOKUP(A10,'★삼진 (입고일+2)'!A:SH,2,FALSE),0) -> 32 | D10: =IFERROR(ROUNDDOWN(C10/B10,0),"") -> 0 | E10: 오포 | F10: =IFERROR(C10-(D10*B10),"") -> 32
A11: 양주저온 | B11: =$B$4 -> 100 | C11: =IFERROR(VLOOKUP(A11,'★삼진 (입고일+2)'!A:SH,2,FALSE),0) -> 47 | D11: =IFERROR(ROUNDDOWN(C11/B11,0),"") -> 0 | E11: 양주 | F11: =IFERROR(C11-(D11*B11),"") -> 47
A12: 원주저온 | B12: =$B$4 -> 100 | C12: =IFERROR(VLOOKUP(A12,'★삼진 (입고일+2)'!A:SH,2,FALSE),0) -> 21 | D12: =IFERROR(ROUNDDOWN(C12/B12,0),"") -> 0 | E12: 원주 | F12: =IFERROR(C12-(D12*B12),"") -> 21
A14: 수도권 합계 | B14: =$B$4 -> 100 | C14: =SUM(C4:C12) -> 230 | D14: =IFERROR(ROUNDDOWN(C14/B14,0),"") -> 2 | F14: =IFERROR(C14-(D14*B14),"") -> 30
A16: 부산냉장 | B16: =$B$4 -> 100 | C16: =IFERROR(VLOOKUP(A16,'★삼진 (입고일+2)'!A:SH,2,FALSE),0) -> 33 | D16: =IFERROR(ROUNDDOWN(C16/B16,0),"") -> 0 | E16: 부산 | F16: =IFERROR(C16-(D16*B16),"") -> 33
A17: 양산냉장 | B17: =$B$4 -> 100 | C17: =IFERROR(VLOOKUP(A17,'★삼진 (입고일+2)'!A:SH,2,FALSE),0) -> 18 | D17: =IFERROR(ROUNDDOWN(C17/B17,0),"") -> 0 | E17: 양산 | F17: =IFERROR(C17-(D17*B17),"") -> 18
A19: 경남(김해)합계 | B19: =$B$4 -> 100 | C19: =SUM(C16:C17) -> 51 | D19: =IFERROR(ROUNDDOWN(C19/B19,0),"") -> 0 | F19: =IFERROR(C19-(D19*B19),"") -> 51
A21: 대구냉장 | B21: =$B$4 -> 100 | C21: =IFERROR(VLOOKUP(A21,'★삼진 (입고일+2)'!A:SH,2,FALSE),0) -> 13 | D21: =IFERROR(ROUNDDOWN(C21/B21,0),"") -> 0 | E21: 대구 | F21: =IFERROR(C21-(D21*B21),"") -> 13
A22: 칠곡저온 | B22: =$B$4 -> 100 | C22: =IFERROR(VLOOKUP(A22,'★삼진 (입고일+2)'!A:SH,2,FALSE),0) -> 7 | D22: =IFERROR(ROUNDDOWN(C22/B22,0),"") -> 0 | E22: 칠곡 | F22: =IFERROR(C22-(D22*B22),"") -> 7
A24: 경북(칠곡)합계 | B24: =$B$4 -> 100 | C24: =SUM(C21:C22) -> 20 | D24: =IFERROR(ROUNDDOWN(C24/B24,0),"") -> 0 | F24: =IFERROR(C24-(D24*B24),"") -> 20
A26: 광주냉장 | B26: =$B$4 -> 100 | C26: =IFERROR(VLOOKUP(A26,'★삼진 (입고일+2)'!A:SH,2,FALSE),0) -> 18 | D26: =IFERROR(ROUNDDOWN(C26/B26,0),"") -> 0 | E26: 광주 | F26: =IFERROR(C26-(D26*B26),"") -> 18
A27: 광주B저온센터 | B27: =$B$4 -> 100 | C27: =IFERROR(VLOOKUP(A27,'★삼진 (입고일+2)'!A:SH,2,FALSE),0) -> 7 | D27: =IFERROR(ROUNDDOWN(C27/B27,0),"") -> 0 | E27: 광주B | F27: =IFERROR(C27-(D27*B27),"") -> 7
A29: 호남권 합계 | B29: =$B$4 -> 100 | C29: =SUM(C26:C27) -> 25 | D29: =IFERROR(ROUNDDOWN(C29/B29,0),"") -> 0 | F29: =IFERROR(C29-(D29*B29),"") -> 25
A31: 제주냉장센터 | B31: =$B$4 -> 100 | C31: =IFERROR(VLOOKUP(A31,'★삼진 (입고일+2)'!A:SH,2,FALSE),0) -> 25 | D31: =IFERROR(ROUNDDOWN(C31/B31,0),"") -> 0 | E31: 제주 | F31: =IFERROR(C31-(D31*B31),"") -> 25
A33: 제주권 합계 | B33: =$B$4 -> 100 | C33: =SUM(C31:C31) -> 25 | D33: =IFERROR(ROUNDDOWN(C33/B33,0),"") -> 0 | F33: =IFERROR(C33-(D33*B33),"") -> 25
A35: 총합계 | B35: =$B$4 -> 100 | C35: =SUM(C4:C12,C26:C27,C21:C22,C16:C17,C31:C31) -> 351 | D35: =IFERROR(ROUNDDOWN(C35/B35,0),"") -> 3 | F35: =IFERROR(C35-(D35*B35),"") -> 51 | G35: 소분박스 | H35: 소분낱개
A36: 총 박스/총 낱개수량 | B36: □ | D36: =SUM(D4:D12,D26:D27,D21:D22,D16:D17,D31:D31) -> 0 | F36: =SUM(F4:F12,F26:F27,F21:F22,F16:F17,F31:F31) -> 351 | G36: =IFERROR(ROUNDDOWN(F36/B26,0),"") -> 3 | H36: =IFERROR(F36-(G36*B26),"") -> 51
C37: =C14+C19+C24+C29+C33 -> 351 | H37: □
C38: =C37=C35 -> TRUE

Sheet 삼진)1953어묵순살바80g(야채맛)
A2: =TODAY() -> 46310 | B2: 삼진_ 세븐 <1편> □
A3: 행 레이블 | B3: 입수 | C3: 삼진)1953어묵순살바80g (야채맛) | D3: 박스 | E3: 센터명 | F3: 낱개
A4: 수도권냉장 | B4: 100 | C4: =IFERROR(VLOOKUP(A4,'★삼진 (입고일+2)'!A:SH,3,FALSE),0) -> 1 | D4: =IFERROR(ROUNDDOWN(C4/B4,0),"") -> 0 | E4: 수도권 | F4: =IFERROR(C4-(D4*B4),"") -> 1
A5: 안성저온센터 | B5: =$B$4 -> 100 | C5: =IFERROR(VLOOKUP(A5,'★삼진 (입고일+2)'!A:SH,3,FALSE),0) -> 32 | D5: =IFERROR(ROUNDDOWN(C5/B5,0),"") -> 0 | E5: 안성 | F5: =IFERROR(C5-(D5*B5),"") -> 32
A6: 세종냉장센터 | B6: =$B$4 -> 100 | C6: =IFERROR(VLOOKUP(A6,'★삼진 (입고일+2)'!A:SH,3,FALSE),0) -> 19 | D6: =IFERROR(ROUNDDOWN(C6/B6,0),"") -> 0 | E6: 세종 | F6: =IFERROR(C6-(D6*B6),"") -> 19
A7: 인천저온 | B7: =$B$4 -> 100 | C7: =IFERROR(VLOOKUP(A7,'★삼진 (입고일+2)'!A:SH,3,FALSE),0) -> 32 | D7: =IFERROR(ROUNDDOWN(C7/B7,0),"") -> 0 | E7: 인천 | F7: =IFERROR(C7-(D7*B7),"") -> 32
A8: 해인기흥저온센터 | B8: =$B$4 -> 100 | C8: =IFERROR(VLOOKUP(A8,'★삼진 (입고일+2)'!A:SH,3,FALSE),0) -> 72 | D8: =IFERROR(ROUNDDOWN(C8/B8,0),"") -> 0 | E8: 해인기흥 | F8: =IFERROR(C8-(D8*B8),"") -> 72
A9: 수원저온센터 | B9: =$B$4 -> 100 | C9: =IFERROR(VLOOKUP(A9,'★삼진 (입고일+2)'!A:SH,3,FALSE),0) -> 48 | D9: =IFERROR(ROUNDDOWN(C9/B9,0),"") -> 0 | E9: 수원 | F9: =IFERROR(C9-(D9*B9),"") -> 48
A10: 오포저온 | B10: =$B$4 -> 100 | C10: =IFERROR(VLOOKUP(A10,'★삼진 (입고일+2)'!A:SH,3,FALSE),0) -> 46 | D10: =IFERROR(ROUNDDOWN(C10/B10,0),"") -> 0 | E10: 오포 | F10: =IFERROR(C10-(D10*B10),"") -> 46
A11: 양주저온 | B11: =$B$4 -> 100 | C11: =IFERROR(VLOOKUP(A11,'★삼진 (입고일+2)'!A:SH,3,FALSE),0) -> 45 | D11: =IFERROR(ROUNDDOWN(C11/B11,0),"") -> 0 | E11: 양주 | F11: =IFERROR(C11-(D11*B11),"") -> 45
A12: 원주저온 | B12: =$B$4 -> 100 | C12: =IFERROR(VLOOKUP(A12,'★삼진 (입고일+2)'!A:SH,3,FALSE),0) -> 22 | D12: =IFERROR(ROUNDDOWN(C12/B12,0),"") -> 0 | E12: 원주 | F12: =IFERROR(C12-(D12*B12),"") -> 22
A14: 수도권 합계 | B14: =$B$4 -> 100 | C14: =SUM(C4:C12) -> 317 | D14: =IFERROR(ROUNDDOWN(C14/B14,0),"") -> 3 | F14: =IFERROR(C14-(D14*B14),"") -> 17
A16: 부산냉장 | B16: =$B$4 -> 100 | C16: =IFERROR(VLOOKUP(A16,'★삼진 (입고일+2)'!A:SH,3,FALSE),0) -> 37 | D16: =IFERROR(ROUNDDOWN(C16/B16,0),"") -> 0 | E16: 부산 | F16: =IFERROR(C16-(D16*B16),"") -> 37
A17: 양산냉장 | B17: =$B$4 -> 100 | C17: =IFERROR(VLOOKUP(A17,'★삼진 (입고일+2)'!A:SH,3,FALSE),0) -> 15 | D17: =IFERROR(ROUNDDOWN(C17/B17,0),"") -> 0 | E17: 양산 | F17: =IFERROR(C17-(D17*B17),"") -> 15
A19: 경남(김해)합계 | B19: =$B$4 -> 100 | C19: =SUM(C16:C17) -> 52 | D19: =IFERROR(ROUNDDOWN(C19/B19,0),"") -> 0 | F19: =IFERROR(C19-(D19*B19),"") -> 52
A21: 대구냉장 | B21: =$B$4 -> 100 | C21: =IFERROR(VLOOKUP(A21,'★삼진 (입고일+2)'!A:SH,3,FALSE),0) -> 3 | D21: =IFERROR(ROUNDDOWN(C21/B21,0),"") -> 0 | E21: 대구 | F21: =IFERROR(C21-(D21*B21),"") -> 3
A22: 칠곡저온 | B22: =$B$4 -> 100 | C22: =IFERROR(VLOOKUP(A22,'★삼진 (입고일+2)'!A:SH,3,FALSE),0) -> 5 | D22: =IFERROR(ROUNDDOWN(C22/B22,0),"") -> 0 | E22: 칠곡 | F22: =IFERROR(C22-(D22*B22),"") -> 5
A24: 경북(칠곡)합계 | B24: =$B$4 -> 100 | C24: =SUM(C21:C22) -> 8 | D24: =IFERROR(ROUNDDOWN(C24/B24,0),"") -> 0 | F24: =IFERROR(C24-(D24*B24),"") -> 8
A26: 광주냉장 | B26: =$B$4 -> 100 | C26: =IFERROR(VLOOKUP(A26,'★삼진 (입고일+2)'!A:SH,3,FALSE),0) -> 5 | D26: =IFERROR(ROUNDDOWN(C26/B26,0),"") -> 0 | E26: 광주 | F26: =IFERROR(C26-(D26*B26),"") -> 5
A27: 광주B저온센터 | B27: =$B$4 -> 100 | C27: =IFERROR(VLOOKUP(A27,'★삼진 (입고일+2)'!A:SH,3,FALSE),0) -> 15 | D27: =IFERROR(ROUNDDOWN(C27/B27,0),"") -> 0 | E27: 광주B | F27: =IFERROR(C27-(D27*B27),"") -> 15
A29: 호남권 합계 | B29: =$B$4 -> 100 | C29: =SUM(C26:C27) -> 20 | D29: =IFERROR(ROUNDDOWN(C29/B29,0),"") -> 0 | F29: =IFERROR(C29-(D29*B29),"") -> 20
A31: 제주냉장센터 | B31: =$B$4 -> 100 | C31: =IFERROR(VLOOKUP(A31,'★삼진 (입고일+2)'!A:SH,3,FALSE),0) -> 21 | D31: =IFERROR(ROUNDDOWN(C31/B31,0),"") -> 0 | E31: 제주 | F31: =IFERROR(C31-(D31*B31),"") -> 21
A33: 제주권 합계 | B33: =$B$4 -> 100 | C33: =SUM(C31:C31) -> 21 | D33: =IFERROR(ROUNDDOWN(C33/B33,0),"") -> 0 | F33: =IFERROR(C33-(D33*B33),"") -> 21
A35: 총합계 | B35: =$B$4 -> 100 | C35: =SUM(C4:C12,C26:C27,C21:C22,C16:C17,C31:C31) -> 418 | D35: =IFERROR(ROUNDDOWN(C35/B35,0),"") -> 4 | F35: =IFERROR(C35-(D35*B35),"") -> 18 | G35: 소분박스 | H35: 소분낱개
A36: 총 박스/총 낱개수량 | B36: □ | D36: =SUM(D4:D12,D26:D27,D21:D22,D16:D17,D31:D31) -> 0 | F36: =SUM(F4:F12,F26:F27,F21:F22,F16:F17,F31:F31) -> 418 | G36: =IFERROR(ROUNDDOWN(F36/B26,0),"") -> 4 | H36: =IFERROR(F36-(G36*B26),"") -> 18
C37: =C14+C19+C24+C29+C33 -> 418 | H37: □
C38: =C37=C35 -> TRUE

Sheet 삼진)1953어묵순살바80g(오징어맛)
A2: =TODAY() -> 46310 | B2: 삼진_ 세븐 <1편> □
A3: 행 레이블 | B3: 입수 | C3: 삼진)1953어묵순살바80g (오징어맛) | D3: 박스 | E3: 센터명 | F3: 낱개
A4: 수도권냉장 | B4: 100 | C4: =IFERROR(VLOOKUP(A4,'★삼진 (입고일+2)'!A:SH,4,FALSE),0) -> 0 | D4: =IFERROR(ROUNDDOWN(C4/B4,0),"") -> 0 | E4: 수도권 | F4: =IFERROR(C4-(D4*B4),"") -> 0
A5: 안성저온센터 | B5: =$B$4 -> 100 | C5: =IFERROR(VLOOKUP(A5,'★삼진 (입고일+2)'!A:SH,4,FALSE),0) -> 41 | D5: =IFERROR(ROUNDDOWN(C5/B5,0),"") -> 0 | E5: 안성 | F5: =IFERROR(C5-(D5*B5),"") -> 41
A6: 세종냉장센터 | B6: =$B$4 -> 100 | C6: =IFERROR(VLOOKUP(A6,'★삼진 (입고일+2)'!A:SH,4,FALSE),0) -> 10 | D6: =IFERROR(ROUNDDOWN(C6/B6,0),"") -> 0 | E6: 세종 | F6: =IFERROR(C6-(D6*B6),"") -> 10
A7: 인천저온 | B7: =$B$4 -> 100 | C7: =IFERROR(VLOOKUP(A7,'★삼진 (입고일+2)'!A:SH,4,FALSE),0) -> 40 | D7: =IFERROR(ROUNDDOWN(C7/B7,0),"") -> 0 | E7: 인천 | F7: =IFERROR(C7-(D7*B7),"") -> 40
A8: 해인기흥저온센터 | B8: =$B$4 -> 100 | C8: =IFERROR(VLOOKUP(A8,'★삼진 (입고일+2)'!A:SH,4,FALSE),0) -> 37 | D8: =IFERROR(ROUNDDOWN(C8/B8,0),"") -> 0 | E8: 해인기흥 | F8: =IFERROR(C8-(D8*B8),"") -> 37
A9: 수원저온센터 | B9: =$B$4 -> 100 | C9: =IFERROR(VLOOKUP(A9,'★삼진 (입고일+2)'!A:SH,4,FALSE),0) -> 32 | D9: =IFERROR(ROUNDDOWN(C9/B9,0),"") -> 0 | E9: 수원 | F9: =IFERROR(C9-(D9*B9),"") -> 32
A10: 오포저온 | B10: =$B$4 -> 100 | C10: =IFERROR(VLOOKUP(A10,'★삼진 (입고일+2)'!A:SH,4,FALSE),0) -> 22 | D10: =IFERROR(ROUNDDOWN(C10/B10,0),"") -> 0 | E10: 오포 | F10: =IFERROR(C10-(D10*B10),"") -> 22
A11: 양주저온 | B11: =$B$4 -> 100 | C11: =IFERROR(VLOOKUP(A11,'★삼진 (입고일+2)'!A:SH,4,FALSE),0) -> 40 | D11: =IFERROR(ROUNDDOWN(C11/B11,0),"") -> 0 | E11: 양주 | F11: =IFERROR(C11-(D11*B11),"") -> 40
A12: 원주저온 | B12: =$B$4 -> 100 | C12: =IFERROR(VLOOKUP(A12,'★삼진 (입고일+2)'!A:SH,4,FALSE),0) -> 12 | D12: =IFERROR(ROUNDDOWN(C12/B12,0),"") -> 0 | E12: 원주 | F12: =IFERROR(C12-(D12*B12),"") -> 12
A14: 수도권 합계 | B14: =$B$4 -> 100 | C14: =SUM(C4:C12) -> 234 | D14: =IFERROR(ROUNDDOWN(C14/B14,0),"") -> 2 | F14: =IFERROR(C14-(D14*B14),"") -> 34
A16: 부산냉장 | B16: =$B$4 -> 100 | C16: =IFERROR(VLOOKUP(A16,'★삼진 (입고일+2)'!A:SH,4,FALSE),0) -> 23 | D16: =IFERROR(ROUNDDOWN(C16/B16,0),"") -> 0 | E16: 부산 | F16: =IFERROR(C16-(D16*B16),"") -> 23
A17: 양산냉장 | B17: =$B$4 -> 100 | C17: =IFERROR(VLOOKUP(A17,'★삼진 (입고일+2)'!A:SH,4,FALSE),0) -> 14 | D17: =IFERROR(ROUNDDOWN(C17/B17,0),"") -> 0 | E17: 양산 | F17: =IFERROR(C17-(D17*B17),"") -> 14
A19: 경남(김해)합계 | B19: =$B$4 -> 100 | C19: =SUM(C16:C17) -> 37 | D19: =IFERROR(ROUNDDOWN(C19/B19,0),"") -> 0 | F19: =IFERROR(C19-(D19*B19),"") -> 37
A21: 대구냉장 | B21: =$B$4 -> 100 | C21: =IFERROR(VLOOKUP(A21,'★삼진 (입고일+2)'!A:SH,4,FALSE),0) -> 11 | D21: =IFERROR(ROUNDDOWN(C21/B21,0),"") -> 0 | E21: 대구 | F21: =IFERROR(C21-(D21*B21),"") -> 11
A22: 칠곡저온 | B22: =$B$4 -> 100 | C22: =IFERROR(VLOOKUP(A22,'★삼진 (입고일+2)'!A:SH,4,FALSE),0) -> 14 | D22: =IFERROR(ROUNDDOWN(C22/B22,0),"") -> 0 | E22: 칠곡 | F22: =IFERROR(C22-(D22*B22),"") -> 14
A24: 경북(칠곡)합계 | B24: =$B$4 -> 100 | C24: =SUM(C21:C22) -> 25 | D24: =IFERROR(ROUNDDOWN(C24/B24,0),"") -> 0 | F24: =IFERROR(C24-(D24*B24),"") -> 25
A26: 광주냉장 | B26: =$B$4 -> 100 | C26: =IFERROR(VLOOKUP(A26,'★삼진 (입고일+2)'!A:SH,4,FALSE),0) -> 14 | D26: =IFERROR(ROUNDDOWN(C26/B26,0),"") -> 0 | E26: 광주 | F26: =IFERROR(C26-(D26*B26),"") -> 14
A27: 광주B저온센터 | B27: =$B$4 -> 100 | C27: =IFERROR(VLOOKUP(A27,'★삼진 (입고일+2)'!A:SH,4,FALSE),0) -> 9 | D27: =IFERROR(ROUNDDOWN(C27/B27,0),"") -> 0 | E27: 광주B | F27: =IFERROR(C27-(D27*B27),"") -> 9
A29: 호남권 합계 | B29: =$B$4 -> 100 | C29: =SUM(C26:C27) -> 23 | D29: =IFERROR(ROUNDDOWN(C29/B29,0),"") -> 0 | F29: =IFERROR(C29-(D29*B29),"") -> 23
A31: 제주냉장센터 | B31: =$B$4 -> 100 | C31: =IFERROR(VLOOKUP(A31,'★삼진 (입고일+2)'!A:SH,4,FALSE),0) -> 18 | D31: =IFERROR(ROUNDDOWN(C31/B31,0),"") -> 0 | E31: 제주 | F31: =IFERROR(C31-(D31*B31),"") -> 18
A33: 제주권 합계 | B33: =$B$4 -> 100 | C33: =SUM(C31:C31) -> 18 | D33: =IFERROR(ROUNDDOWN(C33/B33,0),"") -> 0 | F33: =IFERROR(C33-(D33*B33),"") -> 18
A35: 총합계 | B35: =$B$4 -> 100 | C35: =SUM(C4:C12,C26:C27,C21:C22,C16:C17,C31:C31) -> 337 | D35: =IFERROR(ROUNDDOWN(C35/B35,0),"") -> 3 | F35: =IFERROR(C35-(D35*B35),"") -> 37 | G35: 소분박스 | H35: 소분낱개
A36: 총 박스/총 낱개수량 | B36: □ | D36: =SUM(D4:D12,D26:D27,D21:D22,D16:D17,D31:D31) -> 0 | F36: =SUM(F4:F12,F26:F27,F21:F22,F16:F17,F31:F31) -> 337 | G36: =IFERROR(ROUNDDOWN(F36/B26,0),"") -> 3 | H36: =IFERROR(F36-(G36*B26),"") -> 37
C37: =C14+C19+C24+C29+C33 -> 337 | H37: □
C38: =C37=C35 -> TRUE

Sheet ★아워홈  (입고일+2일)
A1: 10/15 | B1: 열 레이블
A2: 행 레이블 | B2: 아워홈)매콤오돌뼈160g | C2: 총합계
A3: 광주B저온센터 | B3: 2 | C3: 2
A4: 대구냉장 | B4: 3 | C4: 3
A5: 세종냉장센터 | B5: 3 | C5: 3
A6: 수원저온센터 | B6: 1 | C6: 1
A7: 양산냉장 | B7: 2 | C7: 2
A8: 양주저온 | B8: 2 | C8: 2
A9: 오포저온 | B9: 2 | C9: 2
A10: 원주저온 | B10: 5 | C10: 5
A11: 인천저온 | B11: 2 | C11: 2
A12: 제주냉장센터 | B12: 2 | C12: 2
A13: 칠곡저온 | B13: 1 | C13: 1
A14: 해인기흥저온센터 | B14: 4 | C14: 4
A15: 총합계 | B15: 29 | C15: 29

Sheet 아워홈)매콤오돌뼈160g
A2: =TODAY() -> 46310 | B2: 아워홈 _ 세븐 <1편> □
A3: 행 레이블 | B3: 입수 | C3: 아워홈)매콤오돌뼈160g | D3: 박스 | E3: 센터명 | F3: 낱개
A4: 수도권냉장 | B4: 5 | C4: =IFERROR(VLOOKUP(A4,'★아워홈 (입고일+2일)'!A:SG,2,FALSE),0) -> 0 | D4: =IFERROR(ROUNDDOWN(C4/B4,0),"") -> 0 | E4: 수도권 | F4: =IFERROR(C4-(D4*B4),"") -> 0
A5: 안성저온센터 | B5: =$B$4 -> 5 | C5: =IFERROR(VLOOKUP(A5,'★아워홈 (입고일+2일)'!A:SG,2,FALSE),0) -> 0 | D5: =IFERROR(ROUNDDOWN(C5/B5,0),"") -> 0 | E5: 안성 | F5: =IFERROR(C5-(D5*B5),"") -> 0
A6: 세종냉장센터 | B6: =$B$4 -> 5 | C6: =IFERROR(VLOOKUP(A6,'★아워홈 (입고일+2일)'!A:SG,2,FALSE),0) -> 3 | D6: =IFERROR(ROUNDDOWN(C6/B6,0),"") -> 0 | E6: 세종 | F6: =IFERROR(C6-(D6*B6),"") -> 3
A7: 인천저온 | B7: =$B$4 -> 5 | C7: =IFERROR(VLOOKUP(A7,'★아워홈 (입고일+2일)'!A:SG,2,FALSE),0) -> 2 | D7: =IFERROR(ROUNDDOWN(C7/B7,0),"") -> 0 | E7: 인천 | F7: =IFERROR(C7-(D7*B7),"") -> 2
A8: 해인기흥저온센터 | B8: =$B$4 -> 5 | C8: =IFERROR(VLOOKUP(A8,'★아워홈 (입고일+2일)'!A:SG,2,FALSE),0) -> 4 | D8: =IFERROR(ROUNDDOWN(C8/B8,0),"") -> 0 | E8: 해인기흥 | F8: =IFERROR(C8-(D8*B8),"") -> 4
A9: 수원저온센터 | B9: =$B$4 -> 5 | C9: =IFERROR(VLOOKUP(A9,'★아워홈 (입고일+2일)'!A:SG,2,FALSE),0) -> 1 | D9: =IFERROR(ROUNDDOWN(C9/B9,0),"") -> 0 | E9: 수원 | F9: =IFERROR(C9-(D9*B9),"") -> 1
A10: 오포저온 | B10: =$B$4 -> 5 | C10: =IFERROR(VLOOKUP(A10,'★아워홈 (입고일+2일)'!A:SG,2,FALSE),0) -> 2 | D10: =IFERROR(ROUNDDOWN(C10/B10,0),"") -> 0 | E10: 오포 | F10: =IFERROR(C10-(D10*B10),"") -> 2
A11: 양주저온 | B11: =$B$4 -> 5 | C11: =IFERROR(VLOOKUP(A11,'★아워홈 (입고일+2일)'!A:SG,2,FALSE),0) -> 2 | D11: =IFERROR(ROUNDDOWN(C11/B11,0),"") -> 0 | E11: 양주 | F11: =IFERROR(C11-(D11*B11),"") -> 2
A12: 원주저온 | B12: =$B$4 -> 5 | C12: =IFERROR(VLOOKUP(A12,'★아워홈 (입고일+2일)'!A:SG,2,FALSE),0) -> 5 | D12: =IFERROR(ROUNDDOWN(C12/B12,0),"") -> 1 | E12: 원주 | F12: =IFERROR(C12-(D12*B12),"") -> 0
A14: 수도권 합계 | B14: =$B$4 -> 5 | C14: =SUM(C4:C12) -> 19 | D14: =IFERROR(ROUNDDOWN(C14/B14,0),"") -> 3 | F14: =IFERROR(C14-(D14*B14),"") -> 4
A16: 부산냉장 | B16: =$B$4 -> 5 | C16: =IFERROR(VLOOKUP(A16,'★아워홈 (입고일+2일)'!A:SG,2,FALSE),0) -> 0 | D16: =IFERROR(ROUNDDOWN(C16/B16,0),"") -> 0 | E16: 부산 | F16: =IFERROR(C16-(D16*B16),"") -> 0
A17: 양산냉장 | B17: =$B$4 -> 5 | C17: =IFERROR(VLOOKUP(A17,'★아워홈 (입고일+2일)'!A:SG,2,FALSE),0) -> 2 | D17: =IFERROR(ROUNDDOWN(C17/B17,0),"") -> 0 | E17: 양산 | F17: =IFERROR(C17-(D17*B17),"") -> 2
A19: 경남(김해)합계 | B19: =$B$4 -> 5 | C19: =SUM(C16:C17) -> 2 | D19: =IFERROR(ROUNDDOWN(C19/B19,0),"") -> 0 | F19: =IFERROR(C19-(D19*B19),"") -> 2
A21: 대구냉장 | B21: =$B$4 -> 5 | C21: =IFERROR(VLOOKUP(A21,'★아워홈 (입고일+2일)'!A:SG,2,FALSE),0) -> 3 | D21: =IFERROR(ROUNDDOWN(C21/B21,0),"") -> 0 | E21: 대구 | F21: =IFERROR(C21-(D21*B21),"") -> 3
A22: 칠곡저온 | B22: =$B$4 -> 5 | C22: =IFERROR(VLOOKUP(A22,'★아워홈 (입고일+2일)'!A:SG,2,FALSE),0) -> 1 | D22: =IFERROR(ROUNDDOWN(C22/B22,0),"") -> 0 | E22: 칠곡 | F22: =IFERROR(C22-(D22*B22),"") -> 1
A24: 경북(칠곡)합계 | B24: =$B$4 -> 5 | C24: =SUM(C21:C22) -> 4 | D24: =IFERROR(ROUNDDOWN(C24/B24,0),"") -> 0 | F24: =IFERROR(C24-(D24*B24),"") -> 4
A26: 광주냉장 | B26: =$B$4 -> 5 | C26: =IFERROR(VLOOKUP(A26,'★아워홈 (입고일+2일)'!A:SG,2,FALSE),0) -> 0 | D26: =IFERROR(ROUNDDOWN(C26/B26,0),"") -> 0 | E26: 광주 | F26: =IFERROR(C26-(D26*B26),"") -> 0
A27: 광주B저온센터 | B27: =$B$4 -> 5 | C27: =IFERROR(VLOOKUP(A27,'★아워홈 (입고일+2일)'!A:SG,2,FALSE),0) -> 2 | D27: =IFERROR(ROUNDDOWN(C27/B27,0),"") -> 0 | E27: 광주B | F27: =IFERROR(C27-(D27*B27),"") -> 2
A29: 호남권 합계 | B29: =$B$4 -> 5 | C29: =SUM(C26:C27) -> 2 | D29: =IFERROR(ROUNDDOWN(C29/B29,0),"") -> 0 | F29: =IFERROR(C29-(D29*B29),"") -> 2
A31: 제주냉장센터 | B31: =$B$4 -> 5 | C31: =IFERROR(VLOOKUP(A31,'★아워홈 (입고일+2일)'!A:SG,2,FALSE),0) -> 2 | D31: =IFERROR(ROUNDDOWN(C31/B31,0),"") -> 0 | E31: 제주 | F31: =IFERROR(C31-(D31*B31),"") -> 2
A33: 제주권 합계 | B33: =$B$4 -> 5 | C33: =SUM(C31:C31) -> 2 | D33: =IFERROR(ROUNDDOWN(C33/B33,0),"") -> 0 | F33: =IFERROR(C33-(D33*B33),"") -> 2
A35: 총합계 | B35: =$B$4 -> 5 | C35: =SUM(C4:C12,C26:C27,C21:C22,C16:C17,C31:C31) -> 29 | D35: =IFERROR(ROUNDDOWN(C35/B35,0),"") -> 5 | F35: =IFERROR(C35-(D35*B35),"") -> 4 | G35: 소분박스 | H35: 소분낱개
A36: 총 박스/총 낱개수량 | B36: □ | D36: =SUM(D4:D12,D26:D27,D21:D22,D16:D17,D31:D31) -> 1 | F36: =SUM(F4:F12,F26:F27,F21:F22,F16:F17,F31:F31) -> 24 | G36: =IFERROR(ROUNDDOWN(F36/B26,0),"") -> 4 | H36: =IFERROR(F36-(G36*B26),"") -> 4
C37: =C14+C19+C24+C29+C33 -> 29 | H37: □
C38: =C37=C35 -> TRUE

Sheet ★조인앤조인 (발주일_당일)
A1: 10/15 | B1: 열 레이블
A2: 행 레이블 | B2: 널담)고단백저당포카치아(올리브치즈)85g | D2: 널담)고단백황치즈크럼블쿠키75g | E2: 널담)두바이초코크럼블쿠키75g | F2: 널담)초코볼크럼블쿠키75g | G2: 총합계
A3: 광주B저온센터 | B3: 8 | D3: 32 | E3: 36 | F3: 12 | G3: 88
A4: 광주냉장 | B4: 4 | D4: 28 | E4: 47 | F4: 3 | G4: 82
A5: 대구냉장 | B5: 38 | D5: 39 | E5: 61 | F5: 10 | G5: 148
A6: 부산냉장 | B6: 19 | D6: 27 | E6: 25 | F6: 16 | G6: 87
A7: 세종냉장센터 | B7: 25 | D7: 55 | E7: 63 | F7: 24 | G7: 167
A8: 수도권냉장 | B8: 6 | D8: 3 | E8: 10 | G8: 19
A9: 수원저온센터 | B9: 76 | D9: 67 | E9: 179 | F9: 27 | G9: 349
A10: 안성저온센터 | B10: 59 | D10: 46 | E10: 30 | F10: 10 | G10: 145
A11: 양산냉장 | B11: 31 | D11: 28 | E11: 52 | F11: 12 | G11: 123
A12: 양주저온 | B12: 136 | D12: 105 | E12: 167 | F12: 66 | G12: 474
A13: 오포저온 | B13: 71 | D13: 67 | E13: 70 | F13: 39 | G13: 247
A14: 원주저온 | B14: 32 | D14: 43 | E14: 34 | F14: 11 | G14: 120
A15: 인천저온 | B15: 66 | D15: 106 | E15: 107 | F15: 35 | G15: 314
A16: 제주냉장센터 | D16: 10 | E16: 34 | G16: 44
A17: 칠곡저온 | B17: 34 | D17: 48 | E17: 51 | F17: 15 | G17: 148
A18: 해인기흥저온센터 | B18: 78 | D18: 89 | E18: 95 | F18: 40 | G18: 302
A19: 총합계 | B19: 683 | D19: 793 | E19: 1061 | F19: 320 | G19: 2857

Sheet 널담)고단백저당포카치아(올리브치즈)85g
A2: =TODAY() -> 46310 | B2: 조인앤조인 _세븐 <1편> □
A3: 행 레이블 | B3: 입수 | C3: 널담)고단백저당포카치아 (올리브치즈)85g | D3: 박스 | E3: 센터명 | F3: 낱개
A4: 수도권냉장 | B4: 30 | C4: =IFERROR(VLOOKUP(A4,'★조인앤조인 (발주일_당일)'!A:SG,2,FALSE),0) -> 6 | D4: =IFERROR(ROUNDDOWN(C4/B4,0),"") -> 0 | E4: 수도권 | F4: =IFERROR(C4-(D4*B4),"") -> 6
A5: 안성저온센터 | B5: =$B$4 -> 30 | C5: =IFERROR(VLOOKUP(A5,'★조인앤조인 (발주일_당일)'!A:SG,2,FALSE),0) -> 59 | D5: =IFERROR(ROUNDDOWN(C5/B5,0),"") -> 1 | E5: 안성 | F5: =IFERROR(C5-(D5*B5),"") -> 29
A6: 세종냉장센터 | B6: =$B$4 -> 30 | C6: =IFERROR(VLOOKUP(A6,'★조인앤조인 (발주일_당일)'!A:SG,2,FALSE),0) -> 25 | D6: =IFERROR(ROUNDDOWN(C6/B6,0),"") -> 0 | E6: 세종 | F6: =IFERROR(C6-(D6*B6),"") -> 25
A7: 인천저온 | B7: =$B$4 -> 30 | C7: =IFERROR(VLOOKUP(A7,'★조인앤조인 (발주일_당일)'!A:SG,2,FALSE),0) -> 66 | D7: =IFERROR(ROUNDDOWN(C7/B7,0),"") -> 2 | E7: 인천 | F7: =IFERROR(C7-(D7*B7),"") -> 6
A8: 해인기흥저온센터 | B8: =$B$4 -> 30 | C8: =IFERROR(VLOOKUP(A8,'★조인앤조인 (발주일_당일)'!A:SG,2,FALSE),0) -> 78 | D8: =IFERROR(ROUNDDOWN(C8/B8,0),"") -> 2 | E8: 해인기흥 | F8: =IFERROR(C8-(D8*B8),"") -> 18
A9: 수원저온센터 | B9: =$B$4 -> 30 | C9: =IFERROR(VLOOKUP(A9,'★조인앤조인 (발주일_당일)'!A:SG,2,FALSE),0) -> 76 | D9: =IFERROR(ROUNDDOWN(C9/B9,0),"") -> 2 | E9: 수원 | F9: =IFERROR(C9-(D9*B9),"") -> 16
A10: 오포저온 | B10: =$B$4 -> 30 | C10: =IFERROR(VLOOKUP(A10,'★조인앤조인 (발주일_당일)'!A:SG,2,FALSE),0) -> 71 | D10: =IFERROR(ROUNDDOWN(C10/B10,0),"") -> 2 | E10: 오포 | F10: =IFERROR(C10-(D10*B10),"") -> 11
A11: 양주저온 | B11: =$B$4 -> 30 | C11: =IFERROR(VLOOKUP(A11,'★조인앤조인 (발주일_당일)'!A:SG,2,FALSE),0) -> 136 | D11: =IFERROR(ROUNDDOWN(C11/B11,0),"") -> 4 | E11: 양주 | F11: =IFERROR(C11-(D11*B11),"") -> 16
A12: 원주저온 | B12: =$B$4 -> 30 | C12: =IFERROR(VLOOKUP(A12,'★조인앤조인 (발주일_당일)'!A:SG,2,FALSE),0) -> 32 | D12: =IFERROR(ROUNDDOWN(C12/B12,0),"") -> 1 | E12: 원주 | F12: =IFERROR(C12-(D12*B12),"") -> 2
A14: 수도권 합계 | B14: =$B$4 -> 30 | C14: =SUM(C4:C12) -> 549 | D14: =IFERROR(ROUNDDOWN(C14/B14,0),"") -> 18 | F14: =IFERROR(C14-(D14*B14),"") -> 9
A16: 부산냉장 | B16: =$B$4 -> 30 | C16: =IFERROR(VLOOKUP(A16,'★조인앤조인 (발주일_당일)'!A:SG,2,FALSE),0) -> 19 | D16: =IFERROR(ROUNDDOWN(C16/B16,0),"") -> 0 | E16: 부산 | F16: =IFERROR(C16-(D16*B16),"") -> 19
A17: 양산냉장 | B17: =$B$4 -> 30 | C17: =IFERROR(VLOOKUP(A17,'★조인앤조인 (발주일_당일)'!A:SG,2,FALSE),0) -> 31 | D17: =IFERROR(ROUNDDOWN(C17/B17,0),"") -> 1 | E17: 양산 | F17: =IFERROR(C17-(D17*B17),"") -> 1
A19: 경남(김해)합계 | B19: =$B$4 -> 30 | C19: =SUM(C16:C17) -> 50 | D19: =IFERROR(ROUNDDOWN(C19/B19,0),"") -> 1 | F19: =IFERROR(C19-(D19*B19),"") -> 20
A21: 대구냉장 | B21: =$B$4 -> 30 | C21: =IFERROR(VLOOKUP(A21,'★조인앤조인 (발주일_당일)'!A:SG,2,FALSE),0) -> 38 | D21: =IFERROR(ROUNDDOWN(C21/B21,0),"") -> 1 | E21: 대구 | F21: =IFERROR(C21-(D21*B21),"") -> 8
A22: 칠곡저온 | B22: =$B$4 -> 30 | C22: =IFERROR(VLOOKUP(A22,'★조인앤조인 (발주일_당일)'!A:SG,2,FALSE),0) -> 34 | D22: =IFERROR(ROUNDDOWN(C22/B22,0),"") -> 1 | E22: 칠곡 | F22: =IFERROR(C22-(D22*B22),"") -> 4
A24: 경북(칠곡)합계 | B24: =$B$4 -> 30 | C24: =SUM(C21:C22) -> 72 | D24: =IFERROR(ROUNDDOWN(C24/B24,0),"") -> 2 | F24: =IFERROR(C24-(D24*B24),"") -> 12
A26: 광주냉장 | B26: =$B$4 -> 30 | C26: =IFERROR(VLOOKUP(A26,'★조인앤조인 (발주일_당일)'!A:SG,2,FALSE),0) -> 4 | D26: =IFERROR(ROUNDDOWN(C26/B26,0),"") -> 0 | E26: 광주 | F26: =IFERROR(C26-(D26*B26),"") -> 4
A27: 광주B저온센터 | B27: =$B$4 -> 30 | C27: =IFERROR(VLOOKUP(A27,'★조인앤조인 (발주일_당일)'!A:SG,2,FALSE),0) -> 8 | D27: =IFERROR(ROUNDDOWN(C27/B27,0),"") -> 0 | E27: 광주B | F27: =IFERROR(C27-(D27*B27),"") -> 8
A29: 호남권 합계 | B29: =$B$4 -> 30 | C29: =SUM(C26:C27) -> 12 | D29: =IFERROR(ROUNDDOWN(C29/B29,0),"") -> 0 | F29: =IFERROR(C29-(D29*B29),"") -> 12
A31: 제주냉장센터 | B31: =$B$4 -> 30 | C31: =IFERROR(VLOOKUP(A31,'★조인앤조인 (발주일_당일)'!A:SG,2,FALSE),0) -> 0 | D31: =IFERROR(ROUNDDOWN(C31/B31,0),"") -> 0 | E31: 제주 | F31: =IFERROR(C31-(D31*B31),"") -> 0
A33: 제주권 합계 | B33: =$B$4 -> 30 | C33: =SUM(C31:C31) -> 0 | D33: =IFERROR(ROUNDDOWN(C33/B33,0),"") -> 0 | F33: =IFERROR(C33-(D33*B33),"") -> 0
A35: 총합계 | B35: =$B$4 -> 30 | C35: =SUM(C4:C12,C26:C27,C21:C22,C16:C17,C31:C31) -> 683 | D35: =IFERROR(ROUNDDOWN(C35/B35,0),"") -> 22 | F35: =IFERROR(C35-(D35*B35),"") -> 23 | G35: 소분박스 | H35: 소분낱개
A36: 총 박스/총 낱개수량 | B36: □ | D36: =SUM(D4:D12,D26:D27,D21:D22,D16:D17,D31:D31) -> 17 | F36: =SUM(F4:F12,F26:F27,F21:F22,F16:F17,F31:F31) -> 173 | G36: =IFERROR(ROUNDDOWN(F36/B26,0),"") -> 5 | H36: =IFERROR(F36-(G36*B26),"") -> 23
C37: =C14+C19+C24+C29+C33 -> 683 | H37: □
C38: =C37=C35 -> TRUE

Sheet 널담)고단백저당포카치아(치폴레마요)85g
A2: =TODAY() -> 46310 | B2: 조인앤조인 _세븐 <1편> □
A3: 행 레이블 | B3: 입수 | C3: 널담)고단백저당포카치아 (치폴레마요)85g | D3: 박스 | E3: 센터명 | F3: 낱개
A4: 수도권냉장 | B4: 30 | C4: =IFERROR(VLOOKUP(A4,'★조인앤조인 (발주일_당일)'!A:SG,3,FALSE),0) -> 0 | D4: =IFERROR(ROUNDDOWN(C4/B4,0),"") -> 0 | E4: 수도권 | F4: =IFERROR(C4-(D4*B4),"") -> 0
A5: 안성저온센터 | B5: =$B$4 -> 30 | C5: =IFERROR(VLOOKUP(A5,'★조인앤조인 (발주일_당일)'!A:SG,3,FALSE),0) -> 0 | D5: =IFERROR(ROUNDDOWN(C5/B5,0),"") -> 0 | E5: 안성 | F5: =IFERROR(C5-(D5*B5),"") -> 0
A6: 세종냉장센터 | B6: =$B$4 -> 30 | C6: =IFERROR(VLOOKUP(A6,'★조인앤조인 (발주일_당일)'!A:SG,3,FALSE),0) -> 0 | D6: =IFERROR(ROUNDDOWN(C6/B6,0),"") -> 0 | E6: 세종 | F6: =IFERROR(C6-(D6*B6),"") -> 0
A7: 인천저온 | B7: =$B$4 -> 30 | C7: =IFERROR(VLOOKUP(A7,'★조인앤조인 (발주일_당일)'!A:SG,3,FALSE),0) -> 0 | D7: =IFERROR(ROUNDDOWN(C7/B7,0),"") -> 0 | E7: 인천 | F7: =IFERROR(C7-(D7*B7),"") -> 0
A8: 해인기흥저온센터 | B8: =$B$4 -> 30 | C8: =IFERROR(VLOOKUP(A8,'★조인앤조인 (발주일_당일)'!A:SG,3,FALSE),0) -> 0 | D8: =IFERROR(ROUNDDOWN(C8/B8,0),"") -> 0 | E8: 해인기흥 | F8: =IFERROR(C8-(D8*B8),"") -> 0
A9: 수원저온센터 | B9: =$B$4 -> 30 | C9: =IFERROR(VLOOKUP(A9,'★조인앤조인 (발주일_당일)'!A:SG,3,FALSE),0) -> 0 | D9: =IFERROR(ROUNDDOWN(C9/B9,0),"") -> 0 | E9: 수원 | F9: =IFERROR(C9-(D9*B9),"") -> 0
A10: 오포저온 | B10: =$B$4 -> 30 | C10: =IFERROR(VLOOKUP(A10,'★조인앤조인 (발주일_당일)'!A:SG,3,FALSE),0) -> 0 | D10: =IFERROR(ROUNDDOWN(C10/B10,0),"") -> 0 | E10: 오포 | F10: =IFERROR(C10-(D10*B10),"") -> 0
A11: 양주저온 | B11: =$B$4 -> 30 | C11: =IFERROR(VLOOKUP(A11,'★조인앤조인 (발주일_당일)'!A:SG,3,FALSE),0) -> 0 | D11: =IFERROR(ROUNDDOWN(C11/B11,0),"") -> 0 | E11: 양주 | F11: =IFERROR(C11-(D11*B11),"") -> 0
A12: 원주저온 | B12: =$B$4 -> 30 | C12: =IFERROR(VLOOKUP(A12,'★조인앤조인 (발주일_당일)'!A:SG,3,FALSE),0) -> 0 | D12: =IFERROR(ROUNDDOWN(C12/B12,0),"") -> 0 | E12: 원주 | F12: =IFERROR(C12-(D12*B12),"") -> 0
A14: 수도권 합계 | B14: =$B$4 -> 30 | C14: =SUM(C4:C12) -> 0 | D14: =IFERROR(ROUNDDOWN(C14/B14,0),"") -> 0 | F14: =IFERROR(C14-(D14*B14),"") -> 0
A16: 부산냉장 | B16: =$B$4 -> 30 | C16: =IFERROR(VLOOKUP(A16,'★조인앤조인 (발주일_당일)'!A:SG,3,FALSE),0) -> 0 | D16: =IFERROR(ROUNDDOWN(C16/B16,0),"") -> 0 | E16: 부산 | F16: =IFERROR(C16-(D16*B16),"") -> 0
A17: 양산냉장 | B17: =$B$4 -> 30 | C17: =IFERROR(VLOOKUP(A17,'★조인앤조인 (발주일_당일)'!A:SG,3,FALSE),0) -> 0 | D17: =IFERROR(ROUNDDOWN(C17/B17,0),"") -> 0 | E17: 양산 | F17: =IFERROR(C17-(D17*B17),"") -> 0
A19: 경남(김해)합계 | B19: =$B$4 -> 30 | C19: =SUM(C16:C17) -> 0 | D19: =IFERROR(ROUNDDOWN(C19/B19,0),"") -> 0 | F19: =IFERROR(C19-(D19*B19),"") -> 0
A21: 대구냉장 | B21: =$B$4 -> 30 | C21: =IFERROR(VLOOKUP(A21,'★조인앤조인 (발주일_당일)'!A:SG,3,FALSE),0) -> 0 | D21: =IFERROR(ROUNDDOWN(C21/B21,0),"") -> 0 | E21: 대구 | F21: =IFERROR(C21-(D21*B21),"") -> 0
A22: 칠곡저온 | B22: =$B$4 -> 30 | C22: =IFERROR(VLOOKUP(A22,'★조인앤조인 (발주일_당일)'!A:SG,3,FALSE),0) -> 0 | D22: =IFERROR(ROUNDDOWN(C22/B22,0),"") -> 0 | E22: 칠곡 | F22: =IFERROR(C22-(D22*B22),"") -> 0
A24: 경북(칠곡)합계 | B24: =$B$4 -> 30 | C24: =SUM(C21:C22) -> 0 | D24: =IFERROR(ROUNDDOWN(C24/B24,0),"") -> 0 | F24: =IFERROR(C24-(D24*B24),"") -> 0
A26: 광주냉장 | B26: =$B$4 -> 30 | C26: =IFERROR(VLOOKUP(A26,'★조인앤조인 (발주일_당일)'!A:SG,3,FALSE),0) -> 0 | D26: =IFERROR(ROUNDDOWN(C26/B26,0),"") -> 0 | E26: 광주 | F26: =IFERROR(C26-(D26*B26),"") -> 0
A27: 광주B저온센터 | B27: =$B$4 -> 30 | C27: =IFERROR(VLOOKUP(A27,'★조인앤조인 (발주일_당일)'!A:SG,3,FALSE),0) -> 0 | D27: =IFERROR(ROUNDDOWN(C27/B27,0),"") -> 0 | E27: 광주B | F27: =IFERROR(C27-(D27*B27),"") -> 0
A29: 호남권 합계 | B29: =$B$4 -> 30 | C29: =SUM(C26:C27) -> 0 | D29: =IFERROR(ROUNDDOWN(C29/B29,0),"") -> 0 | F29: =IFERROR(C29-(D29*B29),"") -> 0
A31: 제주냉장센터 | B31: =$B$4 -> 30 | C31: =IFERROR(VLOOKUP(A31,'★조인앤조인 (발주일_당일)'!A:SG,3,FALSE),0) -> 0 | D31: =IFERROR(ROUNDDOWN(C31/B31,0),"") -> 0 | E31: 제주 | F31: =IFERROR(C31-(D31*B31),"") -> 0
A33: 제주권 합계 | B33: =$B$4 -> 30 | C33: =SUM(C31:C31) -> 0 | D33: =IFERROR(ROUNDDOWN(C33/B33,0),"") -> 0 | F33: =IFERROR(C33-(D33*B33),"") -> 0
A35: 총합계 | B35: =$B$4 -> 30 | C35: =SUM(C4:C12,C26:C27,C21:C22,C16:C17,C31:C31) -> 0 | D35: =IFERROR(ROUNDDOWN(C35/B35,0),"") -> 0 | F35: =IFERROR(C35-(D35*B35),"") -> 0 | G35: 소분박스 | H35: 소분낱개
A36: 총 박스/총 낱개수량 | B36: □ | D36: =SUM(D4:D12,D26:D27,D21:D22,D16:D17,D31:D31) -> 0 | F36: =SUM(F4:F12,F26:F27,F21:F22,F16:F17,F31:F31) -> 0 | G36: =IFERROR(ROUNDDOWN(F36/B26,0),"") -> 0 | H36: =IFERROR(F36-(G36*B26),"") -> 0
C37: =C14+C19+C24+C29+C33 -> 0 | H37: □
C38: =C37=C35 -> TRUE

Sheet 널담)고단백황치즈크럼블쿠키75g
A2: =TODAY() -> 46310 | B2: 조인앤조인 _세븐 <1편> □
A3: 행 레이블 | B3: 입수 | C3: 널담)고단백황치즈 크럼블쿠키75g | D3: 박스 | E3: 센터명 | F3: 낱개
A4: 수도권냉장 | B4: 30 | C4: =IFERROR(VLOOKUP(A4,'★조인앤조인 (발주일_당일)'!A:SG,4,FALSE),0) -> 3 | D4: =IFERROR(ROUNDDOWN(C4/B4,0),"") -> 0 | E4: 수도권 | F4: =IFERROR(C4-(D4*B4),"") -> 3
A5: 안성저온센터 | B5: =$B$4 -> 30 | C5: =IFERROR(VLOOKUP(A5,'★조인앤조인 (발주일_당일)'!A:SG,4,FALSE),0) -> 46 | D5: =IFERROR(ROUNDDOWN(C5/B5,0),"") -> 1 | E5: 안성 | F5: =IFERROR(C5-(D5*B5),"") -> 16
A6: 세종냉장센터 | B6: =$B$4 -> 30 | C6: =IFERROR(VLOOKUP(A6,'★조인앤조인 (발주일_당일)'!A:SG,4,FALSE),0) -> 55 | D6: =IFERROR(ROUNDDOWN(C6/B6,0),"") -> 1 | E6: 세종 | F6: =IFERROR(C6-(D6*B6),"") -> 25
A7: 인천저온 | B7: =$B$4 -> 30 | C7: =IFERROR(VLOOKUP(A7,'★조인앤조인 (발주일_당일)'!A:SG,4,FALSE),0) -> 106 | D7: =IFERROR(ROUNDDOWN(C7/B7,0),"") -> 3 | E7: 인천 | F7: =IFERROR(C7-(D7*B7),"") -> 16
A8: 해인기흥저온센터 | B8: =$B$4 -> 30 | C8: =IFERROR(VLOOKUP(A8,'★조인앤조인 (발주일_당일)'!A:SG,4,FALSE),0) -> 89 | D8: =IFERROR(ROUNDDOWN(C8/B8,0),"") -> 2 | E8: 해인기흥 | F8: =IFERROR(C8-(D8*B8),"") -> 29
A9: 수원저온센터 | B9: =$B$4 -> 30 | C9: =IFERROR(VLOOKUP(A9,'★조인앤조인 (발주일_당일)'!A:SG,4,FALSE),0) -> 67 | D9: =IFERROR(ROUNDDOWN(C9/B9,0),"") -> 2 | E9: 수원 | F9: =IFERROR(C9-(D9*B9),"") -> 7
A10: 오포저온 | B10: =$B$4 -> 30 | C10: =IFERROR(VLOOKUP(A10,'★조인앤조인 (발주일_당일)'!A:SG,4,FALSE),0) -> 67 | D10: =IFERROR(ROUNDDOWN(C10/B10,0),"") -> 2 | E10: 오포 | F10: =IFERROR(C10-(D10*B10),"") -> 7
A11: 양주저온 | B11: =$B$4 -> 30 | C11: =IFERROR(VLOOKUP(A11,'★조인앤조인 (발주일_당일)'!A:SG,4,FALSE),0) -> 105 | D11: =IFERROR(ROUNDDOWN(C11/B11,0),"") -> 3 | E11: 양주 | F11: =IFERROR(C11-(D11*B11),"") -> 15
A12: 원주저온 | B12: =$B$4 -> 30 | C12: =IFERROR(VLOOKUP(A12,'★조인앤조인 (발주일_당일)'!A:SG,4,FALSE),0) -> 43 | D12: =IFERROR(ROUNDDOWN(C12/B12,0),"") -> 1 | E12: 원주 | F12: =IFERROR(C12-(D12*B12),"") -> 13
A14: 수도권 합계 | B14: =$B$4 -> 30 | C14: =SUM(C4:C12) -> 581 | D14: =IFERROR(ROUNDDOWN(C14/B14,0),"") -> 19 | F14: =IFERROR(C14-(D14*B14),"") -> 11
A16: 부산냉장 | B16: =$B$4 -> 30 | C16: =IFERROR(VLOOKUP(A16,'★조인앤조인 (발주일_당일)'!A:SG,4,FALSE),0) -> 27 | D16: =IFERROR(ROUNDDOWN(C16/B16,0),"") -> 0 | E16: 부산 | F16: =IFERROR(C16-(D16*B16),"") -> 27
A17: 양산냉장 | B17: =$B$4 -> 30 | C17: =IFERROR(VLOOKUP(A17,'★조인앤조인 (발주일_당일)'!A:SG,4,FALSE),0) -> 28 | D17: =IFERROR(ROUNDDOWN(C17/B17,0),"") -> 0 | E17: 양산 | F17: =IFERROR(C17-(D17*B17),"") -> 28
A19: 경남(김해)합계 | B19: =$B$4 -> 30 | C19: =SUM(C16:C17) -> 55 | D19: =IFERROR(ROUNDDOWN(C19/B19,0),"") -> 1 | F19: =IFERROR(C19-(D19*B19),"") -> 25
A21: 대구냉장 | B21: =$B$4 -> 30 | C21: =IFERROR(VLOOKUP(A21,'★조인앤조인 (발주일_당일)'!A:SG,4,FALSE),0) -> 39 | D21: =IFERROR(ROUNDDOWN(C21/B21,0),"") -> 1 | E21: 대구 | F21: =IFERROR(C21-(D21*B21),"") -> 9
A22: 칠곡저온 | B22: =$B$4 -> 30 | C22: =IFERROR(VLOOKUP(A22,'★조인앤조인 (발주일_당일)'!A:SG,4,FALSE),0) -> 48 | D22: =IFERROR(ROUNDDOWN(C22/B22,0),"") -> 1 | E22: 칠곡 | F22: =IFERROR(C22-(D22*B22),"") -> 18
A24: 경북(칠곡)합계 | B24: =$B$4 -> 30 | C24: =SUM(C21:C22) -> 87 | D24: =IFERROR(ROUNDDOWN(C24/B24,0),"") -> 2 | F24: =IFERROR(C24-(D24*B24),"") -> 27
A26: 광주냉장 | B26: =$B$4 -> 30 | C26: =IFERROR(VLOOKUP(A26,'★조인앤조인 (발주일_당일)'!A:SG,4,FALSE),0) -> 28 | D26: =IFERROR(ROUNDDOWN(C26/B26,0),"") -> 0 | E26: 광주 | F26: =IFERROR(C26-(D26*B26),"") -> 28
A27: 광주B저온센터 | B27: =$B$4 -> 30 | C27: =IFERROR(VLOOKUP(A27,'★조인앤조인 (발주일_당일)'!A:SG,4,FALSE),0) -> 32 | D27: =IFERROR(ROUNDDOWN(C27/B27,0),"") -> 1 | E27: 광주B | F27: =IFERROR(C27-(D27*B27),"") -> 2
A29: 호남권 합계 | B29: =$B$4 -> 30 | C29: =SUM(C26:C27) -> 60 | D29: =IFERROR(ROUNDDOWN(C29/B29,0),"") -> 2 | F29: =IFERROR(C29-(D29*B29),"") -> 0
A31: 제주냉장센터 | B31: =$B$4 -> 30 | C31: =IFERROR(VLOOKUP(A31,'★조인앤조인 (발주일_당일)'!A:SG,4,FALSE),0) -> 10 | D31: =IFERROR(ROUNDDOWN(C31/B31,0),"") -> 0 | E31: 제주 | F31: =IFERROR(C31-(D31*B31),"") -> 10
A33: 제주권 합계 | B33: =$B$4 -> 30 | C33: =SUM(C31:C31) -> 10 | D33: =IFERROR(ROUNDDOWN(C33/B33,0),"") -> 0 | F33: =IFERROR(C33-(D33*B33),"") -> 10
A35: 총합계 | B35: =$B$4 -> 30 | C35: =SUM(C4:C12,C26:C27,C21:C22,C16:C17,C31:C31) -> 793 | D35: =IFERROR(ROUNDDOWN(C35/B35,0),"") -> 26 | F35: =IFERROR(C35-(D35*B35),"") -> 13 | G35: 소분박스 | H35: 소분낱개
A36: 총 박스/총 낱개수량 | B36: □ | D36: =SUM(D4:D12,D26:D27,D21:D22,D16:D17,D31:D31) -> 18 | F36: =SUM(F4:F12,F26:F27,F21:F22,F16:F17,F31:F31) -> 253 | G36: =IFERROR(ROUNDDOWN(F36/B26,0),"") -> 8 | H36: =IFERROR(F36-(G36*B26),"") -> 13
C37: =C14+C19+C24+C29+C33 -> 793 | H37: □
C38: =C37=C35 -> TRUE

Sheet 널담)두바이초코크럼블쿠키75g
A2: =TODAY() -> 46310 | B2: 조인앤조인 _세븐 <1편> □
A3: 행 레이블 | B3: 입수 | C3: 널담)두바이초코 크럼블쿠키75g | D3: 박스 | E3: 센터명 | F3: 낱개
A4: 수도권냉장 | B4: 30 | C4: =IFERROR(VLOOKUP(A4,'★조인앤조인 (발주일_당일)'!A:SG,5,FALSE),0) -> 10 | D4: =IFERROR(ROUNDDOWN(C4/B4,0),"") -> 0 | E4: 수도권 | F4: =IFERROR(C4-(D4*B4),"") -> 10
A5: 안성저온센터 | B5: =$B$4 -> 30 | C5: =IFERROR(VLOOKUP(A5,'★조인앤조인 (발주일_당일)'!A:SG,5,FALSE),0) -> 30 | D5: =IFERROR(ROUNDDOWN(C5/B5,0),"") -> 1 | E5: 안성 | F5: =IFERROR(C5-(D5*B5),"") -> 0
A6: 세종냉장센터 | B6: =$B$4 -> 30 | C6: =IFERROR(VLOOKUP(A6,'★조인앤조인 (발주일_당일)'!A:SG,5,FALSE),0) -> 63 | D6: =IFERROR(ROUNDDOWN(C6/B6,0),"") -> 2 | E6: 세종 | F6: =IFERROR(C6-(D6*B6),"") -> 3
A7: 인천저온 | B7: =$B$4 -> 30 | C7: =IFERROR(VLOOKUP(A7,'★조인앤조인 (발주일_당일)'!A:SG,5,FALSE),0) -> 107 | D7: =IFERROR(ROUNDDOWN(C7/B7,0),"") -> 3 | E7: 인천 | F7: =IFERROR(C7-(D7*B7),"") -> 17
A8: 해인기흥저온센터 | B8: =$B$4 -> 30 | C8: =IFERROR(VLOOKUP(A8,'★조인앤조인 (발주일_당일)'!A:SG,5,FALSE),0) -> 95 | D8: =IFERROR(ROUNDDOWN(C8/B8,0),"") -> 3 | E8: 해인기흥 | F8: =IFERROR(C8-(D8*B8),"") -> 5
A9: 수원저온센터 | B9: =$B$4 -> 30 | C9: =IFERROR(VLOOKUP(A9,'★조인앤조인 (발주일_당일)'!A:SG,5,FALSE),0) -> 179 | D9: =IFERROR(ROUNDDOWN(C9/B9,0),"") -> 5 | E9: 수원 | F9: =IFERROR(C9-(D9*B9),"") -> 29
A10: 오포저온 | B10: =$B$4 -> 30 | C10: =IFERROR(VLOOKUP(A10,'★조인앤조인 (발주일_당일)'!A:SG,5,FALSE),0) -> 70 | D10: =IFERROR(ROUNDDOWN(C10/B10,0),"") -> 2 | E10: 오포 | F10: =IFERROR(C10-(D10*B10),"") -> 10
A11: 양주저온 | B11: =$B$4 -> 30 | C11: =IFERROR(VLOOKUP(A11,'★조인앤조인 (발주일_당일)'!A:SG,5,FALSE),0) -> 167 | D11: =IFERROR(ROUNDDOWN(C11/B11,0),"") -> 5 | E11: 양주 | F11: =IFERROR(C11-(D11*B11),"") -> 17
A12: 원주저온 | B12: =$B$4 -> 30 | C12: =IFERROR(VLOOKUP(A12,'★조인앤조인 (발주일_당일)'!A:SG,5,FALSE),0) -> 34 | D12: =IFERROR(ROUNDDOWN(C12/B12,0),"") -> 1 | E12: 원주 | F12: =IFERROR(C12-(D12*B12),"") -> 4
A14: 수도권 합계 | B14: =$B$4 -> 30 | C14: =SUM(C4:C12) -> 755 | D14: =IFERROR(ROUNDDOWN(C14/B14,0),"") -> 25 | F14: =IFERROR(C14-(D14*B14),"") -> 5
A16: 부산냉장 | B16: =$B$4 -> 30 | C16: =IFERROR(VLOOKUP(A16,'★조인앤조인 (발주일_당일)'!A:SG,5,FALSE),0) -> 25 | D16: =IFERROR(ROUNDDOWN(C16/B16,0),"") -> 0 | E16: 부산 | F16: =IFERROR(C16-(D16*B16),"") -> 25
A17: 양산냉장 | B17: =$B$4 -> 30 | C17: =IFERROR(VLOOKUP(A17,'★조인앤조인 (발주일_당일)'!A:SG,5,FALSE),0) -> 52 | D17: =IFERROR(ROUNDDOWN(C17/B17,0),"") -> 1 | E17: 양산 | F17: =IFERROR(C17-(D17*B17),"") -> 22
A19: 경남(김해)합계 | B19: =$B$4 -> 30 | C19: =SUM(C16:C17) -> 77 | D19: =IFERROR(ROUNDDOWN(C19/B19,0),"") -> 2 | F19: =IFERROR(C19-(D19*B19),"") -> 17
A21: 대구냉장 | B21: =$B$4 -> 30 | C21: =IFERROR(VLOOKUP(A21,'★조인앤조인 (발주일_당일)'!A:SG,5,FALSE),0) -> 61 | D21: =IFERROR(ROUNDDOWN(C21/B21,0),"") -> 2 | E21: 대구 | F21: =IFERROR(C21-(D21*B21),"") -> 1
A22: 칠곡저온 | B22: =$B$4 -> 30 | C22: =IFERROR(VLOOKUP(A22,'★조인앤조인 (발주일_당일)'!A:SG,5,FALSE),0) -> 51 | D22: =IFERROR(ROUNDDOWN(C22/B22,0),"") -> 1 | E22: 칠곡 | F22: =IFERROR(C22-(D22*B22),"") -> 21
A24: 경북(칠곡)합계 | B24: =$B$4 -> 30 | C24: =SUM(C21:C22) -> 112 | D24: =IFERROR(ROUNDDOWN(C24/B24,0),"") -> 3 | F24: =IFERROR(C24-(D24*B24),"") -> 22
A26: 광주냉장 | B26: =$B$4 -> 30 | C26: =IFERROR(VLOOKUP(A26,'★조인앤조인 (발주일_당일)'!A:SG,5,FALSE),0) -> 47 | D26: =IFERROR(ROUNDDOWN(C26/B26,0),"") -> 1 | E26: 광주 | F26: =IFERROR(C26-(D26*B26),"") -> 17
A27: 광주B저온센터 | B27: =$B$4 -> 30 | C27: =IFERROR(VLOOKUP(A27,'★조인앤조인 (발주일_당일)'!A:SG,5,FALSE),0) -> 36 | D27: =IFERROR(ROUNDDOWN(C27/B27,0),"") -> 1 | E27: 광주B | F27: =IFERROR(C27-(D27*B27),"") -> 6
A29: 호남권 합계 | B29: =$B$4 -> 30 | C29: =SUM(C26:C27) -> 83 | D29: =IFERROR(ROUNDDOWN(C29/B29,0),"") -> 2 | F29: =IFERROR(C29-(D29*B29),"") -> 23
A31: 제주냉장센터 | B31: =$B$4 -> 30 | C31: =IFERROR(VLOOKUP(A31,'★조인앤조인 (발주일_당일)'!A:SG,5,FALSE),0) -> 34 | D31: =IFERROR(ROUNDDOWN(C31/B31,0),"") -> 1 | E31: 제주 | F31: =IFERROR(C31-(D31*B31),"") -> 4
A33: 제주권 합계 | B33: =$B$4 -> 30 | C33: =SUM(C31:C31) -> 34 | D33: =IFERROR(ROUNDDOWN(C33/B33,0),"") -> 1 | F33: =IFERROR(C33-(D33*B33),"") -> 4
A35: 총합계 | B35: =$B$4 -> 30 | C35: =SUM(C4:C12,C26:C27,C21:C22,C16:C17,C31:C31) -> 1061 | D35: =IFERROR(ROUNDDOWN(C35/B35,0),"") -> 35 | F35: =IFERROR(C35-(D35*B35),"") -> 11 | G35: 소분박스 | H35: 소분낱개
A36: 총 박스/총 낱개수량 | B36: □ | D36: =SUM(D4:D12,D26:D27,D21:D22,D16:D17,D31:D31) -> 29 | F36: =SUM(F4:F12,F26:F27,F21:F22,F16:F17,F31:F31) -> 191 | G36: =IFERROR(ROUNDDOWN(F36/B26,0),"") -> 6 | H36: =IFERROR(F36-(G36*B26),"") -> 11
C37: =C14+C19+C24+C29+C33 -> 1061 | H37: □
C38: =C37=C35 -> TRUE

Sheet 널담)초코볼크럼블쿠키75g
A2: =TODAY() -> 46310 | B2: 조인앤조인 _세븐 <1편> □
A3: 행 레이블 | B3: 입수 | C3: 널담)초코볼크럼블 쿠키75g | D3: 박스 | E3: 센터명 | F3: 낱개
A4: 수도권냉장 | B4: 30 | C4: =IFERROR(VLOOKUP(A4,'★조인앤조인 (발주일_당일)'!A:SG,6,FALSE),0) -> 0 | D4: =IFERROR(ROUNDDOWN(C4/B4,0),"") -> 0 | E4: 수도권 | F4: =IFERROR(C4-(D4*B4),"") -> 0
A5: 안성저온센터 | B5: =$B$4 -> 30 | C5: =IFERROR(VLOOKUP(A5,'★조인앤조인 (발주일_당일)'!A:SG,6,FALSE),0) -> 10 | D5: =IFERROR(ROUNDDOWN(C5/B5,0),"") -> 0 | E5: 안성 | F5: =IFERROR(C5-(D5*B5),"") -> 10
A6: 세종냉장센터 | B6: =$B$4 -> 30 | C6: =IFERROR(VLOOKUP(A6,'★조인앤조인 (발주일_당일)'!A:SG,6,FALSE),0) -> 24 | D6: =IFERROR(ROUNDDOWN(C6/B6,0),"") -> 0 | E6: 세종 | F6: =IFERROR(C6-(D6*B6),"") -> 24
A7: 인천저온 | B7: =$B$4 -> 30 | C7: =IFERROR(VLOOKUP(A7,'★조인앤조인 (발주일_당일)'!A:SG,6,FALSE),0) -> 35 | D7: =IFERROR(ROUNDDOWN(C7/B7,0),"") -> 1 | E7: 인천 | F7: =IFERROR(C7-(D7*B7),"") -> 5
A8: 해인기흥저온센터 | B8: =$B$4 -> 30 | C8: =IFERROR(VLOOKUP(A8,'★조인앤조인 (발주일_당일)'!A:SG,6,FALSE),0) -> 40 | D8: =IFERROR(ROUNDDOWN(C8/B8,0),"") -> 1 | E8: 해인기흥 | F8: =IFERROR(C8-(D8*B8),"") -> 10
A9: 수원저온센터 | B9: =$B$4 -> 30 | C9: =IFERROR(VLOOKUP(A9,'★조인앤조인 (발주일_당일)'!A:SG,6,FALSE),0) -> 27 | D9: =IFERROR(ROUNDDOWN(C9/B9,0),"") -> 0 | E9: 수원 | F9: =IFERROR(C9-(D9*B9),"") -> 27
A10: 오포저온 | B10: =$B$4 -> 30 | C10: =IFERROR(VLOOKUP(A10,'★조인앤조인 (발주일_당일)'!A:SG,6,FALSE),0) -> 39 | D10: =IFERROR(ROUNDDOWN(C10/B10,0),"") -> 1 | E10: 오포 | F10: =IFERROR(C10-(D10*B10),"") -> 9
A11: 양주저온 | B11: =$B$4 -> 30 | C11: =IFERROR(VLOOKUP(A11,'★조인앤조인 (발주일_당일)'!A:SG,6,FALSE),0) -> 66 | D11: =IFERROR(ROUNDDOWN(C11/B11,0),"") -> 2 | E11: 양주 | F11: =IFERROR(C11-(D11*B11),"") -> 6
A12: 원주저온 | B12: =$B$4 -> 30 | C12: =IFERROR(VLOOKUP(A12,'★조인앤조인 (발주일_당일)'!A:SG,6,FALSE),0) -> 11 | D12: =IFERROR(ROUNDDOWN(C12/B12,0),"") -> 0 | E12: 원주 | F12: =IFERROR(C12-(D12*B12),"") -> 11
A14: 수도권 합계 | B14: =$B$4 -> 30 | C14: =SUM(C4:C12) -> 252 | D14: =IFERROR(ROUNDDOWN(C14/B14,0),"") -> 8 | F14: =IFERROR(C14-(D14*B14),"") -> 12
A16: 부산냉장 | B16: =$B$4 -> 30 | C16: =IFERROR(VLOOKUP(A16,'★조인앤조인 (발주일_당일)'!A:SG,6,FALSE),0) -> 16 | D16: =IFERROR(ROUNDDOWN(C16/B16,0),"") -> 0 | E16: 부산 | F16: =IFERROR(C16-(D16*B16),"") -> 16
A17: 양산냉장 | B17: =$B$4 -> 30 | C17: =IFERROR(VLOOKUP(A17,'★조인앤조인 (발주일_당일)'!A:SG,6,FALSE),0) -> 12 | D17: =IFERROR(ROUNDDOWN(C17/B17,0),"") -> 0 | E17: 양산 | F17: =IFERROR(C17-(D17*B17),"") -> 12
A19: 경남(김해)합계 | B19: =$B$4 -> 30 | C19: =SUM(C16:C17) -> 28 | D19: =IFERROR(ROUNDDOWN(C19/B19,0),"") -> 0 | F19: =IFERROR(C19-(D19*B19),"") -> 28
A21: 대구냉장 | B21: =$B$4 -> 30 | C21: =IFERROR(VLOOKUP(A21,'★조인앤조인 (발주일_당일)'!A:SG,6,FALSE),0) -> 10 | D21: =IFERROR(ROUNDDOWN(C21/B21,0),"") -> 0 | E21: 대구 | F21: =IFERROR(C21-(D21*B21),"") -> 10
A22: 칠곡저온 | B22: =$B$4 -> 30 | C22: =IFERROR(VLOOKUP(A22,'★조인앤조인 (발주일_당일)'!A:SG,6,FALSE),0) -> 15 | D22: =IFERROR(ROUNDDOWN(C22/B22,0),"") -> 0 | E22: 칠곡 | F22: =IFERROR(C22-(D22*B22),"") -> 15
A24: 경북(칠곡)합계 | B24: =$B$4 -> 30 | C24: =SUM(C21:C22) -> 25 | D24: =IFERROR(ROUNDDOWN(C24/B24,0),"") -> 0 | F24: =IFERROR(C24-(D24*B24),"") -> 25
A26: 광주냉장 | B26: =$B$4 -> 30 | C26: =IFERROR(VLOOKUP(A26,'★조인앤조인 (발주일_당일)'!A:SG,6,FALSE),0) -> 3 | D26: =IFERROR(ROUNDDOWN(C26/B26,0),"") -> 0 | E26: 광주 | F26: =IFERROR(C26-(D26*B26),"") -> 3
A27: 광주B저온센터 | B27: =$B$4 -> 30 | C27: =IFERROR(VLOOKUP(A27,'★조인앤조인 (발주일_당일)'!A:SG,6,FALSE),0) -> 12 | D27: =IFERROR(ROUNDDOWN(C27/B27,0),"") -> 0 | E27: 광주B | F27: =IFERROR(C27-(D27*B27),"") -> 12
A29: 호남권 합계 | B29: =$B$4 -> 30 | C29: =SUM(C26:C27) -> 15 | D29: =IFERROR(ROUNDDOWN(C29/B29,0),"") -> 0 | F29: =IFERROR(C29-(D29*B29),"") -> 15
A31: 제주냉장센터 | B31: =$B$4 -> 30 | C31: =IFERROR(VLOOKUP(A31,'★조인앤조인 (발주일_당일)'!A:SG,6,FALSE),0) -> 0 | D31: =IFERROR(ROUNDDOWN(C31/B31,0),"") -> 0 | E31: 제주 | F31: =IFERROR(C31-(D31*B31),"") -> 0
A33: 제주권 합계 | B33: =$B$4 -> 30 | C33: =SUM(C31:C31) -> 0 | D33: =IFERROR(ROUNDDOWN(C33/B33,0),"") -> 0 | F33: =IFERROR(C33-(D33*B33),"") -> 0
A35: 총합계 | B35: =$B$4 -> 30 | C35: =SUM(C4:C12,C26:C27,C21:C22,C16:C17,C31:C31) -> 320 | D35: =IFERROR(ROUNDDOWN(C35/B35,0),"") -> 10 | F35: =IFERROR(C35-(D35*B35),"") -> 20 | G35: 소분박스 | H35: 소분낱개
A36: 총 박스/총 낱개수량 | B36: □ | D36: =SUM(D4:D12,D26:D27,D21:D22,D16:D17,D31:D31) -> 5 | F36: =SUM(F4:F12,F26:F27,F21:F22,F16:F17,F31:F31) -> 170 | G36: =IFERROR(ROUNDDOWN(F36/B26,0),"") -> 5 | H36: =IFERROR(F36-(G36*B26),"") -> 20
C37: =C14+C19+C24+C29+C33 -> 320 | H37: □
C38: =C37=C35 -> TRUE

Sheet ★스윗밸런스 (입고일_익일)
A1: 10/15 | D1: 열 레이블
A2: 행 레이블 | D2: 스윗)닭가슴살시저샐러드240g | E2: 스윗)케이준치킨너겟샐러드165g | F2: 총합계
A3: 광주B저온센터 | D3: 2 | F3: 2
A4: 광주냉장 | D4: 1 | E4: 1 | F4: 2
A5: 대구냉장 | D5: 2 | F5: 2
A6: 부산냉장 | D6: 2 | E6: 1 | F6: 3
A7: 세종냉장센터 | D7: 4 | E7: 1 | F7: 5
A8: 수원저온센터 | D8: 4 | E8: 6 | F8: 10
A9: 안성저온센터 | D9: 5 | E9: 2 | F9: 7
A10: 양산냉장 | D10: 2 | E10: 3 | F10: 5
A11: 양주저온 | D11: 12 | E11: 5 | F11: 17
A12: 오포저온 | D12: 11 | E12: 4 | F12: 15
A13: 원주저온 | D13: 2 | E13: 3 | F13: 5
A14: 인천저온 | D14: 8 | E14: 2 | F14: 10
A15: 칠곡저온 | D15: 1 | F15: 1
A16: 해인기흥저온센터 | D16: 11 | E16: 1 | F16: 12
A17: 총합계 | D17: 67 | E17: 29 | F17: 96

Sheet APP예약)닭가슴살시저샐러드
A2: =TODAY() -> 46310 | B2: 스윗밸런스 _ 세븐 <2편> □
A3: 행 레이블 | B3: 입수 | C3: APP예약)닭가슴살시저샐러드 | D3: 박스 | E3: 센터명 | F3: 낱개
A4: 수도권냉장 | B4: 36 | C4: =IFERROR(VLOOKUP(A4,'★스윗밸런스 (입고일_익일)'!A:RE,2,FALSE),0) -> 0 | D4: =IFERROR(ROUNDDOWN(C4/B4,0),"") -> 0 | E4: 수도권 | F4: =IFERROR(C4-(D4*B4),"") -> 0
A5: 안성저온센터 | B5: =$B$4 -> 36 | C5: =IFERROR(VLOOKUP(A5,'★스윗밸런스 (입고일_익일)'!A:RE,2,FALSE),0) -> 0 | D5: =IFERROR(ROUNDDOWN(C5/B5,0),"") -> 0 | E5: 안성 | F5: =IFERROR(C5-(D5*B5),"") -> 0
A6: 세종냉장센터 | B6: =$B$4 -> 36 | C6: =IFERROR(VLOOKUP(A6,'★스윗밸런스 (입고일_익일)'!A:RE,2,FALSE),0) -> 0 | D6: =IFERROR(ROUNDDOWN(C6/B6,0),"") -> 0 | E6: 세종 | F6: =IFERROR(C6-(D6*B6),"") -> 0
A7: 인천저온 | B7: =$B$4 -> 36 | C7: =IFERROR(VLOOKUP(A7,'★스윗밸런스 (입고일_익일)'!A:RE,2,FALSE),0) -> 0 | D7: =IFERROR(ROUNDDOWN(C7/B7,0),"") -> 0 | E7: 인천 | F7: =IFERROR(C7-(D7*B7),"") -> 0
A8: 해인기흥저온센터 | B8: =$B$4 -> 36 | C8: =IFERROR(VLOOKUP(A8,'★스윗밸런스 (입고일_익일)'!A:RE,2,FALSE),0) -> 0 | D8: =IFERROR(ROUNDDOWN(C8/B8,0),"") -> 0 | E8: 해인기흥 | F8: =IFERROR(C8-(D8*B8),"") -> 0
A9: 수원저온센터 | B9: =$B$4 -> 36 | C9: =IFERROR(VLOOKUP(A9,'★스윗밸런스 (입고일_익일)'!A:RE,2,FALSE),0) -> 0 | D9: =IFERROR(ROUNDDOWN(C9/B9,0),"") -> 0 | E9: 수원 | F9: =IFERROR(C9-(D9*B9),"") -> 0
A10: 오포저온 | B10: =$B$4 -> 36 | C10: =IFERROR(VLOOKUP(A10,'★스윗밸런스 (입고일_익일)'!A:RE,2,FALSE),0) -> 0 | D10: =IFERROR(ROUNDDOWN(C10/B10,0),"") -> 0 | E10: 오포 | F10: =IFERROR(C10-(D10*B10),"") -> 0
A11: 양주저온 | B11: =$B$4 -> 36 | C11: =IFERROR(VLOOKUP(A11,'★스윗밸런스 (입고일_익일)'!A:RE,2,FALSE),0) -> 0 | D11: =IFERROR(ROUNDDOWN(C11/B11,0),"") -> 0 | E11: 양주 | F11: =IFERROR(C11-(D11*B11),"") -> 0
A12: 원주저온 | B12: =$B$4 -> 36 | C12: =IFERROR(VLOOKUP(A12,'★스윗밸런스 (입고일_익일)'!A:RE,2,FALSE),0) -> 0 | D12: =IFERROR(ROUNDDOWN(C12/B12,0),"") -> 0 | E12: 원주 | F12: =IFERROR(C12-(D12*B12),"") -> 0
A14: 수도권 합계 | B14: =$B$4 -> 36 | C14: =SUM(C4:C12) -> 0 | D14: =IFERROR(ROUNDDOWN(C14/B14,0),"") -> 0 | F14: =IFERROR(C14-(D14*B14),"") -> 0
A16: 부산냉장 | B16: =$B$4 -> 36 | C16: =IFERROR(VLOOKUP(A16,'★스윗밸런스 (입고일_익일)'!A:RE,2,FALSE),0) -> 0 | D16: =IFERROR(ROUNDDOWN(C16/B16,0),"") -> 0 | E16: 부산 | F16: =IFERROR(C16-(D16*B16),"") -> 0
A17: 양산냉장 | B17: =$B$4 -> 36 | C17: =IFERROR(VLOOKUP(A17,'★스윗밸런스 (입고일_익일)'!A:RE,2,FALSE),0) -> 0 | D17: =IFERROR(ROUNDDOWN(C17/B17,0),"") -> 0 | E17: 양산 | F17: =IFERROR(C17-(D17*B17),"") -> 0
A19: 경남(김해)합계 | B19: =$B$4 -> 36 | C19: =SUM(C16:C17) -> 0 | D19: =IFERROR(ROUNDDOWN(C19/B19,0),"") -> 0 | F19: =IFERROR(C19-(D19*B19),"") -> 0
A21: 대구냉장 | B21: =$B$4 -> 36 | C21: =IFERROR(VLOOKUP(A21,'★스윗밸런스 (입고일_익일)'!A:RE,2,FALSE),0) -> 0 | D21: =IFERROR(ROUNDDOWN(C21/B21,0),"") -> 0 | E21: 대구 | F21: =IFERROR(C21-(D21*B21),"") -> 0
A22: 칠곡저온 | B22: =$B$4 -> 36 | C22: =IFERROR(VLOOKUP(A22,'★스윗밸런스 (입고일_익일)'!A:RE,2,FALSE),0) -> 0 | D22: =IFERROR(ROUNDDOWN(C22/B22,0),"") -> 0 | E22: 칠곡 | F22: =IFERROR(C22-(D22*B22),"") -> 0
A24: 경북(칠곡)합계 | B24: =$B$4 -> 36 | C24: =SUM(C21:C22) -> 0 | D24: =IFERROR(ROUNDDOWN(C24/B24,0),"") -> 0 | F24: =IFERROR(C24-(D24*B24),"") -> 0
A26: 광주냉장 | B26: =$B$4 -> 36 | C26: =IFERROR(VLOOKUP(A26,'★스윗밸런스 (입고일_익일)'!A:RE,2,FALSE),0) -> 0 | D26: =IFERROR(ROUNDDOWN(C26/B26,0),"") -> 0 | E26: 광주 | F26: =IFERROR(C26-(D26*B26),"") -> 0
A27: 광주B저온센터 | B27: =$B$4 -> 36 | C27: =IFERROR(VLOOKUP(A27,'★스윗밸런스 (입고일_익일)'!A:RE,2,FALSE),0) -> 0 | D27: =IFERROR(ROUNDDOWN(C27/B27,0),"") -> 0 | E27: 광주B | F27: =IFERROR(C27-(D27*B27),"") -> 0
A29: 호남권 합계 | B29: =$B$4 -> 36 | C29: =SUM(C26:C27) -> 0 | D29: =IFERROR(ROUNDDOWN(C29/B29,0),"") -> 0 | F29: =IFERROR(C29-(D29*B29),"") -> 0
A31: 제주냉장센터 | B31: =$B$4 -> 36 | C31: =IFERROR(VLOOKUP(A31,'★스윗밸런스 (입고일_익일)'!A:RE,2,FALSE),0) -> 0 | D31: =IFERROR(ROUNDDOWN(C31/B31,0),"") -> 0 | E31: 제주 | F31: =IFERROR(C31-(D31*B31),"") -> 0
A33: 제주권 합계 | B33: =$B$4 -> 36 | C33: =SUM(C31:C31) -> 0 | D33: =IFERROR(ROUNDDOWN(C33/B33,0),"") -> 0 | F33: =IFERROR(C33-(D33*B33),"") -> 0
A35: 총합계 | B35: =$B$4 -> 36 | C35: =SUM(C4:C12,C26:C27,C21:C22,C16:C17,C31:C31) -> 0 | D35: =IFERROR(ROUNDDOWN(C35/B35,0),"") -> 0 | F35: =IFERROR(C35-(D35*B35),"") -> 0 | G35: 소분박스 | H35: 소분낱개
A36: 총 박스/총 낱개수량 | B36: □ | D36: =SUM(D4:D12,D26:D27,D21:D22,D16:D17,D31:D31) -> 0 | F36: =SUM(F4:F12,F26:F27,F21:F22,F16:F17,F31:F31) -> 0 | G36: =IFERROR(ROUNDDOWN(F36/B26,0),"") -> 0 | H36: =IFERROR(F36-(G36*B26),"") -> 0
C37: =C14+C19+C24+C29+C33 -> 0 | H37: □
C38: =C37=C35 -> TRUE

Sheet APP예약)케이준치킨너겟샐러드165g
A2: =TODAY() -> 46310 | B2: 스윗밸런스 _ 세븐 <2편> □
A3: 행 레이블 | B3: 입수 | C3: APP예약)케이준치킨너겟샐러드 165g | D3: 박스 | E3: 센터명 | F3: 낱개
A4: 수도권냉장 | B4: 36 | C4: =IFERROR(VLOOKUP(A4,'★스윗밸런스 (입고일_익일)'!A:RE,3,FALSE),0) -> 0 | D4: =IFERROR(ROUNDDOWN(C4/B4,0),"") -> 0 | E4: 수도권 | F4: =IFERROR(C4-(D4*B4),"") -> 0
A5: 안성저온센터 | B5: =$B$4 -> 36 | C5: =IFERROR(VLOOKUP(A5,'★스윗밸런스 (입고일_익일)'!A:RE,3,FALSE),0) -> 0 | D5: =IFERROR(ROUNDDOWN(C5/B5,0),"") -> 0 | E5: 안성 | F5: =IFERROR(C5-(D5*B5),"") -> 0
A6: 세종냉장센터 | B6: =$B$4 -> 36 | C6: =IFERROR(VLOOKUP(A6,'★스윗밸런스 (입고일_익일)'!A:RE,3,FALSE),0) -> 0 | D6: =IFERROR(ROUNDDOWN(C6/B6,0),"") -> 0 | E6: 세종 | F6: =IFERROR(C6-(D6*B6),"") -> 0
A7: 인천저온 | B7: =$B$4 -> 36 | C7: =IFERROR(VLOOKUP(A7,'★스윗밸런스 (입고일_익일)'!A:RE,3,FALSE),0) -> 0 | D7: =IFERROR(ROUNDDOWN(C7/B7,0),"") -> 0 | E7: 인천 | F7: =IFERROR(C7-(D7*B7),"") -> 0
A8: 해인기흥저온센터 | B8: =$B$4 -> 36 | C8: =IFERROR(VLOOKUP(A8,'★스윗밸런스 (입고일_익일)'!A:RE,3,FALSE),0) -> 0 | D8: =IFERROR(ROUNDDOWN(C8/B8,0),"") -> 0 | E8: 해인기흥 | F8: =IFERROR(C8-(D8*B8),"") -> 0
A9: 수원저온센터 | B9: =$B$4 -> 36 | C9: =IFERROR(VLOOKUP(A9,'★스윗밸런스 (입고일_익일)'!A:RE,3,FALSE),0) -> 0 | D9: =IFERROR(ROUNDDOWN(C9/B9,0),"") -> 0 | E9: 수원 | F9: =IFERROR(C9-(D9*B9),"") -> 0
A10: 오포저온 | B10: =$B$4 -> 36 | C10: =IFERROR(VLOOKUP(A10,'★스윗밸런스 (입고일_익일)'!A:RE,3,FALSE),0) -> 0 | D10: =IFERROR(ROUNDDOWN(C10/B10,0),"") -> 0 | E10: 오포 | F10: =IFERROR(C10-(D10*B10),"") -> 0
A11: 양주저온 | B11: =$B$4 -> 36 | C11: =IFERROR(VLOOKUP(A11,'★스윗밸런스 (입고일_익일)'!A:RE,3,FALSE),0) -> 0 | D11: =IFERROR(ROUNDDOWN(C11/B11,0),"") -> 0 | E11: 양주 | F11: =IFERROR(C11-(D11*B11),"") -> 0
A12: 원주저온 | B12: =$B$4 -> 36 | C12: =IFERROR(VLOOKUP(A12,'★스윗밸런스 (입고일_익일)'!A:RE,3,FALSE),0) -> 0 | D12: =IFERROR(ROUNDDOWN(C12/B12,0),"") -> 0 | E12: 원주 | F12: =IFERROR(C12-(D12*B12),"") -> 0
A14: 수도권 합계 | B14: =$B$4 -> 36 | C14: =SUM(C4:C12) -> 0 | D14: =IFERROR(ROUNDDOWN(C14/B14,0),"") -> 0 | F14: =IFERROR(C14-(D14*B14),"") -> 0
A16: 부산냉장 | B16: =$B$4 -> 36 | C16: =IFERROR(VLOOKUP(A16,'★스윗밸런스 (입고일_익일)'!A:RE,3,FALSE),0) -> 0 | D16: =IFERROR(ROUNDDOWN(C16/B16,0),"") -> 0 | E16: 부산 | F16: =IFERROR(C16-(D16*B16),"") -> 0
A17: 양산냉장 | B17: =$B$4 -> 36 | C17: =IFERROR(VLOOKUP(A17,'★스윗밸런스 (입고일_익일)'!A:RE,3,FALSE),0) -> 0 | D17: =IFERROR(ROUNDDOWN(C17/B17,0),"") -> 0 | E17: 양산 | F17: =IFERROR(C17-(D17*B17),"") -> 0
A19: 경남(김해)합계 | B19: =$B$4 -> 36 | C19: =SUM(C16:C17) -> 0 | D19: =IFERROR(ROUNDDOWN(C19/B19,0),"") -> 0 | F19: =IFERROR(C19-(D19*B19),"") -> 0
A21: 대구냉장 | B21: =$B$4 -> 36 | C21: =IFERROR(VLOOKUP(A21,'★스윗밸런스 (입고일_익일)'!A:RE,3,FALSE),0) -> 0 | D21: =IFERROR(ROUNDDOWN(C21/B21,0),"") -> 0 | E21: 대구 | F21: =IFERROR(C21-(D21*B21),"") -> 0
A22: 칠곡저온 | B22: =$B$4 -> 36 | C22: =IFERROR(VLOOKUP(A22,'★스윗밸런스 (입고일_익일)'!A:RE,3,FALSE),0) -> 0 | D22: =IFERROR(ROUNDDOWN(C22/B22,0),"") -> 0 | E22: 칠곡 | F22: =IFERROR(C22-(D22*B22),"") -> 0
A24: 경북(칠곡)합계 | B24: =$B$4 -> 36 | C24: =SUM(C21:C22) -> 0 | D24: =IFERROR(ROUNDDOWN(C24/B24,0),"") -> 0 | F24: =IFERROR(C24-(D24*B24),"") -> 0
A26: 광주냉장 | B26: =$B$4 -> 36 | C26: =IFERROR(VLOOKUP(A26,'★스윗밸런스 (입고일_익일)'!A:RE,3,FALSE),0) -> 0 | D26: =IFERROR(ROUNDDOWN(C26/B26,0),"") -> 0 | E26: 광주 | F26: =IFERROR(C26-(D26*B26),"") -> 0
A27: 광주B저온센터 | B27: =$B$4 -> 36 | C27: =IFERROR(VLOOKUP(A27,'★스윗밸런스 (입고일_익일)'!A:RE,3,FALSE),0) -> 0 | D27: =IFERROR(ROUNDDOWN(C27/B27,0),"") -> 0 | E27: 광주B | F27: =IFERROR(C27-(D27*B27),"") -> 0
A29: 호남권 합계 | B29: =$B$4 -> 36 | C29: =SUM(C26:C27) -> 0 | D29: =IFERROR(ROUNDDOWN(C29/B29,0),"") -> 0 | F29: =IFERROR(C29-(D29*B29),"") -> 0
A31: 제주냉장센터 | B31: =$B$4 -> 36 | C31: =IFERROR(VLOOKUP(A31,'★스윗밸런스 (입고일_익일)'!A:RE,3,FALSE),0) -> 0 | D31: =IFERROR(ROUNDDOWN(C31/B31,0),"") -> 0 | E31: 제주 | F31: =IFERROR(C31-(D31*B31),"") -> 0
A33: 제주권 합계 | B33: =$B$4 -> 36 | C33: =SUM(C31:C31) -> 0 | D33: =IFERROR(ROUNDDOWN(C33/B33,0),"") -> 0 | F33: =IFERROR(C33-(D33*B33),"") -> 0
A35: 총합계 | B35: =$B$4 -> 36 | C35: =SUM(C4:C12,C26:C27,C21:C22,C16:C17,C31:C31) -> 0 | D35: =IFERROR(ROUNDDOWN(C35/B35,0),"") -> 0 | F35: =IFERROR(C35-(D35*B35),"") -> 0 | G35: 소분박스 | H35: 소분낱개
A36: 총 박스/총 낱개수량 | B36: □ | D36: =SUM(D4:D12,D26:D27,D21:D22,D16:D17,D31:D31) -> 0 | F36: =SUM(F4:F12,F26:F27,F21:F22,F16:F17,F31:F31) -> 0 | G36: =IFERROR(ROUNDDOWN(F36/B26,0),"") -> 0 | H36: =IFERROR(F36-(G36*B26),"") -> 0
C37: =C14+C19+C24+C29+C33 -> 0 | H37: □
C38: =C37=C35 -> TRUE

Sheet 스윗)닭가슴살시저샐러드240g
A2: =TODAY() -> 46310 | B2: 스윗밸런스 _ 세븐 <2편> □
A3: 행 레이블 | B3: 입수 | C3: 스윗)닭가슴살 시저샐러드240g | D3: 박스 | E3: 센터명 | F3: 낱개
A4: 수도권냉장 | B4: 36 | C4: =IFERROR(VLOOKUP(A4,'★스윗밸런스 (입고일_익일)'!A:RE,4,FALSE),0) -> 0 | D4: =IFERROR(ROUNDDOWN(C4/B4,0),"") -> 0 | E4: 수도권 | F4: =IFERROR(C4-(D4*B4),"") -> 0
A5: 안성저온센터 | B5: =$B$4 -> 36 | C5: =IFERROR(VLOOKUP(A5,'★스윗밸런스 (입고일_익일)'!A:RE,4,FALSE),0) -> 5 | D5: =IFERROR(ROUNDDOWN(C5/B5,0),"") -> 0 | E5: 안성 | F5: =IFERROR(C5-(D5*B5),"") -> 5
A6: 세종냉장센터 | B6: =$B$4 -> 36 | C6: =IFERROR(VLOOKUP(A6,'★스윗밸런스 (입고일_익일)'!A:RE,4,FALSE),0) -> 4 | D6: =IFERROR(ROUNDDOWN(C6/B6,0),"") -> 0 | E6: 세종 | F6: =IFERROR(C6-(D6*B6),"") -> 4
A7: 인천저온 | B7: =$B$4 -> 36 | C7: =IFERROR(VLOOKUP(A7,'★스윗밸런스 (입고일_익일)'!A:RE,4,FALSE),0) -> 8 | D7: =IFERROR(ROUNDDOWN(C7/B7,0),"") -> 0 | E7: 인천 | F7: =IFERROR(C7-(D7*B7),"") -> 8
A8: 해인기흥저온센터 | B8: =$B$4 -> 36 | C8: =IFERROR(VLOOKUP(A8,'★스윗밸런스 (입고일_익일)'!A:RE,4,FALSE),0) -> 11 | D8: =IFERROR(ROUNDDOWN(C8/B8,0),"") -> 0 | E8: 해인기흥 | F8: =IFERROR(C8-(D8*B8),"") -> 11
A9: 수원저온센터 | B9: =$B$4 -> 36 | C9: =IFERROR(VLOOKUP(A9,'★스윗밸런스 (입고일_익일)'!A:RE,4,FALSE),0) -> 4 | D9: =IFERROR(ROUNDDOWN(C9/B9,0),"") -> 0 | E9: 수원 | F9: =IFERROR(C9-(D9*B9),"") -> 4
A10: 오포저온 | B10: =$B$4 -> 36 | C10: =IFERROR(VLOOKUP(A10,'★스윗밸런스 (입고일_익일)'!A:RE,4,FALSE),0) -> 11 | D10: =IFERROR(ROUNDDOWN(C10/B10,0),"") -> 0 | E10: 오포 | F10: =IFERROR(C10-(D10*B10),"") -> 11
A11: 양주저온 | B11: =$B$4 -> 36 | C11: =IFERROR(VLOOKUP(A11,'★스윗밸런스 (입고일_익일)'!A:RE,4,FALSE),0) -> 12 | D11: =IFERROR(ROUNDDOWN(C11/B11,0),"") -> 0 | E11: 양주 | F11: =IFERROR(C11-(D11*B11),"") -> 12
A12: 원주저온 | B12: =$B$4 -> 36 | C12: =IFERROR(VLOOKUP(A12,'★스윗밸런스 (입고일_익일)'!A:RE,4,FALSE),0) -> 2 | D12: =IFERROR(ROUNDDOWN(C12/B12,0),"") -> 0 | E12: 원주 | F12: =IFERROR(C12-(D12*B12),"") -> 2
A14: 수도권 합계 | B14: =$B$4 -> 36 | C14: =SUM(C4:C12) -> 57 | D14: =IFERROR(ROUNDDOWN(C14/B14,0),"") -> 1 | F14: =IFERROR(C14-(D14*B14),"") -> 21
A16: 부산냉장 | B16: =$B$4 -> 36 | C16: =IFERROR(VLOOKUP(A16,'★스윗밸런스 (입고일_익일)'!A:RE,4,FALSE),0) -> 2 | D16: =IFERROR(ROUNDDOWN(C16/B16,0),"") -> 0 | E16: 부산 | F16: =IFERROR(C16-(D16*B16),"") -> 2
A17: 양산냉장 | B17: =$B$4 -> 36 | C17: =IFERROR(VLOOKUP(A17,'★스윗밸런스 (입고일_익일)'!A:RE,4,FALSE),0) -> 2 | D17: =IFERROR(ROUNDDOWN(C17/B17,0),"") -> 0 | E17: 양산 | F17: =IFERROR(C17-(D17*B17),"") -> 2
A19: 경남(김해)합계 | B19: =$B$4 -> 36 | C19: =SUM(C16:C17) -> 4 | D19: =IFERROR(ROUNDDOWN(C19/B19,0),"") -> 0 | F19: =IFERROR(C19-(D19*B19),"") -> 4
A21: 대구냉장 | B21: =$B$4 -> 36 | C21: =IFERROR(VLOOKUP(A21,'★스윗밸런스 (입고일_익일)'!A:RE,4,FALSE),0) -> 2 | D21: =IFERROR(ROUNDDOWN(C21/B21,0),"") -> 0 | E21: 대구 | F21: =IFERROR(C21-(D21*B21),"") -> 2
A22: 칠곡저온 | B22: =$B$4 -> 36 | C22: =IFERROR(VLOOKUP(A22,'★스윗밸런스 (입고일_익일)'!A:RE,4,FALSE),0) -> 1 | D22: =IFERROR(ROUNDDOWN(C22/B22,0),"") -> 0 | E22: 칠곡 | F22: =IFERROR(C22-(D22*B22),"") -> 1
A24: 경북(칠곡)합계 | B24: =$B$4 -> 36 | C24: =SUM(C21:C22) -> 3 | D24: =IFERROR(ROUNDDOWN(C24/B24,0),"") -> 0 | F24: =IFERROR(C24-(D24*B24),"") -> 3
A26: 광주냉장 | B26: =$B$4 -> 36 | C26: =IFERROR(VLOOKUP(A26,'★스윗밸런스 (입고일_익일)'!A:RE,4,FALSE),0) -> 1 | D26: =IFERROR(ROUNDDOWN(C26/B26,0),"") -> 0 | E26: 광주 | F26: =IFERROR(C26-(D26*B26),"") -> 1
A27: 광주B저온센터 | B27: =$B$4 -> 36 | C27: =IFERROR(VLOOKUP(A27,'★스윗밸런스 (입고일_익일)'!A:RE,4,FALSE),0) -> 2 | D27: =IFERROR(ROUNDDOWN(C27/B27,0),"") -> 0 | E27: 광주B | F27: =IFERROR(C27-(D27*B27),"") -> 2
A29: 호남권 합계 | B29: =$B$4 -> 36 | C29: =SUM(C26:C27) -> 3 | D29: =IFERROR(ROUNDDOWN(C29/B29,0),"") -> 0 | F29: =IFERROR(C29-(D29*B29),"") -> 3
A31: 제주냉장센터 | B31: =$B$4 -> 36 | C31: =IFERROR(VLOOKUP(A31,'★스윗밸런스 (입고일_익일)'!A:RE,4,FALSE),0) -> 0 | D31: =IFERROR(ROUNDDOWN(C31/B31,0),"") -> 0 | E31: 제주 | F31: =IFERROR(C31-(D31*B31),"") -> 0
A33: 제주권 합계 | B33: =$B$4 -> 36 | C33: =SUM(C31:C31) -> 0 | D33: =IFERROR(ROUNDDOWN(C33/B33,0),"") -> 0 | F33: =IFERROR(C33-(D33*B33),"") -> 0
A35: 총합계 | B35: =$B$4 -> 36 | C35: =SUM(C4:C12,C26:C27,C21:C22,C16:C17,C31:C31) -> 67 | D35: =IFERROR(ROUNDDOWN(C35/B35,0),"") -> 1 | F35: =IFERROR(C35-(D35*B35),"") -> 31 | G35: 소분박스 | H35: 소분낱개
A36: 총 박스/총 낱개수량 | B36: □ | D36: =SUM(D4:D12,D26:D27,D21:D22,D16:D17,D31:D31) -> 0 | F36: =SUM(F4:F12,F26:F27,F21:F22,F16:F17,F31:F31) -> 67 | G36: =IFERROR(ROUNDDOWN(F36/B26,0),"") -> 1 | H36: =IFERROR(F36-(G36*B26),"") -> 31
C37: =C14+C19+C24+C29+C33 -> 67 | H37: □
C38: =C37=C35 -> TRUE

Sheet 스윗)케이준치킨너겟샐러드165g
A2: =TODAY() -> 46310 | B2: 스윗밸런스 _ 세븐 <2편> □
A3: 행 레이블 | B3: 입수 | C3: 스윗)케이준치킨너겟 샐러드165g | D3: 박스 | E3: 센터명 | F3: 낱개
A4: 수도권냉장 | B4: 36 | C4: =IFERROR(VLOOKUP(A4,'★스윗밸런스 (입고일_익일)'!A:RE,5,FALSE),0) -> 0 | D4: =IFERROR(ROUNDDOWN(C4/B4,0),"") -> 0 | E4: 수도권 | F4: =IFERROR(C4-(D4*B4),"") -> 0
A5: 안성저온센터 | B5: =$B$4 -> 36 | C5: =IFERROR(VLOOKUP(A5,'★스윗밸런스 (입고일_익일)'!A:RE,5,FALSE),0) -> 2 | D5: =IFERROR(ROUNDDOWN(C5/B5,0),"") -> 0 | E5: 안성 | F5: =IFERROR(C5-(D5*B5),"") -> 2
A6: 세종냉장센터 | B6: =$B$4 -> 36 | C6: =IFERROR(VLOOKUP(A6,'★스윗밸런스 (입고일_익일)'!A:RE,5,FALSE),0) -> 1 | D6: =IFERROR(ROUNDDOWN(C6/B6,0),"") -> 0 | E6: 세종 | F6: =IFERROR(C6-(D6*B6),"") -> 1
A7: 인천저온 | B7: =$B$4 -> 36 | C7: =IFERROR(VLOOKUP(A7,'★스윗밸런스 (입고일_익일)'!A:RE,5,FALSE),0) -> 2 | D7: =IFERROR(ROUNDDOWN(C7/B7,0),"") -> 0 | E7: 인천 | F7: =IFERROR(C7-(D7*B7),"") -> 2
A8: 해인기흥저온센터 | B8: =$B$4 -> 36 | C8: =IFERROR(VLOOKUP(A8,'★스윗밸런스 (입고일_익일)'!A:RE,5,FALSE),0) -> 1 | D8: =IFERROR(ROUNDDOWN(C8/B8,0),"") -> 0 | E8: 해인기흥 | F8: =IFERROR(C8-(D8*B8),"") -> 1
A9: 수원저온센터 | B9: =$B$4 -> 36 | C9: =IFERROR(VLOOKUP(A9,'★스윗밸런스 (입고일_익일)'!A:RE,5,FALSE),0) -> 6 | D9: =IFERROR(ROUNDDOWN(C9/B9,0),"") -> 0 | E9: 수원 | F9: =IFERROR(C9-(D9*B9),"") -> 6
A10: 오포저온 | B10: =$B$4 -> 36 | C10: =IFERROR(VLOOKUP(A10,'★스윗밸런스 (입고일_익일)'!A:RE,5,FALSE),0) -> 4 | D10: =IFERROR(ROUNDDOWN(C10/B10,0),"") -> 0 | E10: 오포 | F10: =IFERROR(C10-(D10*B10),"") -> 4
A11: 양주저온 | B11: =$B$4 -> 36 | C11: =IFERROR(VLOOKUP(A11,'★스윗밸런스 (입고일_익일)'!A:RE,5,FALSE),0) -> 5 | D11: =IFERROR(ROUNDDOWN(C11/B11,0),"") -> 0 | E11: 양주 | F11: =IFERROR(C11-(D11*B11),"") -> 5
A12: 원주저온 | B12: =$B$4 -> 36 | C12: =IFERROR(VLOOKUP(A12,'★스윗밸런스 (입고일_익일)'!A:RE,5,FALSE),0) -> 3 | D12: =IFERROR(ROUNDDOWN(C12/B12,0),"") -> 0 | E12: 원주 | F12: =IFERROR(C12-(D12*B12),"") -> 3
A14: 수도권 합계 | B14: =$B$4 -> 36 | C14: =SUM(C4:C12) -> 24 | D14: =IFERROR(ROUNDDOWN(C14/B14,0),"") -> 0 | F14: =IFERROR(C14-(D14*B14),"") -> 24
A16: 부산냉장 | B16: =$B$4 -> 36 | C16: =IFERROR(VLOOKUP(A16,'★스윗밸런스 (입고일_익일)'!A:RE,5,FALSE),0) -> 1 | D16: =IFERROR(ROUNDDOWN(C16/B16,0),"") -> 0 | E16: 부산 | F16: =IFERROR(C16-(D16*B16),"") -> 1
A17: 양산냉장 | B17: =$B$4 -> 36 | C17: =IFERROR(VLOOKUP(A17,'★스윗밸런스 (입고일_익일)'!A:RE,5,FALSE),0) -> 3 | D17: =IFERROR(ROUNDDOWN(C17/B17,0),"") -> 0 | E17: 양산 | F17: =IFERROR(C17-(D17*B17),"") -> 3
A19: 경남(김해)합계 | B19: =$B$4 -> 36 | C19: =SUM(C16:C17) -> 4 | D19: =IFERROR(ROUNDDOWN(C19/B19,0),"") -> 0 | F19: =IFERROR(C19-(D19*B19),"") -> 4
A21: 대구냉장 | B21: =$B$4 -> 36 | C21: =IFERROR(VLOOKUP(A21,'★스윗밸런스 (입고일_익일)'!A:RE,5,FALSE),0) -> 0 | D21: =IFERROR(ROUNDDOWN(C21/B21,0),"") -> 0 | E21: 대구 | F21: =IFERROR(C21-(D21*B21),"") -> 0
A22: 칠곡저온 | B22: =$B$4 -> 36 | C22: =IFERROR(VLOOKUP(A22,'★스윗밸런스 (입고일_익일)'!A:RE,5,FALSE),0) -> 0 | D22: =IFERROR(ROUNDDOWN(C22/B22,0),"") -> 0 | E22: 칠곡 | F22: =IFERROR(C22-(D22*B22),"") -> 0
A24: 경북(칠곡)합계 | B24: =$B$4 -> 36 | C24: =SUM(C21:C22) -> 0 | D24: =IFERROR(ROUNDDOWN(C24/B24,0),"") -> 0 | F24: =IFERROR(C24-(D24*B24),"") -> 0
A26: 광주냉장 | B26: =$B$4 -> 36 | C26: =IFERROR(VLOOKUP(A26,'★스윗밸런스 (입고일_익일)'!A:RE,5,FALSE),0) -> 1 | D26: =IFERROR(ROUNDDOWN(C26/B26,0),"") -> 0 | E26: 광주 | F26: =IFERROR(C26-(D26*B26),"") -> 1
A27: 광주B저온센터 | B27: =$B$4 -> 36 | C27: =IFERROR(VLOOKUP(A27,'★스윗밸런스 (입고일_익일)'!A:RE,5,FALSE),0) -> 0 | D27: =IFERROR(ROUNDDOWN(C27/B27,0),"") -> 0 | E27: 광주B | F27: =IFERROR(C27-(D27*B27),"") -> 0
A29: 호남권 합계 | B29: =$B$4 -> 36 | C29: =SUM(C26:C27) -> 1 | D29: =IFERROR(ROUNDDOWN(C29/B29,0),"") -> 0 | F29: =IFERROR(C29-(D29*B29),"") -> 1
A31: 제주냉장센터 | B31: =$B$4 -> 36 | C31: =IFERROR(VLOOKUP(A31,'★스윗밸런스 (입고일_익일)'!A:RE,5,FALSE),0) -> 0 | D31: =IFERROR(ROUNDDOWN(C31/B31,0),"") -> 0 | E31: 제주 | F31: =IFERROR(C31-(D31*B31),"") -> 0
A33: 제주권 합계 | B33: =$B$4 -> 36 | C33: =SUM(C31:C31) -> 0 | D33: =IFERROR(ROUNDDOWN(C33/B33,0),"") -> 0 | F33: =IFERROR(C33-(D33*B33),"") -> 0
A35: 총합계 | B35: =$B$4 -> 36 | C35: =SUM(C4:C12,C26:C27,C21:C22,C16:C17,C31:C31) -> 29 | D35: =IFERROR(ROUNDDOWN(C35/B35,0),"") -> 0 | F35: =IFERROR(C35-(D35*B35),"") -> 29 | G35: 소분박스 | H35: 소분낱개
A36: 총 박스/총 낱개수량 | B36: □ | D36: =SUM(D4:D12,D26:D27,D21:D22,D16:D17,D31:D31) -> 0 | F36: =SUM(F4:F12,F26:F27,F21:F22,F16:F17,F31:F31) -> 29 | G36: =IFERROR(ROUNDDOWN(F36/B26,0),"") -> 0 | H36: =IFERROR(F36-(G36*B26),"") -> 29
C37: =C14+C19+C24+C29+C33 -> 29 | H37: □
C38: =C37=C35 -> TRUE

Sheet ★효성피벗(주문일-당일). 
A1: 10/15 | B1: 열 레이블
A2: 행 레이블 | B2: PB)더블매콤야채땡초바160g | C2: 총합계
A3: 광주B저온센터 | B3: 8 | C3: 8
A4: 광주냉장 | B4: 7 | C4: 7
A5: 대구냉장 | B5: 3 | C5: 3
A6: 부산냉장 | B6: 4 | C6: 4
A7: 세종냉장센터 | B7: 4 | C7: 4
A8: 안성저온센터 | B8: 5 | C8: 5
A9: 양산냉장 | B9: 5 | C9: 5
A10: 양주저온 | B10: 6 | C10: 6
A11: 오포저온 | B11: 3 | C11: 3
A12: 원주저온 | B12: 1 | C12: 1
A13: 인천저온 | B13: 8 | C13: 8
A14: 제주냉장센터 | B14: 4 | C14: 4
... A17: 총합계 | B17: 72 | C17: 72

Sheet PB)더블매콤야채땡초바160g
A2: =TODAY() -> 46310 | B2: 효성 _ 세븐 <1편> □
A3: 행 레이블 | B3: 입수 | C3: PB)더블매콤야채땡초바 160g | D3: 박스 | E3: 센터명 | F3: 낱개
A4: 수도권냉장 | B4: 50 | C4: =IFERROR(VLOOKUP(A4,'★효성피벗(주문일-당일). '!A:SG,2,FALSE),0) -> 0 | D4: =IFERROR(ROUNDDOWN(C4/B4,0),"") -> 0 | E4: 수도권 | F4: =IFERROR(C4-(D4*B4),"") -> 0
A5: 안성저온센터 | B5: =$B$4 -> 50 | C5: =IFERROR(VLOOKUP(A5,'★효성피벗(주문일-당일). '!A:SG,2,FALSE),0) -> 5 | D5: =IFERROR(ROUNDDOWN(C5/B5,0),"") -> 0 | E5: 안성 | F5: =IFERROR(C5-(D5*B5),"") -> 5
A6: 세종냉장센터 | B6: =$B$4 -> 50 | C6: =IFERROR(VLOOKUP(A6,'★효성피벗(주문일-당일). '!A:SG,2,FALSE),0) -> 4 | D6: =IFERROR(ROUNDDOWN(C6/B6,0),"") -> 0 | E6: 세종 | F6: =IFERROR(C6-(D6*B6),"") -> 4
A7: 인천저온 | B7: =$B$4 -> 50 | C7: =IFERROR(VLOOKUP(A7,'★효성피벗(주문일-당일). '!A:SG,2,FALSE),0) -> 8 | D7: =IFERROR(ROUNDDOWN(C7/B7,0),"") -> 0 | E7: 인천 | F7: =IFERROR(C7-(D7*B7),"") -> 8
A8: 해인기흥저온센터 | B8: =$B$4 -> 50 | C8: =IFERROR(VLOOKUP(A8,'★효성피벗(주문일-당일). '!A:SG,2,FALSE),0) -> 10 | D8: =IFERROR(ROUNDDOWN(C8/B8,0),"") -> 0 | E8: 해인기흥 | F8: =IFERROR(C8-(D8*B8),"") -> 10
A9: 수원저온센터 | B9: =$B$4 -> 50 | C9: =IFERROR(VLOOKUP(A9,'★효성피벗(주문일-당일). '!A:SG,2,FALSE),0) -> 0 | D9: =IFERROR(ROUNDDOWN(C9/B9,0),"") -> 0 | E9: 수원 | F9: =IFERROR(C9-(D9*B9),"") -> 0
A10: 오포저온 | B10: =$B$4 -> 50 | C10: =IFERROR(VLOOKUP(A10,'★효성피벗(주문일-당일). '!A:SG,2,FALSE),0) -> 3 | D10: =IFERROR(ROUNDDOWN(C10/B10,0),"") -> 0 | E10: 오포 | F10: =IFERROR(C10-(D10*B10),"") -> 3
A11: 양주저온 | B11: =$B$4 -> 50 | C11: =IFERROR(VLOOKUP(A11,'★효성피벗(주문일-당일). '!A:SG,2,FALSE),0) -> 6 | D11: =IFERROR(ROUNDDOWN(C11/B11,0),"") -> 0 | E11: 양주 | F11: =IFERROR(C11-(D11*B11),"") -> 6
A12: 원주저온 | B12: =$B$4 -> 50 | C12: =IFERROR(VLOOKUP(A12,'★효성피벗(주문일-당일). '!A:SG,2,FALSE),0) -> 1 | D12: =IFERROR(ROUNDDOWN(C12/B12,0),"") -> 0 | E12: 원주 | F12: =IFERROR(C12-(D12*B12),"") -> 1
A14: 수도권 합계 | B14: =$B$4 -> 50 | C14: =SUM(C4:C12) -> 37 | D14: =IFERROR(ROUNDDOWN(C14/B14,0),"") -> 0 | F14: =IFERROR(C14-(D14*B14),"") -> 37
A16: 부산냉장 | B16: =$B$4 -> 50 | C16: =IFERROR(VLOOKUP(A16,'★효성피벗(주문일-당일). '!A:SG,2,FALSE),0) -> 4 | D16: =IFERROR(ROUNDDOWN(C16/B16,0),"") -> 0 | E16: 부산 | F16: =IFERROR(C16-(D16*B16),"") -> 4
A17: 양산냉장 | B17: =$B$4 -> 50 | C17: =IFERROR(VLOOKUP(A17,'★효성피벗(주문일-당일). '!A:SG,2,FALSE),0) -> 5 | D17: =IFERROR(ROUNDDOWN(C17/B17,0),"") -> 0 | E17: 양산 | F17: =IFERROR(C17-(D17*B17),"") -> 5
A19: 경남(김해)합계 | B19: =$B$4 -> 50 | C19: =SUM(C16:C17) -> 9 | D19: =IFERROR(ROUNDDOWN(C19/B19,0),"") -> 0 | F19: =IFERROR(C19-(D19*B19),"") -> 9
A21: 대구냉장 | B21: =$B$4 -> 50 | C21: =IFERROR(VLOOKUP(A21,'★효성피벗(주문일-당일). '!A:SG,2,FALSE),0) -> 3 | D21: =IFERROR(ROUNDDOWN(C21/B21,0),"") -> 0 | E21: 대구 | F21: =IFERROR(C21-(D21*B21),"") -> 3
A22: 칠곡저온 | B22: =$B$4 -> 50 | C22: =IFERROR(VLOOKUP(A22,'★효성피벗(주문일-당일). '!A:SG,2,FALSE),0) -> 4 | D22: =IFERROR(ROUNDDOWN(C22/B22,0),"") -> 0 | E22: 칠곡 | F22: =IFERROR(C22-(D22*B22),"") -> 4
A24: 경북(칠곡)합계 | B24: =$B$4 -> 50 | C24: =SUM(C21:C22) -> 7 | D24: =IFERROR(ROUNDDOWN(C24/B24,0),"") -> 0 | F24: =IFERROR(C24-(D24*B24),"") -> 7
A26: 광주냉장 | B26: =$B$4 -> 50 | C26: =IFERROR(VLOOKUP(A26,'★효성피벗(주문일-당일). '!A:SG,2,FALSE),0) -> 7 | D26: =IFERROR(ROUNDDOWN(C26/B26,0),"") -> 0 | E26: 광주 | F26: =IFERROR(C26-(D26*B26),"") -> 7
A27: 광주B저온센터 | B27: =$B$4 -> 50 | C27: =IFERROR(VLOOKUP(A27,'★효성피벗(주문일-당일). '!A:SG,2,FALSE),0) -> 8 | D27: =IFERROR(ROUNDDOWN(C27/B27,0),"") -> 0 | E27: 광주B | F27: =IFERROR(C27-(D27*B27),"") -> 8
A29: 호남권 합계 | B29: =$B$4 -> 50 | C29: =SUM(C26:C27) -> 15 | D29: =IFERROR(ROUNDDOWN(C29/B29,0),"") -> 0 | F29: =IFERROR(C29-(D29*B29),"") -> 15
A31: 제주냉장센터 | B31: =$B$4 -> 50 | C31: =IFERROR(VLOOKUP(A31,'★효성피벗(주문일-당일). '!A:SG,2,FALSE),0) -> 4 | D31: =IFERROR(ROUNDDOWN(C31/B31,0),"") -> 0 | E31: 제주 | F31: =IFERROR(C31-(D31*B31),"") -> 4
A33: 제주권 합계 | B33: =$B$4 -> 50 | C33: =SUM(C31:C31) -> 4 | D33: =IFERROR(ROUNDDOWN(C33/B33,0),"") -> 0 | F33: =IFERROR(C33-(D33*B33),"") -> 4
A35: 총합계 | B35: =$B$4 -> 50 | C35: =SUM(C4:C12,C26:C27,C21:C22,C16:C17,C31:C31) -> 72 | D35: =IFERROR(ROUNDDOWN(C35/B35,0),"") -> 1 | F35: =IFERROR(C35-(D35*B35),"") -> 22 | G35: 소분박스 | H35: 소분낱개
A36: 총 박스/총 낱개수량 | B36: □ | D36: =SUM(D4:D12,D26:D27,D21:D22,D16:D17,D31:D31) -> 0 | F36: =SUM(F4:F12,F26:F27,F21:F22,F16:F17,F31:F31) -> 72 | G36: =IFERROR(ROUNDDOWN(F36/B26,0),"") -> 1 | H36: =IFERROR(F36-(G36*B26),"") -> 22
C37: =C14+C19+C24+C29+C33 -> 72 | H37: □
C38: =C37=C35 -> TRUE

Sheet ★맛요일피벗(주문일-당일)
A1: 10/15 | B1: 열 레이블
A2: 행 레이블 | B2: 후덕죽)해물누룽지탕372g | C2: 총합계
A3: 광주B저온센터 | B3: 6 | C3: 6
A4: 광주냉장 | B4: 2 | C4: 2
A5: 대구냉장 | B5: 3 | C5: 3
A6: 부산냉장 | B6: 4 | C6: 4
A7: 세종냉장센터 | B7: 5 | C7: 5
A8: 수원저온센터 | B8: 17 | C8: 17
A9: 안성저온센터 | B9: 3 | C9: 3
A10: 양산냉장 | B10: 6 | C10: 6
A11: 양주저온 | B11: 15 | C11: 15
A12: 오포저온 | B12: 12 | C12: 12
A13: 원주저온 | B13: 9 | C13: 9
A14: 인천저온 | B14: 7 | C14: 7
... A18: 총합계 | B18: 119 | C18: 119

Sheet 후덕죽)해물누룽지탕372g
A2: =TODAY() -> 46310 | B2: 맛요일 _ 세븐 <1편> □
A3: 행 레이블 | B3: 입수 | C3: 후덕죽)해물누룽지탕 372g | D3: 박스 | E3: 센터명 | F3: 낱개
A4: 수도권냉장 | B4: 24 | C4: =IFERROR(VLOOKUP(A4,'★맛요일피벗(주문일-당일)'!$A:$SG,2,FALSE),0) -> 0 | D4: =IFERROR(ROUNDDOWN(C4/B4,0),"") -> 0 | E4: 수도권 | F4: =IFERROR(C4-(D4*B4),"") -> 0
A5: 안성저온센터 | B5: =$B$4 -> 24 | C5: =IFERROR(VLOOKUP(A5,'★맛요일피벗(주문일-당일)'!A:SG,2,FALSE),0) -> 3 | D5: =IFERROR(ROUNDDOWN(C5/B5,0),"") -> 0 | E5: 안성 | F5: =IFERROR(C5-(D5*B5),"") -> 3
A6: 세종냉장센터 | B6: =$B$4 -> 24 | C6: =IFERROR(VLOOKUP(A6,'★맛요일피벗(주문일-당일)'!A:SG,2,FALSE),0) -> 5 | D6: =IFERROR(ROUNDDOWN(C6/B6,0),"") -> 0 | E6: 세종 | F6: =IFERROR(C6-(D6*B6),"") -> 5
A7: 인천저온 | B7: =$B$4 -> 24 | C7: =IFERROR(VLOOKUP(A7,'★맛요일피벗(주문일-당일)'!A:SG,2,FALSE),0) -> 7 | D7: =IFERROR(ROUNDDOWN(C7/B7,0),"") -> 0 | E7: 인천 | F7: =IFERROR(C7-(D7*B7),"") -> 7
A8: 해인기흥저온센터 | B8: =$B$4 -> 24 | C8: =IFERROR(VLOOKUP(A8,'★맛요일피벗(주문일-당일)'!A:SG,2,FALSE),0) -> 22 | D8: =IFERROR(ROUNDDOWN(C8/B8,0),"") -> 0 | E8: 해인기흥 | F8: =IFERROR(C8-(D8*B8),"") -> 22
A9: 수원저온센터 | B9: =$B$4 -> 24 | C9: =IFERROR(VLOOKUP(A9,'★맛요일피벗(주문일-당일)'!A:SG,2,FALSE),0) -> 17 | D9: =IFERROR(ROUNDDOWN(C9/B9,0),"") -> 0 | E9: 수원 | F9: =IFERROR(C9-(D9*B9),"") -> 17
A10: 오포저온 | B10: =$B$4 -> 24 | C10: =IFERROR(VLOOKUP(A10,'★맛요일피벗(주문일-당일)'!A:SG,2,FALSE),0) -> 12 | D10: =IFERROR(ROUNDDOWN(C10/B10,0),"") -> 0 | E10: 오포 | F10: =IFERROR(C10-(D10*B10),"") -> 12
A11: 양주저온 | B11: =$B$4 -> 24 | C11: =IFERROR(VLOOKUP(A11,'★맛요일피벗(주문일-당일)'!A:SG,2,FALSE),0) -> 15 | D11: =IFERROR(ROUNDDOWN(C11/B11,0),"") -> 0 | E11: 양주 | F11: =IFERROR(C11-(D11*B11),"") -> 15
A12: 원주저온 | B12: =$B$4 -> 24 | C12: =IFERROR(VLOOKUP(A12,'★맛요일피벗(주문일-당일)'!A:SG,2,FALSE),0) -> 9 | D12: =IFERROR(ROUNDDOWN(C12/B12,0),"") -> 0 | E12: 원주 | F12: =IFERROR(C12-(D12*B12),"") -> 9
A14: 수도권 합계 | B14: =$B$4 -> 24 | C14: =SUM(C4:C12) -> 90 | D14: =IFERROR(ROUNDDOWN(C14/B14,0),"") -> 3 | F14: =IFERROR(C14-(D14*B14),"") -> 18
A16: 부산냉장 | B16: =$B$4 -> 24 | C16: =IFERROR(VLOOKUP(A16,'★맛요일피벗(주문일-당일)'!A:SG,2,FALSE),0) -> 4 | D16: =IFERROR(ROUNDDOWN(C16/B16,0),"") -> 0 | E16: 부산 | F16: =IFERROR(C16-(D16*B16),"") -> 4
A17: 양산냉장 | B17: =$B$4 -> 24 | C17: =IFERROR(VLOOKUP(A17,'★맛요일피벗(주문일-당일)'!A:SG,2,FALSE),0) -> 6 | D17: =IFERROR(ROUNDDOWN(C17/B17,0),"") -> 0 | E17: 양산 | F17: =IFERROR(C17-(D17*B17),"") -> 6
A19: 경남(김해)합계 | B19: =$B$4 -> 24 | C19: =SUM(C16:C17) -> 10 | D19: =IFERROR(ROUNDDOWN(C19/B19,0),"") -> 0 | F19: =IFERROR(C19-(D19*B19),"") -> 10
A21: 대구냉장 | B21: =$B$4 -> 24 | C21: =IFERROR(VLOOKUP(A21,'★맛요일피벗(주문일-당일)'!A:SG,2,FALSE),0) -> 3 | D21: =IFERROR(ROUNDDOWN(C21/B21,0),"") -> 0 | E21: 대구 | F21: =IFERROR(C21-(D21*B21),"") -> 3
A22: 칠곡저온 | B22: =$B$4 -> 24 | C22: =IFERROR(VLOOKUP(A22,'★맛요일피벗(주문일-당일)'!A:SG,2,FALSE),0) -> 6 | D22: =IFERROR(ROUNDDOWN(C22/B22,0),"") -> 0 | E22: 칠곡 | F22: =IFERROR(C22-(D22*B22),"") -> 6
A24: 경북(칠곡)합계 | B24: =$B$4 -> 24 | C24: =SUM(C21:C22) -> 9 | D24: =IFERROR(ROUNDDOWN(C24/B24,0),"") -> 0 | F24: =IFERROR(C24-(D24*B24),"") -> 9
A26: 광주냉장 | B26: =$B$4 -> 24 | C26: =IFERROR(VLOOKUP(A26,'★맛요일피벗(주문일-당일)'!A:SG,2,FALSE),0) -> 2 | D26: =IFERROR(ROUNDDOWN(C26/B26,0),"") -> 0 | E26: 광주 | F26: =IFERROR(C26-(D26*B26),"") -> 2
A27: 광주B저온센터 | B27: =$B$4 -> 24 | C27: =IFERROR(VLOOKUP(A27,'★맛요일피벗(주문일-당일)'!A:SG,2,FALSE),0) -> 6 | D27: =IFERROR(ROUNDDOWN(C27/B27,0),"") -> 0 | E27: 광주B | F27: =IFERROR(C27-(D27*B27),"") -> 6
A29: 호남권 합계 | B29: =$B$4 -> 24 | C29: =SUM(C26:C27) -> 8 | D29: =IFERROR(ROUNDDOWN(C29/B29,0),"") -> 0 | F29: =IFERROR(C29-(D29*B29),"") -> 8
A31: 제주냉장센터 | B31: =$B$4 -> 24 | C31: =IFERROR(VLOOKUP(A31,'★맛요일피벗(주문일-당일)'!A:SG,2,FALSE),0) -> 2 | D31: =IFERROR(ROUNDDOWN(C31/B31,0),"") -> 0 | E31: 제주 | F31: =IFERROR(C31-(D31*B31),"") -> 2
A33: 제주권 합계 | B33: =$B$4 -> 24 | C33: =SUM(C31:C31) -> 2 | D33: =IFERROR(ROUNDDOWN(C33/B33,0),"") -> 0 | F33: =IFERROR(C33-(D33*B33),"") -> 2
A35: 총합계 | B35: =$B$4 -> 24 | C35: =SUM(C4:C12,C26:C27,C21:C22,C16:C17,C31:C31) -> 119 | D35: =IFERROR(ROUNDDOWN(C35/B35,0),"") -> 4 | F35: =IFERROR(C35-(D35*B35),"") -> 23 | G35: 소분박스 | H35: 소분낱개
A36: 총 박스/총 낱개수량 | B36: □ | D36: =SUM(D4:D12,D26:D27,D21:D22,D16:D17,D31:D31) -> 0 | F36: =SUM(F4:F12,F26:F27,F21:F22,F16:F17,F31:F31) -> 119 | G36: =IFERROR(ROUNDDOWN(F36/B26,0),"") -> 4 | H36: =IFERROR(F36-(G36*B26),"") -> 23
C37: =C14+C19+C24+C29+C33 -> 119 | H37: □
C38: =C37=C35 -> TRUE

Sheet ★대광푸드(보승) 피벗(입고일+2)
A1: 10/15 | B1: 열 레이블
A2: 행 레이블 | B2: 대광)매콤순대곱창볶음200g | C2: 총합계
A3: 광주B저온센터 | B3: 2 | C3: 2
A4: 광주냉장 | B4: 1 | C4: 1
A5: 세종냉장센터 | B5: 2 | C5: 2
A6: 안성저온센터 | B6: 6 | C6: 6
A7: 양산냉장 | B7: 1 | C7: 1
A8: 오포저온 | B8: 1 | C8: 1
A9: 원주저온 | B9: 5 | C9: 5
A10: 인천저온 | B10: 7 | C10: 7
A11: 제주냉장센터 | B11: 1 | C11: 1
A12: 칠곡저온 | B12: 1 | C12: 1
A13: 해인기흥저온센터 | B13: 3 | C13: 3
A14: 총합계 | B14: 30 | C14: 30

Sheet 대광)매콤순대곱창볶음200g
A2: =TODAY() -> 46310 | B2: 대광 보승 _ 세븐 <1편> □
A3: 행 레이블 | B3: 입수 | C3: 대광)매콤순대곱창볶음 200g | D3: 박스 | E3: 센터명 | F3: 낱개
A4: 수도권냉장 | B4: 25 | C4: =IFERROR(VLOOKUP(A4,'★대광푸드(보승) 피벗(입고일+2)'!A:SD,2,FALSE),0) -> 0 | D4: =IFERROR(ROUNDDOWN(C4/B4,0),"") -> 0 | E4: 수도권 | F4: =IFERROR(C4-(D4*B4),"") -> 0
A5: 안성저온센터 | B5: =$B$4 -> 25 | C5: =IFERROR(VLOOKUP(A5,'★대광푸드(보승) 피벗(입고일+2)'!A:SD,2,FALSE),0) -> 6 | D5: =IFERROR(ROUNDDOWN(C5/B5,0),"") -> 0 | E5: 안성 | F5: =IFERROR(C5-(D5*B5),"") -> 6
A6: 세종냉장센터 | B6: =$B$4 -> 25 | C6: =IFERROR(VLOOKUP(A6,'★대광푸드(보승) 피벗(입고일+2)'!A:SD,2,FALSE),0) -> 2 | D6: =IFERROR(ROUNDDOWN(C6/B6,0),"") -> 0 | E6: 세종 | F6: =IFERROR(C6-(D6*B6),"") -> 2
A7: 인천저온 | B7: =$B$4 -> 25 | C7: =IFERROR(VLOOKUP(A7,'★대광푸드(보승) 피벗(입고일+2)'!A:SD,2,FALSE),0) -> 7 | D7: =IFERROR(ROUNDDOWN(C7/B7,0),"") -> 0 | E7: 인천 | F7: =IFERROR(C7-(D7*B7),"") -> 7
A8: 해인기흥저온센터 | B8: =$B$4 -> 25 | C8: =IFERROR(VLOOKUP(A8,'★대광푸드(보승) 피벗(입고일+2)'!A:SD,2,FALSE),0) -> 3 | D8: =IFERROR(ROUNDDOWN(C8/B8,0),"") -> 0 | E8: 해인기흥 | F8: =IFERROR(C8-(D8*B8),"") -> 3
A9: 수원저온센터 | B9: =$B$4 -> 25 | C9: =IFERROR(VLOOKUP(A9,'★대광푸드(보승) 피벗(입고일+2)'!A:SD,2,FALSE),0) -> 0 | D9: =IFERROR(ROUNDDOWN(C9/B9,0),"") -> 0 | E9: 수원 | F9: =IFERROR(C9-(D9*B9),"") -> 0
A10: 오포저온 | B10: =$B$4 -> 25 | C10: =IFERROR(VLOOKUP(A10,'★대광푸드(보승) 피벗(입고일+2)'!A:SD,2,FALSE),0) -> 1 | D10: =IFERROR(ROUNDDOWN(C10/B10,0),"") -> 0 | E10: 오포 | F10: =IFERROR(C10-(D10*B10),"") -> 1
A11: 양주저온 | B11: =$B$4 -> 25 | C11: =IFERROR(VLOOKUP(A11,'★대광푸드(보승) 피벗(입고일+2)'!A:SD,2,FALSE),0) -> 0 | D11: =IFERROR(ROUNDDOWN(C11/B11,0),"") -> 0 | E11: 양주 | F11: =IFERROR(C11-(D11*B11),"") -> 0
A12: 원주저온 | B12: =$B$4 -> 25 | C12: =IFERROR(VLOOKUP(A12,'★대광푸드(보승) 피벗(입고일+2)'!A:SD,2,FALSE),0) -> 5 | D12: =IFERROR(ROUNDDOWN(C12/B12,0),"") -> 0 | E12: 원주 | F12: =IFERROR(C12-(D12*B12),"") -> 5
A14: 수도권 합계 | B14: =$B$4 -> 25 | C14: =SUM(C4:C12) -> 24 | D14: =IFERROR(ROUNDDOWN(C14/B14,0),"") -> 0 | F14: =IFERROR(C14-(D14*B14),"") -> 24
A16: 부산냉장 | B16: =$B$4 -> 25 | C16: =IFERROR(VLOOKUP(A16,'★대광푸드(보승) 피벗(입고일+2)'!A:SD,2,FALSE),0) -> 0 | D16: =IFERROR(ROUNDDOWN(C16/B16,0),"") -> 0 | E16: 부산 | F16: =IFERROR(C16-(D16*B16),"") -> 0
A17: 양산냉장 | B17: =$B$4 -> 25 | C17: =IFERROR(VLOOKUP(A17,'★대광푸드(보승) 피벗(입고일+2)'!A:SD,2,FALSE),0) -> 1 | D17: =IFERROR(ROUNDDOWN(C17/B17,0),"") -> 0 | E17: 양산 | F17: =IFERROR(C17-(D17*B17),"") -> 1
A19: 경남(김해)합계 | B19: =$B$4 -> 25 | C19: =SUM(C16:C17) -> 1 | D19: =IFERROR(ROUNDDOWN(C19/B19,0),"") -> 0 | F19: =IFERROR(C19-(D19*B19),"") -> 1
A21: 대구냉장 | B21: =$B$4 -> 25 | C21: =IFERROR(VLOOKUP(A21,'★대광푸드(보승) 피벗(입고일+2)'!A:SD,2,FALSE),0) -> 0 | D21: =IFERROR(ROUNDDOWN(C21/B21,0),"") -> 0 | E21: 대구 | F21: =IFERROR(C21-(D21*B21),"") -> 0
A22: 칠곡저온 | B22: =$B$4 -> 25 | C22: =IFERROR(VLOOKUP(A22,'★대광푸드(보승) 피벗(입고일+2)'!A:SD,2,FALSE),0) -> 1 | D22: =IFERROR(ROUNDDOWN(C22/B22,0),"") -> 0 | E22: 칠곡 | F22: =IFERROR(C22-(D22*B22),"") -> 1
A24: 경북(칠곡)합계 | B24: =$B$4 -> 25 | C24: =SUM(C21:C22) -> 1 | D24: =IFERROR(ROUNDDOWN(C24/B24,0),"") -> 0 | F24: =IFERROR(C24-(D24*B24),"") -> 1
A26: 광주냉장 | B26: =$B$4 -> 25 | C26: =IFERROR(VLOOKUP(A26,'★대광푸드(보승) 피벗(입고일+2)'!A:SD,2,FALSE),0) -> 1 | D26: =IFERROR(ROUNDDOWN(C26/B26,0),"") -> 0 | E26: 광주 | F26: =IFERROR(C26-(D26*B26),"") -> 1
A27: 광주B저온센터 | B27: =$B$4 -> 25 | C27: =IFERROR(VLOOKUP(A27,'★대광푸드(보승) 피벗(입고일+2)'!A:SD,2,FALSE),0) -> 2 | D27: =IFERROR(ROUNDDOWN(C27/B27,0),"") -> 0 | E27: 광주B | F27: =IFERROR(C27-(D27*B27),"") -> 2
A29: 호남권 합계 | B29: =$B$4 -> 25 | C29: =SUM(C26:C27) -> 3 | D29: =IFERROR(ROUNDDOWN(C29/B29,0),"") -> 0 | F29: =IFERROR(C29-(D29*B29),"") -> 3
A31: 제주냉장센터 | B31: =$B$4 -> 25 | C31: =IFERROR(VLOOKUP(A31,'★대광푸드(보승) 피벗(입고일+2)'!A:SD,2,FALSE),0) -> 1 | D31: =IFERROR(ROUNDDOWN(C31/B31,0),"") -> 0 | E31: 제주 | F31: =IFERROR(C31-(D31*B31),"") -> 1
A33: 제주권 합계 | B33: =$B$4 -> 25 | C33: =SUM(C31:C31) -> 1 | D33: =IFERROR(ROUNDDOWN(C33/B33,0),"") -> 0 | F33: =IFERROR(C33-(D33*B33),"") -> 1
A35: 총합계 | B35: =$B$4 -> 25 | C35: =SUM(C4:C12,C26:C27,C21:C22,C16:C17,C31:C31) -> 30 | D35: =IFERROR(ROUNDDOWN(C35/B35,0),"") -> 1 | F35: =IFERROR(C35-(D35*B35),"") -> 5 | G35: 소분박스 | H35: 소분낱개
A36: 총 박스/총 낱개수량 | B36: □ | D36: =SUM(D4:D12,D26:D27,D21:D22,D16:D17,D31:D31) -> 0 | F36: =SUM(F4:F12,F26:F27,F21:F22,F16:F17,F31:F31) -> 30 | G36: =IFERROR(ROUNDDOWN(F36/B26,0),"") -> 1 | H36: =IFERROR(F36-(G36*B26),"") -> 5
C37: =C14+C19+C24+C29+C33 -> 30 | H37: □
C38: =C37=C35 -> TRUE

Sheet ★화산농협) 피벗(입고일+2)
A1: 10/15 | B1: 열 레이블
A2: 행 레이블 | B2: 즉석)군고구마(호풍미) | C2: 총합계
A3: 광주B저온센터 | B3: 180 | C3: 180
A4: 광주냉장 | B4: 220 | C4: 220
A5: 대구냉장 | B5: 360 | C5: 360
A6: 부산냉장 | B6: 260 | C6: 260
A7: 세종냉장센터 | B7: 190 | C7: 190
A8: 안성저온센터 | B8: 390 | C8: 390
A9: 양산냉장 | B9: 240 | C9: 240
A10: 양주저온 | B10: 1000 | C10: 1000
A11: 원주저온 | B11: 500 | C11: 500
A12: 인천저온 | B12: 520 | C12: 520
A13: 제주냉장센터 | B13: 100 | C13: 100
A14: 칠곡저온 | B14: 400 | C14: 400
A15: 총합계 | B15: 4360 | C15: 4360
A20: **제외센터**
A21: 수도권
A22: 해인기흥
A23: 수원
A24: 오포

Sheet 즉석)군고구마(호풍미)
A2: =TODAY() -> 46310 | B2: 화산농협 _ 세븐 <1편> □
A3: 행 레이블 | B3: 입수 | C3: 즉석)군고구마(호풍미) | D3: 박스 | E3: 센터명 | F3: 낱개
A4: 수도권냉장 | B4: 10 | D4: =IFERROR(ROUNDDOWN(C4/B4,0),"") -> 0 | E4: 수도권 | F4: =IFERROR(C4-(D4*B4),"") -> 0
A5: 안성저온센터 | B5: =$B$4 -> 10 | C5: =IFERROR(VLOOKUP(A5,'★화산농협) 피벗(입고일+2)'!A:SG,2,FALSE),0) -> 390 | D5: =IFERROR(ROUNDDOWN(C5/B5,0),"") -> 39 | E5: 안성 | F5: =IFERROR(C5-(D5*B5),"") -> 0
A6: 세종냉장센터 | B6: =$B$4 -> 10 | C6: =IFERROR(VLOOKUP(A6,'★화산농협) 피벗(입고일+2)'!A:SG,2,FALSE),0) -> 190 | D6: =IFERROR(ROUNDDOWN(C6/B6,0),"") -> 19 | E6: 세종 | F6: =IFERROR(C6-(D6*B6),"") -> 0
A7: 인천저온 | B7: =$B$4 -> 10 | C7: =IFERROR(VLOOKUP(A7,'★화산농협) 피벗(입고일+2)'!A:SG,2,FALSE),0) -> 520 | D7: =IFERROR(ROUNDDOWN(C7/B7,0),"") -> 52 | E7: 인천 | F7: =IFERROR(C7-(D7*B7),"") -> 0
A8: 해인기흥저온센터 | B8: =$B$4 -> 10 | D8: =IFERROR(ROUNDDOWN(C8/B8,0),"") -> 0 | E8: 해인기흥 | F8: =IFERROR(C8-(D8*B8),"") -> 0
A9: 수원저온센터 | B9: =$B$4 -> 10 | D9: =IFERROR(ROUNDDOWN(C9/B9,0),"") -> 0 | E9: 수원 | F9: =IFERROR(C9-(D9*B9),"") -> 0
A10: 오포저온 | B10: =$B$4 -> 10 | D10: =IFERROR(ROUNDDOWN(C10/B10,0),"") -> 0 | E10: 오포 | F10: =IFERROR(C10-(D10*B10),"") -> 0
A11: 양주저온 | B11: =$B$4 -> 10 | C11: =IFERROR(VLOOKUP(A11,'★화산농협) 피벗(입고일+2)'!A:SG,2,FALSE),0) -> 1000 | D11: =IFERROR(ROUNDDOWN(C11/B11,0),"") -> 100 | E11: 양주 | F11: =IFERROR(C11-(D11*B11),"") -> 0
A12: 원주저온 | B12: =$B$4 -> 10 | C12: =IFERROR(VLOOKUP(A12,'★화산농협) 피벗(입고일+2)'!A:SG,2,FALSE),0) -> 500 | D12: =IFERROR(ROUNDDOWN(C12/B12,0),"") -> 50 | E12: 원주 | F12: =IFERROR(C12-(D12*B12),"") -> 0
A14: 수도권 합계 | B14: =$B$4 -> 10 | C14: =SUM(C4:C12) -> 2600 | D14: =IFERROR(ROUNDDOWN(C14/B14,0),"") -> 260 | F14: =IFERROR(C14-(D14*B14),"") -> 0
A16: 부산냉장 | B16: =$B$4 -> 10 | C16: =IFERROR(VLOOKUP(A16,'★화산농협) 피벗(입고일+2)'!A:SG,2,FALSE),0) -> 260 | D16: =IFERROR(ROUNDDOWN(C16/B16,0),"") -> 26 | E16: 부산 | F16: =IFERROR(C16-(D16*B16),"") -> 0
A17: 양산냉장 | B17: =$B$4 -> 10 | C17: =IFERROR(VLOOKUP(A17,'★화산농협) 피벗(입고일+2)'!A:SG,2,FALSE),0) -> 240 | D17: =IFERROR(ROUNDDOWN(C17/B17,0),"") -> 24 | E17: 양산 | F17: =IFERROR(C17-(D17*B17),"") -> 0
A19: 경남(김해)합계 | B19: =$B$4 -> 10 | C19: =SUM(C16:C17) -> 500 | D19: =IFERROR(ROUNDDOWN(C19/B19,0),"") -> 50 | F19: =IFERROR(C19-(D19*B19),"") -> 0
A21: 대구냉장 | B21: =$B$4 -> 10 | C21: =IFERROR(VLOOKUP(A21,'★화산농협) 피벗(입고일+2)'!A:SG,2,FALSE),0) -> 360 | D21: =IFERROR(ROUNDDOWN(C21/B21,0),"") -> 36 | E21: 대구 | F21: =IFERROR(C21-(D21*B21),"") -> 0
A22: 칠곡저온 | B22: =$B$4 -> 10 | C22: =IFERROR(VLOOKUP(A22,'★화산농협) 피벗(입고일+2)'!A:SG,2,FALSE),0) -> 400 | D22: =IFERROR(ROUNDDOWN(C22/B22,0),"") -> 40 | E22: 칠곡 | F22: =IFERROR(C22-(D22*B22),"") -> 0
A24: 경북(칠곡)합계 | B24: =$B$4 -> 10 | C24: =SUM(C21:C22) -> 760 | D24: =IFERROR(ROUNDDOWN(C24/B24,0),"") -> 76 | F24: =IFERROR(C24-(D24*B24),"") -> 0
A26: 광주냉장 | B26: =$B$4 -> 10 | C26: =IFERROR(VLOOKUP(A26,'★화산농협) 피벗(입고일+2)'!A:SG,2,FALSE),0) -> 220 | D26: =IFERROR(ROUNDDOWN(C26/B26,0),"") -> 22 | E26: 광주 | F26: =IFERROR(C26-(D26*B26),"") -> 0
A27: 광주B저온센터 | B27: =$B$4 -> 10 | C27: =IFERROR(VLOOKUP(A27,'★화산농협) 피벗(입고일+2)'!A:SG,2,FALSE),0) -> 180 | D27: =IFERROR(ROUNDDOWN(C27/B27,0),"") -> 18 | E27: 광주B | F27: =IFERROR(C27-(D27*B27),"") -> 0
A29: 호남권 합계 | B29: =$B$4 -> 10 | C29: =SUM(C26:C27) -> 400 | D29: =IFERROR(ROUNDDOWN(C29/B29,0),"") -> 40 | F29: =IFERROR(C29-(D29*B29),"") -> 0
A31: 제주냉장센터 | B31: =$B$4 -> 10 | C31: =IFERROR(VLOOKUP(A31,'★화산농협) 피벗(입고일+2)'!A:SG,2,FALSE),0) -> 100 | D31: =IFERROR(ROUNDDOWN(C31/B31,0),"") -> 10 | E31: 제주 | F31: =IFERROR(C31-(D31*B31),"") -> 0
A33: 제주권 합계 | B33: =$B$4 -> 10 | C33: =SUM(C31:C31) -> 100 | D33: =IFERROR(ROUNDDOWN(C33/B33,0),"") -> 10 | F33: =IFERROR(C33-(D33*B33),"") -> 0
A35: 총합계 | B35: =$B$4 -> 10 | C35: =SUM(C4:C12,C26:C27,C21:C22,C16:C17,C31:C31) -> 4360 | D35: =IFERROR(ROUNDDOWN(C35/B35,0),"") -> 436 | F35: =IFERROR(C35-(D35*B35),"") -> 0 | G35: 소분박스 | H35: 소분낱개
A36: 총 박스/총 낱개수량 | B36: □ | D36: =SUM(D4:D12,D26:D27,D21:D22,D16:D17,D31:D31) -> 436 | F36: =SUM(F4:F12,F26:F27,F21:F22,F16:F17,F31:F31) -> 0 | G36: =IFERROR(ROUNDDOWN(F36/B26,0),"") -> 0 | H36: =IFERROR(F36-(G36*B26),"") -> 0
C37: =C14+C19+C24+C29+C33 -> 4360 | H37: □
C38: =C37=C35 -> TRUE

Sheet ★탭스 피벗
A1: =TODAY() -> 46310
A2: 행 레이블 | B2: 사선마끼 &유부초밥세트 | C2: 바삭마끼 참치와사비 | D2: 바삭마끼 크랩어니언 | E2: 바삭마끼통소시지 | F2: 올뉴유부초밥4입 | G2: 합계
A3: 오포저온 | B3: 62 | C3: 281 | D3: 189 | E3: 238 | G3: 770
A4: 양주저온 | B4: 86 | C4: 389 | D4: 278 | E4: 336 | G4: 1089
A5: 인천저온 | B5: 67 | C5: 316 | D5: 237 | E5: 272 | G5: 892
A6: 해인기흥저온센터 | B6: 72 | C6: 324 | D6: 251 | E6: 272 | G6: 919
A7: 수원저온센터 | B7: 43 | C7: 332 | D7: 218 | E7: 260 | G7: 853
A8: 원주저온 | B8: 28 | C8: 101 | D8: 82 | E8: 110 | G8: 321
A9: 안성저온센터 | B9: 68 | C9: 179 | D9: 158 | E9: 159 | G9: 564
A10: 양산냉장 | B10: 23 | C10: 108 | D10: 91 | E10: 92 | G10: 314
A11: 대구냉장A | B11: 20 | C11: 116 | D11: 92 | E11: 122 | G11: 350
A12: 대구냉장B | B12: 7 | C12: 19 | D12: 11 | E12: 28 | G12: 65
A13: 부산냉장 | B13: 28 | C13: 102 | D13: 82 | E13: 104 | G13: 316
A14: 칠곡저온 | B14: 33 | C14: 117 | D14: 72 | E14: 113 | G14: 335
... A17: 광주B저온센터 | B17: 16 | C17: 92 | D17: 84 | E17: 108 | G17: 300
A18: 제주냉장센터 | B18: 85 | C18: 115 | D18: 99 | E18: 120 | F18: 117 | G18: 536
A19: 총합계 | B19: 691 | C19: 2831 | D19: 2144 | E19: 2578 | F19: 117 | G19: 8361

Sheet 사선마끼&유부초밥세트
A2: =TODAY() -> 46310 | B2: 탭스 _ 세븐 <2편> □
A3: 행 레이블 | B3: 입수 | C3: 사선마끼&유부초밥세트 | D3: 박스 | E3: 센터명 | F3: 낱개
A4: 수도권냉장 | B4: 40 | C4: =IFERROR(VLOOKUP(A4,'★탭스 피벗'!$A$1:$D$52,2,FALSE),0) -> 0 | D4: =IFERROR(ROUNDDOWN(C4/B4,0),"") -> 0 | E4: 수도권 | F4: =IFERROR(C4-(D4*B4),"") -> 0
A5: 안성저온센터 | B5: =$B$4 -> 40 | C5: =IFERROR(VLOOKUP(A5,'★탭스 피벗'!$A$1:$D$52,2,FALSE),0) -> 68 | D5: =IFERROR(ROUNDDOWN(C5/B5,0),"") -> 1 | E5: 안성 | F5: =IFERROR(C5-(D5*B5),"") -> 28
A6: 세종냉장센터 | B6: =$B$4 -> 40 | C6: =IFERROR(VLOOKUP(A6,'★탭스 피벗'!$A$1:$D$52,2,FALSE),0) -> 38 | D6: =IFERROR(ROUNDDOWN(C6/B6,0),"") -> 0 | E6: 세종 | F6: =IFERROR(C6-(D6*B6),"") -> 38
A7: 인천저온 | B7: =$B$4 -> 40 | C7: =IFERROR(VLOOKUP(A7,'★탭스 피벗'!$A$1:$D$52,2,FALSE),0) -> 67 | D7: =IFERROR(ROUNDDOWN(C7/B7,0),"") -> 1 | E7: 인천 | F7: =IFERROR(C7-(D7*B7),"") -> 27
A8: 해인기흥저온센터 | B8: =$B$4 -> 40 | C8: =IFERROR(VLOOKUP(A8,'★탭스 피벗'!$A$1:$D$52,2,FALSE),0) -> 72 | D8: =IFERROR(ROUNDDOWN(C8/B8,0),"") -> 1 | E8: 해인기흥 | F8: =IFERROR(C8-(D8*B8),"") -> 32
A9: 수원저온센터 | B9: =$B$4 -> 40 | C9: =IFERROR(VLOOKUP(A9,'★탭스 피벗'!$A$1:$D$52,2,FALSE),0) -> 43 | D9: =IFERROR(ROUNDDOWN(C9/B9,0),"") -> 1 | E9: 수원 | F9: =IFERROR(C9-(D9*B9),"") -> 3
A10: 오포저온 | B10: =$B$4 -> 40 | C10: =IFERROR(VLOOKUP(A10,'★탭스 피벗'!$A$1:$D$52,2,FALSE),0) -> 62 | D10: =IFERROR(ROUNDDOWN(C10/B10,0),"") -> 1 | E10: 오포 | F10: =IFERROR(C10-(D10*B10),"") -> 22
A11: 양주저온 | B11: =$B$4 -> 40 | C11: =IFERROR(VLOOKUP(A11,'★탭스 피벗'!$A$1:$D$52,2,FALSE),0) -> 86 | D11: =IFERROR(ROUNDDOWN(C11/B11,0),"") -> 2 | E11: 양주 | F11: =IFERROR(C11-(D11*B11),"") -> 6
A12: 원주저온 | B12: =$B$4 -> 40 | C12: =IFERROR(VLOOKUP(A12,'★탭스 피벗'!$A$1:$D$52,2,FALSE),0) -> 28 | D12: =IFERROR(ROUNDDOWN(C12/B12,0),"") -> 0 | E12: 원주 | F12: =IFERROR(C12-(D12*B12),"") -> 28
A14: 수도권 합계 | B14: =$B$4 -> 40 | C14: =SUM(C4:C12) -> 464 | D14: =IFERROR(ROUNDDOWN(C14/B14,0),"") -> 11 | F14: =IFERROR(C14-(D14*B14),"") -> 24
A16: 부산냉장 | B16: =$B$4 -> 40 | C16: =IFERROR(VLOOKUP(A16,'★탭스 피벗'!$A$1:$D$52,2,FALSE),0) -> 28 | D16: =IFERROR(ROUNDDOWN(C16/B16,0),"") -> 0 | E16: 부산 | F16: =IFERROR(C16-(D16*B16),"") -> 28
A17: 양산냉장 | B17: =$B$4 -> 40 | C17: =IFERROR(VLOOKUP(A17,'★탭스 피벗'!$A$1:$D$52,2,FALSE),0) -> 23 | D17: =IFERROR(ROUNDDOWN(C17/B17,0),"") -> 0 | E17: 양산 | F17: =IFERROR(C17-(D17*B17),"") -> 23
A19: 경남(김해)합계 | B19: =$B$4 -> 40 | C19: =SUM(C16:C17) -> 51 | D19: =IFERROR(ROUNDDOWN(C19/B19,0),"") -> 1 | F19: =IFERROR(C19-(D19*B19),"") -> 11
A21: 대구냉장A | B21: =$B$4 -> 40 | C21: =IFERROR(VLOOKUP(A21,'★탭스 피벗'!$A$1:$D$52,2,FALSE),0) -> 20 | D21: =IFERROR(ROUNDDOWN(C21/B21,0),"") -> 0 | E21: 대구A | F21: =IFERROR(C21-(D21*B21),"") -> 20
A22: 대구냉장B | B22: =$B$4 -> 40 | C22: =IFERROR(VLOOKUP(A22,'★탭스 피벗'!$A$1:$D$52,2,FALSE),0) -> 7 | D22: =IFERROR(ROUNDDOWN(C22/B22,0),"") -> 0 | E22: 대구B | F22: =IFERROR(C22-(D22*B22),"") -> 7
A23: 칠곡저온 | B23: =$B$4 -> 40 | C23: =IFERROR(VLOOKUP(A23,'★탭스 피벗'!$A$1:$D$52,2,FALSE),0) -> 33 | D23: =IFERROR(ROUNDDOWN(C23/B23,0),"") -> 0 | E23: 칠곡 | F23: =IFERROR(C23-(D23*B23),"") -> 33
A25: 경북(칠곡)합계 | B25: =$B$4 -> 40 | C25: =SUM(C21:C23) -> 60 | D25: =IFERROR(ROUNDDOWN(C25/B25,0),"") -> 1 | F25: =IFERROR(C25-(D25*B25),"") -> 20
A27: 광주냉장 | B27: =$B$4 -> 40 | C27: =IFERROR(VLOOKUP(A27,'★탭스 피벗'!$A$1:$D$52,2,FALSE),0) -> 15 | D27: =IFERROR(ROUNDDOWN(C27/B27,0),"") -> 0 | E27: 광주 | F27: =IFERROR(C27-(D27*B27),"") -> 15
A28: 광주B저온센터 | B28: =$B$4 -> 40 | C28: =IFERROR(VLOOKUP(A28,'★탭스 피벗'!$A$1:$D$52,2,FALSE),0) -> 16 | D28: =IFERROR(ROUNDDOWN(C28/B28,0),"") -> 0 | E28: 광주B | F28: =IFERROR(C28-(D28*B28),"") -> 16
A30: 호남권 합계 | B30: =$B$4 -> 40 | C30: =SUM(C27:C28) -> 31 | D30: =IFERROR(ROUNDDOWN(C30/B30,0),"") -> 0 | F30: =IFERROR(C30-(D30*B30),"") -> 31
A32: 제주냉장센터 | B32: =$B$4 -> 40 | C32: =IFERROR(VLOOKUP(A32,'★탭스 피벗'!$A$1:$D$52,2,FALSE),0) -> 85 | D32: =IFERROR(ROUNDDOWN(C32/B32,0),"") -> 2 | E32: 제주 | F32: =IFERROR(C32-(D32*B32),"") -> 5
A34: 제주권 합계 | B34: =$B$4 -> 40 | C34: =SUM(C32:C32) -> 85 | D34: =IFERROR(ROUNDDOWN(C34/B34,0),"") -> 2 | F34: =IFERROR(C34-(D34*B34),"") -> 5
A36: 총합계 | B36: =$B$4 -> 40 | C36: =SUM(C4:C12,C27:C28,C21:C23,C16:C17,C32:C32) -> 691 | D36: =IFERROR(ROUNDDOWN(C36/B36,0),"") -> 17 | F36: =IFERROR(C36-(D36*B36),"") -> 11 | G36: 소분박스 | H36: 소분낱개
A37: 총 박스/총 낱개수량 | B37: □ | D37: =SUM(D4:D12,D27:D28,D21:D23,D16:D17,D32:D32) -> 9 | F37: =SUM(F4:F12,F27:F28,F21:F23,F16:F17,F32:F32) -> 331 | G37: =IFERROR(ROUNDDOWN(F37/B27,0),"") -> 8 | H37: =IFERROR(F37-(G37*B27),"") -> 11
C38: =C14+C19+C25+C30+C34 -> 691 | H38: □
C39: =C38=C36 -> TRUE

Sheet 바삭마끼 참치와사비
A2: =TODAY() -> 46310 | B2: 탭스 _ 세븐 <2편> □
A3: 행 레이블 | B3: 입수 | C3: 바삭마끼 참치와사비 | D3: 박스 | E3: 센터명 | F3: 낱개
A4: 수도권냉장 | B4: 40 | C4: =IFERROR(VLOOKUP(A4,'★탭스 피벗'!$A$1:$D$52,3,FALSE),0) -> 0 | D4: =IFERROR(ROUNDDOWN(C4/B4,0),"") -> 0 | E4: 수도권 | F4: =IFERROR(C4-(D4*B4),"") -> 0
A5: 안성저온센터 | B5: =$B$4 -> 40 | C5: =IFERROR(VLOOKUP(A5,'★탭스 피벗'!$A$1:$D$52,3,FALSE),0) -> 179 | D5: =IFERROR(ROUNDDOWN(C5/B5,0),"") -> 4 | E5: 안성 | F5: =IFERROR(C5-(D5*B5),"") -> 19
A6: 세종냉장센터 | B6: =$B$4 -> 40 | C6: =IFERROR(VLOOKUP(A6,'★탭스 피벗'!$A$1:$D$52,3,FALSE),0) -> 166 | D6: =IFERROR(ROUNDDOWN(C6/B6,0),"") -> 4 | E6: 세종 | F6: =IFERROR(C6-(D6*B6),"") -> 6
A7: 인천저온 | B7: =$B$4 -> 40 | C7: =IFERROR(VLOOKUP(A7,'★탭스 피벗'!$A$1:$D$52,3,FALSE),0) -> 316 | D7: =IFERROR(ROUNDDOWN(C7/B7,0),"") -> 7 | E7: 인천 | F7: =IFERROR(C7-(D7*B7),"") -> 36
A8: 해인기흥저온센터 | B8: =$B$4 -> 40 | C8: =IFERROR(VLOOKUP(A8,'★탭스 피벗'!$A$1:$D$52,3,FALSE),0) -> 324 | D8: =IFERROR(ROUNDDOWN(C8/B8,0),"") -> 8 | E8: 해인기흥 | F8: =IFERROR(C8-(D8*B8),"") -> 4
A9: 수원저온센터 | B9: =$B$4 -> 40 | C9: =IFERROR(VLOOKUP(A9,'★탭스 피벗'!$A$1:$D$52,3,FALSE),0) -> 332 | D9: =IFERROR(ROUNDDOWN(C9/B9,0),"") -> 8 | E9: 수원 | F9: =IFERROR(C9-(D9*B9),"") -> 12
A10: 오포저온 | B10: =$B$4 -> 40 | C10: =IFERROR(VLOOKUP(A10,'★탭스 피벗'!$A$1:$D$52,3,FALSE),0) -> 281 | D10: =IFERROR(ROUNDDOWN(C10/B10,0),"") -> 7 | E10: 오포 | F10: =IFERROR(C10-(D10*B10),"") -> 1
A11: 양주저온 | B11: =$B$4 -> 40 | C11: =IFERROR(VLOOKUP(A11,'★탭스 피벗'!$A$1:$D$52,3,FALSE),0) -> 389 | D11: =IFERROR(ROUNDDOWN(C11/B11,0),"") -> 9 | E11: 양주 | F11: =IFERROR(C11-(D11*B11),"") -> 29
A12: 원주저온 | B12: =$B$4 -> 40 | C12: =IFERROR(VLOOKUP(A12,'★탭스 피벗'!$A$1:$D$52,3,FALSE),0) -> 101 | D12: =IFERROR(ROUNDDOWN(C12/B12,0),"") -> 2 | E12: 원주 | F12: =IFERROR(C12-(D12*B12),"") -> 21
A14: 수도권 합계 | B14: =$B$4 -> 40 | C14: =SUM(C4:C12) -> 2088 | D14: =IFERROR(ROUNDDOWN(C14/B14,0),"") -> 52 | F14: =IFERROR(C14-(D14*B14),"") -> 8
A16: 부산냉장 | B16: =$B$4 -> 40 | C16: =IFERROR(VLOOKUP(A16,'★탭스 피벗'!$A$1:$D$52,3,FALSE),0) -> 102 | D16: =IFERROR(ROUNDDOWN(C16/B16,0),"") -> 2 | E16: 부산 | F16: =IFERROR(C16-(D16*B16),"") -> 22
A17: 양산냉장 | B17: =$B$4 -> 40 | C17: =IFERROR(VLOOKUP(A17,'★탭스 피벗'!$A$1:$D$52,3,FALSE),0) -> 108 | D17: =IFERROR(ROUNDDOWN(C17/B17,0),"") -> 2 | E17: 양산 | F17: =IFERROR(C17-(D17*B17),"") -> 28
A19: 경남(김해)합계 | B19: =$B$4 -> 40 | C19: =SUM(C16:C17) -> 210 | D19: =IFERROR(ROUNDDOWN(C19/B19,0),"") -> 5 | F19: =IFERROR(C19-(D19*B19),"") -> 10
A21: 대구냉장A | B21: =$B$4 -> 40 | C21: =IFERROR(VLOOKUP(A21,'★탭스 피벗'!$A$1:$D$52,3,FALSE),0) -> 116 | D21: =IFERROR(ROUNDDOWN(C21/B21,0),"") -> 2 | E21: 대구A | F21: =IFERROR(C21-(D21*B21),"") -> 36
A22: 대구냉장B | B22: =$B$4 -> 40 | C22: =IFERROR(VLOOKUP(A22,'★탭스 피벗'!$A$1:$D$52,3,FALSE),0) -> 19 | D22: =IFERROR(ROUNDDOWN(C22/B22,0),"") -> 0 | E22: 대구B | F22: =IFERROR(C22-(D22*B22),"") -> 19
A23: 칠곡저온 | B23: =$B$4 -> 40 | C23: =IFERROR(VLOOKUP(A23,'★탭스 피벗'!$A$1:$D$52,3,FALSE),0) -> 117 | D23: =IFERROR(ROUNDDOWN(C23/B23,0),"") -> 2 | E23: 칠곡 | F23: =IFERROR(C23-(D23*B23),"") -> 37
A25: 경북(칠곡)합계 | B25: =$B$4 -> 40 | C25: =SUM(C21:C23) -> 252 | D25: =IFERROR(ROUNDDOWN(C25/B25,0),"") -> 6 | F25: =IFERROR(C25-(D25*B25),"") -> 12
A27: 광주냉장 | B27: =$B$4 -> 40 | C27: =IFERROR(VLOOKUP(A27,'★탭스 피벗'!$A$1:$D$52,3,FALSE),0) -> 74 | D27: =IFERROR(ROUNDDOWN(C27/B27,0),"") -> 1 | E27: 광주 | F27: =IFERROR(C27-(D27*B27),"") -> 34
A28: 광주B저온센터 | B28: =$B$4 -> 40 | C28: =IFERROR(VLOOKUP(A28,'★탭스 피벗'!$A$1:$D$52,3,FALSE),0) -> 92 | D28: =IFERROR(ROUNDDOWN(C28/B28,0),"") -> 2 | E28: 광주B | F28: =IFERROR(C28-(D28*B28),"") -> 12
A30: 호남권 합계 | B30: =$B$4 -> 40 | C30: =SUM(C27:C28) -> 166 | D30: =IFERROR(ROUNDDOWN(C30/B30,0),"") -> 4 | F30: =IFERROR(C30-(D30*B30),"") -> 6
A32: 제주냉장센터 | B32: =$B$4 -> 40 | C32: =IFERROR(VLOOKUP(A32,'★탭스 피벗'!$A$1:$D$52,3,FALSE),0) -> 115 | D32: =IFERROR(ROUNDDOWN(C32/B32,0),"") -> 2 | E32: 제주 | F32: =IFERROR(C32-(D32*B32),"") -> 35
A34: 제주권 합계 | B34: =$B$4 -> 40 | C34: =SUM(C32:C32) -> 115 | D34: =IFERROR(ROUNDDOWN(C34/B34,0),"") -> 2 | F34: =IFERROR(C34-(D34*B34),"") -> 35
A36: 총합계 | B36: =$B$4 -> 40 | C36: =SUM(C4:C12,C27:C28,C21:C23,C16:C17,C32:C32) -> 2831 | D36: =IFERROR(ROUNDDOWN(C36/B36,0),"") -> 70 | F36: =IFERROR(C36-(D36*B36),"") -> 31 | G36: 소분박스 | H36: 소분낱개
A37: 총 박스/총 낱개수량 | B37: □ | D37: =SUM(D4:D12,D27:D28,D21:D23,D16:D17,D32:D32) -> 62 | F37: =SUM(F4:F12,F27:F28,F21:F23,F16:F17,F32:F32) -> 351 | G37: =IFERROR(ROUNDDOWN(F37/B27,0),"") -> 8 | H37: =IFERROR(F37-(G37*B27),"") -> 31
C38: =C14+C19+C25+C30+C34 -> 2831 | H38: □
C39: =C38=C36 -> TRUE

Sheet 바삭마끼 크랩어니언
A2: =TODAY() -> 46310 | B2: 탭스 _ 세븐 <2편> □
A3: 행 레이블 | B3: 입수 | C3: 바삭마끼 크랩어니언 | D3: 박스 | E3: 센터명 | F3: 낱개
A4: 수도권냉장 | B4: 40 | C4: =IFERROR(VLOOKUP(A4,'★탭스 피벗'!$A$1:$D$52,4,FALSE),0) -> 0 | D4: =IFERROR(ROUNDDOWN(C4/B4,0),"") -> 0 | E4: 수도권 | F4: =IFERROR(C4-(D4*B4),"") -> 0
A5: 안성저온센터 | B5: =$B$4 -> 40 | C5: =IFERROR(VLOOKUP(A5,'★탭스 피벗'!$A$1:$D$52,4,FALSE),0) -> 158 | D5: =IFERROR(ROUNDDOWN(C5/B5,0),"") -> 3 | E5: 안성 | F5: =IFERROR(C5-(D5*B5),"") -> 38
A6: 세종냉장센터 | B6: =$B$4 -> 40 | C6: =IFERROR(VLOOKUP(A6,'★탭스 피벗'!$A$1:$D$52,4,FALSE),0) -> 134 | D6: =IFERROR(ROUNDDOWN(C6/B6,0),"") -> 3 | E6: 세종 | F6: =IFERROR(C6-(D6*B6),"") -> 14
A7: 인천저온 | B7: =$B$4 -> 40 | C7: =IFERROR(VLOOKUP(A7,'★탭스 피벗'!$A$1:$D$52,4,FALSE),0) -> 237 | D7: =IFERROR(ROUNDDOWN(C7/B7,0),"") -> 5 | E7: 인천 | F7: =IFERROR(C7-(D7*B7),"") -> 37
A8: 해인기흥저온센터 | B8: =$B$4 -> 40 | C8: =IFERROR(VLOOKUP(A8,'★탭스 피벗'!$A$1:$D$52,4,FALSE),0) -> 251 | D8: =IFERROR(ROUNDDOWN(C8/B8,0),"") -> 6 | E8: 해인기흥 | F8: =IFERROR(C8-(D8*B8),"") -> 11
A9: 수원저온센터 | B9: =$B$4 -> 40 | C9: =IFERROR(VLOOKUP(A9,'★탭스 피벗'!$A$1:$D$52,4,FALSE),0) -> 218 | D9: =IFERROR(ROUNDDOWN(C9/B9,0),"") -> 5 | E9: 수원 | F9: =IFERROR(C9-(D9*B9),"") -> 18
A10: 오포저온 | B10: =$B$4 -> 40 | C10: =IFERROR(VLOOKUP(A10,'★탭스 피벗'!$A$1:$D$52,4,FALSE),0) -> 189 | D10: =IFERROR(ROUNDDOWN(C10/B10,0),"") -> 4 | E10: 오포 | F10: =IFERROR(C10-(D10*B10),"") -> 29
A11: 양주저온 | B11: =$B$4 -> 40 | C11: =IFERROR(VLOOKUP(A11,'★탭스 피벗'!$A$1:$D$52,4,FALSE),0) -> 278 | D11: =IFERROR(ROUNDDOWN(C11/B11,0),"") -> 6 | E11: 양주 | F11: =IFERROR(C11-(D11*B11),"") -> 38
A12: 원주저온 | B12: =$B$4 -> 40 | C12: =IFERROR(VLOOKUP(A12,'★탭스 피벗'!$A$1:$D$52,4,FALSE),0) -> 82 | D12: =IFERROR(ROUNDDOWN(C12/B12,0),"") -> 2 | E12: 원주 | F12: =IFERROR(C12-(D12*B12),"") -> 2
A14: 수도권 합계 | B14: =$B$4 -> 40 | C14: =SUM(C4:C12) -> 1547 | D14: =IFERROR(ROUNDDOWN(C14/B14,0),"") -> 38 | F14: =IFERROR(C14-(D14*B14),"") -> 27
A16: 부산냉장 | B16: =$B$4 -> 40 | C16: =IFERROR(VLOOKUP(A16,'★탭스 피벗'!$A$1:$D$52,4,FALSE),0) -> 82 | D16: =IFERROR(ROUNDDOWN(C16/B16,0),"") -> 2 | E16: 부산 | F16: =IFERROR(C16-(D16*B16),"") -> 2
A17: 양산냉장 | B17: =$B$4 -> 40 | C17: =IFERROR(VLOOKUP(A17,'★탭스 피벗'!$A$1:$D$52,4,FALSE),0) -> 91 | D17: =IFERROR(ROUNDDOWN(C17/B17,0),"") -> 2 | E17: 양산 | F17: =IFERROR(C17-(D17*B17),"") -> 11
A19: 경남(김해)합계 | B19: =$B$4 -> 40 | C19: =SUM(C16:C17) -> 173 | D19: =IFERROR(ROUNDDOWN(C19/B19,0),"") -> 4 | F19: =IFERROR(C19-(D19*B19),"") -> 13
A21: 대구냉장A | B21: =$B$4 -> 40 | C21: =IFERROR(VLOOKUP(A21,'★탭스 피벗'!$A$1:$D$52,4,FALSE),0) -> 92 | D21: =IFERROR(ROUNDDOWN(C21/B21,0),"") -> 2 | E21: 대구A | F21: =IFERROR(C21-(D21*B21),"") -> 12
A22: 대구냉장B | B22: =$B$4 -> 40 | C22: =IFERROR(VLOOKUP(A22,'★탭스 피벗'!$A$1:$D$52,4,FALSE),0) -> 11 | D22: =IFERROR(ROUNDDOWN(C22/B22,0),"") -> 0 | E22: 대구B | F22: =IFERROR(C22-(D22*B22),"") -> 11
A23: 칠곡저온 | B23: =$B$4 -> 40 | C23: =IFERROR(VLOOKUP(A23,'★탭스 피벗'!$A$1:$D$52,4,FALSE),0) -> 72 | D23: =IFERROR(ROUNDDOWN(C23/B23,0),"") -> 1 | E23: 칠곡 | F23: =IFERROR(C23-(D23*B23),"") -> 32
A25: 경북(칠곡)합계 | B25: =$B$4 -> 40 | C25: =SUM(C21:C23) -> 175 | D25: =IFERROR(ROUNDDOWN(C25/B25,0),"") -> 4 | F25: =IFERROR(C25-(D25*B25),"") -> 15
A27: 광주냉장 | B27: =$B$4 -> 40 | C27: =IFERROR(VLOOKUP(A27,'★탭스 피벗'!$A$1:$D$52,4,FALSE),0) -> 66 | D27: =IFERROR(ROUNDDOWN(C27/B27,0),"") -> 1 | E27: 광주 | F27: =IFERROR(C27-(D27*B27),"") -> 26
A28: 광주B저온센터 | B28: =$B$4 -> 40 | C28: =IFERROR(VLOOKUP(A28,'★탭스 피벗'!$A$1:$D$52,4,FALSE),0) -> 84 | D28: =IFERROR(ROUNDDOWN(C28/B28,0),"") -> 2 | E28: 광주B | F28: =IFERROR(C28-(D28*B28),"") -> 4
A30: 호남권 합계 | B30: =$B$4 -> 40 | C30: =SUM(C27:C28) -> 150 | D30: =IFERROR(ROUNDDOWN(C30/B30,0),"") -> 3 | F30: =IFERROR(C30-(D30*B30),"") -> 30
A32: 제주냉장센터 | B32: =$B$4 -> 40 | C32: =IFERROR(VLOOKUP(A32,'★탭스 피벗'!$A$1:$D$52,4,FALSE),0) -> 99 | D32: =IFERROR(ROUNDDOWN(C32/B32,0),"") -> 2 | E32: 제주 | F32: =IFERROR(C32-(D32*B32),"") -> 19
A34: 제주권 합계 | B34: =$B$4 -> 40 | C34: =SUM(C32:C32) -> 99 | D34: =IFERROR(ROUNDDOWN(C34/B34,0),"") -> 2 | F34: =IFERROR(C34-(D34*B34),"") -> 19
A36: 총합계 | B36: =$B$4 -> 40 | C36: =SUM(C4:C12,C27:C28,C21:C23,C16:C17,C32:C32) -> 2144 | D36: =IFERROR(ROUNDDOWN(C36/B36,0),"") -> 53 | F36: =IFERROR(C36-(D36*B36),"") -> 24 | G36: 소분박스 | H36: 소분낱개
A37: 총 박스/총 낱개수량 | B37: □ | D37: =SUM(D4:D12,D27:D28,D21:D23,D16:D17,D32:D32) -> 46 | F37: =SUM(F4:F12,F27:F28,F21:F23,F16:F17,F32:F32) -> 304 | G37: =IFERROR(ROUNDDOWN(F37/B27,0),"") -> 7 | H37: =IFERROR(F37-(G37*B27),"") -> 24
C38: =C14+C19+C25+C30+C34 -> 2144 | H38: □
C39: =C38=C36 -> TRUE

Sheet 바삭마끼 통소시지
A2: =TODAY() -> 46310 | B2: 탭스 _ 세븐 <2편> □
A3: 행 레이블 | B3: 입수 | C3: 바삭마끼 통소시지 | D3: 박스 | E3: 센터명 | F3: 낱개
A4: 수도권냉장 | B4: 40 | C4: =IFERROR(VLOOKUP(A4,'★탭스 피벗'!$A$1:$H$52,5,FALSE),0) -> 0 | D4: =IFERROR(ROUNDDOWN(C4/B4,0),"") -> 0 | E4: 수도권 | F4: =IFERROR(C4-(D4*B4),"") -> 0
A5: 안성저온센터 | B5: =$B$4 -> 40 | C5: =IFERROR(VLOOKUP(A5,'★탭스 피벗'!$A$1:$H$52,5,FALSE),0) -> 159 | D5: =IFERROR(ROUNDDOWN(C5/B5,0),"") -> 3 | E5: 안성 | F5: =IFERROR(C5-(D5*B5),"") -> 39
A6: 세종냉장센터 | B6: =$B$4 -> 40 | C6: =IFERROR(VLOOKUP(A6,'★탭스 피벗'!$A$1:$H$52,5,FALSE),0) -> 161 | D6: =IFERROR(ROUNDDOWN(C6/B6,0),"") -> 4 | E6: 세종 | F6: =IFERROR(C6-(D6*B6),"") -> 1
A7: 인천저온 | B7: =$B$4 -> 40 | C7: =IFERROR(VLOOKUP(A7,'★탭스 피벗'!$A$1:$H$52,5,FALSE),0) -> 272 | D7: =IFERROR(ROUNDDOWN(C7/B7,0),"") -> 6 | E7: 인천 | F7: =IFERROR(C7-(D7*B7),"") -> 32
A8: 해인기흥저온센터 | B8: =$B$4 -> 40 | C8: =IFERROR(VLOOKUP(A8,'★탭스 피벗'!$A$1:$H$52,5,FALSE),0) -> 272 | D8: =IFERROR(ROUNDDOWN(C8/B8,0),"") -> 6 | E8: 해인기흥 | F8: =IFERROR(C8-(D8*B8),"") -> 32
A9: 수원저온센터 | B9: =$B$4 -> 40 | C9: =IFERROR(VLOOKUP(A9,'★탭스 피벗'!$A$1:$H$52,5,FALSE),0) -> 260 | D9: =IFERROR(ROUNDDOWN(C9/B9,0),"") -> 6 | E9: 수원 | F9: =IFERROR(C9-(D9*B9),"") -> 20
A10: 오포저온 | B10: =$B$4 -> 40 | C10: =IFERROR(VLOOKUP(A10,'★탭스 피벗'!$A$1:$H$52,5,FALSE),0) -> 238 | D10: =IFERROR(ROUNDDOWN(C10/B10,0),"") -> 5 | E10: 오포 | F10: =IFERROR(C10-(D10*B10),"") -> 38
A11: 양주저온 | B11: =$B$4 -> 40 | C11: =IFERROR(VLOOKUP(A11,'★탭스 피벗'!$A$1:$H$52,5,FALSE),0) -> 336 | D11: =IFERROR(ROUNDDOWN(C11/B11,0),"") -> 8 | E11: 양주 | F11: =IFERROR(C11-(D11*B11),"") -> 16
A12: 원주저온 | B12: =$B$4 -> 40 | C12: =IFERROR(VLOOKUP(A12,'★탭스 피벗'!$A$1:$H$52,5,FALSE),0) -> 110 | D12: =IFERROR(ROUNDDOWN(C12/B12,0),"") -> 2 | E12: 원주 | F12: =IFERROR(C12-(D12*B12),"") -> 30
A14: 수도권 합계 | B14: =$B$4 -> 40 | C14: =SUM(C4:C12) -> 1808 | D14: =IFERROR(ROUNDDOWN(C14/B14,0),"") -> 45 | F14: =IFERROR(C14-(D14*B14),"") -> 8
A16: 부산냉장 | B16: =$B$4 -> 40 | C16: =IFERROR(VLOOKUP(A16,'★탭스 피벗'!$A$1:$H$52,5,FALSE),0) -> 104 | D16: =IFERROR(ROUNDDOWN(C16/B16,0),"") -> 2 | E16: 부산 | F16: =IFERROR(C16-(D16*B16),"") -> 24
A17: 양산냉장 | B17: =$B$4 -> 40 | C17: =IFERROR(VLOOKUP(A17,'★탭스 피벗'!$A$1:$H$52,5,FALSE),0) -> 92 | D17: =IFERROR(ROUNDDOWN(C17/B17,0),"") -> 2 | E17: 양산 | F17: =IFERROR(C17-(D17*B17),"") -> 12
A19: 경남(김해)합계 | B19: =$B$4 -> 40 | C19: =SUM(C16:C17) -> 196 | D19: =IFERROR(ROUNDDOWN(C19/B19,0),"") -> 4 | F19: =IFERROR(C19-(D19*B19),"") -> 36
A21: 대구냉장A | B21: =$B$4 -> 40 | C21: =IFERROR(VLOOKUP(A21,'★탭스 피벗'!$A$1:$H$52,5,FALSE),0) -> 122 | D21: =IFERROR(ROUNDDOWN(C21/B21,0),"") -> 3 | E21: 대구A | F21: =IFERROR(C21-(D21*B21),"") -> 2
A22: 대구냉장B | B22: =$B$4 -> 40 | C22: =IFERROR(VLOOKUP(A22,'★탭스 피벗'!$A$1:$H$52,5,FALSE),0) -> 28 | D22: =IFERROR(ROUNDDOWN(C22/B22,0),"") -> 0 | E22: 대구B | F22: =IFERROR(C22-(D22*B22),"") -> 28
A23: 칠곡저온 | B23: =$B$4 -> 40 | C23: =IFERROR(VLOOKUP(A23,'★탭스 피벗'!$A$1:$H$52,5,FALSE),0) -> 113 | D23: =IFERROR(ROUNDDOWN(C23/B23,0),"") -> 2 | E23: 칠곡 | F23: =IFERROR(C23-(D23*B23),"") -> 33
A25: 경북(칠곡)합계 | B25: =$B$4 -> 40 | C25: =SUM(C21:C23) -> 263 | D25: =IFERROR(ROUNDDOWN(C25/B25,0),"") -> 6 | F25: =IFERROR(C25-(D25*B25),"") -> 23
A27: 광주냉장 | B27: =$B$4 -> 40 | C27: =IFERROR(VLOOKUP(A27,'★탭스 피벗'!$A$1:$H$52,5,FALSE),0) -> 83 | D27: =IFERROR(ROUNDDOWN(C27/B27,0),"") -> 2 | E27: 광주 | F27: =IFERROR(C27-(D27*B27),"") -> 3
A28: 광주B저온센터 | B28: =$B$4 -> 40 | C28: =IFERROR(VLOOKUP(A28,'★탭스 피벗'!$A$1:$H$52,5,FALSE),0) -> 108 | D28: =IFERROR(ROUNDDOWN(C28/B28,0),"") -> 2 | E28: 광주B | F28: =IFERROR(C28-(D28*B28),"") -> 28
A30: 호남권 합계 | B30: =$B$4 -> 40 | C30: =SUM(C27:C28) -> 191 | D30: =IFERROR(ROUNDDOWN(C30/B30,0),"") -> 4 | F30: =IFERROR(C30-(D30*B30),"") -> 31
A32: 제주냉장센터 | B32: =$B$4 -> 40 | C32: =IFERROR(VLOOKUP(A32,'★탭스 피벗'!$A$1:$H$52,5,FALSE),0) -> 120 | D32: =IFERROR(ROUNDDOWN(C32/B32,0),"") -> 3 | E32: 제주 | F32: =IFERROR(C32-(D32*B32),"") -> 0
A34: 제주권 합계 | B34: =$B$4 -> 40 | C34: =SUM(C32:C32) -> 120 | D34: =IFERROR(ROUNDDOWN(C34/B34,0),"") -> 3 | F34: =IFERROR(C34-(D34*B34),"") -> 0
A36: 총합계 | B36: =$B$4 -> 40 | C36: =SUM(C4:C12,C27:C28,C21:C23,C16:C17,C32:C32) -> 2578 | D36: =IFERROR(ROUNDDOWN(C36/B36,0),"") -> 64 | F36: =IFERROR(C36-(D36*B36),"") -> 18 | G36: 소분박스 | H36: 소분낱개
A37: 총 박스/총 낱개수량 | B37: □ | D37: =SUM(D4:D12,D27:D28,D21:D23,D16:D17,D32:D32) -> 56 | F37: =SUM(F4:F12,F27:F28,F21:F23,F16:F17,F32:F32) -> 338 | G37: =IFERROR(ROUNDDOWN(F37/B27,0),"") -> 8 | H37: =IFERROR(F37-(G37*B27),"") -> 18
C38: =C14+C19+C25+C30+C34 -> 2578 | H38: □
C39: =C38=C36 -> TRUE

Sheet 올뉴유부초밥4입
A2: =TODAY() -> 46310 | B2: 탭스 _ 세븐 <2편> □
A3: 행 레이블 | B3: 입수 | C3: 올뉴유부초밥4입 | D3: 박스 | E3: 센터명 | F3: 낱개
A4: 수도권냉장 | B4: 50 | C4: =IFERROR(VLOOKUP(A4,'★탭스 피벗'!$A$1:$H$52,6,FALSE),0) -> 0 | D4: =IFERROR(ROUNDDOWN(C4/B4,0),"") -> 0 | E4: 수도권 | F4: =IFERROR(C4-(D4*B4),"") -> 0
A5: 안성저온센터 | B5: =$B$4 -> 50 | C5: =IFERROR(VLOOKUP(A5,'★탭스 피벗'!$A$1:$H$52,6,FALSE),0) -> 0 | D5: =IFERROR(ROUNDDOWN(C5/B5,0),"") -> 0 | E5: 안성 | F5: =IFERROR(C5-(D5*B5),"") -> 0
A6: 세종냉장센터 | B6: =$B$4 -> 50 | C6: =IFERROR(VLOOKUP(A6,'★탭스 피벗'!$A$1:$H$52,6,FALSE),0) -> 0 | D6: =IFERROR(ROUNDDOWN(C6/B6,0),"") -> 0 | E6: 세종 | F6: =IFERROR(C6-(D6*B6),"") -> 0
A7: 인천저온 | B7: =$B$4 -> 50 | C7: =IFERROR(VLOOKUP(A7,'★탭스 피벗'!$A$1:$H$52,6,FALSE),0) -> 0 | D7: =IFERROR(ROUNDDOWN(C7/B7,0),"") -> 0 | E7: 인천 | F7: =IFERROR(C7-(D7*B7),"") -> 0
A8: 해인기흥저온센터 | B8: =$B$4 -> 50 | C8: =IFERROR(VLOOKUP(A8,'★탭스 피벗'!$A$1:$H$52,6,FALSE),0) -> 0 | D8: =IFERROR(ROUNDDOWN(C8/B8,0),"") -> 0 | E8: 해인기흥 | F8: =IFERROR(C8-(D8*B8),"") -> 0
A9: 수원저온센터 | B9: =$B$4 -> 50 | C9: =IFERROR(VLOOKUP(A9,'★탭스 피벗'!$A$1:$H$52,6,FALSE),0) -> 0 | D9: =IFERROR(ROUNDDOWN(C9/B9,0),"") -> 0 | E9: 수원 | F9: =IFERROR(C9-(D9*B9),"") -> 0
A10: 오포저온 | B10: =$B$4 -> 50 | C10: =IFERROR(VLOOKUP(A10,'★탭스 피벗'!$A$1:$H$52,6,FALSE),0) -> 0 | D10: =IFERROR(ROUNDDOWN(C10/B10,0),"") -> 0 | E10: 오포 | F10: =IFERROR(C10-(D10*B10),"") -> 0
A11: 양주저온 | B11: =$B$4 -> 50 | C11: =IFERROR(VLOOKUP(A11,'★탭스 피벗'!$A$1:$H$52,6,FALSE),0) -> 0 | D11: =IFERROR(ROUNDDOWN(C11/B11,0),"") -> 0 | E11: 양주 | F11: =IFERROR(C11-(D11*B11),"") -> 0
A12: 원주저온 | B12: =$B$4 -> 50 | C12: =IFERROR(VLOOKUP(A12,'★탭스 피벗'!$A$1:$H$52,6,FALSE),0) -> 0 | D12: =IFERROR(ROUNDDOWN(C12/B12,0),"") -> 0 | E12: 원주 | F12: =IFERROR(C12-(D12*B12),"") -> 0
A14: 수도권 합계 | B14: =$B$4 -> 50 | C14: =SUM(C4:C12) -> 0 | D14: =IFERROR(ROUNDDOWN(C14/B14,0),"") -> 0 | F14: =IFERROR(C14-(D14*B14),"") -> 0
A16: 부산냉장 | B16: =$B$4 -> 50 | C16: =IFERROR(VLOOKUP(A16,'★탭스 피벗'!$A$1:$H$52,6,FALSE),0) -> 0 | D16: =IFERROR(ROUNDDOWN(C16/B16,0),"") -> 0 | E16: 부산 | F16: =IFERROR(C16-(D16*B16),"") -> 0
A17: 양산냉장 | B17: =$B$4 -> 50 | C17: =IFERROR(VLOOKUP(A17,'★탭스 피벗'!$A$1:$H$52,6,FALSE),0) -> 0 | D17: =IFERROR(ROUNDDOWN(C17/B17,0),"") -> 0 | E17: 양산 | F17: =IFERROR(C17-(D17*B17),"") -> 0
A19: 경남(김해)합계 | B19: =$B$4 -> 50 | C19: =SUM(C16:C17) -> 0 | D19: =IFERROR(ROUNDDOWN(C19/B19,0),"") -> 0 | F19: =IFERROR(C19-(D19*B19),"") -> 0
A21: 대구냉장A | B21: =$B$4 -> 50 | C21: =IFERROR(VLOOKUP(A21,'★탭스 피벗'!$A$1:$H$52,6,FALSE),0) -> 0 | D21: =IFERROR(ROUNDDOWN(C21/B21,0),"") -> 0 | E21: 대구A | F21: =IFERROR(C21-(D21*B21),"") -> 0
A22: 대구냉장B | B22: =$B$4 -> 50 | C22: =IFERROR(VLOOKUP(A22,'★탭스 피벗'!$A$1:$H$52,6,FALSE),0) -> 0 | D22: =IFERROR(ROUNDDOWN(C22/B22,0),"") -> 0 | E22: 대구B | F22: =IFERROR(C22-(D22*B22),"") -> 0
A23: 칠곡저온 | B23: =$B$4 -> 50 | C23: =IFERROR(VLOOKUP(A23,'★탭스 피벗'!$A$1:$H$52,6,FALSE),0) -> 0 | D23: =IFERROR(ROUNDDOWN(C23/B23,0),"") -> 0 | E23: 칠곡 | F23: =IFERROR(C23-(D23*B23),"") -> 0
A25: 경북(칠곡)합계 | B25: =$B$4 -> 50 | C25: =SUM(C21:C23) -> 0 | D25: =IFERROR(ROUNDDOWN(C25/B25,0),"") -> 0 | F25: =IFERROR(C25-(D25*B25),"") -> 0
A27: 광주냉장 | B27: =$B$4 -> 50 | C27: =IFERROR(VLOOKUP(A27,'★탭스 피벗'!$A$1:$H$52,6,FALSE),0) -> 0 | D27: =IFERROR(ROUNDDOWN(C27/B27,0),"") -> 0 | E27: 광주 | F27: =IFERROR(C27-(D27*B27),"") -> 0
A28: 광주B저온센터 | B28: =$B$4 -> 50 | C28: =IFERROR(VLOOKUP(A28,'★탭스 피벗'!$A$1:$H$52,6,FALSE),0) -> 0 | D28: =IFERROR(ROUNDDOWN(C28/B28,0),"") -> 0 | E28: 광주B | F28: =IFERROR(C28-(D28*B28),"") -> 0
A30: 호남권 합계 | B30: =$B$4 -> 50 | C30: =SUM(C27:C28) -> 0 | D30: =IFERROR(ROUNDDOWN(C30/B30,0),"") -> 0 | F30: =IFERROR(C30-(D30*B30),"") -> 0
A32: 제주냉장센터 | B32: =$B$4 -> 50 | C32: =IFERROR(VLOOKUP(A32,'★탭스 피벗'!$A$1:$H$52,6,FALSE),0) -> 117 | D32: =IFERROR(ROUNDDOWN(C32/B32,0),"") -> 2 | E32: 제주 | F32: =IFERROR(C32-(D32*B32),"") -> 17
A34: 제주권 합계 | B34: =$B$4 -> 50 | C34: =SUM(C32:C32) -> 117 | D34: =IFERROR(ROUNDDOWN(C34/B34,0),"") -> 2 | F34: =IFERROR(C34-(D34*B34),"") -> 17
A36: 총합계 | B36: =$B$4 -> 50 | C36: =SUM(C4:C12,C27:C28,C21:C23,C16:C17,C32:C32) -> 117 | D36: =IFERROR(ROUNDDOWN(C36/B36,0),"") -> 2 | F36: =IFERROR(C36-(D36*B36),"") -> 17 | G36: 소분박스 | H36: 소분낱개
A37: 총 박스/총 낱개수량 | B37: □ | D37: =SUM(D4:D12,D27:D28,D21:D23,D16:D17,D32:D32) -> 2 | F37: =SUM(F4:F12,F27:F28,F21:F23,F16:F17,F32:F32) -> 17 | G37: =IFERROR(ROUNDDOWN(F37/B27,0),"") -> 0 | H37: =IFERROR(F37-(G37*B27),"") -> 17
C38: =C14+C19+C25+C30+C34 -> 117 | H38: □
C39: =C38=C36 -> TRUE

Sheet ★열매나무 피벗
A1: 10/11
B2: 열매나무_못난이농산물(사과)/ea
A3: 원주저온
A4: 광주냉장
A5: 광주B저온센터
A6: 해인기흥저온센터
A7: 대구냉장
A8: 부산냉장
A9: 세종냉장센터
A10: 수원저온센터
A11: 안성저온센터
A12: 양산냉장
A13: 양주저온
A14: 오포저온
... A18: 총합계

Sheet 열매나무_못난이농산물(사과) ea
A2: =TODAY() -> 46310 | B2: 열매나무 _ 세븐 <1편> □
A3: 행 레이블 | B3: 입수 | C3: 못난이농산물(사과) | D3: 박스 | E3: 센터명 | F3: 낱개
A4: 수도권냉장 | B4: 40 | C4: =IFERROR(VLOOKUP(A4,'★열매나무 피벗'!A:SD,2,FALSE),0) -> 0 | D4: =IFERROR(ROUNDDOWN(C4/B4,0),"") -> 0 | E4: 수도권 | F4: =IFERROR(C4-(D4*B4),"") -> 0
A5: 안성저온센터 | B5: =$B$4 -> 40 | C5: =IFERROR(VLOOKUP(A5,'★열매나무 피벗'!A:SD,2,FALSE),0) -> 0 | D5: =IFERROR(ROUNDDOWN(C5/B5,0),"") -> 0 | E5: 안성 | F5: =IFERROR(C5-(D5*B5),"") -> 0
A6: 세종냉장센터 | B6: =$B$4 -> 40 | C6: =IFERROR(VLOOKUP(A6,'★열매나무 피벗'!A:SD,2,FALSE),0) -> 0 | D6: =IFERROR(ROUNDDOWN(C6/B6,0),"") -> 0 | E6: 세종 | F6: =IFERROR(C6-(D6*B6),"") -> 0
A7: 인천저온 | B7: =$B$4 -> 40 | C7: =IFERROR(VLOOKUP(A7,'★열매나무 피벗'!A:SD,2,FALSE),0) -> 0 | D7: =IFERROR(ROUNDDOWN(C7/B7,0),"") -> 0 | E7: 인천 | F7: =IFERROR(C7-(D7*B7),"") -> 0
A8: 해인기흥저온센터 | B8: =$B$4 -> 40 | C8: =IFERROR(VLOOKUP(A8,'★열매나무 피벗'!A:SD,2,FALSE),0) -> 0 | D8: =IFERROR(ROUNDDOWN(C8/B8,0),"") -> 0 | E8: 해인기흥 | F8: =IFERROR(C8-(D8*B8),"") -> 0
A9: 수원저온센터 | B9: =$B$4 -> 40 | C9: =IFERROR(VLOOKUP(A9,'★열매나무 피벗'!A:SD,2,FALSE),0) -> 0 | D9: =IFERROR(ROUNDDOWN(C9/B9,0),"") -> 0 | E9: 수원 | F9: =IFERROR(C9-(D9*B9),"") -> 0
A10: 오포저온 | B10: =$B$4 -> 40 | C10: =IFERROR(VLOOKUP(A10,'★열매나무 피벗'!A:SD,2,FALSE),0) -> 0 | D10: =IFERROR(ROUNDDOWN(C10/B10,0),"") -> 0 | E10: 오포 | F10: =IFERROR(C10-(D10*B10),"") -> 0
A11: 양주저온 | B11: =$B$4 -> 40 | C11: =IFERROR(VLOOKUP(A11,'★열매나무 피벗'!A:SD,2,FALSE),0) -> 0 | D11: =IFERROR(ROUNDDOWN(C11/B11,0),"") -> 0 | E11: 양주 | F11: =IFERROR(C11-(D11*B11),"") -> 0
A12: 원주저온 | B12: =$B$4 -> 40 | C12: =IFERROR(VLOOKUP(A12,'★열매나무 피벗'!A:SD,2,FALSE),0) -> 0 | D12: =IFERROR(ROUNDDOWN(C12/B12,0),"") -> 0 | E12: 원주 | F12: =IFERROR(C12-(D12*B12),"") -> 0
A14: 수도권 합계 | B14: =$B$4 -> 40 | C14: =SUM(C4:C12) -> 0 | D14: =IFERROR(ROUNDDOWN(C14/B14,0),"") -> 0 | F14: =IFERROR(C14-(D14*B14),"") -> 0
A16: 부산냉장 | B16: =$B$4 -> 40 | C16: =IFERROR(VLOOKUP(A16,'★열매나무 피벗'!A:SD,2,FALSE),0) -> 0 | D16: =IFERROR(ROUNDDOWN(C16/B16,0),"") -> 0 | E16: 부산 | F16: =IFERROR(C16-(D16*B16),"") -> 0
A17: 양산냉장 | B17: =$B$4 -> 40 | C17: =IFERROR(VLOOKUP(A17,'★열매나무 피벗'!A:SD,2,FALSE),0) -> 0 | D17: =IFERROR(ROUNDDOWN(C17/B17,0),"") -> 0 | E17: 양산 | F17: =IFERROR(C17-(D17*B17),"") -> 0
A19: 경남(김해)합계 | B19: =$B$4 -> 40 | C19: =SUM(C16:C17) -> 0 | D19: =IFERROR(ROUNDDOWN(C19/B19,0),"") -> 0 | F19: =IFERROR(C19-(D19*B19),"") -> 0
A21: 대구냉장 | B21: =$B$4 -> 40 | C21: =IFERROR(VLOOKUP(A21,'★열매나무 피벗'!A:SD,2,FALSE),0) -> 0 | D21: =IFERROR(ROUNDDOWN(C21/B21,0),"") -> 0 | E21: 대구 | F21: =IFERROR(C21-(D21*B21),"") -> 0
A22: 칠곡저온 | B22: =$B$4 -> 40 | C22: =IFERROR(VLOOKUP(A22,'★열매나무 피벗'!A:SD,2,FALSE),0) -> 0 | D22: =IFERROR(ROUNDDOWN(C22/B22,0),"") -> 0 | E22: 칠곡 | F22: =IFERROR(C22-(D22*B22),"") -> 0
A24: 경북(칠곡)합계 | B24: =$B$4 -> 40 | C24: =SUM(C21:C22) -> 0 | D24: =IFERROR(ROUNDDOWN(C24/B24,0),"") -> 0 | F24: =IFERROR(C24-(D24*B24),"") -> 0
A26: 광주냉장 | B26: =$B$4 -> 40 | C26: =IFERROR(VLOOKUP(A26,'★열매나무 피벗'!A:SD,2,FALSE),0) -> 0 | D26: =IFERROR(ROUNDDOWN(C26/B26,0),"") -> 0 | E26: 광주 | F26: =IFERROR(C26-(D26*B26),"") -> 0
A27: 광주B저온센터 | B27: =$B$4 -> 40 | C27: =IFERROR(VLOOKUP(A27,'★열매나무 피벗'!A:SD,2,FALSE),0) -> 0 | D27: =IFERROR(ROUNDDOWN(C27/B27,0),"") -> 0 | E27: 광주B | F27: =IFERROR(C27-(D27*B27),"") -> 0
A29: 호남권 합계 | B29: =$B$4 -> 40 | C29: =SUM(C26:C27) -> 0 | D29: =IFERROR(ROUNDDOWN(C29/B29,0),"") -> 0 | F29: =IFERROR(C29-(D29*B29),"") -> 0
A31: 제주냉장센터 | B31: =$B$4 -> 40 | C31: =IFERROR(VLOOKUP(A31,'★열매나무 피벗'!A:SD,2,FALSE),0) -> 0 | D31: =IFERROR(ROUNDDOWN(C31/B31,0),"") -> 0 | E31: 제주 | F31: =IFERROR(C31-(D31*B31),"") -> 0
A33: 제주권 합계 | B33: =$B$4 -> 40 | C33: =SUM(C31:C31) -> 0 | D33: =IFERROR(ROUNDDOWN(C33/B33,0),"") -> 0 | F33: =IFERROR(C33-(D33*B33),"") -> 0
A35: 총합계 | B35: =$B$4 -> 40 | C35: =SUM(C4:C12,C26:C27,C21:C22,C16:C17,C31:C31) -> 0 | D35: =IFERROR(ROUNDDOWN(C35/B35,0),"") -> 0 | F35: =IFERROR(C35-(D35*B35),"") -> 0 | G35: 소분박스 | H35: 소분낱개
A36: 총 박스/총 낱개수량 | B36: □ | D36: =SUM(D4:D12,D26:D27,D21:D22,D16:D17,D31:D31) -> 0 | F36: =SUM(F4:F12,F26:F27,F21:F22,F16:F17,F31:F31) -> 0 | G36: =IFERROR(ROUNDDOWN(F36/B26,0),"") -> 0 | H36: =IFERROR(F36-(G36*B26),"") -> 0
C37: =C14+C19+C24+C29+C33 -> 0 | H37: □
C38: =C37=C35 -> TRUE

Sheet 2300원굿딜)매콤불고기1
A1: 고기
A2: =TODAY() -> 46310 | B2: 대신 □ | G2: 박스 | H2: 낱개
A3: 행 레이블 | B3: 입수 | C3: 2300원굿딜)매콤불고기1 | D3: 박스 | E3: 센터명 | F3: 낱개
A4: VV16 (주)지에스리테일원주일배 | B4: 36 | C4: =IFERROR(VLOOKUP(A4,#REF!,2,FALSE),0) -> 0 | D4: =IFERROR(ROUNDDOWN(C4/B4,0),"") -> 0 | E4: 원주 | F4: =IFERROR(C4-(D4*B4),"") -> 0
A5: VV69 ㈜지에스리테일강릉일배센터 | B5: =$B$4 -> 36 | C5: =IFERROR(VLOOKUP(A5,#REF!,2,FALSE),0) -> 0 | D5: =IFERROR(ROUNDDOWN(C5/B5,0),"") -> 0 | E5: 강릉 | F5: =IFERROR(C5-(D5*B5),"") -> 0 | G5: =IFERROR(ROUNDDOWN(SUM($F$6:$F$20,F24:F43)/$B$12,0),"") -> 0 | H5: =IFERROR(SUM(F6:F20,F24:F43)-(G5*B6),"") -> 0
A6: VV57 (주)지에스리테일김해일배 | B6: =$B$4 -> 36 | C6: =IFERROR(VLOOKUP(A6,#REF!,2,FALSE),0) -> 0 | D6: =IFERROR(ROUNDDOWN(C6/B6,0),"") -> 0 | E6: 김해 | F6: =IFERROR(C6-(D6*B6),"") -> 0
A7: VV58 (주)지에스리테일김해2일배 | B7: =$B$4 -> 36 | C7: =IFERROR(VLOOKUP(A7,#REF!,2,FALSE),0) -> 0 | D7: =IFERROR(ROUNDDOWN(C7/B7,0),"") -> 0 | E7: 김해2 | F7: =IFERROR(C7-(D7*B7),"") -> 0
A8: VV25 (주)지에스리테일진주일배 | B8: =$B$4 -> 36 | C8: =IFERROR(VLOOKUP(A8,#REF!,2,FALSE),0) -> 0 | D8: =IFERROR(ROUNDDOWN(C8/B8,0),"") -> 0 | E8: 진주 | F8: =IFERROR(C8-(D8*B8),"") -> 0
A9: VV20 (주)지에스리테일(해인CVS) | B9: =$B$4 -> 36 | C9: =IFERROR(VLOOKUP(A9,#REF!,2,FALSE),0) -> 0 | D9: =IFERROR(ROUNDDOWN(C9/B9,0),"") -> 0 | E9: CVS | F9: =IFERROR(C9-(D9*B9),"") -> 0
A10: VV92 (주)지에스리테일신제주저온 | B10: =$B$4 -> 36 | C10: =IFERROR(VLOOKUP(A10,#REF!,2,FALSE),0) -> 0 | D10: =IFERROR(ROUNDDOWN(C10/B10,0),"") -> 0 | E10: 신제주 | F10: =IFERROR(C10-(D10*B10),"") -> 0
A11: VV95 (주)지에스리테일신광주저온 | B11: =$B$4 -> 36 | C11: =IFERROR(VLOOKUP(A11,#REF!,2,FALSE),0) -> 0 | D11: =IFERROR(ROUNDDOWN(C11/B11,0),"") -> 0 | E11: 신광주 | F11: =IFERROR(C11-(D11*B11),"") -> 0
A12: VV96 (주)지에스리테일신광주2저 | B12: =$B$4 -> 36 | C12: =IFERROR(VLOOKUP(A12,#REF!,2,FALSE),0) -> 0 | D12: =IFERROR(ROUNDDOWN(C12/B12,0),"") -> 0 | E12: 신광주2 | F12: =IFERROR(C12-(D12*B12),"") -> 0 | G12: =IFERROR(ROUNDDOWN(SUM($F$13:$F$20,F24:F43)/$B$12,0),"") -> 0 | H12: =IFERROR(SUM(F13:F20,F24:F43)-(G12*B13),"") -> 0
A13: VV83 지에스리테일경산저온 | B13: =$B$4 -> 36 | C13: =IFERROR(VLOOKUP(A13,#REF!,2,FALSE),0) -> 0 | D13: =IFERROR(ROUNDDOWN(C13/B13,0),"") -> 0 | E13: 경산 | F13: =IFERROR(C13-(D13*B13),"") -> 0
A14: VV84 ㈜지에스리테일경산2저온 | B14: =$B$4 -> 36 | C14: =IFERROR(VLOOKUP(A14,#REF!,2,FALSE),0) -> 0 | D14: =IFERROR(ROUNDDOWN(C14/B14,0),"") -> 0 | E14: 경산2 | F14: =IFERROR(C14-(D14*B14),"") -> 0
A15: VV97 (주)지에스리테일경산3저온 | B15: =$B$4 -> 36 | C15: =IFERROR(VLOOKUP(A15,#REF!,2,FALSE),0) -> 0 | D15: =IFERROR(ROUNDDOWN(C15/B15,0),"") -> 0 | E15: 경산3 | F15: =IFERROR(C15-(D15*B15),"") -> 0
A16: VV65 ㈜지에스리테일익산일배 | B16: =$B$4 -> 36 | C16: =IFERROR(VLOOKUP(A16,#REF!,2,FALSE),0) -> 0 | D16: =IFERROR(ROUNDDOWN(C16/B16,0),"") -> 0 | E16: 익산 | F16: =IFERROR(C16-(D16*B16),"") -> 0
A17: VV04 (주)지에스리테일공주일배 | B17: =$B$4 -> 36 | C17: =IFERROR(VLOOKUP(A17,#REF!,2,FALSE),0) -> 0 | D17: =IFERROR(ROUNDDOWN(C17/B17,0),"") -> 0 | E17: 공주 | F17: =IFERROR(C17-(D17*B17),"") -> 0
A18: VV75 (주)지에스리테일공주2일배 | B18: =$B$4 -> 36 | C18: =IFERROR(VLOOKUP(A18,#REF!,2,FALSE),0) -> 0 | D18: =IFERROR(ROUNDDOWN(C18/B18,0),"") -> 0 | E18: 공주2 | F18: =IFERROR(C18-(D18*B18),"") -> 0
A19: VV34 (주)지에스리테일청주일배 | B19: =$B$4 -> 36 | C19: =IFERROR(VLOOKUP(A19,#REF!,2,FALSE),0) -> 0 | D19: =IFERROR(ROUNDDOWN(C19/B19,0),"") -> 0 | E19: 청주 | F19: =IFERROR(C19-(D19*B19),"") -> 0
A20: VV03 (주)지에스리테일(아신A) | B20: =$B$4 -> 36 | C20: =IFERROR(VLOOKUP(A20,#REF!,2,FALSE),0) -> 0 | D20: =IFERROR(ROUNDDOWN(C20/B20,0),"") -> 0 | E20: 아신A | F20: =IFERROR(C20-(D20*B20),"") -> 0 | G20: =IFERROR(ROUNDDOWN(SUM(F24:F43)/$B$18,0),"") -> 0 | H20: =IFERROR(SUM(F24:F43)-(G20*B20),"") -> 0
A22: A구역 합계 | B22: =B4 -> 36 | C22: =SUM(C4:C21) -> 0 | D22: =IFERROR(ROUNDDOWN(C22/B22,0),"") -> 0 | F22: =IFERROR(C22-(D22*B22),"") -> 0
A24: VV63 ㈜지에스리테일고양일배센터 | B24: =$B$4 -> 36 | C24: =IFERROR(VLOOKUP(A24,#REF!,2,FALSE),0) -> 0 | D24: =IFERROR(ROUNDDOWN(C24/B24,0),"") -> 0 | E24: 고양 | F24: =IFERROR(C24-(D24*B24),"") -> 0
A25: VV64 ㈜지에스리테일고양일배2 | B25: =$B$4 -> 36 | C25: =IFERROR(VLOOKUP(A25,#REF!,2,FALSE),0) -> 0 | D25: =IFERROR(ROUNDDOWN(C25/B25,0),"") -> 0 | E25: 고양2 | F25: =IFERROR(C25-(D25*B25),"") -> 0
A26: VV81 (주)지에스리테일고양저온3 | B26: =$B$4 -> 36 | C26: =IFERROR(VLOOKUP(A26,#REF!,2,FALSE),0) -> 0 | D26: =IFERROR(ROUNDDOWN(C26/B26,0),"") -> 0 | E26: 고양3 | F26: =IFERROR(C26-(D26*B26),"") -> 0
A27: VV62 (주)지에스리테일김포2일배 | B27: =$B$4 -> 36 | C27: =IFERROR(VLOOKUP(A27,#REF!,2,FALSE),0) -> 0 | D27: =IFERROR(ROUNDDOWN(C27/B27,0),"") -> 0 | E27: 김포2 | F27: =IFERROR(C27-(D27*B27),"") -> 0
A28: VV70 ㈜지에스리테일김포3일배 | B28: =$B$4 -> 36 | C28: =IFERROR(VLOOKUP(A28,#REF!,2,FALSE),0) -> 0 | D28: =IFERROR(ROUNDDOWN(C28/B28,0),"") -> 0 | E28: 김포3 | F28: =IFERROR(C28-(D28*B28),"") -> 0 | G28: =IFERROR(ROUNDDOWN(SUM($F$29:$F$43)/$B$29,0),"") -> 0 | H28: =IFERROR(SUM(F29:F43)-(G28*B28),"") -> 0
A29: VV98 (주)지에스리테일고촌저온 | B29: =$B$4 -> 36 | C29: =IFERROR(VLOOKUP(A29,#REF!,2,FALSE),0) -> 0 | D29: =IFERROR(ROUNDDOWN(C29/B29,0),"") -> 0 | E29: 고촌 | F29: =IFERROR(C29-(D29*B29),"") -> 0
A30: VV99 (주)지에스리테일고촌2저온 | B30: =$B$4 -> 36 | C30: =IFERROR(VLOOKUP(A30,#REF!,2,FALSE),0) -> 0 | D30: =IFERROR(ROUNDDOWN(C30/B30,0),"") -> 0 | E30: 고촌2 | F30: =IFERROR(C30-(D30*B30),"") -> 0
A31: VV90 (주)지에스리테일포천저온 | B31: =$B$4 -> 36 | C31: =IFERROR(VLOOKUP(A31,#REF!,2,FALSE),0) -> 0 | D31: =IFERROR(ROUNDDOWN(C31/B31,0),"") -> 0 | E31: 포천 | F31: =IFERROR(C31-(D31*B31),"") -> 0
A32: VV91 (주)지에스리테일포천2저온 | B32: =$B$4 -> 36 | C32: =IFERROR(VLOOKUP(A32,#REF!,2,FALSE),0) -> 0 | D32: =IFERROR(ROUNDDOWN(C32/B32,0),"") -> 0 | E32: 포천2 | F32: =IFERROR(C32-(D32*B32),"") -> 0
A33: VV66 지에스리테일인천도화일배 | B33: =$B$4 -> 36 | C33: =IFERROR(VLOOKUP(A33,#REF!,2,FALSE),0) -> 0 | D33: =IFERROR(ROUNDDOWN(C33/B33,0),"") -> 0 | E33: 도화 | F33: =IFERROR(C33-(D33*B33),"") -> 0
A34: VV67 지에스리테일인천도화2일배 | B34: =$B$4 -> 36 | C34: =IFERROR(VLOOKUP(A34,#REF!,2,FALSE),0) -> 0 | D34: =IFERROR(ROUNDDOWN(C34/B34,0),"") -> 0 | E34: 도화2 | F34: =IFERROR(C34-(D34*B34),"") -> 0 | G34: =IFERROR(ROUNDDOWN(SUM($F$35:$F$43)/$B$35,0),"") -> 0 | H34: =IFERROR(SUM($F$35:$F$43)-($G$34*$B$35),"") -> 0
A35: VV17 (주)지에스리테일발안일배 | B35: =$B$4 -> 36 | C35: =IFERROR(VLOOKUP(A35,#REF!,2,FALSE),0) -> 0 | D35: =IFERROR(ROUNDDOWN(C35/B35,0),"") -> 0 | E35: 발안 | F35: =IFERROR(C35-(D35*B35),"") -> 0
A36: VV71 (주)지에스리테일발안2일배 | B36: =$B$4 -> 36 | C36: =IFERROR(VLOOKUP(A36,#REF!,2,FALSE),0) -> 0 | D36: =IFERROR(ROUNDDOWN(C36/B36,0),"") -> 0 | E36: 발안2 | F36: =IFERROR(C36-(D36*B36),"") -> 0
A37: VV85 지에스리테일신오산1저온 | B37: =$B$4 -> 36 | C37: =IFERROR(VLOOKUP(A37,#REF!,2,FALSE),0) -> 0 | D37: =IFERROR(ROUNDDOWN(C37/B37,0),"") -> 0 | E37: 신오산1 | F37: =IFERROR(C37-(D37*B37),"") -> 0
A38: VV86 지에스리테일신오산2저온 | B38: =$B$4 -> 36 | C38: =IFERROR(VLOOKUP(A38,#REF!,2,FALSE),0) -> 0 | D38: =IFERROR(ROUNDDOWN(C38/B38,0),"") -> 0 | E38: 신오산2 | F38: =IFERROR(C38-(D38*B38),"") -> 0
A39: VV87 지에스리테일신오산3저온 | B39: =$B$4 -> 36 | C39: =IFERROR(VLOOKUP(A39,#REF!,2,FALSE),0) -> 0 | D39: =IFERROR(ROUNDDOWN(C39/B39,0),"") -> 0 | E39: 신오산3 | F39: =IFERROR(C39-(D39*B39),"") -> 0 | G39: =IFERROR(ROUNDDOWN(SUM($F$40:$F$43)/$B$35,0),"") -> 0 | H39: =IFERROR(SUM($F$40:$F$43)-($G$39*$B$35),"") -> 0
A40: VV53 (주)지에스리테일송파일배 | B40: =$B$4 -> 36 | C40: =IFERROR(VLOOKUP(A40,#REF!,2,FALSE),0) -> 0 | D40: =IFERROR(ROUNDDOWN(C40/B40,0),"") -> 0 | E40: 송파 | F40: =IFERROR(C40-(D40*B40),"") -> 0
A41: VV55 (주)지에스리테일송파2일배 | B41: =$B$4 -> 36 | C41: =IFERROR(VLOOKUP(A41,#REF!,2,FALSE),0) -> 0 | D41: =IFERROR(ROUNDDOWN(C41/B41,0),"") -> 0 | E41: 송파2 | F41: =IFERROR(C41-(D41*B41),"") -> 0
A42: VV93 (주)지에스리테일곤지암센터 | B42: =$B$4 -> 36 | C42: =IFERROR(VLOOKUP(A42,#REF!,2,FALSE),0) -> 0 | D42: =IFERROR(ROUNDDOWN(C42/B42,0),"") -> 0 | E42: 곤지암 | F42: =IFERROR(C42-(D42*B42),"") -> 0
A43: VV94 (주)지에스리테일곤지암2센 | B43: =$B$4 -> 36 | C43: =IFERROR(VLOOKUP(A43,#REF!,2,FALSE),0) -> 0 | D43: =IFERROR(ROUNDDOWN(C43/B43,0),"") -> 0 | E43: 곤지암2 | F43: =IFERROR(C43-(D43*B43),"") -> 0
A45: B구역 합계 | B45: =B4 -> 36 | C45: =SUM(C24:C43) -> 0 | D45: =IFERROR(ROUNDDOWN(C45/B45,0),"") -> 0 | F45: =IFERROR(C45-(D45*B45),"") -> 0
A47: 총합계 | B47: =B4 -> 36 | C47: =C22+C45 -> 0 | D47: =IFERROR(ROUNDDOWN(C47/B47,0),"") -> 0 | F47: =IFERROR(C47-(D47*B47),"") -> 0 | G47: 소분박스 | H47: 소분낱개
A48: 총 박스 수량 / 총 낱개 수량 | B48: □ | D48: =SUM(D4:D20,D24:D43) -> 0 | F48: =SUM(F4:F20,F24:F43) -> 0 | G48: =IFERROR(ROUNDDOWN(F48/B4,0),"") -> 0 | H48: =IFERROR(F48-(G48*B4),"") -> 0
G49: 김하나 | H49: □

Sheet 2300원굿딜)매콤불고기2
A1: 고기
A2: =TODAY() -> 46310 | B2: 대신 □ | G2: 박스 | H2: 낱개
A3: 행 레이블 | B3: 입수 | C3: 2300원굿딜)매콤불고기2 | D3: 박스 | E3: 센터명 | F3: 낱개
A4: VV57 (주)지에스리테일김해일배 | B4: 36 | C4: =IFERROR(VLOOKUP(A4,#REF!,3,FALSE),0) -> 0 | D4: =IFERROR(ROUNDDOWN(C4/B4,0),"") -> 0 | E4: 김해 | F4: =IFERROR(C4-(D4*B4),"") -> 0
A5: VV58 (주)지에스리테일김해2일배 | B5: =$B$4 -> 36 | C5: =IFERROR(VLOOKUP(A5,#REF!,3,FALSE),0) -> 0 | D5: =IFERROR(ROUNDDOWN(C5/B5,0),"") -> 0 | E5: 김해2 | F5: =IFERROR(C5-(D5*B5),"") -> 0 | G5: =IFERROR(ROUNDDOWN(SUM($F$6:$F$14,$F$18:$F$43)/$B$4,0),"") -> 0 | H5: =IFERROR(SUM($F$6:$F$14,F18:F43)-($G$5*$B$4),"") -> 0
A6: VV25 (주)지에스리테일진주일배 | B6: =$B$4 -> 36 | C6: =IFERROR(VLOOKUP(A6,#REF!,3,FALSE),0) -> 0 | D6: =IFERROR(ROUNDDOWN(C6/B6,0),"") -> 0 | E6: 진주 | F6: =IFERROR(C6-(D6*B6),"") -> 0
A7: VV20 (주)지에스리테일(해인CVS) | B7: =$B$4 -> 36 | C7: =IFERROR(VLOOKUP(A7,#REF!,3,FALSE),0) -> 0 | D7: =IFERROR(ROUNDDOWN(C7/B7,0),"") -> 0 | E7: CVS | F7: =IFERROR(C7-(D7*B7),"") -> 0
A8: VV92 (주)지에스리테일신제주저온 | B8: =$B$4 -> 36 | C8: =IFERROR(VLOOKUP(A8,#REF!,3,FALSE),0) -> 0 | D8: =IFERROR(ROUNDDOWN(C8/B8,0),"") -> 0 | E8: 신제주 | F8: =IFERROR(C8-(D8*B8),"") -> 0 | G8: =IFERROR(ROUNDDOWN(SUM($F$9:$F$14,$F$18:$F$43)/$B$4,0),"") -> 0 | H8: =IFERROR(SUM($F$9:$F$14,F18:F43)-($G8*$B$4),"") -> 0
A9: VV95 (주)지에스리테일신광주저온 | B9: =$B$4 -> 36 | C9: =IFERROR(VLOOKUP(A9,#REF!,3,FALSE),0) -> 0 | D9: =IFERROR(ROUNDDOWN(C9/B9,0),"") -> 0 | E9: 신광주 | F9: =IFERROR(C9-(D9*B9),"") -> 0
A10: VV96 (주)지에스리테일신광주2저 | B10: =$B$4 -> 36 | C10: =IFERROR(VLOOKUP(A10,#REF!,3,FALSE),0) -> 0 | D10: =IFERROR(ROUNDDOWN(C10/B10,0),"") -> 0 | E10: 신광주2 | F10: =IFERROR(C10-(D10*B10),"") -> 0
A11: VV65 ㈜지에스리테일익산일배 | B11: =$B$4 -> 36 | C11: =IFERROR(VLOOKUP(A11,#REF!,3,FALSE),0) -> 0 | D11: =IFERROR(ROUNDDOWN(C11/B11,0),"") -> 0 | E11: 익산 | F11: =IFERROR(C11-(D11*B11),"") -> 0 | G11: =IFERROR(ROUNDDOWN(SUM($F$12:$F$14,F18:F43)/$B$4,0),"") -> 0 | H11: =IFERROR(SUM($F$12:$F$14,F18:F43)-($G$11*$B$4),"") -> 0
A12: VV83 지에스리테일경산저온 | B12: =$B$4 -> 36 | C12: =IFERROR(VLOOKUP(A12,#REF!,3,FALSE),0) -> 0 | D12: =IFERROR(ROUNDDOWN(C12/B12,0),"") -> 0 | E12: 경산 | F12: =IFERROR(C12-(D12*B12),"") -> 0
A13: VV84 ㈜지에스리테일경산2저온 | B13: =$B$4 -> 36 | C13: =IFERROR(VLOOKUP(A13,#REF!,3,FALSE),0) -> 0 | D13: =IFERROR(ROUNDDOWN(C13/B13,0),"") -> 0 | E13: 경산2 | F13: =IFERROR(C13-(D13*B13),"") -> 0
A14: VV97 (주)지에스리테일경산3저온 | B14: =$B$4 -> 36 | C14: =IFERROR(VLOOKUP(A14,#REF!,3,FALSE),0) -> 0 | D14: =IFERROR(ROUNDDOWN(C14/B14,0),"") -> 0 | E14: 경산3 | F14: =IFERROR(C14-(D14*B14),"") -> 0 | G14: =IFERROR(ROUNDDOWN(SUM($F$18:$F$43)/$B$4,0),"") -> 0 | H14: =IFERROR(SUM($F$18:$F$43)-($G$14*$B$4),"") -> 0
A16: A구역 합계 | B16: =B4 -> 36 | C16: =SUM($C$4:$C$14) -> 0 | D16: =IFERROR(ROUNDDOWN(C16/B16,0),"") -> 0 | F16: =IFERROR(C16-(D16*B16),"") -> 0
A18: VV34 (주)지에스리테일청주일배 | B18: =$B$4 -> 36 | C18: =IFERROR(VLOOKUP(A18,#REF!,3,FALSE),0) -> 0 | D18: =IFERROR(ROUNDDOWN(C18/B18,0),"") -> 0 | E18: 청주 | F18: =IFERROR(C18-(D18*B18),"") -> 0
A19: VV04 (주)지에스리테일공주일배 | B19: =$B$4 -> 36 | C19: =IFERROR(VLOOKUP(A19,#REF!,3,FALSE),0) -> 0 | D19: =IFERROR(ROUNDDOWN(C19/B19,0),"") -> 0 | E19: 공주 | F19: =IFERROR(C19-(D19*B19),"") -> 0
A20: VV75 (주)지에스리테일공주2일배 | B20: =$B$4 -> 36 | C20: =IFERROR(VLOOKUP(A20,#REF!,3,FALSE),0) -> 0 | D20: =IFERROR(ROUNDDOWN(C20/B20,0),"") -> 0 | E20: 공주2 | F20: =IFERROR(C20-(D20*B20),"") -> 0 | G20: =IFERROR(ROUNDDOWN(SUM($F$21:$F$43)/$B$4,0),"") -> 0 | H20: =IFERROR(SUM($F$21:$F$43)-($G$20*$B$19),"") -> 0
A21: VV17 (주)지에스리테일발안일배 | B21: =$B$4 -> 36 | C21: =IFERROR(VLOOKUP(A21,#REF!,3,FALSE),0) -> 0 | D21: =IFERROR(ROUNDDOWN(C21/B21,0),"") -> 0 | E21: 발안 | F21: =IFERROR(C21-(D21*B21),"") -> 0
A22: VV71 (주)지에스리테일발안2일배 | B22: =$B$4 -> 36 | C22: =IFERROR(VLOOKUP(A22,#REF!,3,FALSE),0) -> 0 | D22: =IFERROR(ROUNDDOWN(C22/B22,0),"") -> 0 | E22: 발안2 | F22: =IFERROR(C22-(D22*B22),"") -> 0
A23: VV03 (주)지에스리테일(아신A) | B23: =$B$4 -> 36 | C23: =IFERROR(VLOOKUP(A23,#REF!,3,FALSE),0) -> 0 | D23: =IFERROR(ROUNDDOWN(C23/B23,0),"") -> 0 | E23: 아신A | F23: =IFERROR(C23-(D23*B23),"") -> 0 | G23: =IFERROR(ROUNDDOWN(SUM($F$24:$F$43)/$B$4,0),"") -> 0 | H23: =IFERROR(SUM($F$24:$F$43)-($G$23*$B$23),"") -> 0
A24: VV85 지에스리테일신오산1저온 | B24: =$B$4 -> 36 | C24: =IFERROR(VLOOKUP(A24,#REF!,3,FALSE),0) -> 0 | D24: =IFERROR(ROUNDDOWN(C24/B24,0),"") -> 0 | E24: 신오산1 | F24: =IFERROR(C24-(D24*B24),"") -> 0
A25: VV86 지에스리테일신오산2저온 | B25: =$B$4 -> 36 | C25: =IFERROR(VLOOKUP(A25,#REF!,3,FALSE),0) -> 0 | D25: =IFERROR(ROUNDDOWN(C25/B25,0),"") -> 0 | E25: 신오산2 | F25: =IFERROR(C25-(D25*B25),"") -> 0
A26: VV87 지에스리테일신오산3저온 | B26: =$B$4 -> 36 | C26: =IFERROR(VLOOKUP(A26,#REF!,3,FALSE),0) -> 0 | D26: =IFERROR(ROUNDDOWN(C26/B26,0),"") -> 0 | E26: 신오산3 | F26: =IFERROR(C26-(D26*B26),"") -> 0 | G26: =IFERROR(ROUNDDOWN(SUM($F$27:$F$43)/$B$4,0),"") -> 0 | H26: =IFERROR(SUM($F$27:$F$43)-($G$26*$B$28),"") -> 0
A27: VV16 (주)지에스리테일원주일배 | B27: =$B$4 -> 36 | C27: =IFERROR(VLOOKUP(A27,#REF!,3,FALSE),0) -> 0 | D27: =IFERROR(ROUNDDOWN(C27/B27,0),"") -> 0 | E27: 원주 | F27: =IFERROR(C27-(D27*B27),"") -> 0
A28: VV69 ㈜지에스리테일강릉일배센터 | B28: =$B$4 -> 36 | C28: =IFERROR(VLOOKUP(A28,#REF!,3,FALSE),0) -> 0 | D28: =IFERROR(ROUNDDOWN(C28/B28,0),"") -> 0 | E28: 강릉 | F28: =IFERROR(C28-(D28*B28),"") -> 0
A29: VV62 (주)지에스리테일김포2일배 | B29: =$B$4 -> 36 | C29: =IFERROR(VLOOKUP(A29,#REF!,3,FALSE),0) -> 0 | D29: =IFERROR(ROUNDDOWN(C29/B29,0),"") -> 0 | E29: 김포2 | F29: =IFERROR(C29-(D29*B29),"") -> 0
A30: VV70 ㈜지에스리테일김포3일배 | B30: =$B$4 -> 36 | C30: =IFERROR(VLOOKUP(A30,#REF!,3,FALSE),0) -> 0 | D30: =IFERROR(ROUNDDOWN(C30/B30,0),"") -> 0 | E30: 김포3 | F30: =IFERROR(C30-(D30*B30),"") -> 0
A31: VV98 (주)지에스리테일고촌저온 | B31: =$B$4 -> 36 | C31: =IFERROR(VLOOKUP(A31,#REF!,3,FALSE),0) -> 0 | D31: =IFERROR(ROUNDDOWN(C31/B31,0),"") -> 0 | E31: 고촌 | F31: =IFERROR(C31-(D31*B31),"") -> 0
A32: VV99 (주)지에스리테일고촌2저온 | B32: =$B$4 -> 36 | C32: =IFERROR(VLOOKUP(A32,#REF!,3,FALSE),0) -> 0 | D32: =IFERROR(ROUNDDOWN(C32/B32,0),"") -> 0 | E32: 고촌2 | F32: =IFERROR(C32-(D32*B32),"") -> 0
A33: VV63 ㈜지에스리테일고양일배센터 | B33: =$B$4 -> 36 | C33: =IFERROR(VLOOKUP(A33,#REF!,3,FALSE),0) -> 0 | D33: =IFERROR(ROUNDDOWN(C33/B33,0),"") -> 0 | E33: 고양 | F33: =IFERROR(C33-(D33*B33),"") -> 0
A34: VV64 ㈜지에스리테일고양일배2 | B34: =$B$4 -> 36 | C34: =IFERROR(VLOOKUP(A34,#REF!,3,FALSE),0) -> 0 | D34: =IFERROR(ROUNDDOWN(C34/B34,0),"") -> 0 | E34: 고양2 | F34: =IFERROR(C34-(D34*B34),"") -> 0
A35: VV81 (주)지에스리테일고양저온3 | B35: =$B$4 -> 36 | C35: =IFERROR(VLOOKUP(A35,#REF!,3,FALSE),0) -> 0 | D35: =IFERROR(ROUNDDOWN(C35/B35,0),"") -> 0 | E35: 고양3 | F35: =IFERROR(C35-(D35*B35),"") -> 0
A36: VV90 (주)지에스리테일포천저온 | B36: =$B$4 -> 36 | C36: =IFERROR(VLOOKUP(A36,#REF!,3,FALSE),0) -> 0 | D36: =IFERROR(ROUNDDOWN(C36/B36,0),"") -> 0 | E36: 포천 | F36: =IFERROR(C36-(D36*B36),"") -> 0
A37: VV91 (주)지에스리테일포천2저온 | B37: =$B$4 -> 36 | C37: =IFERROR(VLOOKUP(A37,#REF!,3,FALSE),0) -> 0 | D37: =IFERROR(ROUNDDOWN(C37/B37,0),"") -> 0 | E37: 포천2 | F37: =IFERROR(C37-(D37*B37),"") -> 0 | G37: =IFERROR(ROUNDDOWN(SUM($F$38:$F$43)/$B$4,0),"") -> 0 | H37: =IFERROR(SUM($F$38:$F$43)-($G$37*$B$28),"") -> 0
A38: VV66 지에스리테일인천도화일배 | B38: =$B$4 -> 36 | C38: =IFERROR(VLOOKUP(A38,#REF!,3,FALSE),0) -> 0 | D38: =IFERROR(ROUNDDOWN(C38/B38,0),"") -> 0 | E38: 도화 | F38: =IFERROR(C38-(D38*B38),"") -> 0
A39: VV67 지에스리테일인천도화2일배 | B39: =$B$4 -> 36 | C39: =IFERROR(VLOOKUP(A39,#REF!,3,FALSE),0) -> 0 | D39: =IFERROR(ROUNDDOWN(C39/B39,0),"") -> 0 | E39: 도화2 | F39: =IFERROR(C39-(D39*B39),"") -> 0
A40: VV53 (주)지에스리테일송파일배 | B40: =$B$4 -> 36 | C40: =IFERROR(VLOOKUP(A40,#REF!,3,FALSE),0) -> 0 | D40: =IFERROR(ROUNDDOWN(C40/B40,0),"") -> 0 | E40: 송파 | F40: =IFERROR(C40-(D40*B40),"") -> 0
A41: VV55 (주)지에스리테일송파2일배 | B41: =$B$4 -> 36 | C41: =IFERROR(VLOOKUP(A41,#REF!,3,FALSE),0) -> 0 | D41: =IFERROR(ROUNDDOWN(C41/B41,0),"") -> 0 | E41: 송파2 | F41: =IFERROR(C41-(D41*B41),"") -> 0
A42: VV93 (주)지에스리테일곤지암센터 | B42: =$B$4 -> 36 | C42: =IFERROR(VLOOKUP(A42,#REF!,3,FALSE),0) -> 0 | D42: =IFERROR(ROUNDDOWN(C42/B42,0),"") -> 0 | E42: 곤지암 | F42: =IFERROR(C42-(D42*B42),"") -> 0
A43: VV94 (주)지에스리테일곤지암2센 | B43: =$B$4 -> 36 | C43: =IFERROR(VLOOKUP(A43,#REF!,3,FALSE),0) -> 0 | D43: =IFERROR(ROUNDDOWN(C43/B43,0),"") -> 0 | E43: 곤지암2 | F43: =IFERROR(C43-(D43*B43),"") -> 0
A45: B구역 합계 | B45: =B20 -> 36 | C45: =SUM($C$18:$C$43) -> 0 | D45: =IFERROR(ROUNDDOWN(C45/B45,0),"") -> 0 | F45: =IFERROR(C45-(D45*B45),"") -> 0
A47: 총합계 | B47: =B27 -> 36 | C47: =SUM($C$16,$C$45) -> 0 | D47: =IFERROR(ROUNDDOWN(C47/B47,0),"") -> 0 | F47: =IFERROR(C47-(D47*B47),"") -> 0 | G47: 소분박스 | H47: 소분낱개
A48: 총 박스 수량 / 총 낱개 수량 | B48: □ | D48: =SUM($D$4:$D$14,D18:D43) -> 0 | F48: =SUM($F$4:$F$14,$F$18:$F$43) -> 0 | G48: =IFERROR(ROUNDDOWN($F$48/$B$4,0),"") -> 0 | H48: =IFERROR($F$48-($G$48*$B$4),"") -> 0
G49: 김하나 | H49: □

Sheet 2300원굿딜)불갈비버거1
A1: 고기
A2: =TODAY() -> 46310 | B2: 대신 □ | G2: 박스 | H2: 낱개
A3: 행 레이블 | B3: 입수 | C3: 2300원굿딜)불갈비버거1 | D3: 박스 | E3: 센터명 | F3: 낱개
A4: VV16 (주)지에스리테일원주일배 | B4: 36 | C4: =IFERROR(VLOOKUP(A4,#REF!,4,FALSE),0) -> 0 | D4: =IFERROR(ROUNDDOWN(C4/B4,0),"") -> 0 | E4: 원주 | F4: =IFERROR(C4-(D4*B4),"") -> 0
A5: VV69 ㈜지에스리테일강릉일배센터 | B5: =$B$4 -> 36 | C5: =IFERROR(VLOOKUP(A5,#REF!,4,FALSE),0) -> 0 | D5: =IFERROR(ROUNDDOWN(C5/B5,0),"") -> 0 | E5: 강릉 | F5: =IFERROR(C5-(D5*B5),"") -> 0 | G5: =IFERROR(ROUNDDOWN(SUM($F$6:$F$20,F24:F43)/$B$12,0),"") -> 0 | H5: =IFERROR(SUM(F6:F20,F24:F43)-(G5*B6),"") -> 0
A6: VV57 (주)지에스리테일김해일배 | B6: =$B$4 -> 36 | C6: =IFERROR(VLOOKUP(A6,#REF!,4,FALSE),0) -> 0 | D6: =IFERROR(ROUNDDOWN(C6/B6,0),"") -> 0 | E6: 김해 | F6: =IFERROR(C6-(D6*B6),"") -> 0
A7: VV58 (주)지에스리테일김해2일배 | B7: =$B$4 -> 36 | C7: =IFERROR(VLOOKUP(A7,#REF!,4,FALSE),0) -> 0 | D7: =IFERROR(ROUNDDOWN(C7/B7,0),"") -> 0 | E7: 김해2 | F7: =IFERROR(C7-(D7*B7),"") -> 0
A8: VV25 (주)지에스리테일진주일배 | B8: =$B$4 -> 36 | C8: =IFERROR(VLOOKUP(A8,#REF!,4,FALSE),0) -> 0 | D8: =IFERROR(ROUNDDOWN(C8/B8,0),"") -> 0 | E8: 진주 | F8: =IFERROR(C8-(D8*B8),"") -> 0
A9: VV20 (주)지에스리테일(해인CVS) | B9: =$B$4 -> 36 | C9: =IFERROR(VLOOKUP(A9,#REF!,4,FALSE),0) -> 0 | D9: =IFERROR(ROUNDDOWN(C9/B9,0),"") -> 0 | E9: CVS | F9: =IFERROR(C9-(D9*B9),"") -> 0
A10: VV92 (주)지에스리테일신제주저온 | B10: =$B$4 -> 36 | C10: =IFERROR(VLOOKUP(A10,#REF!,4,FALSE),0) -> 0 | D10: =IFERROR(ROUNDDOWN(C10/B10,0),"") -> 0 | E10: 신제주 | F10: =IFERROR(C10-(D10*B10),"") -> 0
A11: VV95 (주)지에스리테일신광주저온 | B11: =$B$4 -> 36 | C11: =IFERROR(VLOOKUP(A11,#REF!,4,FALSE),0) -> 0 | D11: =IFERROR(ROUNDDOWN(C11/B11,0),"") -> 0 | E11: 신광주 | F11: =IFERROR(C11-(D11*B11),"") -> 0
A12: VV96 (주)지에스리테일신광주2저 | B12: =$B$4 -> 36 | C12: =IFERROR(VLOOKUP(A12,#REF!,4,FALSE),0) -> 0 | D12: =IFERROR(ROUNDDOWN(C12/B12,0),"") -> 0 | E12: 신광주2 | F12: =IFERROR(C12-(D12*B12),"") -> 0 | G12: =IFERROR(ROUNDDOWN(SUM($F$13:$F$20,F24:F43)/$B$12,0),"") -> 0 | H12: =IFERROR(SUM(F13:F20,F24:F43)-(G12*B13),"") -> 0
A13: VV83 지에스리테일경산저온 | B13: =$B$4 -> 36 | C13: =IFERROR(VLOOKUP(A13,#REF!,4,FALSE),0) -> 0 | D13: =IFERROR(ROUNDDOWN(C13/B13,0),"") -> 0 | E13: 경산 | F13: =IFERROR(C13-(D13*B13),"") -> 0
A14: VV84 ㈜지에스리테일경산2저온 | B14: =$B$4 -> 36 | C14: =IFERROR(VLOOKUP(A14,#REF!,4,FALSE),0) -> 0 | D14: =IFERROR(ROUNDDOWN(C14/B14,0),"") -> 0 | E14: 경산2 | F14: =IFERROR(C14-(D14*B14),"") -> 0
A15: VV97 (주)지에스리테일경산3저온 | B15: =$B$4 -> 36 | C15: =IFERROR(VLOOKUP(A15,#REF!,4,FALSE),0) -> 0 | D15: =IFERROR(ROUNDDOWN(C15/B15,0),"") -> 0 | E15: 경산3 | F15: =IFERROR(C15-(D15*B15),"") -> 0
A16: VV65 ㈜지에스리테일익산일배 | B16: =$B$4 -> 36 | C16: =IFERROR(VLOOKUP(A16,#REF!,4,FALSE),0) -> 0 | D16: =IFERROR(ROUNDDOWN(C16/B16,0),"") -> 0 | E16: 익산 | F16: =IFERROR(C16-(D16*B16),"") -> 0
A17: VV04 (주)지에스리테일공주일배 | B17: =$B$4 -> 36 | C17: =IFERROR(VLOOKUP(A17,#REF!,4,FALSE),0) -> 0 | D17: =IFERROR(ROUNDDOWN(C17/B17,0),"") -> 0 | E17: 공주 | F17: =IFERROR(C17-(D17*B17),"") -> 0
A18: VV75 (주)지에스리테일공주2일배 | B18: =$B$4 -> 36 | C18: =IFERROR(VLOOKUP(A18,#REF!,4,FALSE),0) -> 0 | D18: =IFERROR(ROUNDDOWN(C18/B18,0),"") -> 0 | E18: 공주2 | F18: =IFERROR(C18-(D18*B18),"") -> 0
A19: VV34 (주)지에스리테일청주일배 | B19: =$B$4 -> 36 | C19: =IFERROR(VLOOKUP(A19,#REF!,4,FALSE),0) -> 0 | D19: =IFERROR(ROUNDDOWN(C19/B19,0),"") -> 0 | E19: 청주 | F19: =IFERROR(C19-(D19*B19),"") -> 0
