Workbook

Sheet 스위트조이 피벗
A1: 10/19 | B1: 열 레이블
A2: 10/20 납품 | B2: 스위트)아이스망고75g | C2: 스위트)아이스복숭아75g | F2: 총합계
A3: 광주B냉동 | C3: 36 | F3: 36
A4: 광주냉동 | B4: 12 | C4: 24 | F4: 36
A5: 안성냉동 | B5: 120 | C5: 120 | F5: 240
A6: 양산냉동 | B6: 120 | F6: 120
A7: 양주냉동 | B7: 240 | F7: 240
A8: 원주냉동 | C8: 60 | F8: 60
A9: 인천냉동 | B9: 180 | C9: 180 | F9: 360
A10: 제주냉동 | B10: 120 | C10: 36 | F10: 156
A11: 총합계 | B11: 792 | C11: 456 | F11: 1248

Sheet 스위트)아이스망고75g
A2: =TODAY() -> 46314 | B2: 스위트조이 _세븐 <냉동> □
A3: ='스위트조이 피벗'!A2 -> 10/20 납품 | B3: 입수 | C3: 스위트)아이스망고75g | D3: 박스 | E3: 센터명 | F3: 낱개
A4: 수도권냉동 | B4: 12 | C4: =IFERROR(VLOOKUP(A4,'스위트조이 피벗'!A:TC,2,FALSE),0) -> 0 | D4: =IFERROR(ROUNDDOWN(C4/B4,0),"") -> 0 | E4: 수도권 | F4: =IFERROR(C4-(D4*B4),"") -> 0
A5: 안성냉동 | B5: =$B$4 -> 12 | C5: =IFERROR(VLOOKUP(A5,'스위트조이 피벗'!A:TC,2,FALSE),0) -> 120 | D5: =IFERROR(ROUNDDOWN(C5/B5,0),"") -> 10 | E5: 안성 | F5: =IFERROR(C5-(D5*B5),"") -> 0
A6: 세종냉동 | B6: =$B$4 -> 12 | C6: =IFERROR(VLOOKUP(A6,'스위트조이 피벗'!A:TC,2,FALSE),0) -> 0 | D6: =IFERROR(ROUNDDOWN(C6/B6,0),"") -> 0 | E6: 세종 | F6: =IFERROR(C6-(D6*B6),"") -> 0
A7: 인천냉동 | B7: =$B$4 -> 12 | C7: =IFERROR(VLOOKUP(A7,'스위트조이 피벗'!A:TC,2,FALSE),0) -> 180 | D7: =IFERROR(ROUNDDOWN(C7/B7,0),"") -> 15 | E7: 인천 | F7: =IFERROR(C7-(D7*B7),"") -> 0
A8: 해인기흥냉동 | B8: =$B$4 -> 12 | C8: =IFERROR(VLOOKUP(A8,'스위트조이 피벗'!A:TC,2,FALSE),0) -> 0 | D8: =IFERROR(ROUNDDOWN(C8/B8,0),"") -> 0 | E8: 해인기흥 | F8: =IFERROR(C8-(D8*B8),"") -> 0
A9: 수원냉동 | B9: =$B$4 -> 12 | C9: =IFERROR(VLOOKUP(A9,'스위트조이 피벗'!A:TC,2,FALSE),0) -> 0 | D9: =IFERROR(ROUNDDOWN(C9/B9,0),"") -> 0 | E9: 수원 | F9: =IFERROR(C9-(D9*B9),"") -> 0
A10: 오포냉동 | B10: =$B$4 -> 12 | C10: =IFERROR(VLOOKUP(A10,'스위트조이 피벗'!A:TC,2,FALSE),0) -> 0 | D10: =IFERROR(ROUNDDOWN(C10/B10,0),"") -> 0 | E10: 오포 | F10: =IFERROR(C10-(D10*B10),"") -> 0
A11: 양주냉동 | B11: =$B$4 -> 12 | C11: =IFERROR(VLOOKUP(A11,'스위트조이 피벗'!A:TC,2,FALSE),0) -> 240 | D11: =IFERROR(ROUNDDOWN(C11/B11,0),"") -> 20 | E11: 양주 | F11: =IFERROR(C11-(D11*B11),"") -> 0
A12: 원주냉동 | B12: =$B$4 -> 12 | C12: =IFERROR(VLOOKUP(A12,'스위트조이 피벗'!A:TC,2,FALSE),0) -> 0 | D12: =IFERROR(ROUNDDOWN(C12/B12,0),"") -> 0 | E12: 원주 | F12: =IFERROR(C12-(D12*B12),"") -> 0
A14: 수도권 합계 | B14: =$B$4 -> 12 | C14: =SUM(C4:C12) -> 540 | D14: =IFERROR(ROUNDDOWN(C14/B14,0),"") -> 45 | F14: =IFERROR(C14-(D14*B14),"") -> 0
A16: 부산냉동 | B16: =$B$4 -> 12 | C16: =IFERROR(VLOOKUP(A16,'스위트조이 피벗'!A:TC,2,FALSE),0) -> 0 | D16: =IFERROR(ROUNDDOWN(C16/B16,0),"") -> 0 | E16: 부산 | F16: =IFERROR(C16-(D16*B16),"") -> 0
A17: 양산냉동 | B17: =$B$4 -> 12 | C17: =IFERROR(VLOOKUP(A17,'스위트조이 피벗'!A:TC,2,FALSE),0) -> 120 | D17: =IFERROR(ROUNDDOWN(C17/B17,0),"") -> 10 | E17: 양산 | F17: =IFERROR(C17-(D17*B17),"") -> 0
A19: 경남(김해)합계 | B19: =$B$4 -> 12 | C19: =SUM(C16:C17) -> 120 | D19: =IFERROR(ROUNDDOWN(C19/B19,0),"") -> 10 | F19: =IFERROR(C19-(D19*B19),"") -> 0
A21: 대구냉동 | B21: =$B$4 -> 12 | C21: =IFERROR(VLOOKUP(A21,'스위트조이 피벗'!A:TC,2,FALSE),0) -> 0 | D21: =IFERROR(ROUNDDOWN(C21/B21,0),"") -> 0 | E21: 대구 | F21: =IFERROR(C21-(D21*B21),"") -> 0
A22: 칠곡냉동 | B22: =$B$4 -> 12 | C22: =IFERROR(VLOOKUP(A22,'스위트조이 피벗'!A:TC,2,FALSE),0) -> 0 | D22: =IFERROR(ROUNDDOWN(C22/B22,0),"") -> 0 | E22: 칠곡 | F22: =IFERROR(C22-(D22*B22),"") -> 0
A24: 경북(칠곡)합계 | B24: =$B$4 -> 12 | C24: =SUM(C21:C22) -> 0 | D24: =IFERROR(ROUNDDOWN(C24/B24,0),"") -> 0 | F24: =IFERROR(C24-(D24*B24),"") -> 0
A26: 광주냉동 | B26: =$B$4 -> 12 | C26: =IFERROR(VLOOKUP(A26,'스위트조이 피벗'!A:TC,2,FALSE),0) -> 12 | D26: =IFERROR(ROUNDDOWN(C26/B26,0),"") -> 1 | E26: 광주 | F26: =IFERROR(C26-(D26*B26),"") -> 0
A27: 광주B냉동 | B27: =$B$4 -> 12 | C27: =IFERROR(VLOOKUP(A27,'스위트조이 피벗'!A:TC,2,FALSE),0) -> 0 | D27: =IFERROR(ROUNDDOWN(C27/B27,0),"") -> 0 | E27: 광주B | F27: =IFERROR(C27-(D27*B27),"") -> 0
A28: 김제냉동 | B28: =$B$4 -> 12 | C28: =IFERROR(VLOOKUP(A28,'스위트조이 피벗'!A:TC,2,FALSE),0) -> 0 | D28: =IFERROR(ROUNDDOWN(C28/B28,0),"") -> 0 | E28: 김제 | F28: =IFERROR(C28-(D28*B28),"") -> 0
A30: 호남권 합계 | B30: =$B$4 -> 12 | C30: =SUM(C26:C28) -> 12 | D30: =IFERROR(ROUNDDOWN(C30/B30,0),"") -> 1 | F30: =IFERROR(C30-(D30*B30),"") -> 0
A32: 제주냉동 | B32: 12 | C32: =IFERROR(VLOOKUP(A32,'스위트조이 피벗'!A:TC,2,FALSE),0) -> 120 | D32: =IFERROR(ROUNDDOWN(C32/B32,0),"") -> 10 | E32: 제주 | F32: =IFERROR(C32-(D32*B32),"") -> 0
A34: 총합계 | B34: =$B$4 -> 12 | C34: =SUM(C4:C12,C26:C28,C21:C22,C16:C17,C32) -> 792 | D34: =IFERROR(ROUNDDOWN(C34/B34,0),"") -> 66 | F34: =IFERROR(C34-(D34*B34),"") -> 0
A35: 총 박스/총 낱개수량 | B35: □ | D35: =SUM(D4:D12,D26:D28,D21:D22,D16:D17,D32) -> 66 | F35: =SUM(F4:F12,F26:F28,F21:F22,F16:F17,F32) -> 0
C36: =C14+C19+C24+C30+C32 -> 792
C37: =C36=C34 -> TRUE

Sheet 스위트)아이스복숭아75g
A2: =TODAY() -> 46314 | B2: 스위트조이 _세븐 <냉동> □
A3: ='스위트조이 피벗'!A2 -> 10/20 납품 | B3: 입수 | C3: 스위트)아이스복숭아75g | D3: 박스 | E3: 센터명 | F3: 낱개
A4: 수도권냉동 | B4: 12 | C4: =IFERROR(VLOOKUP(A4,'스위트조이 피벗'!A:TC,3,FALSE),0) -> 0 | D4: =IFERROR(ROUNDDOWN(C4/B4,0),"") -> 0 | E4: 수도권 | F4: =IFERROR(C4-(D4*B4),"") -> 0
A5: 안성냉동 | B5: =$B$4 -> 12 | C5: =IFERROR(VLOOKUP(A5,'스위트조이 피벗'!A:TC,3,FALSE),0) -> 120 | D5: =IFERROR(ROUNDDOWN(C5/B5,0),"") -> 10 | E5: 안성 | F5: =IFERROR(C5-(D5*B5),"") -> 0
A6: 세종냉동 | B6: =$B$4 -> 12 | C6: =IFERROR(VLOOKUP(A6,'스위트조이 피벗'!A:TC,3,FALSE),0) -> 0 | D6: =IFERROR(ROUNDDOWN(C6/B6,0),"") -> 0 | E6: 세종 | F6: =IFERROR(C6-(D6*B6),"") -> 0
A7: 인천냉동 | B7: =$B$4 -> 12 | C7: =IFERROR(VLOOKUP(A7,'스위트조이 피벗'!A:TC,3,FALSE),0) -> 180 | D7: =IFERROR(ROUNDDOWN(C7/B7,0),"") -> 15 | E7: 인천 | F7: =IFERROR(C7-(D7*B7),"") -> 0
A8: 해인기흥냉동 | B8: =$B$4 -> 12 | C8: =IFERROR(VLOOKUP(A8,'스위트조이 피벗'!A:TC,3,FALSE),0) -> 0 | D8: =IFERROR(ROUNDDOWN(C8/B8,0),"") -> 0 | E8: 해인기흥 | F8: =IFERROR(C8-(D8*B8),"") -> 0
A9: 수원냉동 | B9: =$B$4 -> 12 | C9: =IFERROR(VLOOKUP(A9,'스위트조이 피벗'!A:TC,3,FALSE),0) -> 0 | D9: =IFERROR(ROUNDDOWN(C9/B9,0),"") -> 0 | E9: 수원 | F9: =IFERROR(C9-(D9*B9),"") -> 0
A10: 오포냉동 | B10: =$B$4 -> 12 | C10: =IFERROR(VLOOKUP(A10,'스위트조이 피벗'!A:TC,3,FALSE),0) -> 0 | D10: =IFERROR(ROUNDDOWN(C10/B10,0),"") -> 0 | E10: 오포 | F10: =IFERROR(C10-(D10*B10),"") -> 0
A11: 양주냉동 | B11: =$B$4 -> 12 | C11: =IFERROR(VLOOKUP(A11,'스위트조이 피벗'!A:TC,3,FALSE),0) -> 0 | D11: =IFERROR(ROUNDDOWN(C11/B11,0),"") -> 0 | E11: 양주 | F11: =IFERROR(C11-(D11*B11),"") -> 0
A12: 원주냉동 | B12: =$B$4 -> 12 | C12: =IFERROR(VLOOKUP(A12,'스위트조이 피벗'!A:TC,3,FALSE),0) -> 60 | D12: =IFERROR(ROUNDDOWN(C12/B12,0),"") -> 5 | E12: 원주 | F12: =IFERROR(C12-(D12*B12),"") -> 0
A14: 수도권 합계 | B14: =$B$4 -> 12 | C14: =SUM(C4:C12) -> 360 | D14: =IFERROR(ROUNDDOWN(C14/B14,0),"") -> 30 | F14: =IFERROR(C14-(D14*B14),"") -> 0
A16: 부산냉동 | B16: =$B$4 -> 12 | C16: =IFERROR(VLOOKUP(A16,'스위트조이 피벗'!A:TC,3,FALSE),0) -> 0 | D16: =IFERROR(ROUNDDOWN(C16/B16,0),"") -> 0 | E16: 부산 | F16: =IFERROR(C16-(D16*B16),"") -> 0
A17: 양산냉동 | B17: =$B$4 -> 12 | C17: =IFERROR(VLOOKUP(A17,'스위트조이 피벗'!A:TC,3,FALSE),0) -> 0 | D17: =IFERROR(ROUNDDOWN(C17/B17,0),"") -> 0 | E17: 양산 | F17: =IFERROR(C17-(D17*B17),"") -> 0
A19: 경남(김해)합계 | B19: =$B$4 -> 12 | C19: =SUM(C16:C17) -> 0 | D19: =IFERROR(ROUNDDOWN(C19/B19,0),"") -> 0 | F19: =IFERROR(C19-(D19*B19),"") -> 0
A21: 대구냉동 | B21: =$B$4 -> 12 | C21: =IFERROR(VLOOKUP(A21,'스위트조이 피벗'!A:TC,3,FALSE),0) -> 0 | D21: =IFERROR(ROUNDDOWN(C21/B21,0),"") -> 0 | E21: 대구 | F21: =IFERROR(C21-(D21*B21),"") -> 0
A22: 칠곡냉동 | B22: =$B$4 -> 12 | C22: =IFERROR(VLOOKUP(A22,'스위트조이 피벗'!A:TC,3,FALSE),0) -> 0 | D22: =IFERROR(ROUNDDOWN(C22/B22,0),"") -> 0 | E22: 칠곡 | F22: =IFERROR(C22-(D22*B22),"") -> 0
A24: 경북(칠곡)합계 | B24: =$B$4 -> 12 | C24: =SUM(C21:C22) -> 0 | D24: =IFERROR(ROUNDDOWN(C24/B24,0),"") -> 0 | F24: =IFERROR(C24-(D24*B24),"") -> 0
A26: 광주냉동 | B26: =$B$4 -> 12 | C26: =IFERROR(VLOOKUP(A26,'스위트조이 피벗'!A:TC,3,FALSE),0) -> 24 | D26: =IFERROR(ROUNDDOWN(C26/B26,0),"") -> 2 | E26: 광주 | F26: =IFERROR(C26-(D26*B26),"") -> 0
A27: 광주B냉동 | B27: =$B$4 -> 12 | C27: =IFERROR(VLOOKUP(A27,'스위트조이 피벗'!A:TC,3,FALSE),0) -> 36 | D27: =IFERROR(ROUNDDOWN(C27/B27,0),"") -> 3 | E27: 광주B | F27: =IFERROR(C27-(D27*B27),"") -> 0
A28: 김제냉동 | B28: =$B$4 -> 12 | C28: =IFERROR(VLOOKUP(A28,'스위트조이 피벗'!A:TC,3,FALSE),0) -> 0 | D28: =IFERROR(ROUNDDOWN(C28/B28,0),"") -> 0 | E28: 김제 | F28: =IFERROR(C28-(D28*B28),"") -> 0
A30: 호남권 합계 | B30: =$B$4 -> 12 | C30: =SUM(C26:C28) -> 60 | D30: =IFERROR(ROUNDDOWN(C30/B30,0),"") -> 5 | F30: =IFERROR(C30-(D30*B30),"") -> 0
A32: 제주냉동 | B32: 12 | C32: =IFERROR(VLOOKUP(A32,'스위트조이 피벗'!A:TC,3,FALSE),0) -> 36 | D32: =IFERROR(ROUNDDOWN(C32/B32,0),"") -> 3 | E32: 제주 | F32: =IFERROR(C32-(D32*B32),"") -> 0
A34: 총합계 | B34: =$B$4 -> 12 | C34: =SUM(C4:C12,C26:C28,C21:C22,C16:C17,C32) -> 456 | D34: =IFERROR(ROUNDDOWN(C34/B34,0),"") -> 38 | F34: =IFERROR(C34-(D34*B34),"") -> 0
A35: 총 박스/총 낱개수량 | B35: □ | D35: =SUM(D4:D12,D26:D28,D21:D22,D16:D17,D32) -> 38 | F35: =SUM(F4:F12,F26:F28,F21:F22,F16:F17,F32) -> 0
C36: =C14+C19+C24+C30+C32 -> 456
C37: =C36=C34 -> TRUE

Sheet 스위트)주토피아아이스바
A2: =TODAY() -> 46314 | B2: 스위트조이 _세븐 <냉동> □
A3: ='스위트조이 피벗'!A2 -> 10/20 납품 | B3: 입수 | C3: 스위트) 주토피아아이스바75g | D3: 박스 | E3: 센터명 | F3: 낱개
A4: 수도권냉동 | B4: 24 | C4: =IFERROR(VLOOKUP(A4,'스위트조이 피벗'!A:TC,4,FALSE),0) -> 0 | D4: =IFERROR(ROUNDDOWN(C4/B4,0),"") -> 0 | E4: 수도권 | F4: =IFERROR(C4-(D4*B4),"") -> 0
A5: 안성냉동 | B5: =$B$4 -> 24 | C5: =IFERROR(VLOOKUP(A5,'스위트조이 피벗'!A:TC,4,FALSE),0) -> 0 | D5: =IFERROR(ROUNDDOWN(C5/B5,0),"") -> 0 | E5: 안성 | F5: =IFERROR(C5-(D5*B5),"") -> 0
A6: 세종냉동 | B6: =$B$4 -> 24 | C6: =IFERROR(VLOOKUP(A6,'스위트조이 피벗'!A:TC,4,FALSE),0) -> 0 | D6: =IFERROR(ROUNDDOWN(C6/B6,0),"") -> 0 | E6: 세종 | F6: =IFERROR(C6-(D6*B6),"") -> 0
A7: 인천냉동 | B7: =$B$4 -> 24 | C7: =IFERROR(VLOOKUP(A7,'스위트조이 피벗'!A:TC,4,FALSE),0) -> 0 | D7: =IFERROR(ROUNDDOWN(C7/B7,0),"") -> 0 | E7: 인천 | F7: =IFERROR(C7-(D7*B7),"") -> 0
A8: 해인기흥냉동 | B8: =$B$4 -> 24 | C8: =IFERROR(VLOOKUP(A8,'스위트조이 피벗'!A:TC,4,FALSE),0) -> 0 | D8: =IFERROR(ROUNDDOWN(C8/B8,0),"") -> 0 | E8: 해인기흥 | F8: =IFERROR(C8-(D8*B8),"") -> 0
A9: 수원냉동 | B9: =$B$4 -> 24 | C9: =IFERROR(VLOOKUP(A9,'스위트조이 피벗'!A:TC,4,FALSE),0) -> 0 | D9: =IFERROR(ROUNDDOWN(C9/B9,0),"") -> 0 | E9: 수원 | F9: =IFERROR(C9-(D9*B9),"") -> 0
A10: 오포냉동 | B10: =$B$4 -> 24 | C10: =IFERROR(VLOOKUP(A10,'스위트조이 피벗'!A:TC,4,FALSE),0) -> 0 | D10: =IFERROR(ROUNDDOWN(C10/B10,0),"") -> 0 | E10: 오포 | F10: =IFERROR(C10-(D10*B10),"") -> 0
A11: 양주냉동 | B11: =$B$4 -> 24 | C11: =IFERROR(VLOOKUP(A11,'스위트조이 피벗'!A:TC,4,FALSE),0) -> 0 | D11: =IFERROR(ROUNDDOWN(C11/B11,0),"") -> 0 | E11: 양주 | F11: =IFERROR(C11-(D11*B11),"") -> 0
A12: 원주냉동 | B12: =$B$4 -> 24 | C12: =IFERROR(VLOOKUP(A12,'스위트조이 피벗'!A:TC,4,FALSE),0) -> 0 | D12: =IFERROR(ROUNDDOWN(C12/B12,0),"") -> 0 | E12: 원주 | F12: =IFERROR(C12-(D12*B12),"") -> 0
A14: 수도권 합계 | B14: =$B$4 -> 24 | C14: =SUM(C4:C12) -> 0 | D14: =IFERROR(ROUNDDOWN(C14/B14,0),"") -> 0 | F14: =IFERROR(C14-(D14*B14),"") -> 0
A16: 부산냉동 | B16: =$B$4 -> 24 | C16: =IFERROR(VLOOKUP(A16,'스위트조이 피벗'!A:TC,4,FALSE),0) -> 0 | D16: =IFERROR(ROUNDDOWN(C16/B16,0),"") -> 0 | E16: 부산 | F16: =IFERROR(C16-(D16*B16),"") -> 0
A17: 양산냉동 | B17: =$B$4 -> 24 | C17: =IFERROR(VLOOKUP(A17,'스위트조이 피벗'!A:TC,4,FALSE),0) -> 0 | D17: =IFERROR(ROUNDDOWN(C17/B17,0),"") -> 0 | E17: 양산 | F17: =IFERROR(C17-(D17*B17),"") -> 0
A19: 경남(김해)합계 | B19: =$B$4 -> 24 | C19: =SUM(C16:C17) -> 0 | D19: =IFERROR(ROUNDDOWN(C19/B19,0),"") -> 0 | F19: =IFERROR(C19-(D19*B19),"") -> 0
A21: 대구냉동 | B21: =$B$4 -> 24 | C21: =IFERROR(VLOOKUP(A21,'스위트조이 피벗'!A:TC,4,FALSE),0) -> 0 | D21: =IFERROR(ROUNDDOWN(C21/B21,0),"") -> 0 | E21: 대구 | F21: =IFERROR(C21-(D21*B21),"") -> 0
A22: 칠곡냉동 | B22: =$B$4 -> 24 | C22: =IFERROR(VLOOKUP(A22,'스위트조이 피벗'!A:TC,4,FALSE),0) -> 0 | D22: =IFERROR(ROUNDDOWN(C22/B22,0),"") -> 0 | E22: 칠곡 | F22: =IFERROR(C22-(D22*B22),"") -> 0
A24: 경북(칠곡)합계 | B24: =$B$4 -> 24 | C24: =SUM(C21:C22) -> 0 | D24: =IFERROR(ROUNDDOWN(C24/B24,0),"") -> 0 | F24: =IFERROR(C24-(D24*B24),"") -> 0
A26: 광주냉동 | B26: =$B$4 -> 24 | C26: =IFERROR(VLOOKUP(A26,'스위트조이 피벗'!A:TC,4,FALSE),0) -> 0 | D26: =IFERROR(ROUNDDOWN(C26/B26,0),"") -> 0 | E26: 광주 | F26: =IFERROR(C26-(D26*B26),"") -> 0
A27: 광주B냉동 | B27: =$B$4 -> 24 | C27: =IFERROR(VLOOKUP(A27,'스위트조이 피벗'!A:TC,4,FALSE),0) -> 0 | D27: =IFERROR(ROUNDDOWN(C27/B27,0),"") -> 0 | E27: 광주B | F27: =IFERROR(C27-(D27*B27),"") -> 0
A28: 김제냉동 | B28: =$B$4 -> 24 | C28: =IFERROR(VLOOKUP(A28,'스위트조이 피벗'!A:TC,4,FALSE),0) -> 0 | D28: =IFERROR(ROUNDDOWN(C28/B28,0),"") -> 0 | E28: 김제 | F28: =IFERROR(C28-(D28*B28),"") -> 0
A30: 호남권 합계 | B30: =$B$4 -> 24 | C30: =SUM(C26:C28) -> 0 | D30: =IFERROR(ROUNDDOWN(C30/B30,0),"") -> 0 | F30: =IFERROR(C30-(D30*B30),"") -> 0
A32: 제주냉동 | B32: 24 | C32: =IFERROR(VLOOKUP(A32,'스위트조이 피벗'!A:TC,4,FALSE),0) -> 0 | D32: =IFERROR(ROUNDDOWN(C32/B32,0),"") -> 0 | E32: 제주 | F32: =IFERROR(C32-(D32*B32),"") -> 0
A34: 총합계 | B34: =$B$4 -> 24 | C34: =SUM(C4:C12,C26:C28,C21:C22,C16:C17,C32) -> 0 | D34: =IFERROR(ROUNDDOWN(C34/B34,0),"") -> 0 | F34: =IFERROR(C34-(D34*B34),"") -> 0
A35: 총 박스/총 낱개수량 | B35: □ | D35: =SUM(D4:D12,D26:D28,D21:D22,D16:D17,D32) -> 0 | F35: =SUM(F4:F12,F26:F28,F21:F22,F16:F17,F32) -> 0
C36: =C14+C19+C24+C30+C32 -> 0
C37: =C36=C34 -> TRUE

Sheet 스위트)토이스토리아이스
A2: =TODAY() -> 46314 | B2: 스위트조이 _세븐 <냉동> □
A3: ='스위트조이 피벗'!A2 -> 10/20 납품 | B3: 입수 | C3: 스위트) 토이스토리아이스바75g | D3: 박스 | E3: 센터명 | F3: 낱개
A4: 수도권냉동 | B4: 24 | C4: =IFERROR(VLOOKUP(A4,'스위트조이 피벗'!A:TC,5,FALSE),0) -> 0 | D4: =IFERROR(ROUNDDOWN(C4/B4,0),"") -> 0 | E4: 수도권 | F4: =IFERROR(C4-(D4*B4),"") -> 0
A5: 안성냉동 | B5: =$B$4 -> 24 | C5: =IFERROR(VLOOKUP(A5,'스위트조이 피벗'!A:TC,5,FALSE),0) -> 0 | D5: =IFERROR(ROUNDDOWN(C5/B5,0),"") -> 0 | E5: 안성 | F5: =IFERROR(C5-(D5*B5),"") -> 0
A6: 세종냉동 | B6: =$B$4 -> 24 | C6: =IFERROR(VLOOKUP(A6,'스위트조이 피벗'!A:TC,5,FALSE),0) -> 0 | D6: =IFERROR(ROUNDDOWN(C6/B6,0),"") -> 0 | E6: 세종 | F6: =IFERROR(C6-(D6*B6),"") -> 0
A7: 인천냉동 | B7: =$B$4 -> 24 | C7: =IFERROR(VLOOKUP(A7,'스위트조이 피벗'!A:TC,5,FALSE),0) -> 0 | D7: =IFERROR(ROUNDDOWN(C7/B7,0),"") -> 0 | E7: 인천 | F7: =IFERROR(C7-(D7*B7),"") -> 0
A8: 해인기흥냉동 | B8: =$B$4 -> 24 | C8: =IFERROR(VLOOKUP(A8,'스위트조이 피벗'!A:TC,5,FALSE),0) -> 0 | D8: =IFERROR(ROUNDDOWN(C8/B8,0),"") -> 0 | E8: 해인기흥 | F8: =IFERROR(C8-(D8*B8),"") -> 0
A9: 수원냉동 | B9: =$B$4 -> 24 | C9: =IFERROR(VLOOKUP(A9,'스위트조이 피벗'!A:TC,5,FALSE),0) -> 0 | D9: =IFERROR(ROUNDDOWN(C9/B9,0),"") -> 0 | E9: 수원 | F9: =IFERROR(C9-(D9*B9),"") -> 0
A10: 오포냉동 | B10: =$B$4 -> 24 | C10: =IFERROR(VLOOKUP(A10,'스위트조이 피벗'!A:TC,5,FALSE),0) -> 0 | D10: =IFERROR(ROUNDDOWN(C10/B10,0),"") -> 0 | E10: 오포 | F10: =IFERROR(C10-(D10*B10),"") -> 0
A11: 양주냉동 | B11: =$B$4 -> 24 | C11: =IFERROR(VLOOKUP(A11,'스위트조이 피벗'!A:TC,5,FALSE),0) -> 0 | D11: =IFERROR(ROUNDDOWN(C11/B11,0),"") -> 0 | E11: 양주 | F11: =IFERROR(C11-(D11*B11),"") -> 0
A12: 원주냉동 | B12: =$B$4 -> 24 | C12: =IFERROR(VLOOKUP(A12,'스위트조이 피벗'!A:TC,5,FALSE),0) -> 0 | D12: =IFERROR(ROUNDDOWN(C12/B12,0),"") -> 0 | E12: 원주 | F12: =IFERROR(C12-(D12*B12),"") -> 0
A14: 수도권 합계 | B14: =$B$4 -> 24 | C14: =SUM(C4:C12) -> 0 | D14: =IFERROR(ROUNDDOWN(C14/B14,0),"") -> 0 | F14: =IFERROR(C14-(D14*B14),"") -> 0
A16: 부산냉동 | B16: =$B$4 -> 24 | C16: =IFERROR(VLOOKUP(A16,'스위트조이 피벗'!A:TC,5,FALSE),0) -> 0 | D16: =IFERROR(ROUNDDOWN(C16/B16,0),"") -> 0 | E16: 부산 | F16: =IFERROR(C16-(D16*B16),"") -> 0
A17: 양산냉동 | B17: =$B$4 -> 24 | C17: =IFERROR(VLOOKUP(A17,'스위트조이 피벗'!A:TC,5,FALSE),0) -> 0 | D17: =IFERROR(ROUNDDOWN(C17/B17,0),"") -> 0 | E17: 양산 | F17: =IFERROR(C17-(D17*B17),"") -> 0
A19: 경남(김해)합계 | B19: =$B$4 -> 24 | C19: =SUM(C16:C17) -> 0 | D19: =IFERROR(ROUNDDOWN(C19/B19,0),"") -> 0 | F19: =IFERROR(C19-(D19*B19),"") -> 0
A21: 대구냉동 | B21: =$B$4 -> 24 | C21: =IFERROR(VLOOKUP(A21,'스위트조이 피벗'!A:TC,5,FALSE),0) -> 0 | D21: =IFERROR(ROUNDDOWN(C21/B21,0),"") -> 0 | E21: 대구 | F21: =IFERROR(C21-(D21*B21),"") -> 0
A22: 칠곡냉동 | B22: =$B$4 -> 24 | C22: =IFERROR(VLOOKUP(A22,'스위트조이 피벗'!A:TC,5,FALSE),0) -> 0 | D22: =IFERROR(ROUNDDOWN(C22/B22,0),"") -> 0 | E22: 칠곡 | F22: =IFERROR(C22-(D22*B22),"") -> 0
A24: 경북(칠곡)합계 | B24: =$B$4 -> 24 | C24: =SUM(C21:C22) -> 0 | D24: =IFERROR(ROUNDDOWN(C24/B24,0),"") -> 0 | F24: =IFERROR(C24-(D24*B24),"") -> 0
A26: 광주냉동 | B26: =$B$4 -> 24 | C26: =IFERROR(VLOOKUP(A26,'스위트조이 피벗'!A:TC,5,FALSE),0) -> 0 | D26: =IFERROR(ROUNDDOWN(C26/B26,0),"") -> 0 | E26: 광주 | F26: =IFERROR(C26-(D26*B26),"") -> 0
A27: 광주B냉동 | B27: =$B$4 -> 24 | C27: =IFERROR(VLOOKUP(A27,'스위트조이 피벗'!A:TC,5,FALSE),0) -> 0 | D27: =IFERROR(ROUNDDOWN(C27/B27,0),"") -> 0 | E27: 광주B | F27: =IFERROR(C27-(D27*B27),"") -> 0
A28: 김제냉동 | B28: =$B$4 -> 24 | C28: =IFERROR(VLOOKUP(A28,'스위트조이 피벗'!A:TC,5,FALSE),0) -> 0 | D28: =IFERROR(ROUNDDOWN(C28/B28,0),"") -> 0 | E28: 김제 | F28: =IFERROR(C28-(D28*B28),"") -> 0
A30: 호남권 합계 | B30: =$B$4 -> 24 | C30: =SUM(C26:C28) -> 0 | D30: =IFERROR(ROUNDDOWN(C30/B30,0),"") -> 0 | F30: =IFERROR(C30-(D30*B30),"") -> 0
A32: 제주냉동 | B32: 24 | C32: =IFERROR(VLOOKUP(A32,'스위트조이 피벗'!A:TC,5,FALSE),0) -> 0 | D32: =IFERROR(ROUNDDOWN(C32/B32,0),"") -> 0 | E32: 제주 | F32: =IFERROR(C32-(D32*B32),"") -> 0
A34: 총합계 | B34: =$B$4 -> 24 | C34: =SUM(C4:C12,C26:C28,C21:C22,C16:C17,C32) -> 0 | D34: =IFERROR(ROUNDDOWN(C34/B34,0),"") -> 0 | F34: =IFERROR(C34-(D34*B34),"") -> 0
A35: 총 박스/총 낱개수량 | B35: □ | D35: =SUM(D4:D12,D26:D28,D21:D22,D16:D17,D32) -> 0 | F35: =SUM(F4:F12,F26:F28,F21:F22,F16:F17,F32) -> 0
C36: =C14+C19+C24+C30 -> 0
C37: =C36=C34 -> TRUE

Sheet 브라더스팩토리
A1: 10/16 | B1: 레이블
A2: 10/17 납품 | B2: G)파인애플아이스100ml | C2: 총합계
A3: 세종냉동
A4: 총합계

Sheet G)파인애플아이스100ml
A2: =TODAY() -> 46314 | B2: 브라더스팩토리 _세븐 <냉동> □
A3: =브라더스팩토리!A2 -> 10/17 납품 | B3: 입수 | C3: G)파인애플아이스100ml | D3: 박스 | E3: 센터명 | F3: 낱개
A4: 수도권냉동 | B4: 6 | C4: =IFERROR(VLOOKUP(A4,브라더스팩토리!A:SE,2,FALSE),0) -> 0 | D4: =IFERROR(ROUNDDOWN(C4/B4,0),"") -> 0 | E4: 수도권 | F4: =IFERROR(C4-(D4*B4),"") -> 0
A5: 안성냉동 | B5: =$B$4 -> 6 | C5: =IFERROR(VLOOKUP(A5,브라더스팩토리!A:SE,2,FALSE),0) -> 0 | D5: =IFERROR(ROUNDDOWN(C5/B5,0),"") -> 0 | E5: 안성 | F5: =IFERROR(C5-(D5*B5),"") -> 0
A6: 세종냉동 | B6: =$B$4 -> 6 | C6: =IFERROR(VLOOKUP(A6,브라더스팩토리!A:SE,2,FALSE),0) -> 0 | D6: =IFERROR(ROUNDDOWN(C6/B6,0),"") -> 0 | E6: 세종 | F6: =IFERROR(C6-(D6*B6),"") -> 0
A7: 인천냉동 | B7: =$B$4 -> 6 | C7: =IFERROR(VLOOKUP(A7,브라더스팩토리!A:SE,2,FALSE),0) -> 0 | D7: =IFERROR(ROUNDDOWN(C7/B7,0),"") -> 0 | E7: 인천 | F7: =IFERROR(C7-(D7*B7),"") -> 0
A8: 해인기흥냉동 | B8: =$B$4 -> 6 | C8: =IFERROR(VLOOKUP(A8,브라더스팩토리!A:SE,2,FALSE),0) -> 0 | D8: =IFERROR(ROUNDDOWN(C8/B8,0),"") -> 0 | E8: 해인기흥 | F8: =IFERROR(C8-(D8*B8),"") -> 0
A9: 수원냉동 | B9: =$B$4 -> 6 | C9: =IFERROR(VLOOKUP(A9,브라더스팩토리!A:SE,2,FALSE),0) -> 0 | D9: =IFERROR(ROUNDDOWN(C9/B9,0),"") -> 0 | E9: 수원 | F9: =IFERROR(C9-(D9*B9),"") -> 0
A10: 오포냉동 | B10: =$B$4 -> 6 | C10: =IFERROR(VLOOKUP(A10,브라더스팩토리!A:SE,2,FALSE),0) -> 0 | D10: =IFERROR(ROUNDDOWN(C10/B10,0),"") -> 0 | E10: 오포 | F10: =IFERROR(C10-(D10*B10),"") -> 0
A11: 양주냉동 | B11: =$B$4 -> 6 | C11: =IFERROR(VLOOKUP(A11,브라더스팩토리!A:SE,2,FALSE),0) -> 0 | D11: =IFERROR(ROUNDDOWN(C11/B11,0),"") -> 0 | E11: 양주 | F11: =IFERROR(C11-(D11*B11),"") -> 0
A12: 원주냉동 | B12: =$B$4 -> 6 | C12: =IFERROR(VLOOKUP(A12,브라더스팩토리!A:SE,2,FALSE),0) -> 0 | D12: =IFERROR(ROUNDDOWN(C12/B12,0),"") -> 0 | E12: 원주 | F12: =IFERROR(C12-(D12*B12),"") -> 0
A14: 수도권 합계 | B14: =$B$4 -> 6 | C14: =SUM(C4:C12) -> 0 | D14: =IFERROR(ROUNDDOWN(C14/B14,0),"") -> 0 | F14: =IFERROR(C14-(D14*B14),"") -> 0
A16: 부산냉동 | B16: =$B$4 -> 6 | C16: =IFERROR(VLOOKUP(A16,브라더스팩토리!A:SE,2,FALSE),0) -> 0 | D16: =IFERROR(ROUNDDOWN(C16/B16,0),"") -> 0 | E16: 부산 | F16: =IFERROR(C16-(D16*B16),"") -> 0
A17: 양산냉동 | B17: =$B$4 -> 6 | C17: =IFERROR(VLOOKUP(A17,브라더스팩토리!A:SE,2,FALSE),0) -> 0 | D17: =IFERROR(ROUNDDOWN(C17/B17,0),"") -> 0 | E17: 양산 | F17: =IFERROR(C17-(D17*B17),"") -> 0
A19: 경남(김해)합계 | B19: =$B$4 -> 6 | C19: =SUM(C16:C17) -> 0 | D19: =IFERROR(ROUNDDOWN(C19/B19,0),"") -> 0 | F19: =IFERROR(C19-(D19*B19),"") -> 0
A21: 대구냉동 | B21: =$B$4 -> 6 | C21: =IFERROR(VLOOKUP(A21,브라더스팩토리!A:SE,2,FALSE),0) -> 0 | D21: =IFERROR(ROUNDDOWN(C21/B21,0),"") -> 0 | E21: 대구 | F21: =IFERROR(C21-(D21*B21),"") -> 0
A22: 칠곡냉동 | B22: =$B$4 -> 6 | C22: =IFERROR(VLOOKUP(A22,브라더스팩토리!A:SE,2,FALSE),0) -> 0 | D22: =IFERROR(ROUNDDOWN(C22/B22,0),"") -> 0 | E22: 칠곡 | F22: =IFERROR(C22-(D22*B22),"") -> 0
A24: 경북(칠곡)합계 | B24: =$B$4 -> 6 | C24: =SUM(C21:C22) -> 0 | D24: =IFERROR(ROUNDDOWN(C24/B24,0),"") -> 0 | F24: =IFERROR(C24-(D24*B24),"") -> 0
A26: 광주냉동 | B26: =$B$4 -> 6 | C26: =IFERROR(VLOOKUP(A26,브라더스팩토리!A:SE,2,FALSE),0) -> 0 | D26: =IFERROR(ROUNDDOWN(C26/B26,0),"") -> 0 | E26: 광주 | F26: =IFERROR(C26-(D26*B26),"") -> 0
A27: 광주B냉동 | B27: =$B$4 -> 6 | C27: =IFERROR(VLOOKUP(A27,브라더스팩토리!A:SE,2,FALSE),0) -> 0 | D27: =IFERROR(ROUNDDOWN(C27/B27,0),"") -> 0 | E27: 광주B | F27: =IFERROR(C27-(D27*B27),"") -> 0
A28: 김제냉동 | B28: =$B$4 -> 6 | C28: =IFERROR(VLOOKUP(A28,브라더스팩토리!A:SE,2,FALSE),0) -> 0 | D28: =IFERROR(ROUNDDOWN(C28/B28,0),"") -> 0 | E28: 김제 | F28: =IFERROR(C28-(D28*B28),"") -> 0
A30: 호남권 합계 | B30: =$B$4 -> 6 | C30: =SUM(C26:C28) -> 0 | D30: =IFERROR(ROUNDDOWN(C30/B30,0),"") -> 0 | F30: =IFERROR(C30-(D30*B30),"") -> 0
A32: 제주냉동 | B32: 6 | C32: =IFERROR(VLOOKUP(A32,브라더스팩토리!A:SE,2,FALSE),0) -> 0 | D32: =IFERROR(ROUNDDOWN(C32/B32,0),"") -> 0 | E32: 제주 | F32: =IFERROR(C32-(D32*B32),"") -> 0
A34: 총합계 | B34: =$B$4 -> 6 | C34: =SUM(C4:C12,C26:C28,C21:C22,C16:C17,C32) -> 0 | D34: =IFERROR(ROUNDDOWN(C34/B34,0),"") -> 0 | F34: =IFERROR(C34-(D34*B34),"") -> 0
A35: 총 박스/총 낱개수량 | B35: □ | D35: =SUM(D4:D12,D26:D28,D21:D22,D16:D17,D32) -> 0 | F35: =SUM(F4:F12,F26:F28,F21:F22,F16:F17,F32) -> 0
C36: =C14+C19+C24+C30+C32 -> 0
C37: =C36=C34 -> TRUE

Sheet AZ공유
A1: 10/16 납품
A3: =TODAY() -> 46314 | B3: 스위트조이 _세븐 <냉동> □
A4: =$A$1 -> 10/16 납품 | B4: 입수 | C4: 스위트)아이스망고75g | D4: 박스 | E4: 센터명 | F4: 낱개
A6: 제주냉동 | B6: 12 | C6: =IFERROR(VLOOKUP(A6,'스위트조이 피벗'!A:TC,2,FALSE),0) -> 120 | D6: =IFERROR(ROUNDDOWN(C6/B6,0),"") -> 10 | E6: 제주 | F6: =IFERROR(C6-(D6*B6),"") -> 0
A8: 총합계 | B8: 12 | C8: =C6 -> 120 | D8: =IFERROR(ROUNDDOWN(C8/B8,0),"") -> 10 | F8: =IFERROR(C8-(D8*B8),"") -> 0
A9: 총 박스/총 낱개수량 | B9: □ | D9: =D6 -> 10 | F9: =F6 -> 0
A13: =TODAY() -> 46314 | B13: 스위트조이 _세븐 <냉동> □
A14: =$A$1 -> 10/16 납품 | B14: 입수 | C14: 스위트)아이스복숭아75g | D14: 박스 | E14: 센터명 | F14: 낱개
A16: 제주냉동 | B16: 12 | C16: =IFERROR(VLOOKUP(A16,'스위트조이 피벗'!A:TC,3,FALSE),0) -> 36 | D16: =IFERROR(ROUNDDOWN(C16/B16,0),"") -> 3 | E16: 제주 | F16: =IFERROR(C16-(D16*B16),"") -> 0
A18: 총합계 | B18: 12 | C18: =C16 -> 36 | D18: =IFERROR(ROUNDDOWN(C18/B18,0),"") -> 3 | F18: =IFERROR(C18-(D18*B18),"") -> 0
A19: 총 박스/총 낱개수량 | B19: □ | D19: =D16 -> 3 | F19: =F16 -> 0
A22: =TODAY() -> 46314 | B22: 스위트조이 _세븐 <냉동> □
A23: =$A$1 -> 10/16 납품 | B23: 입수 | C23: 스위트) 주토피아아이스바75g | D23: 박스 | E23: 센터명 | F23: 낱개
A25: 제주냉동 | B25: 24 | C25: =IFERROR(VLOOKUP(A25,'스위트조이 피벗'!A:TC,4,FALSE),0) -> 0 | D25: =IFERROR(ROUNDDOWN(C25/B25,0),"") -> 0 | E25: 제주 | F25: =IFERROR(C25-(D25*B25),"") -> 0
A27: 총합계 | B27: =B25 -> 24 | C27: =C25 -> 0 | D27: =IFERROR(ROUNDDOWN(C27/B27,0),"") -> 0 | F27: =IFERROR(C27-(D27*B27),"") -> 0
A28: 총 박스/총 낱개수량 | B28: □ | D28: =D25 -> 0 | F28: =F25 -> 0
A31: =TODAY() -> 46314 | B31: 스위트조이 _세븐 <냉동> □
A32: =$A$1 -> 10/16 납품 | B32: 입수 | C32: 스위트) 토이스토리아이스바75g | D32: 박스 | E32: 센터명 | F32: 낱개
A34: 제주냉동 | B34: 24 | C34: =IFERROR(VLOOKUP(A34,'스위트조이 피벗'!A:TC,5,FALSE),0) -> 0 | D34: =IFERROR(ROUNDDOWN(C34/B34,0),"") -> 0 | E34: 제주 | F34: =IFERROR(C34-(D34*B34),"") -> 0
A36: 총합계 | B36: 24 | C36: =C34 -> 0 | D36: =IFERROR(ROUNDDOWN(C36/B36,0),"") -> 0 | F36: =IFERROR(C36-(D36*B36),"") -> 0
A37: 총 박스/총 낱개수량 | B37: □ | D37: =D34 -> 0 | F37: =F34 -> 0
A40: =TODAY() -> 46314 | B40: 브라더스팩토리 _세븐 <냉동> □
A41: =$A$1 -> 10/16 납품 | B41: 입수 | C41: G)파인애플아이스100ml | D41: 박스 | E41: 센터명 | F41: 낱개
A43: 제주냉동 | B43: 6 | C43: =IFERROR(VLOOKUP(A43,브라더스팩토리!$A$1:$D$41,2,FALSE),0) -> 0 | D43: =IFERROR(ROUNDDOWN(C43/B43,0),"") -> 0 | E43: 제주 | F43: =IFERROR(C43-(D43*B43),"") -> 0
A45: 총합계 | B45: 6 | C45: =C43 -> 0 | D45: =IFERROR(ROUNDDOWN(C45/B45,0),"") -> 0 | F45: =IFERROR(C45-(D45*B45),"") -> 0
A46: 총 박스/총 낱개수량 | B46: □ | D46: =D43 -> 0 | F46: =F43 -> 0
